n,kappa,law,gamma,strength,replication,method,estimate
1000,1,gaussian,1.5,2.1213203435596393,1,Algorithm 1,2.178452103176693
1000,1,gaussian,1.5,2.1213203435596393,1,BGS25,2.1429843398097006
1000,1,gaussian,1.5,2.1213203435596393,1,BGN11,2.1429292446555572
1000,1,gaussian,1.5,2.1213203435596393,2,Algorithm 1,2.05745954305269
1000,1,gaussian,1.5,2.1213203435596393,2,BGS25,2.0608080167338723
1000,1,gaussian,1.5,2.1213203435596393,2,BGN11,2.0625587443169975
1000,1,gaussian,1.5,2.1213203435596393,3,Algorithm 1,2.201309808448097
1000,1,gaussian,1.5,2.1213203435596393,3,BGS25,2.1716650104824433
1000,1,gaussian,1.5,2.1213203435596393,3,BGN11,2.171231341047374
1000,1,gaussian,1.5,2.1213203435596393,4,Algorithm 1,2.0711836474000944
1000,1,gaussian,1.5,2.1213203435596393,4,BGS25,2.0140523106635952
1000,1,gaussian,1.5,2.1213203435596393,4,BGN11,2.0149640021065247
1000,1,gaussian,1.5,2.1213203435596393,5,Algorithm 1,2.08419208404529
1000,1,gaussian,1.5,2.1213203435596393,5,BGS25,2.0539174248488306
1000,1,gaussian,1.5,2.1213203435596393,5,BGN11,2.0535915247024357
1000,1,gaussian,1.5,2.1213203435596393,6,Algorithm 1,2.1863155559811664
1000,1,gaussian,1.5,2.1213203435596393,6,BGS25,2.202464357349356
1000,1,gaussian,1.5,2.1213203435596393,6,BGN11,2.2014222477895875
1000,1,gaussian,1.5,2.1213203435596393,7,Algorithm 1,2.0543523579113927
1000,1,gaussian,1.5,2.1213203435596393,7,BGS25,2.0474855745825686
1000,1,gaussian,1.5,2.1213203435596393,7,BGN11,2.0496975557219805
1000,1,gaussian,1.5,2.1213203435596393,8,Algorithm 1,2.079953149158508
1000,1,gaussian,1.5,2.1213203435596393,8,BGS25,2.1193683112994717
1000,1,gaussian,1.5,2.1213203435596393,8,BGN11,2.1201078131845406
1000,1,gaussian,1.5,2.1213203435596393,9,Algorithm 1,2.1306147350400635
1000,1,gaussian,1.5,2.1213203435596393,9,BGS25,2.1069591081342085
1000,1,gaussian,1.5,2.1213203435596393,9,BGN11,2.110416825174811
1000,1,gaussian,1.5,2.1213203435596393,10,Algorithm 1,2.0679528214613163
1000,1,gaussian,1.5,2.1213203435596393,10,BGS25,2.03712471070345
1000,1,gaussian,1.5,2.1213203435596393,10,BGN11,2.0399881031195526
1000,1,gaussian,1.5,2.1213203435596393,11,Algorithm 1,2.095069026758273
1000,1,gaussian,1.5,2.1213203435596393,11,BGS25,2.1166684525880792
1000,1,gaussian,1.5,2.1213203435596393,11,BGN11,2.1157400292226156
1000,1,gaussian,1.5,2.1213203435596393,12,Algorithm 1,2.1015342506903987
1000,1,gaussian,1.5,2.1213203435596393,12,BGS25,2.1424949980554637
1000,1,gaussian,1.5,2.1213203435596393,12,BGN11,2.1416593587761232
1000,1,gaussian,1.5,2.1213203435596393,13,Algorithm 1,2.1658526460080454
1000,1,gaussian,1.5,2.1213203435596393,13,BGS25,2.1088272349551014
1000,1,gaussian,1.5,2.1213203435596393,13,BGN11,2.108819253232389
1000,1,gaussian,1.5,2.1213203435596393,14,Algorithm 1,2.125345201713981
1000,1,gaussian,1.5,2.1213203435596393,14,BGS25,2.1114443161411165
1000,1,gaussian,1.5,2.1213203435596393,14,BGN11,2.1175526324986262
1000,1,gaussian,1.5,2.1213203435596393,15,Algorithm 1,2.0816235984319102
1000,1,gaussian,1.5,2.1213203435596393,15,BGS25,2.0892023274899185
1000,1,gaussian,1.5,2.1213203435596393,15,BGN11,2.0902374294045516
1000,1,gaussian,1.5,2.1213203435596393,16,Algorithm 1,2.006108633807115
1000,1,gaussian,1.5,2.1213203435596393,16,BGS25,1.981262743069387
1000,1,gaussian,1.5,2.1213203435596393,16,BGN11,1.9840274156555113
1000,1,gaussian,1.5,2.1213203435596393,17,Algorithm 1,2.152373890234758
1000,1,gaussian,1.5,2.1213203435596393,17,BGS25,2.1557997942190448
1000,1,gaussian,1.5,2.1213203435596393,17,BGN11,2.155447251793885
1000,1,gaussian,1.5,2.1213203435596393,18,Algorithm 1,2.157282710272964
1000,1,gaussian,1.5,2.1213203435596393,18,BGS25,2.166006888495845
1000,1,gaussian,1.5,2.1213203435596393,18,BGN11,2.1650891041592106
1000,1,gaussian,1.5,2.1213203435596393,19,Algorithm 1,2.05544714741058
1000,1,gaussian,1.5,2.1213203435596393,19,BGS25,2.027915298326265
1000,1,gaussian,1.5,2.1213203435596393,19,BGN11,2.0248999444194045
1000,1,gaussian,1.5,2.1213203435596393,20,Algorithm 1,2.044030579057066
1000,1,gaussian,1.5,2.1213203435596393,20,BGS25,2.107771280107932
1000,1,gaussian,1.5,2.1213203435596393,20,BGN11,2.1083202224579725
1000,1,gaussian,1.5,2.1213203435596393,21,Algorithm 1,2.1111739048688762
1000,1,gaussian,1.5,2.1213203435596393,21,BGS25,2.104840172963703
1000,1,gaussian,1.5,2.1213203435596393,21,BGN11,2.1047387513198754
1000,1,gaussian,1.5,2.1213203435596393,22,Algorithm 1,2.194358720274042
1000,1,gaussian,1.5,2.1213203435596393,22,BGS25,2.157703381106276
1000,1,gaussian,1.5,2.1213203435596393,22,BGN11,2.1581742950853955
1000,1,gaussian,1.5,2.1213203435596393,23,Algorithm 1,2.1638947095004264
1000,1,gaussian,1.5,2.1213203435596393,23,BGS25,2.118931648251114
1000,1,gaussian,1.5,2.1213203435596393,23,BGN11,2.122600123358227
1000,1,gaussian,1.5,2.1213203435596393,24,Algorithm 1,2.144843556485916
1000,1,gaussian,1.5,2.1213203435596393,24,BGS25,2.1399130619245743
1000,1,gaussian,1.5,2.1213203435596393,24,BGN11,2.141586240894053
1000,1,gaussian,1.5,2.1213203435596393,25,Algorithm 1,2.1034226582883373
1000,1,gaussian,1.5,2.1213203435596393,25,BGS25,2.042371957015364
1000,1,gaussian,1.5,2.1213203435596393,25,BGN11,2.043520290062827
1000,1,gaussian,1.5,2.1213203435596393,26,Algorithm 1,2.096320677473079
1000,1,gaussian,1.5,2.1213203435596393,26,BGS25,2.0987459241520474
1000,1,gaussian,1.5,2.1213203435596393,26,BGN11,2.096743617810731
1000,1,gaussian,1.5,2.1213203435596393,27,Algorithm 1,2.0859011468158366
1000,1,gaussian,1.5,2.1213203435596393,27,BGS25,2.1006006333455827
1000,1,gaussian,1.5,2.1213203435596393,27,BGN11,2.1030054709392623
1000,1,gaussian,1.5,2.1213203435596393,28,Algorithm 1,2.172215149238076
1000,1,gaussian,1.5,2.1213203435596393,28,BGS25,2.1852254982875987
1000,1,gaussian,1.5,2.1213203435596393,28,BGN11,2.1876920370172632
1000,1,gaussian,1.5,2.1213203435596393,29,Algorithm 1,2.034523688630629
1000,1,gaussian,1.5,2.1213203435596393,29,BGS25,2.069200240156405
1000,1,gaussian,1.5,2.1213203435596393,29,BGN11,2.0703976920010794
1000,1,gaussian,1.5,2.1213203435596393,30,Algorithm 1,2.074078815472186
1000,1,gaussian,1.5,2.1213203435596393,30,BGS25,2.1016687723058856
1000,1,gaussian,1.5,2.1213203435596393,30,BGN11,2.1005925481245598
1000,1,gaussian,1.5,2.1213203435596393,31,Algorithm 1,2.170312472894305
1000,1,gaussian,1.5,2.1213203435596393,31,BGS25,2.1843765331223386
1000,1,gaussian,1.5,2.1213203435596393,31,BGN11,2.18612314021387
1000,1,gaussian,1.5,2.1213203435596393,32,Algorithm 1,2.1660581345387415
1000,1,gaussian,1.5,2.1213203435596393,32,BGS25,2.166381365743584
1000,1,gaussian,1.5,2.1213203435596393,32,BGN11,2.1658636963259683
1000,1,gaussian,1.5,2.1213203435596393,33,Algorithm 1,2.1745497588273164
1000,1,gaussian,1.5,2.1213203435596393,33,BGS25,2.1864245192542135
1000,1,gaussian,1.5,2.1213203435596393,33,BGN11,2.188341502590926
1000,1,gaussian,1.5,2.1213203435596393,34,Algorithm 1,2.1526111315904113
1000,1,gaussian,1.5,2.1213203435596393,34,BGS25,2.124649783906632
1000,1,gaussian,1.5,2.1213203435596393,34,BGN11,2.131872438361996
1000,1,gaussian,1.5,2.1213203435596393,35,Algorithm 1,2.0429081575160017
1000,1,gaussian,1.5,2.1213203435596393,35,BGS25,2.0550321274011614
1000,1,gaussian,1.5,2.1213203435596393,35,BGN11,2.0590945655643615
1000,1,gaussian,1.5,2.1213203435596393,36,Algorithm 1,2.0565210864019443
1000,1,gaussian,1.5,2.1213203435596393,36,BGS25,2.1164159523221557
1000,1,gaussian,1.5,2.1213203435596393,36,BGN11,2.123712983594686
1000,1,gaussian,1.5,2.1213203435596393,37,Algorithm 1,2.04010584015883
1000,1,gaussian,1.5,2.1213203435596393,37,BGS25,2.0504621724708976
1000,1,gaussian,1.5,2.1213203435596393,37,BGN11,2.0511737574726903
1000,1,gaussian,1.5,2.1213203435596393,38,Algorithm 1,2.088700885307772
1000,1,gaussian,1.5,2.1213203435596393,38,BGS25,2.1039456639793332
1000,1,gaussian,1.5,2.1213203435596393,38,BGN11,2.1000859898056174
1000,1,gaussian,1.5,2.1213203435596393,39,Algorithm 1,2.2196596279040945
1000,1,gaussian,1.5,2.1213203435596393,39,BGS25,2.202353745384845
1000,1,gaussian,1.5,2.1213203435596393,39,BGN11,2.2037653308197247
1000,1,gaussian,1.5,2.1213203435596393,40,Algorithm 1,2.0506337884935117
1000,1,gaussian,1.5,2.1213203435596393,40,BGS25,2.0939126132973085
1000,1,gaussian,1.5,2.1213203435596393,40,BGN11,2.097145376882174
1000,1,gaussian,1.5,2.1213203435596393,41,Algorithm 1,2.118211516575339
1000,1,gaussian,1.5,2.1213203435596393,41,BGS25,2.0870661488297597
1000,1,gaussian,1.5,2.1213203435596393,41,BGN11,2.088353927641176
1000,1,gaussian,1.5,2.1213203435596393,42,Algorithm 1,2.0417107045844514
1000,1,gaussian,1.5,2.1213203435596393,42,BGS25,2.0663495534591285
1000,1,gaussian,1.5,2.1213203435596393,42,BGN11,2.0687706281493035
1000,1,gaussian,1.5,2.1213203435596393,43,Algorithm 1,2.168120648016506
1000,1,gaussian,1.5,2.1213203435596393,43,BGS25,2.1903654499649443
1000,1,gaussian,1.5,2.1213203435596393,43,BGN11,2.1934013856547585
1000,1,gaussian,1.5,2.1213203435596393,44,Algorithm 1,2.2113049747024474
1000,1,gaussian,1.5,2.1213203435596393,44,BGS25,2.198233568568863
1000,1,gaussian,1.5,2.1213203435596393,44,BGN11,2.199455210255333
1000,1,gaussian,1.5,2.1213203435596393,45,Algorithm 1,2.1150136510040283
1000,1,gaussian,1.5,2.1213203435596393,45,BGS25,2.1175919780601946
1000,1,gaussian,1.5,2.1213203435596393,45,BGN11,2.12318720888227
1000,1,gaussian,1.5,2.1213203435596393,46,Algorithm 1,2.068221141860524
1000,1,gaussian,1.5,2.1213203435596393,46,BGS25,2.0797126079294337
1000,1,gaussian,1.5,2.1213203435596393,46,BGN11,2.081988729175373
1000,1,gaussian,1.5,2.1213203435596393,47,Algorithm 1,2.0746015979131607
1000,1,gaussian,1.5,2.1213203435596393,47,BGS25,2.1769847908644406
1000,1,gaussian,1.5,2.1213203435596393,47,BGN11,2.1773584742454513
1000,1,gaussian,1.5,2.1213203435596393,48,Algorithm 1,2.1407558972698504
1000,1,gaussian,1.5,2.1213203435596393,48,BGS25,2.143384713117592
1000,1,gaussian,1.5,2.1213203435596393,48,BGN11,2.1402524538153207
1000,1,gaussian,1.5,2.1213203435596393,49,Algorithm 1,2.1886905892237203
1000,1,gaussian,1.5,2.1213203435596393,49,BGS25,2.147582695994456
1000,1,gaussian,1.5,2.1213203435596393,49,BGN11,2.1473929691923153
1000,1,gaussian,1.5,2.1213203435596393,50,Algorithm 1,2.173592822218654
1000,1,gaussian,1.5,2.1213203435596393,50,BGS25,2.1805495582990058
1000,1,gaussian,1.5,2.1213203435596393,50,BGN11,2.1838443656565687
1000,1,gaussian,1.5,2.1213203435596393,51,Algorithm 1,1.9472884964189876
1000,1,gaussian,1.5,2.1213203435596393,51,BGS25,2.064494918965341
1000,1,gaussian,1.5,2.1213203435596393,51,BGN11,2.0685071173649954
1000,1,gaussian,1.5,2.1213203435596393,52,Algorithm 1,2.1207845650471295
1000,1,gaussian,1.5,2.1213203435596393,52,BGS25,2.1328126995513346
1000,1,gaussian,1.5,2.1213203435596393,52,BGN11,2.1321163155191125
1000,1,gaussian,1.5,2.1213203435596393,53,Algorithm 1,2.1563655276888105
1000,1,gaussian,1.5,2.1213203435596393,53,BGS25,2.134217299697618
1000,1,gaussian,1.5,2.1213203435596393,53,BGN11,2.13256748738936
1000,1,gaussian,1.5,2.1213203435596393,54,Algorithm 1,2.0710827362015563
1000,1,gaussian,1.5,2.1213203435596393,54,BGS25,2.1778612570688924
1000,1,gaussian,1.5,2.1213203435596393,54,BGN11,2.182793200474538
1000,1,gaussian,1.5,2.1213203435596393,55,Algorithm 1,2.10025049889856
1000,1,gaussian,1.5,2.1213203435596393,55,BGS25,2.135756280832199
1000,1,gaussian,1.5,2.1213203435596393,55,BGN11,2.134254978020029
1000,1,gaussian,1.5,2.1213203435596393,56,Algorithm 1,2.1467476436225392
1000,1,gaussian,1.5,2.1213203435596393,56,BGS25,2.167081594844616
1000,1,gaussian,1.5,2.1213203435596393,56,BGN11,2.1659471838329245
1000,1,gaussian,1.5,2.1213203435596393,57,Algorithm 1,2.2141058941236618
1000,1,gaussian,1.5,2.1213203435596393,57,BGS25,2.180208922068878
1000,1,gaussian,1.5,2.1213203435596393,57,BGN11,2.1814604574110006
1000,1,gaussian,1.5,2.1213203435596393,58,Algorithm 1,2.1354507386565613
1000,1,gaussian,1.5,2.1213203435596393,58,BGS25,2.1325294995820316
1000,1,gaussian,1.5,2.1213203435596393,58,BGN11,2.133788382263076
1000,1,gaussian,1.5,2.1213203435596393,59,Algorithm 1,2.1556990742158364
1000,1,gaussian,1.5,2.1213203435596393,59,BGS25,2.1588501555512507
1000,1,gaussian,1.5,2.1213203435596393,59,BGN11,2.1599659237459705
1000,1,gaussian,1.5,2.1213203435596393,60,Algorithm 1,2.0835878323759993
1000,1,gaussian,1.5,2.1213203435596393,60,BGS25,2.1325780561541787
1000,1,gaussian,1.5,2.1213203435596393,60,BGN11,2.132536001811532
1000,1,gaussian,1.5,2.1213203435596393,61,Algorithm 1,2.1074851526645926
1000,1,gaussian,1.5,2.1213203435596393,61,BGS25,2.0946087934796718
1000,1,gaussian,1.5,2.1213203435596393,61,BGN11,2.089960720783692
1000,1,gaussian,1.5,2.1213203435596393,62,Algorithm 1,2.1402626362018244
1000,1,gaussian,1.5,2.1213203435596393,62,BGS25,2.1495417697684522
1000,1,gaussian,1.5,2.1213203435596393,62,BGN11,2.148337177253542
1000,1,gaussian,1.5,2.1213203435596393,63,Algorithm 1,2.1114224369848844
1000,1,gaussian,1.5,2.1213203435596393,63,BGS25,2.174307257700046
1000,1,gaussian,1.5,2.1213203435596393,63,BGN11,2.174076375430184
1000,1,gaussian,1.5,2.1213203435596393,64,Algorithm 1,2.204853472609939
1000,1,gaussian,1.5,2.1213203435596393,64,BGS25,2.1946668556519127
1000,1,gaussian,1.5,2.1213203435596393,64,BGN11,2.195361316087689
1000,1,gaussian,1.5,2.1213203435596393,65,Algorithm 1,2.0784098491036844
1000,1,gaussian,1.5,2.1213203435596393,65,BGS25,2.1366177305039025
1000,1,gaussian,1.5,2.1213203435596393,65,BGN11,2.136173512521045
1000,1,gaussian,1.5,2.1213203435596393,66,Algorithm 1,1.9913649908920266
1000,1,gaussian,1.5,2.1213203435596393,66,BGS25,2.043081569701717
1000,1,gaussian,1.5,2.1213203435596393,66,BGN11,2.0417401885188555
1000,1,gaussian,1.5,2.1213203435596393,67,Algorithm 1,2.132714659712533
1000,1,gaussian,1.5,2.1213203435596393,67,BGS25,2.1146205036022985
1000,1,gaussian,1.5,2.1213203435596393,67,BGN11,2.1168070034876876
1000,1,gaussian,1.5,2.1213203435596393,68,Algorithm 1,2.0635504803803095
1000,1,gaussian,1.5,2.1213203435596393,68,BGS25,2.1091593323104685
1000,1,gaussian,1.5,2.1213203435596393,68,BGN11,2.113873192401953
1000,1,gaussian,1.5,2.1213203435596393,69,Algorithm 1,2.0477554506230806
1000,1,gaussian,1.5,2.1213203435596393,69,BGS25,2.066827502443431
1000,1,gaussian,1.5,2.1213203435596393,69,BGN11,2.064243381021494
1000,1,gaussian,1.5,2.1213203435596393,70,Algorithm 1,2.0875030740090086
1000,1,gaussian,1.5,2.1213203435596393,70,BGS25,2.1011966201539676
1000,1,gaussian,1.5,2.1213203435596393,70,BGN11,2.1053612657861427
1000,1,gaussian,1.5,2.1213203435596393,71,Algorithm 1,2.011460406704998
1000,1,gaussian,1.5,2.1213203435596393,71,BGS25,2.0894053578013505
1000,1,gaussian,1.5,2.1213203435596393,71,BGN11,2.0921308860670704
1000,1,gaussian,1.5,2.1213203435596393,72,Algorithm 1,2.110355312153208
1000,1,gaussian,1.5,2.1213203435596393,72,BGS25,2.0911059656047812
1000,1,gaussian,1.5,2.1213203435596393,72,BGN11,2.0929020866775563
1000,1,gaussian,1.5,2.1213203435596393,73,Algorithm 1,2.06535562443242
1000,1,gaussian,1.5,2.1213203435596393,73,BGS25,2.0470082926446382
1000,1,gaussian,1.5,2.1213203435596393,73,BGN11,2.0505267336229136
1000,1,gaussian,1.5,2.1213203435596393,74,Algorithm 1,2.0827441771593045
1000,1,gaussian,1.5,2.1213203435596393,74,BGS25,2.109242755061383
1000,1,gaussian,1.5,2.1213203435596393,74,BGN11,2.111547271983112
1000,1,gaussian,1.5,2.1213203435596393,75,Algorithm 1,2.0792074494200015
1000,1,gaussian,1.5,2.1213203435596393,75,BGS25,2.1023490283166097
1000,1,gaussian,1.5,2.1213203435596393,75,BGN11,2.101826288898619
1000,1,gaussian,1.5,2.1213203435596393,76,Algorithm 1,2.1340510323059743
1000,1,gaussian,1.5,2.1213203435596393,76,BGS25,2.093282439597682
1000,1,gaussian,1.5,2.1213203435596393,76,BGN11,2.0868378766343714
1000,1,gaussian,1.5,2.1213203435596393,77,Algorithm 1,2.0202932958200566
1000,1,gaussian,1.5,2.1213203435596393,77,BGS25,2.0353750975996503
1000,1,gaussian,1.5,2.1213203435596393,77,BGN11,2.038684262143709
1000,1,gaussian,1.5,2.1213203435596393,78,Algorithm 1,2.097278343441302
1000,1,gaussian,1.5,2.1213203435596393,78,BGS25,2.1400532334945215
1000,1,gaussian,1.5,2.1213203435596393,78,BGN11,2.1376015961716908
1000,1,gaussian,1.5,2.1213203435596393,79,Algorithm 1,2.198004042416524
1000,1,gaussian,1.5,2.1213203435596393,79,BGS25,2.2108424662110115
1000,1,gaussian,1.5,2.1213203435596393,79,BGN11,2.2153844568037475
1000,1,gaussian,1.5,2.1213203435596393,80,Algorithm 1,2.1586570600355195
1000,1,gaussian,1.5,2.1213203435596393,80,BGS25,2.1574991571420514
1000,1,gaussian,1.5,2.1213203435596393,80,BGN11,2.159214127531859
1000,1,gaussian,1.5,2.1213203435596393,81,Algorithm 1,2.02055220413867
1000,1,gaussian,1.5,2.1213203435596393,81,BGS25,2.059405866709117
1000,1,gaussian,1.5,2.1213203435596393,81,BGN11,2.059644057987167
1000,1,gaussian,1.5,2.1213203435596393,82,Algorithm 1,2.1098155790360207
1000,1,gaussian,1.5,2.1213203435596393,82,BGS25,2.1094568128651225
1000,1,gaussian,1.5,2.1213203435596393,82,BGN11,2.111732797746755
1000,1,gaussian,1.5,2.1213203435596393,83,Algorithm 1,2.1907566016183826
1000,1,gaussian,1.5,2.1213203435596393,83,BGS25,2.2187326594574652
1000,1,gaussian,1.5,2.1213203435596393,83,BGN11,2.222879023189154
1000,1,gaussian,1.5,2.1213203435596393,84,Algorithm 1,2.1192047070902977
1000,1,gaussian,1.5,2.1213203435596393,84,BGS25,2.072204062719944
1000,1,gaussian,1.5,2.1213203435596393,84,BGN11,2.077876378563013
1000,1,gaussian,1.5,2.1213203435596393,85,Algorithm 1,2.1036191781584956
1000,1,gaussian,1.5,2.1213203435596393,85,BGS25,2.1428928363113586
1000,1,gaussian,1.5,2.1213203435596393,85,BGN11,2.1433281228517624
1000,1,gaussian,1.5,2.1213203435596393,86,Algorithm 1,2.188284374220933
1000,1,gaussian,1.5,2.1213203435596393,86,BGS25,2.1242136525446957
1000,1,gaussian,1.5,2.1213203435596393,86,BGN11,2.1332945907966967
1000,1,gaussian,1.5,2.1213203435596393,87,Algorithm 1,2.064089651061842
1000,1,gaussian,1.5,2.1213203435596393,87,BGS25,2.1007818718514586
1000,1,gaussian,1.5,2.1213203435596393,87,BGN11,2.10598658301685
1000,1,gaussian,1.5,2.1213203435596393,88,Algorithm 1,2.030916852093062
1000,1,gaussian,1.5,2.1213203435596393,88,BGS25,2.0587389503521094
1000,1,gaussian,1.5,2.1213203435596393,88,BGN11,2.0609187176142862
1000,1,gaussian,1.5,2.1213203435596393,89,Algorithm 1,2.107001643206341
1000,1,gaussian,1.5,2.1213203435596393,89,BGS25,2.1414783970608546
1000,1,gaussian,1.5,2.1213203435596393,89,BGN11,2.1409306969447273
1000,1,gaussian,1.5,2.1213203435596393,90,Algorithm 1,2.207820169693265
1000,1,gaussian,1.5,2.1213203435596393,90,BGS25,2.2038722120572154
1000,1,gaussian,1.5,2.1213203435596393,90,BGN11,2.205671585764964
1000,1,gaussian,1.5,2.1213203435596393,91,Algorithm 1,2.104427479600701
1000,1,gaussian,1.5,2.1213203435596393,91,BGS25,2.0936790665373755
1000,1,gaussian,1.5,2.1213203435596393,91,BGN11,2.0929753606267285
1000,1,gaussian,1.5,2.1213203435596393,92,Algorithm 1,2.008575207707668
1000,1,gaussian,1.5,2.1213203435596393,92,BGS25,2.052149603323321
1000,1,gaussian,1.5,2.1213203435596393,92,BGN11,2.048388872519893
1000,1,gaussian,1.5,2.1213203435596393,93,Algorithm 1,2.040510383253546
1000,1,gaussian,1.5,2.1213203435596393,93,BGS25,2.083289838859695
1000,1,gaussian,1.5,2.1213203435596393,93,BGN11,2.0882757324075985
1000,1,gaussian,1.5,2.1213203435596393,94,Algorithm 1,2.133981933743125
1000,1,gaussian,1.5,2.1213203435596393,94,BGS25,2.1396462824224325
1000,1,gaussian,1.5,2.1213203435596393,94,BGN11,2.1397663870636774
1000,1,gaussian,1.5,2.1213203435596393,95,Algorithm 1,2.0981438089331697
1000,1,gaussian,1.5,2.1213203435596393,95,BGS25,2.084458418323698
1000,1,gaussian,1.5,2.1213203435596393,95,BGN11,2.0885884233991474
1000,1,gaussian,1.5,2.1213203435596393,96,Algorithm 1,2.2038134866183445
1000,1,gaussian,1.5,2.1213203435596393,96,BGS25,2.1661105000405594
1000,1,gaussian,1.5,2.1213203435596393,96,BGN11,2.169671292933194
1000,1,gaussian,1.5,2.1213203435596393,97,Algorithm 1,2.1319281936788856
1000,1,gaussian,1.5,2.1213203435596393,97,BGS25,2.1360986311114365
1000,1,gaussian,1.5,2.1213203435596393,97,BGN11,2.134873848421478
1000,1,gaussian,1.5,2.1213203435596393,98,Algorithm 1,2.157994771215659
1000,1,gaussian,1.5,2.1213203435596393,98,BGS25,2.1602689873226892
1000,1,gaussian,1.5,2.1213203435596393,98,BGN11,2.165885750582161
1000,1,gaussian,1.5,2.1213203435596393,99,Algorithm 1,2.1457018470756015
1000,1,gaussian,1.5,2.1213203435596393,99,BGS25,2.1245424217467233
1000,1,gaussian,1.5,2.1213203435596393,99,BGN11,2.1256237857786404
1000,1,gaussian,1.5,2.1213203435596393,100,Algorithm 1,2.0600777759469464
1000,1,gaussian,1.5,2.1213203435596393,100,BGS25,2.0785025491264393
1000,1,gaussian,1.5,2.1213203435596393,100,BGN11,2.0842326033978678
1000,1,gaussian,1.5,2.1213203435596393,101,Algorithm 1,2.0720573155226014
1000,1,gaussian,1.5,2.1213203435596393,101,BGS25,2.0790994397158915
1000,1,gaussian,1.5,2.1213203435596393,101,BGN11,2.0839518902772753
1000,1,gaussian,1.5,2.1213203435596393,102,Algorithm 1,2.0963360463731666
1000,1,gaussian,1.5,2.1213203435596393,102,BGS25,2.0586131139970023
1000,1,gaussian,1.5,2.1213203435596393,102,BGN11,2.059164906913836
1000,1,gaussian,1.5,2.1213203435596393,103,Algorithm 1,2.0293036843379086
1000,1,gaussian,1.5,2.1213203435596393,103,BGS25,2.104762676075691
1000,1,gaussian,1.5,2.1213203435596393,103,BGN11,2.1100903692321276
1000,1,gaussian,1.5,2.1213203435596393,104,Algorithm 1,2.013212255089743
1000,1,gaussian,1.5,2.1213203435596393,104,BGS25,2.0804501650745273
1000,1,gaussian,1.5,2.1213203435596393,104,BGN11,2.0801381067731755
1000,1,gaussian,1.5,2.1213203435596393,105,Algorithm 1,2.110443352065345
1000,1,gaussian,1.5,2.1213203435596393,105,BGS25,2.1329930888700863
1000,1,gaussian,1.5,2.1213203435596393,105,BGN11,2.137069409306861
1000,1,gaussian,1.5,2.1213203435596393,106,Algorithm 1,2.2880445036256782
1000,1,gaussian,1.5,2.1213203435596393,106,BGS25,2.253632986866018
1000,1,gaussian,1.5,2.1213203435596393,106,BGN11,2.2591911574597368
1000,1,gaussian,1.5,2.1213203435596393,107,Algorithm 1,2.1808989837080377
1000,1,gaussian,1.5,2.1213203435596393,107,BGS25,2.1840155750428902
1000,1,gaussian,1.5,2.1213203435596393,107,BGN11,2.182334126410993
1000,1,gaussian,1.5,2.1213203435596393,108,Algorithm 1,2.103483313607985
1000,1,gaussian,1.5,2.1213203435596393,108,BGS25,2.0973255949125846
1000,1,gaussian,1.5,2.1213203435596393,108,BGN11,2.0946025119120546
1000,1,gaussian,1.5,2.1213203435596393,109,Algorithm 1,2.1546485387222134
1000,1,gaussian,1.5,2.1213203435596393,109,BGS25,2.1203553726207387
1000,1,gaussian,1.5,2.1213203435596393,109,BGN11,2.1188453599911576
1000,1,gaussian,1.5,2.1213203435596393,110,Algorithm 1,2.117767686621187
1000,1,gaussian,1.5,2.1213203435596393,110,BGS25,2.0956744230833513
1000,1,gaussian,1.5,2.1213203435596393,110,BGN11,2.0997920914807056
1000,1,gaussian,1.5,2.1213203435596393,111,Algorithm 1,2.016801704451632
1000,1,gaussian,1.5,2.1213203435596393,111,BGS25,2.0478432967020517
1000,1,gaussian,1.5,2.1213203435596393,111,BGN11,2.049896672656338
1000,1,gaussian,1.5,2.1213203435596393,112,Algorithm 1,2.1271546277220112
1000,1,gaussian,1.5,2.1213203435596393,112,BGS25,2.1252193416239056
1000,1,gaussian,1.5,2.1213203435596393,112,BGN11,2.1289382898416713
1000,1,gaussian,1.5,2.1213203435596393,113,Algorithm 1,2.1437635253428207
1000,1,gaussian,1.5,2.1213203435596393,113,BGS25,2.209025484277338
1000,1,gaussian,1.5,2.1213203435596393,113,BGN11,2.2111106152590607
1000,1,gaussian,1.5,2.1213203435596393,114,Algorithm 1,2.1486426797403664
1000,1,gaussian,1.5,2.1213203435596393,114,BGS25,2.1480166813156067
1000,1,gaussian,1.5,2.1213203435596393,114,BGN11,2.1476626622034027
1000,1,gaussian,1.5,2.1213203435596393,115,Algorithm 1,2.132121735102181
1000,1,gaussian,1.5,2.1213203435596393,115,BGS25,2.1289164305320054
1000,1,gaussian,1.5,2.1213203435596393,115,BGN11,2.1285332411576534
1000,1,gaussian,1.5,2.1213203435596393,116,Algorithm 1,2.1650641883560002
1000,1,gaussian,1.5,2.1213203435596393,116,BGS25,2.160624692040146
1000,1,gaussian,1.5,2.1213203435596393,116,BGN11,2.1623498746516563
1000,1,gaussian,1.5,2.1213203435596393,117,Algorithm 1,2.1096823800191364
1000,1,gaussian,1.5,2.1213203435596393,117,BGS25,2.1186904343938835
1000,1,gaussian,1.5,2.1213203435596393,117,BGN11,2.1217193305254614
1000,1,gaussian,1.5,2.1213203435596393,118,Algorithm 1,2.0802092556984815
1000,1,gaussian,1.5,2.1213203435596393,118,BGS25,2.077764750413083
1000,1,gaussian,1.5,2.1213203435596393,118,BGN11,2.0751753408967115
1000,1,gaussian,1.5,2.1213203435596393,119,Algorithm 1,2.1975747058658825
1000,1,gaussian,1.5,2.1213203435596393,119,BGS25,2.124696288727241
1000,1,gaussian,1.5,2.1213203435596393,119,BGN11,2.131336215856842
1000,1,gaussian,1.5,2.1213203435596393,120,Algorithm 1,2.1572477289022705
1000,1,gaussian,1.5,2.1213203435596393,120,BGS25,2.111722828575756
1000,1,gaussian,1.5,2.1213203435596393,120,BGN11,2.1097390670290728
1000,1,gaussian,1.5,2.1213203435596393,121,Algorithm 1,2.1460448548830535
1000,1,gaussian,1.5,2.1213203435596393,121,BGS25,2.1830974465555952
1000,1,gaussian,1.5,2.1213203435596393,121,BGN11,2.185611976105763
1000,1,gaussian,1.5,2.1213203435596393,122,Algorithm 1,2.054442654718264
1000,1,gaussian,1.5,2.1213203435596393,122,BGS25,2.0353945529297377
1000,1,gaussian,1.5,2.1213203435596393,122,BGN11,2.0326600457455153
1000,1,gaussian,1.5,2.1213203435596393,123,Algorithm 1,2.1646191797510124
1000,1,gaussian,1.5,2.1213203435596393,123,BGS25,2.1560715641307917
1000,1,gaussian,1.5,2.1213203435596393,123,BGN11,2.157266172106431
1000,1,gaussian,1.5,2.1213203435596393,124,Algorithm 1,1.9492068106495213
1000,1,gaussian,1.5,2.1213203435596393,124,BGS25,2.009561683469057
1000,1,gaussian,1.5,2.1213203435596393,124,BGN11,2.0152247721694634
1000,1,gaussian,1.5,2.1213203435596393,125,Algorithm 1,2.1175287013608908
1000,1,gaussian,1.5,2.1213203435596393,125,BGS25,2.110136283652018
1000,1,gaussian,1.5,2.1213203435596393,125,BGN11,2.109053213256548
1000,1,gaussian,1.5,2.1213203435596393,126,Algorithm 1,2.09026465468922
1000,1,gaussian,1.5,2.1213203435596393,126,BGS25,2.068369278758858
1000,1,gaussian,1.5,2.1213203435596393,126,BGN11,2.0689956527553615
1000,1,gaussian,1.5,2.1213203435596393,127,Algorithm 1,2.2440092562273337
1000,1,gaussian,1.5,2.1213203435596393,127,BGS25,2.2015099530709925
1000,1,gaussian,1.5,2.1213203435596393,127,BGN11,2.1997209201483083
1000,1,gaussian,1.5,2.1213203435596393,128,Algorithm 1,2.1716259969764633
1000,1,gaussian,1.5,2.1213203435596393,128,BGS25,2.182854076471715
1000,1,gaussian,1.5,2.1213203435596393,128,BGN11,2.185534018837594
1000,1,gaussian,1.5,2.1213203435596393,129,Algorithm 1,2.1517375026720114
1000,1,gaussian,1.5,2.1213203435596393,129,BGS25,2.129715596328331
1000,1,gaussian,1.5,2.1213203435596393,129,BGN11,2.131650822265456
1000,1,gaussian,1.5,2.1213203435596393,130,Algorithm 1,2.1255121442188987
1000,1,gaussian,1.5,2.1213203435596393,130,BGS25,2.0632564335262815
1000,1,gaussian,1.5,2.1213203435596393,130,BGN11,2.061601612731364
1000,1,gaussian,1.5,2.1213203435596393,131,Algorithm 1,2.11540730761072
1000,1,gaussian,1.5,2.1213203435596393,131,BGS25,2.1391548247060466
1000,1,gaussian,1.5,2.1213203435596393,131,BGN11,2.139159933847459
1000,1,gaussian,1.5,2.1213203435596393,132,Algorithm 1,2.047922475667578
1000,1,gaussian,1.5,2.1213203435596393,132,BGS25,2.079907437805536
1000,1,gaussian,1.5,2.1213203435596393,132,BGN11,2.0820747118135676
1000,1,gaussian,1.5,2.1213203435596393,133,Algorithm 1,2.1923609379011806
1000,1,gaussian,1.5,2.1213203435596393,133,BGS25,2.170759562617909
1000,1,gaussian,1.5,2.1213203435596393,133,BGN11,2.1732840750403306
1000,1,gaussian,1.5,2.1213203435596393,134,Algorithm 1,2.083041591112426
1000,1,gaussian,1.5,2.1213203435596393,134,BGS25,2.1008961848240757
1000,1,gaussian,1.5,2.1213203435596393,134,BGN11,2.100363561912783
1000,1,gaussian,1.5,2.1213203435596393,135,Algorithm 1,2.1466861368528445
1000,1,gaussian,1.5,2.1213203435596393,135,BGS25,2.1015720237857227
1000,1,gaussian,1.5,2.1213203435596393,135,BGN11,2.103310913120993
1000,1,gaussian,1.5,2.1213203435596393,136,Algorithm 1,2.141800138310113
1000,1,gaussian,1.5,2.1213203435596393,136,BGS25,2.103435598787735
1000,1,gaussian,1.5,2.1213203435596393,136,BGN11,2.104004307412533
1000,1,gaussian,1.5,2.1213203435596393,137,Algorithm 1,2.1231838787132666
1000,1,gaussian,1.5,2.1213203435596393,137,BGS25,2.065190855804789
1000,1,gaussian,1.5,2.1213203435596393,137,BGN11,2.0658444253126445
1000,1,gaussian,1.5,2.1213203435596393,138,Algorithm 1,2.0894268355849652
1000,1,gaussian,1.5,2.1213203435596393,138,BGS25,2.0962505915128897
1000,1,gaussian,1.5,2.1213203435596393,138,BGN11,2.098245042247342
1000,1,gaussian,1.5,2.1213203435596393,139,Algorithm 1,2.1244479772976343
1000,1,gaussian,1.5,2.1213203435596393,139,BGS25,2.1304316880955008
1000,1,gaussian,1.5,2.1213203435596393,139,BGN11,2.1361594062563274
1000,1,gaussian,1.5,2.1213203435596393,140,Algorithm 1,2.1298260494830146
1000,1,gaussian,1.5,2.1213203435596393,140,BGS25,2.1093301784223035
1000,1,gaussian,1.5,2.1213203435596393,140,BGN11,2.1113479113695557
1000,1,gaussian,1.5,2.1213203435596393,141,Algorithm 1,1.945210658089461
1000,1,gaussian,1.5,2.1213203435596393,141,BGS25,1.9805572028135767
1000,1,gaussian,1.5,2.1213203435596393,141,BGN11,1.9784260801184566
1000,1,gaussian,1.5,2.1213203435596393,142,Algorithm 1,2.1664940507360257
1000,1,gaussian,1.5,2.1213203435596393,142,BGS25,2.1600575408730878
1000,1,gaussian,1.5,2.1213203435596393,142,BGN11,2.1610969496471824
1000,1,gaussian,1.5,2.1213203435596393,143,Algorithm 1,2.053192102375563
1000,1,gaussian,1.5,2.1213203435596393,143,BGS25,2.088378896302471
1000,1,gaussian,1.5,2.1213203435596393,143,BGN11,2.090569677190621
1000,1,gaussian,1.5,2.1213203435596393,144,Algorithm 1,2.182443620037367
1000,1,gaussian,1.5,2.1213203435596393,144,BGS25,2.1788623960502225
1000,1,gaussian,1.5,2.1213203435596393,144,BGN11,2.1808193239612113
1000,1,gaussian,1.5,2.1213203435596393,145,Algorithm 1,2.1778805615143133
1000,1,gaussian,1.5,2.1213203435596393,145,BGS25,2.1692865648764363
1000,1,gaussian,1.5,2.1213203435596393,145,BGN11,2.1723981705323165
1000,1,gaussian,1.5,2.1213203435596393,146,Algorithm 1,2.1587085370655035
1000,1,gaussian,1.5,2.1213203435596393,146,BGS25,2.1941098045281233
1000,1,gaussian,1.5,2.1213203435596393,146,BGN11,2.196797887392942
1000,1,gaussian,1.5,2.1213203435596393,147,Algorithm 1,2.1057750694208104
1000,1,gaussian,1.5,2.1213203435596393,147,BGS25,2.1118634517397865
1000,1,gaussian,1.5,2.1213203435596393,147,BGN11,2.115410375736636
1000,1,gaussian,1.5,2.1213203435596393,148,Algorithm 1,2.084767854943335
1000,1,gaussian,1.5,2.1213203435596393,148,BGS25,2.096447679196566
1000,1,gaussian,1.5,2.1213203435596393,148,BGN11,2.0957852859198707
1000,1,gaussian,1.5,2.1213203435596393,149,Algorithm 1,2.129759605889906
1000,1,gaussian,1.5,2.1213203435596393,149,BGS25,2.124045886863227
1000,1,gaussian,1.5,2.1213203435596393,149,BGN11,2.1241623693197713
1000,1,gaussian,1.5,2.1213203435596393,150,Algorithm 1,2.0768015440233687
1000,1,gaussian,1.5,2.1213203435596393,150,BGS25,2.1085487224860024
1000,1,gaussian,1.5,2.1213203435596393,150,BGN11,2.1074140010439995
1000,1,gaussian,1.5,2.1213203435596393,151,Algorithm 1,2.160977691705464
1000,1,gaussian,1.5,2.1213203435596393,151,BGS25,2.1449299440213676
1000,1,gaussian,1.5,2.1213203435596393,151,BGN11,2.147431867904426
1000,1,gaussian,1.5,2.1213203435596393,152,Algorithm 1,2.178546577117608
1000,1,gaussian,1.5,2.1213203435596393,152,BGS25,2.144425883700213
1000,1,gaussian,1.5,2.1213203435596393,152,BGN11,2.1474616815072367
1000,1,gaussian,1.5,2.1213203435596393,153,Algorithm 1,2.1804263562496256
1000,1,gaussian,1.5,2.1213203435596393,153,BGS25,2.192944311409921
1000,1,gaussian,1.5,2.1213203435596393,153,BGN11,2.197624072304101
1000,1,gaussian,1.5,2.1213203435596393,154,Algorithm 1,2.262776761976843
1000,1,gaussian,1.5,2.1213203435596393,154,BGS25,2.2681290449929765
1000,1,gaussian,1.5,2.1213203435596393,154,BGN11,2.267519064327983
1000,1,gaussian,1.5,2.1213203435596393,155,Algorithm 1,2.113237401032961
1000,1,gaussian,1.5,2.1213203435596393,155,BGS25,2.1366273725862674
1000,1,gaussian,1.5,2.1213203435596393,155,BGN11,2.139125522720886
1000,1,gaussian,1.5,2.1213203435596393,156,Algorithm 1,2.1241615784780707
1000,1,gaussian,1.5,2.1213203435596393,156,BGS25,2.131342170939166
1000,1,gaussian,1.5,2.1213203435596393,156,BGN11,2.1355825102048818
1000,1,gaussian,1.5,2.1213203435596393,157,Algorithm 1,2.051533983063323
1000,1,gaussian,1.5,2.1213203435596393,157,BGS25,2.0647038456766063
1000,1,gaussian,1.5,2.1213203435596393,157,BGN11,2.0668854568948674
1000,1,gaussian,1.5,2.1213203435596393,158,Algorithm 1,2.1322091344560716
1000,1,gaussian,1.5,2.1213203435596393,158,BGS25,2.1384076571028436
1000,1,gaussian,1.5,2.1213203435596393,158,BGN11,2.142105201886831
1000,1,gaussian,1.5,2.1213203435596393,159,Algorithm 1,2.1231202963593505
1000,1,gaussian,1.5,2.1213203435596393,159,BGS25,2.1087920303767587
1000,1,gaussian,1.5,2.1213203435596393,159,BGN11,2.109313400762031
1000,1,gaussian,1.5,2.1213203435596393,160,Algorithm 1,2.0949134448192823
1000,1,gaussian,1.5,2.1213203435596393,160,BGS25,2.109202274593701
1000,1,gaussian,1.5,2.1213203435596393,160,BGN11,2.106364598213376
1000,1,gaussian,1.5,2.1213203435596393,161,Algorithm 1,2.0648649050845695
1000,1,gaussian,1.5,2.1213203435596393,161,BGS25,2.144725583686561
1000,1,gaussian,1.5,2.1213203435596393,161,BGN11,2.147276673591105
1000,1,gaussian,1.5,2.1213203435596393,162,Algorithm 1,2.203906221628892
1000,1,gaussian,1.5,2.1213203435596393,162,BGS25,2.168776982846751
1000,1,gaussian,1.5,2.1213203435596393,162,BGN11,2.170515355018989
1000,1,gaussian,1.5,2.1213203435596393,163,Algorithm 1,2.1317796412094348
1000,1,gaussian,1.5,2.1213203435596393,163,BGS25,2.1253298136023964
1000,1,gaussian,1.5,2.1213203435596393,163,BGN11,2.128996399918889
1000,1,gaussian,1.5,2.1213203435596393,164,Algorithm 1,2.149078397935279
1000,1,gaussian,1.5,2.1213203435596393,164,BGS25,2.170083724352186
1000,1,gaussian,1.5,2.1213203435596393,164,BGN11,2.172200590485569
1000,1,gaussian,1.5,2.1213203435596393,165,Algorithm 1,2.0509091713445984
1000,1,gaussian,1.5,2.1213203435596393,165,BGS25,2.1030854925721068
1000,1,gaussian,1.5,2.1213203435596393,165,BGN11,2.100679824358521
1000,1,gaussian,1.5,2.1213203435596393,166,Algorithm 1,2.1118877297368748
1000,1,gaussian,1.5,2.1213203435596393,166,BGS25,2.1147595676125563
1000,1,gaussian,1.5,2.1213203435596393,166,BGN11,2.1234467194903086
1000,1,gaussian,1.5,2.1213203435596393,167,Algorithm 1,2.10445526300102
1000,1,gaussian,1.5,2.1213203435596393,167,BGS25,2.113113282865016
1000,1,gaussian,1.5,2.1213203435596393,167,BGN11,2.1093170825806746
1000,1,gaussian,1.5,2.1213203435596393,168,Algorithm 1,2.1433233421041145
1000,1,gaussian,1.5,2.1213203435596393,168,BGS25,2.148977523276951
1000,1,gaussian,1.5,2.1213203435596393,168,BGN11,2.151795510762526
1000,1,gaussian,1.5,2.1213203435596393,169,Algorithm 1,1.9785780066022416
1000,1,gaussian,1.5,2.1213203435596393,169,BGS25,2.030672778686222
1000,1,gaussian,1.5,2.1213203435596393,169,BGN11,2.0336254873646085
1000,1,gaussian,1.5,2.1213203435596393,170,Algorithm 1,2.155268025586553
1000,1,gaussian,1.5,2.1213203435596393,170,BGS25,2.1842626087702586
1000,1,gaussian,1.5,2.1213203435596393,170,BGN11,2.18591956048051
1000,1,gaussian,1.5,2.1213203435596393,171,Algorithm 1,2.15710913389778
1000,1,gaussian,1.5,2.1213203435596393,171,BGS25,2.136668922917912
1000,1,gaussian,1.5,2.1213203435596393,171,BGN11,2.134353625253542
1000,1,gaussian,1.5,2.1213203435596393,172,Algorithm 1,2.0966356138389473
1000,1,gaussian,1.5,2.1213203435596393,172,BGS25,2.1144809259006347
1000,1,gaussian,1.5,2.1213203435596393,172,BGN11,2.1152471738923695
1000,1,gaussian,1.5,2.1213203435596393,173,Algorithm 1,1.9442331366913057
1000,1,gaussian,1.5,2.1213203435596393,173,BGS25,2.0219971592892434
1000,1,gaussian,1.5,2.1213203435596393,173,BGN11,2.0236541800454666
1000,1,gaussian,1.5,2.1213203435596393,174,Algorithm 1,2.1851647835357033
1000,1,gaussian,1.5,2.1213203435596393,174,BGS25,2.1635287259958025
1000,1,gaussian,1.5,2.1213203435596393,174,BGN11,2.1636644486826806
1000,1,gaussian,1.5,2.1213203435596393,175,Algorithm 1,2.126038019433013
1000,1,gaussian,1.5,2.1213203435596393,175,BGS25,2.11093169460968
1000,1,gaussian,1.5,2.1213203435596393,175,BGN11,2.111615863089184
1000,1,gaussian,1.5,2.1213203435596393,176,Algorithm 1,2.105277935936725
1000,1,gaussian,1.5,2.1213203435596393,176,BGS25,2.118723645516905
1000,1,gaussian,1.5,2.1213203435596393,176,BGN11,2.121228945358761
1000,1,gaussian,1.5,2.1213203435596393,177,Algorithm 1,2.113812988857307
1000,1,gaussian,1.5,2.1213203435596393,177,BGS25,2.1259314009424948
1000,1,gaussian,1.5,2.1213203435596393,177,BGN11,2.1252562984925176
1000,1,gaussian,1.5,2.1213203435596393,178,Algorithm 1,2.077465313722574
1000,1,gaussian,1.5,2.1213203435596393,178,BGS25,2.105209125402613
1000,1,gaussian,1.5,2.1213203435596393,178,BGN11,2.1045730198602057
1000,1,gaussian,1.5,2.1213203435596393,179,Algorithm 1,2.112755292745575
1000,1,gaussian,1.5,2.1213203435596393,179,BGS25,2.088393921328594
1000,1,gaussian,1.5,2.1213203435596393,179,BGN11,2.088895443324065
1000,1,gaussian,1.5,2.1213203435596393,180,Algorithm 1,2.1846423034866818
1000,1,gaussian,1.5,2.1213203435596393,180,BGS25,2.162642867127277
1000,1,gaussian,1.5,2.1213203435596393,180,BGN11,2.1615305932752427
1000,1,gaussian,1.5,2.1213203435596393,181,Algorithm 1,2.102751534692729
1000,1,gaussian,1.5,2.1213203435596393,181,BGS25,2.1566136028447076
1000,1,gaussian,1.5,2.1213203435596393,181,BGN11,2.1580791949664255
1000,1,gaussian,1.5,2.1213203435596393,182,Algorithm 1,2.030910798354483
1000,1,gaussian,1.5,2.1213203435596393,182,BGS25,2.0331752035655093
1000,1,gaussian,1.5,2.1213203435596393,182,BGN11,2.0364700146629953
1000,1,gaussian,1.5,2.1213203435596393,183,Algorithm 1,2.0917827014537838
1000,1,gaussian,1.5,2.1213203435596393,183,BGS25,2.1028809925104204
1000,1,gaussian,1.5,2.1213203435596393,183,BGN11,2.1013090068751117
1000,1,gaussian,1.5,2.1213203435596393,184,Algorithm 1,2.217757256614428
1000,1,gaussian,1.5,2.1213203435596393,184,BGS25,2.2222176140894088
1000,1,gaussian,1.5,2.1213203435596393,184,BGN11,2.225575766515735
1000,1,gaussian,1.5,2.1213203435596393,185,Algorithm 1,2.168642455410664
1000,1,gaussian,1.5,2.1213203435596393,185,BGS25,2.1722943748511074
1000,1,gaussian,1.5,2.1213203435596393,185,BGN11,2.172575541316594
1000,1,gaussian,1.5,2.1213203435596393,186,Algorithm 1,2.0387671539288403
1000,1,gaussian,1.5,2.1213203435596393,186,BGS25,2.057181510211155
1000,1,gaussian,1.5,2.1213203435596393,186,BGN11,2.0612789537923493
1000,1,gaussian,1.5,2.1213203435596393,187,Algorithm 1,2.179066265436639
1000,1,gaussian,1.5,2.1213203435596393,187,BGS25,2.1477811864082548
1000,1,gaussian,1.5,2.1213203435596393,187,BGN11,2.151316699376182
1000,1,gaussian,1.5,2.1213203435596393,188,Algorithm 1,2.172472636047442
1000,1,gaussian,1.5,2.1213203435596393,188,BGS25,2.1572180230322573
1000,1,gaussian,1.5,2.1213203435596393,188,BGN11,2.1606379072378807
1000,1,gaussian,1.5,2.1213203435596393,189,Algorithm 1,2.058976981860347
1000,1,gaussian,1.5,2.1213203435596393,189,BGS25,2.0721471645776965
1000,1,gaussian,1.5,2.1213203435596393,189,BGN11,2.075318237937832
1000,1,gaussian,1.5,2.1213203435596393,190,Algorithm 1,2.050414855758922
1000,1,gaussian,1.5,2.1213203435596393,190,BGS25,2.091204054643617
1000,1,gaussian,1.5,2.1213203435596393,190,BGN11,2.088914731925953
1000,1,gaussian,1.5,2.1213203435596393,191,Algorithm 1,2.095764859078665
1000,1,gaussian,1.5,2.1213203435596393,191,BGS25,2.083466293439039
1000,1,gaussian,1.5,2.1213203435596393,191,BGN11,2.08464651101547
1000,1,gaussian,1.5,2.1213203435596393,192,Algorithm 1,2.107939924651083
1000,1,gaussian,1.5,2.1213203435596393,192,BGS25,2.094469354367128
1000,1,gaussian,1.5,2.1213203435596393,192,BGN11,2.0969377753860137
1000,1,gaussian,1.5,2.1213203435596393,193,Algorithm 1,2.0168242598761785
1000,1,gaussian,1.5,2.1213203435596393,193,BGS25,2.0273336376381446
1000,1,gaussian,1.5,2.1213203435596393,193,BGN11,2.0329573667105048
1000,1,gaussian,1.5,2.1213203435596393,194,Algorithm 1,2.131345421929085
1000,1,gaussian,1.5,2.1213203435596393,194,BGS25,2.157077484576116
1000,1,gaussian,1.5,2.1213203435596393,194,BGN11,2.159470183236289
1000,1,gaussian,1.5,2.1213203435596393,195,Algorithm 1,2.044586146470612
1000,1,gaussian,1.5,2.1213203435596393,195,BGS25,2.136143834328292
1000,1,gaussian,1.5,2.1213203435596393,195,BGN11,2.1420016046137293
1000,1,gaussian,1.5,2.1213203435596393,196,Algorithm 1,2.0734972252545667
1000,1,gaussian,1.5,2.1213203435596393,196,BGS25,2.090758086599267
1000,1,gaussian,1.5,2.1213203435596393,196,BGN11,2.095861000956902
1000,1,gaussian,1.5,2.1213203435596393,197,Algorithm 1,2.0589305912542155
1000,1,gaussian,1.5,2.1213203435596393,197,BGS25,2.1098262142456883
1000,1,gaussian,1.5,2.1213203435596393,197,BGN11,2.106562469215897
1000,1,gaussian,1.5,2.1213203435596393,198,Algorithm 1,2.0982817988431615
1000,1,gaussian,1.5,2.1213203435596393,198,BGS25,2.076316198364625
1000,1,gaussian,1.5,2.1213203435596393,198,BGN11,2.077808328927973
1000,1,gaussian,1.5,2.1213203435596393,199,Algorithm 1,2.0261517029953175
1000,1,gaussian,1.5,2.1213203435596393,199,BGS25,2.0435380038198554
1000,1,gaussian,1.5,2.1213203435596393,199,BGN11,2.042672966852655
1000,1,gaussian,1.5,2.1213203435596393,200,Algorithm 1,2.16475529395061
1000,1,gaussian,1.5,2.1213203435596393,200,BGS25,2.168684283499235
1000,1,gaussian,1.5,2.1213203435596393,200,BGN11,2.1692359551242246
1000,1,gaussian,1.5,2.1213203435596393,201,Algorithm 1,2.123756831761539
1000,1,gaussian,1.5,2.1213203435596393,201,BGS25,2.1290969556673924
1000,1,gaussian,1.5,2.1213203435596393,201,BGN11,2.1287328995655908
1000,1,gaussian,1.5,2.1213203435596393,202,Algorithm 1,1.9453237161744303
1000,1,gaussian,1.5,2.1213203435596393,202,BGS25,2.0164797189716195
1000,1,gaussian,1.5,2.1213203435596393,202,BGN11,2.013799669673817
1000,1,gaussian,1.5,2.1213203435596393,203,Algorithm 1,2.033077817909473
1000,1,gaussian,1.5,2.1213203435596393,203,BGS25,2.1070599280029554
1000,1,gaussian,1.5,2.1213203435596393,203,BGN11,2.1073544946631095
1000,1,gaussian,1.5,2.1213203435596393,204,Algorithm 1,2.0948669038411962
1000,1,gaussian,1.5,2.1213203435596393,204,BGS25,2.097896561913524
1000,1,gaussian,1.5,2.1213203435596393,204,BGN11,2.1021240889626056
1000,1,gaussian,1.5,2.1213203435596393,205,Algorithm 1,2.1816647909549802
1000,1,gaussian,1.5,2.1213203435596393,205,BGS25,2.1404928575190514
1000,1,gaussian,1.5,2.1213203435596393,205,BGN11,2.1429524625799656
1000,1,gaussian,1.5,2.1213203435596393,206,Algorithm 1,1.9114544810648093
1000,1,gaussian,1.5,2.1213203435596393,206,BGS25,1.9707943667606649
1000,1,gaussian,1.5,2.1213203435596393,206,BGN11,1.969732323934267
1000,1,gaussian,1.5,2.1213203435596393,207,Algorithm 1,2.1897497583810055
1000,1,gaussian,1.5,2.1213203435596393,207,BGS25,2.1906238271042344
1000,1,gaussian,1.5,2.1213203435596393,207,BGN11,2.1879761112753986
1000,1,gaussian,1.5,2.1213203435596393,208,Algorithm 1,2.0466572939569954
1000,1,gaussian,1.5,2.1213203435596393,208,BGS25,2.075436933429112
1000,1,gaussian,1.5,2.1213203435596393,208,BGN11,2.0772606736415655
1000,1,gaussian,1.5,2.1213203435596393,209,Algorithm 1,2.1639655629798544
1000,1,gaussian,1.5,2.1213203435596393,209,BGS25,2.1430751375188013
1000,1,gaussian,1.5,2.1213203435596393,209,BGN11,2.144763302603812
1000,1,gaussian,1.5,2.1213203435596393,210,Algorithm 1,2.250740542866145
1000,1,gaussian,1.5,2.1213203435596393,210,BGS25,2.2274958309773485
1000,1,gaussian,1.5,2.1213203435596393,210,BGN11,2.231489523356152
1000,1,gaussian,1.5,2.1213203435596393,211,Algorithm 1,2.2199782608017946
1000,1,gaussian,1.5,2.1213203435596393,211,BGS25,2.220213535409658
1000,1,gaussian,1.5,2.1213203435596393,211,BGN11,2.221318404757023
1000,1,gaussian,1.5,2.1213203435596393,212,Algorithm 1,2.1403343425739685
1000,1,gaussian,1.5,2.1213203435596393,212,BGS25,2.12635720901265
1000,1,gaussian,1.5,2.1213203435596393,212,BGN11,2.129978911991122
1000,1,gaussian,1.5,2.1213203435596393,213,Algorithm 1,2.0246821578742282
1000,1,gaussian,1.5,2.1213203435596393,213,BGS25,2.089927835288165
1000,1,gaussian,1.5,2.1213203435596393,213,BGN11,2.0900452704372774
1000,1,gaussian,1.5,2.1213203435596393,214,Algorithm 1,2.1854679942379516
1000,1,gaussian,1.5,2.1213203435596393,214,BGS25,2.1696720745796942
1000,1,gaussian,1.5,2.1213203435596393,214,BGN11,2.1702352076175226
1000,1,gaussian,1.5,2.1213203435596393,215,Algorithm 1,2.158796377946229
1000,1,gaussian,1.5,2.1213203435596393,215,BGS25,2.1706966753362633
1000,1,gaussian,1.5,2.1213203435596393,215,BGN11,2.171486176944402
1000,1,gaussian,1.5,2.1213203435596393,216,Algorithm 1,1.997891733699031
1000,1,gaussian,1.5,2.1213203435596393,216,BGS25,2.0385459351716637
1000,1,gaussian,1.5,2.1213203435596393,216,BGN11,2.0438319679706396
1000,1,gaussian,1.5,2.1213203435596393,217,Algorithm 1,2.187963763861545
1000,1,gaussian,1.5,2.1213203435596393,217,BGS25,2.1739135470475874
1000,1,gaussian,1.5,2.1213203435596393,217,BGN11,2.1735866616159805
1000,1,gaussian,1.5,2.1213203435596393,218,Algorithm 1,1.9957594711936615
1000,1,gaussian,1.5,2.1213203435596393,218,BGS25,2.1103316166787414
1000,1,gaussian,1.5,2.1213203435596393,218,BGN11,2.1105960136779
1000,1,gaussian,1.5,2.1213203435596393,219,Algorithm 1,2.0805764438895116
1000,1,gaussian,1.5,2.1213203435596393,219,BGS25,2.0390090412719397
1000,1,gaussian,1.5,2.1213203435596393,219,BGN11,2.0439582018034868
1000,1,gaussian,1.5,2.1213203435596393,220,Algorithm 1,2.0131237999709195
1000,1,gaussian,1.5,2.1213203435596393,220,BGS25,2.078783466071144
1000,1,gaussian,1.5,2.1213203435596393,220,BGN11,2.081220917111001
1000,1,gaussian,1.5,2.1213203435596393,221,Algorithm 1,2.1761611085909567
1000,1,gaussian,1.5,2.1213203435596393,221,BGS25,2.232316148716235
1000,1,gaussian,1.5,2.1213203435596393,221,BGN11,2.233547928402252
1000,1,gaussian,1.5,2.1213203435596393,222,Algorithm 1,2.0922938161746676
1000,1,gaussian,1.5,2.1213203435596393,222,BGS25,2.109072343035315
1000,1,gaussian,1.5,2.1213203435596393,222,BGN11,2.109586688680136
1000,1,gaussian,1.5,2.1213203435596393,223,Algorithm 1,2.174363372874522
1000,1,gaussian,1.5,2.1213203435596393,223,BGS25,2.158991696951226
1000,1,gaussian,1.5,2.1213203435596393,223,BGN11,2.1563577088234918
1000,1,gaussian,1.5,2.1213203435596393,224,Algorithm 1,2.1563798964258196
1000,1,gaussian,1.5,2.1213203435596393,224,BGS25,2.1462504245080165
1000,1,gaussian,1.5,2.1213203435596393,224,BGN11,2.1476077024395153
1000,1,gaussian,1.5,2.1213203435596393,225,Algorithm 1,2.121666896087314
1000,1,gaussian,1.5,2.1213203435596393,225,BGS25,2.1031947894467318
1000,1,gaussian,1.5,2.1213203435596393,225,BGN11,2.1050194210714475
1000,1,gaussian,1.5,2.1213203435596393,226,Algorithm 1,2.200484671059345
1000,1,gaussian,1.5,2.1213203435596393,226,BGS25,2.2448450987342294
1000,1,gaussian,1.5,2.1213203435596393,226,BGN11,2.2451967879154315
1000,1,gaussian,1.5,2.1213203435596393,227,Algorithm 1,2.0701677368874303
1000,1,gaussian,1.5,2.1213203435596393,227,BGS25,2.0831893043950274
1000,1,gaussian,1.5,2.1213203435596393,227,BGN11,2.0810583289710114
1000,1,gaussian,1.5,2.1213203435596393,228,Algorithm 1,2.0703407647024084
1000,1,gaussian,1.5,2.1213203435596393,228,BGS25,2.0868529971463974
1000,1,gaussian,1.5,2.1213203435596393,228,BGN11,2.0925646011059946
1000,1,gaussian,1.5,2.1213203435596393,229,Algorithm 1,2.104558303584176
1000,1,gaussian,1.5,2.1213203435596393,229,BGS25,2.1187313589899355
1000,1,gaussian,1.5,2.1213203435596393,229,BGN11,2.1224907014519103
1000,1,gaussian,1.5,2.1213203435596393,230,Algorithm 1,2.0305072852099935
1000,1,gaussian,1.5,2.1213203435596393,230,BGS25,2.0500076682949016
1000,1,gaussian,1.5,2.1213203435596393,230,BGN11,2.054008699272972
1000,1,gaussian,1.5,2.1213203435596393,231,Algorithm 1,2.1156729081615633
1000,1,gaussian,1.5,2.1213203435596393,231,BGS25,2.099074674567381
1000,1,gaussian,1.5,2.1213203435596393,231,BGN11,2.103421816967702
1000,1,gaussian,1.5,2.1213203435596393,232,Algorithm 1,2.125215239819138
1000,1,gaussian,1.5,2.1213203435596393,232,BGS25,2.16973724459678
1000,1,gaussian,1.5,2.1213203435596393,232,BGN11,2.1735788664728095
1000,1,gaussian,1.5,2.1213203435596393,233,Algorithm 1,2.1462624408319413
1000,1,gaussian,1.5,2.1213203435596393,233,BGS25,2.131247834462874
1000,1,gaussian,1.5,2.1213203435596393,233,BGN11,2.1339374571381478
1000,1,gaussian,1.5,2.1213203435596393,234,Algorithm 1,2.0728632348370315
1000,1,gaussian,1.5,2.1213203435596393,234,BGS25,2.041377955904494
1000,1,gaussian,1.5,2.1213203435596393,234,BGN11,2.0444710668233625
1000,1,gaussian,1.5,2.1213203435596393,235,Algorithm 1,2.1439374146445855
1000,1,gaussian,1.5,2.1213203435596393,235,BGS25,2.1304745990381537
1000,1,gaussian,1.5,2.1213203435596393,235,BGN11,2.1346299395644786
1000,1,gaussian,1.5,2.1213203435596393,236,Algorithm 1,2.1000347931091907
1000,1,gaussian,1.5,2.1213203435596393,236,BGS25,2.108702340677609
1000,1,gaussian,1.5,2.1213203435596393,236,BGN11,2.108860503007367
1000,1,gaussian,1.5,2.1213203435596393,237,Algorithm 1,2.2450319032856485
1000,1,gaussian,1.5,2.1213203435596393,237,BGS25,2.2235556042189866
1000,1,gaussian,1.5,2.1213203435596393,237,BGN11,2.2270979249237843
1000,1,gaussian,1.5,2.1213203435596393,238,Algorithm 1,2.124387175337108
1000,1,gaussian,1.5,2.1213203435596393,238,BGS25,2.094318901936
1000,1,gaussian,1.5,2.1213203435596393,238,BGN11,2.0994188138184025
1000,1,gaussian,1.5,2.1213203435596393,239,Algorithm 1,1.920214677637194
1000,1,gaussian,1.5,2.1213203435596393,239,BGS25,1.9465213837376028
1000,1,gaussian,1.5,2.1213203435596393,239,BGN11,1.9512495098218285
1000,1,gaussian,1.5,2.1213203435596393,240,Algorithm 1,2.1495398502576735
1000,1,gaussian,1.5,2.1213203435596393,240,BGS25,2.162954877632769
1000,1,gaussian,1.5,2.1213203435596393,240,BGN11,2.1645011425238585
1000,1,gaussian,1.5,2.1213203435596393,241,Algorithm 1,2.1731852018735633
1000,1,gaussian,1.5,2.1213203435596393,241,BGS25,2.1290660152563134
1000,1,gaussian,1.5,2.1213203435596393,241,BGN11,2.1274826935736755
1000,1,gaussian,1.5,2.1213203435596393,242,Algorithm 1,2.105394329386377
1000,1,gaussian,1.5,2.1213203435596393,242,BGS25,2.0764960274161877
1000,1,gaussian,1.5,2.1213203435596393,242,BGN11,2.0786219551427494
1000,1,gaussian,1.5,2.1213203435596393,243,Algorithm 1,2.081035014151835
1000,1,gaussian,1.5,2.1213203435596393,243,BGS25,2.0686084578202175
1000,1,gaussian,1.5,2.1213203435596393,243,BGN11,2.0694145290017616
1000,1,gaussian,1.5,2.1213203435596393,244,Algorithm 1,2.201485582149054
1000,1,gaussian,1.5,2.1213203435596393,244,BGS25,2.164888350143625
1000,1,gaussian,1.5,2.1213203435596393,244,BGN11,2.164456772580821
1000,1,gaussian,1.5,2.1213203435596393,245,Algorithm 1,2.130335609972167
1000,1,gaussian,1.5,2.1213203435596393,245,BGS25,2.11606341718105
1000,1,gaussian,1.5,2.1213203435596393,245,BGN11,2.118772339833033
1000,1,gaussian,1.5,2.1213203435596393,246,Algorithm 1,2.1633820233239414
1000,1,gaussian,1.5,2.1213203435596393,246,BGS25,2.1671551630953867
1000,1,gaussian,1.5,2.1213203435596393,246,BGN11,2.169637229620709
1000,1,gaussian,1.5,2.1213203435596393,247,Algorithm 1,2.0859605274584223
1000,1,gaussian,1.5,2.1213203435596393,247,BGS25,2.1474632278700314
1000,1,gaussian,1.5,2.1213203435596393,247,BGN11,2.146179321688863
1000,1,gaussian,1.5,2.1213203435596393,248,Algorithm 1,2.085789211727055
1000,1,gaussian,1.5,2.1213203435596393,248,BGS25,2.0606439360409836
1000,1,gaussian,1.5,2.1213203435596393,248,BGN11,2.063802063401094
1000,1,gaussian,1.5,2.1213203435596393,249,Algorithm 1,2.1400648492781302
1000,1,gaussian,1.5,2.1213203435596393,249,BGS25,2.1490292317566353
1000,1,gaussian,1.5,2.1213203435596393,249,BGN11,2.1522005433863405
1000,1,gaussian,1.5,2.1213203435596393,250,Algorithm 1,2.214245436521133
1000,1,gaussian,1.5,2.1213203435596393,250,BGS25,2.1868764720883513
1000,1,gaussian,1.5,2.1213203435596393,250,BGN11,2.1923393997015213
1000,1,gaussian,1.5,2.1213203435596393,251,Algorithm 1,2.148000543092764
1000,1,gaussian,1.5,2.1213203435596393,251,BGS25,2.160528191154282
1000,1,gaussian,1.5,2.1213203435596393,251,BGN11,2.161494953776884
1000,1,gaussian,1.5,2.1213203435596393,252,Algorithm 1,2.1119018141629757
1000,1,gaussian,1.5,2.1213203435596393,252,BGS25,2.10101081696263
1000,1,gaussian,1.5,2.1213203435596393,252,BGN11,2.1019034098859612
1000,1,gaussian,1.5,2.1213203435596393,253,Algorithm 1,2.1492616084531577
1000,1,gaussian,1.5,2.1213203435596393,253,BGS25,2.142214456110639
1000,1,gaussian,1.5,2.1213203435596393,253,BGN11,2.138043925435162
1000,1,gaussian,1.5,2.1213203435596393,254,Algorithm 1,2.155269196075451
1000,1,gaussian,1.5,2.1213203435596393,254,BGS25,2.107084788442681
1000,1,gaussian,1.5,2.1213203435596393,254,BGN11,2.1079705579361097
1000,1,gaussian,1.5,2.1213203435596393,255,Algorithm 1,2.201184989780172
1000,1,gaussian,1.5,2.1213203435596393,255,BGS25,2.171637395979582
1000,1,gaussian,1.5,2.1213203435596393,255,BGN11,2.172815360251383
1000,1,gaussian,1.5,2.1213203435596393,256,Algorithm 1,2.10306701843135
1000,1,gaussian,1.5,2.1213203435596393,256,BGS25,2.143336754570575
1000,1,gaussian,1.5,2.1213203435596393,256,BGN11,2.142859522143222
1000,1,gaussian,1.5,2.1213203435596393,257,Algorithm 1,2.2258171239763667
1000,1,gaussian,1.5,2.1213203435596393,257,BGS25,2.1934411685856365
1000,1,gaussian,1.5,2.1213203435596393,257,BGN11,2.1948921507136165
1000,1,gaussian,1.5,2.1213203435596393,258,Algorithm 1,2.153493329170241
1000,1,gaussian,1.5,2.1213203435596393,258,BGS25,2.1685778957992903
1000,1,gaussian,1.5,2.1213203435596393,258,BGN11,2.170918627651354
1000,1,gaussian,1.5,2.1213203435596393,259,Algorithm 1,2.056749337782448
1000,1,gaussian,1.5,2.1213203435596393,259,BGS25,2.090853359656923
1000,1,gaussian,1.5,2.1213203435596393,259,BGN11,2.0915798988790755
1000,1,gaussian,1.5,2.1213203435596393,260,Algorithm 1,2.121145962338497
1000,1,gaussian,1.5,2.1213203435596393,260,BGS25,2.08292952308361
1000,1,gaussian,1.5,2.1213203435596393,260,BGN11,2.0886777445540328
1000,1,gaussian,1.5,2.1213203435596393,261,Algorithm 1,2.1146864148106728
1000,1,gaussian,1.5,2.1213203435596393,261,BGS25,2.0928179002714957
1000,1,gaussian,1.5,2.1213203435596393,261,BGN11,2.0876193011223596
1000,1,gaussian,1.5,2.1213203435596393,262,Algorithm 1,2.0656809712645825
1000,1,gaussian,1.5,2.1213203435596393,262,BGS25,2.0679143132140214
1000,1,gaussian,1.5,2.1213203435596393,262,BGN11,2.0659824888327476
1000,1,gaussian,1.5,2.1213203435596393,263,Algorithm 1,2.0727296927616714
1000,1,gaussian,1.5,2.1213203435596393,263,BGS25,2.0932214562513023
1000,1,gaussian,1.5,2.1213203435596393,263,BGN11,2.0943469674427084
1000,1,gaussian,1.5,2.1213203435596393,264,Algorithm 1,2.2237515743121192
1000,1,gaussian,1.5,2.1213203435596393,264,BGS25,2.195326627303693
1000,1,gaussian,1.5,2.1213203435596393,264,BGN11,2.197413096485584
1000,1,gaussian,1.5,2.1213203435596393,265,Algorithm 1,2.0674616274142026
1000,1,gaussian,1.5,2.1213203435596393,265,BGS25,2.0536641799160957
1000,1,gaussian,1.5,2.1213203435596393,265,BGN11,2.057824814026024
1000,1,gaussian,1.5,2.1213203435596393,266,Algorithm 1,2.094132206715299
1000,1,gaussian,1.5,2.1213203435596393,266,BGS25,2.1325136485164076
1000,1,gaussian,1.5,2.1213203435596393,266,BGN11,2.1338145312691705
1000,1,gaussian,1.5,2.1213203435596393,267,Algorithm 1,2.2119061772528323
1000,1,gaussian,1.5,2.1213203435596393,267,BGS25,2.243757611987135
1000,1,gaussian,1.5,2.1213203435596393,267,BGN11,2.2470842998381535
1000,1,gaussian,1.5,2.1213203435596393,268,Algorithm 1,2.0554221399447434
1000,1,gaussian,1.5,2.1213203435596393,268,BGS25,2.030004789662308
1000,1,gaussian,1.5,2.1213203435596393,268,BGN11,2.0318698653571574
1000,1,gaussian,1.5,2.1213203435596393,269,Algorithm 1,2.1817295757777964
1000,1,gaussian,1.5,2.1213203435596393,269,BGS25,2.2269388607202076
1000,1,gaussian,1.5,2.1213203435596393,269,BGN11,2.229285951226823
1000,1,gaussian,1.5,2.1213203435596393,270,Algorithm 1,2.0579719800629834
1000,1,gaussian,1.5,2.1213203435596393,270,BGS25,2.0789269728264803
1000,1,gaussian,1.5,2.1213203435596393,270,BGN11,2.0774229642153093
1000,1,gaussian,1.5,2.1213203435596393,271,Algorithm 1,2.1154878548624696
1000,1,gaussian,1.5,2.1213203435596393,271,BGS25,2.1024370547996596
1000,1,gaussian,1.5,2.1213203435596393,271,BGN11,2.105467063254555
1000,1,gaussian,1.5,2.1213203435596393,272,Algorithm 1,2.0492509370377356
1000,1,gaussian,1.5,2.1213203435596393,272,BGS25,2.1014616659077197
1000,1,gaussian,1.5,2.1213203435596393,272,BGN11,2.1050401990120258
1000,1,gaussian,1.5,2.1213203435596393,273,Algorithm 1,2.075418704184388
1000,1,gaussian,1.5,2.1213203435596393,273,BGS25,2.118449161876473
1000,1,gaussian,1.5,2.1213203435596393,273,BGN11,2.119881583916545
1000,1,gaussian,1.5,2.1213203435596393,274,Algorithm 1,2.1440298689708372
1000,1,gaussian,1.5,2.1213203435596393,274,BGS25,2.1391914030293493
1000,1,gaussian,1.5,2.1213203435596393,274,BGN11,2.138730563348046
1000,1,gaussian,1.5,2.1213203435596393,275,Algorithm 1,2.158824013705583
1000,1,gaussian,1.5,2.1213203435596393,275,BGS25,2.1596676452375303
1000,1,gaussian,1.5,2.1213203435596393,275,BGN11,2.162969528491099
1000,1,gaussian,1.5,2.1213203435596393,276,Algorithm 1,2.081612635797701
1000,1,gaussian,1.5,2.1213203435596393,276,BGS25,2.0518605011331146
1000,1,gaussian,1.5,2.1213203435596393,276,BGN11,2.052319176071251
1000,1,gaussian,1.5,2.1213203435596393,277,Algorithm 1,2.148135166818207
1000,1,gaussian,1.5,2.1213203435596393,277,BGS25,2.1530656535369843
1000,1,gaussian,1.5,2.1213203435596393,277,BGN11,2.156483764051062
1000,1,gaussian,1.5,2.1213203435596393,278,Algorithm 1,2.1042946314178588
1000,1,gaussian,1.5,2.1213203435596393,278,BGS25,2.1553003401397675
1000,1,gaussian,1.5,2.1213203435596393,278,BGN11,2.1589086343493054
1000,1,gaussian,1.5,2.1213203435596393,279,Algorithm 1,2.143222341276182
1000,1,gaussian,1.5,2.1213203435596393,279,BGS25,2.115714702466955
1000,1,gaussian,1.5,2.1213203435596393,279,BGN11,2.115070335266277
1000,1,gaussian,1.5,2.1213203435596393,280,Algorithm 1,2.0534177760020977
1000,1,gaussian,1.5,2.1213203435596393,280,BGS25,2.0708346756491123
1000,1,gaussian,1.5,2.1213203435596393,280,BGN11,2.0723513778141047
1000,1,gaussian,1.5,2.1213203435596393,281,Algorithm 1,2.0535851820389572
1000,1,gaussian,1.5,2.1213203435596393,281,BGS25,2.074835400552564
1000,1,gaussian,1.5,2.1213203435596393,281,BGN11,2.0731726761882374
1000,1,gaussian,1.5,2.1213203435596393,282,Algorithm 1,2.1316080189854403
1000,1,gaussian,1.5,2.1213203435596393,282,BGS25,2.1644383281934334
1000,1,gaussian,1.5,2.1213203435596393,282,BGN11,2.164755121520114
1000,1,gaussian,1.5,2.1213203435596393,283,Algorithm 1,2.114821785478565
1000,1,gaussian,1.5,2.1213203435596393,283,BGS25,2.0943571274595234
1000,1,gaussian,1.5,2.1213203435596393,283,BGN11,2.0939429592490173
1000,1,gaussian,1.5,2.1213203435596393,284,Algorithm 1,2.1948723941300368
1000,1,gaussian,1.5,2.1213203435596393,284,BGS25,2.1651450479046144
1000,1,gaussian,1.5,2.1213203435596393,284,BGN11,2.168684932338733
1000,1,gaussian,1.5,2.1213203435596393,285,Algorithm 1,2.1423993873072003
1000,1,gaussian,1.5,2.1213203435596393,285,BGS25,2.0798080409541653
1000,1,gaussian,1.5,2.1213203435596393,285,BGN11,2.0847053098217683
1000,1,gaussian,1.5,2.1213203435596393,286,Algorithm 1,2.0891299523336606
1000,1,gaussian,1.5,2.1213203435596393,286,BGS25,2.118770709769718
1000,1,gaussian,1.5,2.1213203435596393,286,BGN11,2.121569788292653
1000,1,gaussian,1.5,2.1213203435596393,287,Algorithm 1,2.062727725485598
1000,1,gaussian,1.5,2.1213203435596393,287,BGS25,2.0591454735671664
1000,1,gaussian,1.5,2.1213203435596393,287,BGN11,2.0610575438043366
1000,1,gaussian,1.5,2.1213203435596393,288,Algorithm 1,2.2123762014135715
1000,1,gaussian,1.5,2.1213203435596393,288,BGS25,2.191311124574558
1000,1,gaussian,1.5,2.1213203435596393,288,BGN11,2.1899166016571714
1000,1,gaussian,1.5,2.1213203435596393,289,Algorithm 1,2.034793719197878
1000,1,gaussian,1.5,2.1213203435596393,289,BGS25,2.0559486329781
1000,1,gaussian,1.5,2.1213203435596393,289,BGN11,2.056519335532066
1000,1,gaussian,1.5,2.1213203435596393,290,Algorithm 1,2.0884707516737637
1000,1,gaussian,1.5,2.1213203435596393,290,BGS25,2.07698960469824
1000,1,gaussian,1.5,2.1213203435596393,290,BGN11,2.072765918807804
1000,1,gaussian,1.5,2.1213203435596393,291,Algorithm 1,2.2048882116813275
1000,1,gaussian,1.5,2.1213203435596393,291,BGS25,2.1447147165654856
1000,1,gaussian,1.5,2.1213203435596393,291,BGN11,2.144619722141257
1000,1,gaussian,1.5,2.1213203435596393,292,Algorithm 1,2.262356394379637
1000,1,gaussian,1.5,2.1213203435596393,292,BGS25,2.2325375494131716
1000,1,gaussian,1.5,2.1213203435596393,292,BGN11,2.232032109769254
1000,1,gaussian,1.5,2.1213203435596393,293,Algorithm 1,2.128290517585722
1000,1,gaussian,1.5,2.1213203435596393,293,BGS25,2.123879498258784
1000,1,gaussian,1.5,2.1213203435596393,293,BGN11,2.122401373128833
1000,1,gaussian,1.5,2.1213203435596393,294,Algorithm 1,2.211631327850006
1000,1,gaussian,1.5,2.1213203435596393,294,BGS25,2.1444587608637917
1000,1,gaussian,1.5,2.1213203435596393,294,BGN11,2.1473923905211536
1000,1,gaussian,1.5,2.1213203435596393,295,Algorithm 1,2.116439929824854
1000,1,gaussian,1.5,2.1213203435596393,295,BGS25,2.1480007866267243
1000,1,gaussian,1.5,2.1213203435596393,295,BGN11,2.1466831105335564
1000,1,gaussian,1.5,2.1213203435596393,296,Algorithm 1,2.067275045221725
1000,1,gaussian,1.5,2.1213203435596393,296,BGS25,2.092463963560667
1000,1,gaussian,1.5,2.1213203435596393,296,BGN11,2.0919069344340135
1000,1,gaussian,1.5,2.1213203435596393,297,Algorithm 1,2.0478598785256943
1000,1,gaussian,1.5,2.1213203435596393,297,BGS25,2.0987971876965403
1000,1,gaussian,1.5,2.1213203435596393,297,BGN11,2.100626460351356
1000,1,gaussian,1.5,2.1213203435596393,298,Algorithm 1,2.140870762693969
1000,1,gaussian,1.5,2.1213203435596393,298,BGS25,2.12059697653344
1000,1,gaussian,1.5,2.1213203435596393,298,BGN11,2.1193145672223506
1000,1,gaussian,1.5,2.1213203435596393,299,Algorithm 1,2.057892108289638
1000,1,gaussian,1.5,2.1213203435596393,299,BGS25,2.050204531498426
1000,1,gaussian,1.5,2.1213203435596393,299,BGN11,2.0509794104457173
1000,1,gaussian,1.5,2.1213203435596393,300,Algorithm 1,2.081700723516725
1000,1,gaussian,1.5,2.1213203435596393,300,BGS25,2.0724899508458865
1000,1,gaussian,1.5,2.1213203435596393,300,BGN11,2.074355267837691
1000,1,gaussian,1.5,2.1213203435596393,301,Algorithm 1,2.090602484834439
1000,1,gaussian,1.5,2.1213203435596393,301,BGS25,2.1038975399102258
1000,1,gaussian,1.5,2.1213203435596393,301,BGN11,2.1098724464372585
1000,1,gaussian,1.5,2.1213203435596393,302,Algorithm 1,2.046174617470166
1000,1,gaussian,1.5,2.1213203435596393,302,BGS25,2.0690285721019777
1000,1,gaussian,1.5,2.1213203435596393,302,BGN11,2.0721643977217745
1000,1,gaussian,1.5,2.1213203435596393,303,Algorithm 1,2.1198235155795246
1000,1,gaussian,1.5,2.1213203435596393,303,BGS25,2.1454079007366804
1000,1,gaussian,1.5,2.1213203435596393,303,BGN11,2.1481470229915134
1000,1,gaussian,1.5,2.1213203435596393,304,Algorithm 1,2.1950319829636804
1000,1,gaussian,1.5,2.1213203435596393,304,BGS25,2.1804400324597326
1000,1,gaussian,1.5,2.1213203435596393,304,BGN11,2.184012211731793
1000,1,gaussian,1.5,2.1213203435596393,305,Algorithm 1,1.9875629395836223
1000,1,gaussian,1.5,2.1213203435596393,305,BGS25,1.9975011918426016
1000,1,gaussian,1.5,2.1213203435596393,305,BGN11,1.9986101889610157
1000,1,gaussian,1.5,2.1213203435596393,306,Algorithm 1,2.0936937583210864
1000,1,gaussian,1.5,2.1213203435596393,306,BGS25,2.0888575515799777
1000,1,gaussian,1.5,2.1213203435596393,306,BGN11,2.094897805602882
1000,1,gaussian,1.5,2.1213203435596393,307,Algorithm 1,2.2062116927426394
1000,1,gaussian,1.5,2.1213203435596393,307,BGS25,2.167106137919563
1000,1,gaussian,1.5,2.1213203435596393,307,BGN11,2.1694571503802367
1000,1,gaussian,1.5,2.1213203435596393,308,Algorithm 1,2.0729679611738527
1000,1,gaussian,1.5,2.1213203435596393,308,BGS25,2.097144607644433
1000,1,gaussian,1.5,2.1213203435596393,308,BGN11,2.0989181464046984
1000,1,gaussian,1.5,2.1213203435596393,309,Algorithm 1,1.8364085090728737
1000,1,gaussian,1.5,2.1213203435596393,309,BGS25,2.00010624471956
1000,1,gaussian,1.5,2.1213203435596393,309,BGN11,1.9996220530543634
1000,1,gaussian,1.5,2.1213203435596393,310,Algorithm 1,2.1483766841204504
1000,1,gaussian,1.5,2.1213203435596393,310,BGS25,2.1699977172417055
1000,1,gaussian,1.5,2.1213203435596393,310,BGN11,2.171783744947541
1000,1,gaussian,1.5,2.1213203435596393,311,Algorithm 1,2.2010747137160926
1000,1,gaussian,1.5,2.1213203435596393,311,BGS25,2.1541493938981358
1000,1,gaussian,1.5,2.1213203435596393,311,BGN11,2.163000398461546
1000,1,gaussian,1.5,2.1213203435596393,312,Algorithm 1,2.1497514480376485
1000,1,gaussian,1.5,2.1213203435596393,312,BGS25,2.135164426366232
1000,1,gaussian,1.5,2.1213203435596393,312,BGN11,2.1379139728617056
1000,1,gaussian,1.5,2.1213203435596393,313,Algorithm 1,2.142335112788542
1000,1,gaussian,1.5,2.1213203435596393,313,BGS25,2.1234423818613206
1000,1,gaussian,1.5,2.1213203435596393,313,BGN11,2.124324113673448
1000,1,gaussian,1.5,2.1213203435596393,314,Algorithm 1,2.2572136033979118
1000,1,gaussian,1.5,2.1213203435596393,314,BGS25,2.2258880859413015
1000,1,gaussian,1.5,2.1213203435596393,314,BGN11,2.223918388785173
1000,1,gaussian,1.5,2.1213203435596393,315,Algorithm 1,2.124879478159234
1000,1,gaussian,1.5,2.1213203435596393,315,BGS25,2.135018439069053
1000,1,gaussian,1.5,2.1213203435596393,315,BGN11,2.1344959077590016
1000,1,gaussian,1.5,2.1213203435596393,316,Algorithm 1,2.1788135876399566
1000,1,gaussian,1.5,2.1213203435596393,316,BGS25,2.166425726587141
1000,1,gaussian,1.5,2.1213203435596393,316,BGN11,2.162055045613649
1000,1,gaussian,1.5,2.1213203435596393,317,Algorithm 1,2.176962273090838
1000,1,gaussian,1.5,2.1213203435596393,317,BGS25,2.150440135848433
1000,1,gaussian,1.5,2.1213203435596393,317,BGN11,2.1455889257820817
1000,1,gaussian,1.5,2.1213203435596393,318,Algorithm 1,2.136638601162863
1000,1,gaussian,1.5,2.1213203435596393,318,BGS25,2.1442983133561206
1000,1,gaussian,1.5,2.1213203435596393,318,BGN11,2.1484575942328266
1000,1,gaussian,1.5,2.1213203435596393,319,Algorithm 1,2.0562629061113604
1000,1,gaussian,1.5,2.1213203435596393,319,BGS25,2.0263193865941727
1000,1,gaussian,1.5,2.1213203435596393,319,BGN11,2.02474483604192
1000,1,gaussian,1.5,2.1213203435596393,320,Algorithm 1,2.1655117937260746
1000,1,gaussian,1.5,2.1213203435596393,320,BGS25,2.171412660669822
1000,1,gaussian,1.5,2.1213203435596393,320,BGN11,2.1741480521615544
1000,1,gaussian,1.5,2.1213203435596393,321,Algorithm 1,2.2038895839474897
1000,1,gaussian,1.5,2.1213203435596393,321,BGS25,2.1863695021727696
1000,1,gaussian,1.5,2.1213203435596393,321,BGN11,2.192471586170678
1000,1,gaussian,1.5,2.1213203435596393,322,Algorithm 1,2.1978216922000655
1000,1,gaussian,1.5,2.1213203435596393,322,BGS25,2.189487378426092
1000,1,gaussian,1.5,2.1213203435596393,322,BGN11,2.1875609271916394
1000,1,gaussian,1.5,2.1213203435596393,323,Algorithm 1,2.1029787154853627
1000,1,gaussian,1.5,2.1213203435596393,323,BGS25,2.1232898621477068
1000,1,gaussian,1.5,2.1213203435596393,323,BGN11,2.126798258648324
1000,1,gaussian,1.5,2.1213203435596393,324,Algorithm 1,2.0824759142614147
1000,1,gaussian,1.5,2.1213203435596393,324,BGS25,2.103563791465141
1000,1,gaussian,1.5,2.1213203435596393,324,BGN11,2.1059248158084256
1000,1,gaussian,1.5,2.1213203435596393,325,Algorithm 1,2.1131003561553707
1000,1,gaussian,1.5,2.1213203435596393,325,BGS25,2.1161562069186015
1000,1,gaussian,1.5,2.1213203435596393,325,BGN11,2.1199922089164493
1000,1,gaussian,1.5,2.1213203435596393,326,Algorithm 1,2.0841261515934564
1000,1,gaussian,1.5,2.1213203435596393,326,BGS25,2.092173428825115
1000,1,gaussian,1.5,2.1213203435596393,326,BGN11,2.0973581259866396
1000,1,gaussian,1.5,2.1213203435596393,327,Algorithm 1,2.061022108758667
1000,1,gaussian,1.5,2.1213203435596393,327,BGS25,2.109012282853184
1000,1,gaussian,1.5,2.1213203435596393,327,BGN11,2.1111704880446402
1000,1,gaussian,1.5,2.1213203435596393,328,Algorithm 1,2.124587426612102
1000,1,gaussian,1.5,2.1213203435596393,328,BGS25,2.1366860030761807
1000,1,gaussian,1.5,2.1213203435596393,328,BGN11,2.141830853464323
1000,1,gaussian,1.5,2.1213203435596393,329,Algorithm 1,2.1071703163976254
1000,1,gaussian,1.5,2.1213203435596393,329,BGS25,2.117267566494257
1000,1,gaussian,1.5,2.1213203435596393,329,BGN11,2.116859556144017
1000,1,gaussian,1.5,2.1213203435596393,330,Algorithm 1,2.004941809398404
1000,1,gaussian,1.5,2.1213203435596393,330,BGS25,2.0456045232726803
1000,1,gaussian,1.5,2.1213203435596393,330,BGN11,2.0524716890298147
1000,1,gaussian,1.5,2.1213203435596393,331,Algorithm 1,2.1345523693466615
1000,1,gaussian,1.5,2.1213203435596393,331,BGS25,2.1180382136145344
1000,1,gaussian,1.5,2.1213203435596393,331,BGN11,2.1182033641063907
1000,1,gaussian,1.5,2.1213203435596393,332,Algorithm 1,2.204881689198374
1000,1,gaussian,1.5,2.1213203435596393,332,BGS25,2.129855538545561
1000,1,gaussian,1.5,2.1213203435596393,332,BGN11,2.1329754421941978
1000,1,gaussian,1.5,2.1213203435596393,333,Algorithm 1,2.023730769348871
1000,1,gaussian,1.5,2.1213203435596393,333,BGS25,2.11975733826307
1000,1,gaussian,1.5,2.1213203435596393,333,BGN11,2.1195285790674423
1000,1,gaussian,1.5,2.1213203435596393,334,Algorithm 1,1.9971912879194877
1000,1,gaussian,1.5,2.1213203435596393,334,BGS25,2.0255079700397514
1000,1,gaussian,1.5,2.1213203435596393,334,BGN11,2.0220513966177616
1000,1,gaussian,1.5,2.1213203435596393,335,Algorithm 1,2.1726653399596825
1000,1,gaussian,1.5,2.1213203435596393,335,BGS25,2.1807724395688357
1000,1,gaussian,1.5,2.1213203435596393,335,BGN11,2.18289249048143
1000,1,gaussian,1.5,2.1213203435596393,336,Algorithm 1,2.1109832104341573
1000,1,gaussian,1.5,2.1213203435596393,336,BGS25,2.1064018591256946
1000,1,gaussian,1.5,2.1213203435596393,336,BGN11,2.104934921540667
1000,1,gaussian,1.5,2.1213203435596393,337,Algorithm 1,2.122900243428473
1000,1,gaussian,1.5,2.1213203435596393,337,BGS25,2.1048209354645047
1000,1,gaussian,1.5,2.1213203435596393,337,BGN11,2.103582297715925
1000,1,gaussian,1.5,2.1213203435596393,338,Algorithm 1,2.153489456282463
1000,1,gaussian,1.5,2.1213203435596393,338,BGS25,2.1174613491346266
1000,1,gaussian,1.5,2.1213203435596393,338,BGN11,2.115867828441117
1000,1,gaussian,1.5,2.1213203435596393,339,Algorithm 1,2.0972554009713362
1000,1,gaussian,1.5,2.1213203435596393,339,BGS25,2.060574722621409
1000,1,gaussian,1.5,2.1213203435596393,339,BGN11,2.062092974329494
1000,1,gaussian,1.5,2.1213203435596393,340,Algorithm 1,2.174032220318585
1000,1,gaussian,1.5,2.1213203435596393,340,BGS25,2.1569497272302907
1000,1,gaussian,1.5,2.1213203435596393,340,BGN11,2.1602599092961
1000,1,gaussian,1.5,2.1213203435596393,341,Algorithm 1,2.1913615311340933
1000,1,gaussian,1.5,2.1213203435596393,341,BGS25,2.143686582772874
1000,1,gaussian,1.5,2.1213203435596393,341,BGN11,2.146364048636337
1000,1,gaussian,1.5,2.1213203435596393,342,Algorithm 1,2.0722582994005583
1000,1,gaussian,1.5,2.1213203435596393,342,BGS25,2.0681706305421157
1000,1,gaussian,1.5,2.1213203435596393,342,BGN11,2.0700330583203623
1000,1,gaussian,1.5,2.1213203435596393,343,Algorithm 1,2.0786615520959355
1000,1,gaussian,1.5,2.1213203435596393,343,BGS25,2.098109649126937
1000,1,gaussian,1.5,2.1213203435596393,343,BGN11,2.0997166121685757
1000,1,gaussian,1.5,2.1213203435596393,344,Algorithm 1,2.1281901380234634
1000,1,gaussian,1.5,2.1213203435596393,344,BGS25,2.142386735877049
1000,1,gaussian,1.5,2.1213203435596393,344,BGN11,2.1434936695110487
1000,1,gaussian,1.5,2.1213203435596393,345,Algorithm 1,2.109815136349551
1000,1,gaussian,1.5,2.1213203435596393,345,BGS25,2.1186235858817564
1000,1,gaussian,1.5,2.1213203435596393,345,BGN11,2.118586415385452
1000,1,gaussian,1.5,2.1213203435596393,346,Algorithm 1,2.2044784060449216
1000,1,gaussian,1.5,2.1213203435596393,346,BGS25,2.2121392422164594
1000,1,gaussian,1.5,2.1213203435596393,346,BGN11,2.2125462262810003
1000,1,gaussian,1.5,2.1213203435596393,347,Algorithm 1,2.2434361574488983
1000,1,gaussian,1.5,2.1213203435596393,347,BGS25,2.170457209353126
1000,1,gaussian,1.5,2.1213203435596393,347,BGN11,2.1756662341021635
1000,1,gaussian,1.5,2.1213203435596393,348,Algorithm 1,2.1343754148998832
1000,1,gaussian,1.5,2.1213203435596393,348,BGS25,2.0918826619464355
1000,1,gaussian,1.5,2.1213203435596393,348,BGN11,2.101335742532765
1000,1,gaussian,1.5,2.1213203435596393,349,Algorithm 1,2.1638054920413428
1000,1,gaussian,1.5,2.1213203435596393,349,BGS25,2.181454872161261
1000,1,gaussian,1.5,2.1213203435596393,349,BGN11,2.182419258415814
1000,1,gaussian,1.5,2.1213203435596393,350,Algorithm 1,2.1810092216900663
1000,1,gaussian,1.5,2.1213203435596393,350,BGS25,2.175136474221554
1000,1,gaussian,1.5,2.1213203435596393,350,BGN11,2.1797928311726267
1000,1,gaussian,1.5,2.1213203435596393,351,Algorithm 1,2.1186980891210436
1000,1,gaussian,1.5,2.1213203435596393,351,BGS25,2.117000880121046
1000,1,gaussian,1.5,2.1213203435596393,351,BGN11,2.1190752541592537
1000,1,gaussian,1.5,2.1213203435596393,352,Algorithm 1,2.0095100244972945
1000,1,gaussian,1.5,2.1213203435596393,352,BGS25,2.05458670147355
1000,1,gaussian,1.5,2.1213203435596393,352,BGN11,2.052596813109956
1000,1,gaussian,1.5,2.1213203435596393,353,Algorithm 1,2.086501109099041
1000,1,gaussian,1.5,2.1213203435596393,353,BGS25,2.110692305557967
1000,1,gaussian,1.5,2.1213203435596393,353,BGN11,2.10980470949404
1000,1,gaussian,1.5,2.1213203435596393,354,Algorithm 1,2.1452126896304002
1000,1,gaussian,1.5,2.1213203435596393,354,BGS25,2.1280574077379604
1000,1,gaussian,1.5,2.1213203435596393,354,BGN11,2.1312858570278563
1000,1,gaussian,1.5,2.1213203435596393,355,Algorithm 1,2.157593698238787
1000,1,gaussian,1.5,2.1213203435596393,355,BGS25,2.163266685482582
1000,1,gaussian,1.5,2.1213203435596393,355,BGN11,2.1619259822352532
1000,1,gaussian,1.5,2.1213203435596393,356,Algorithm 1,2.1960460774415513
1000,1,gaussian,1.5,2.1213203435596393,356,BGS25,2.122097027680919
1000,1,gaussian,1.5,2.1213203435596393,356,BGN11,2.1230187442437187
1000,1,gaussian,1.5,2.1213203435596393,357,Algorithm 1,2.1594276896388367
1000,1,gaussian,1.5,2.1213203435596393,357,BGS25,2.1795775681090954
1000,1,gaussian,1.5,2.1213203435596393,357,BGN11,2.1817329415014726
1000,1,gaussian,1.5,2.1213203435596393,358,Algorithm 1,2.1898849751084994
1000,1,gaussian,1.5,2.1213203435596393,358,BGS25,2.1462392637868057
1000,1,gaussian,1.5,2.1213203435596393,358,BGN11,2.1489593835678233
1000,1,gaussian,1.5,2.1213203435596393,359,Algorithm 1,2.1361349699447167
1000,1,gaussian,1.5,2.1213203435596393,359,BGS25,2.152631739435641
1000,1,gaussian,1.5,2.1213203435596393,359,BGN11,2.1562656486549483
1000,1,gaussian,1.5,2.1213203435596393,360,Algorithm 1,1.9798626682577363
1000,1,gaussian,1.5,2.1213203435596393,360,BGS25,1.9515130231547373
1000,1,gaussian,1.5,2.1213203435596393,360,BGN11,1.9502044009384967
1000,1,gaussian,1.5,2.1213203435596393,361,Algorithm 1,2.108835829502801
1000,1,gaussian,1.5,2.1213203435596393,361,BGS25,2.139258001988028
1000,1,gaussian,1.5,2.1213203435596393,361,BGN11,2.1419589092140625
1000,1,gaussian,1.5,2.1213203435596393,362,Algorithm 1,2.0521338001005263
1000,1,gaussian,1.5,2.1213203435596393,362,BGS25,2.0613929440212897
1000,1,gaussian,1.5,2.1213203435596393,362,BGN11,2.0633012314679817
1000,1,gaussian,1.5,2.1213203435596393,363,Algorithm 1,2.1588660897963026
1000,1,gaussian,1.5,2.1213203435596393,363,BGS25,2.1593103934944162
1000,1,gaussian,1.5,2.1213203435596393,363,BGN11,2.1582595741120008
1000,1,gaussian,1.5,2.1213203435596393,364,Algorithm 1,2.038011721055392
1000,1,gaussian,1.5,2.1213203435596393,364,BGS25,2.051531994086687
1000,1,gaussian,1.5,2.1213203435596393,364,BGN11,2.0545559867192282
1000,1,gaussian,1.5,2.1213203435596393,365,Algorithm 1,2.1054069606137933
1000,1,gaussian,1.5,2.1213203435596393,365,BGS25,2.106295701554534
1000,1,gaussian,1.5,2.1213203435596393,365,BGN11,2.1070653953414427
1000,1,gaussian,1.5,2.1213203435596393,366,Algorithm 1,2.042663877786084
1000,1,gaussian,1.5,2.1213203435596393,366,BGS25,2.055684465175906
1000,1,gaussian,1.5,2.1213203435596393,366,BGN11,2.0612228096458867
1000,1,gaussian,1.5,2.1213203435596393,367,Algorithm 1,2.090904402921617
1000,1,gaussian,1.5,2.1213203435596393,367,BGS25,2.107044093615321
1000,1,gaussian,1.5,2.1213203435596393,367,BGN11,2.103634315083824
1000,1,gaussian,1.5,2.1213203435596393,368,Algorithm 1,2.165167574909304
1000,1,gaussian,1.5,2.1213203435596393,368,BGS25,2.157680694015659
1000,1,gaussian,1.5,2.1213203435596393,368,BGN11,2.157220640109675
1000,1,gaussian,1.5,2.1213203435596393,369,Algorithm 1,2.1255287729323795
1000,1,gaussian,1.5,2.1213203435596393,369,BGS25,2.138051622614899
1000,1,gaussian,1.5,2.1213203435596393,369,BGN11,2.142166873733578
1000,1,gaussian,1.5,2.1213203435596393,370,Algorithm 1,2.1230251040727177
1000,1,gaussian,1.5,2.1213203435596393,370,BGS25,2.113305588097918
1000,1,gaussian,1.5,2.1213203435596393,370,BGN11,2.1155627514585063
1000,1,gaussian,1.5,2.1213203435596393,371,Algorithm 1,2.133679251511408
1000,1,gaussian,1.5,2.1213203435596393,371,BGS25,2.093433900456802
1000,1,gaussian,1.5,2.1213203435596393,371,BGN11,2.0999649252129498
1000,1,gaussian,1.5,2.1213203435596393,372,Algorithm 1,2.0029014582159186
1000,1,gaussian,1.5,2.1213203435596393,372,BGS25,2.099816180159607
1000,1,gaussian,1.5,2.1213203435596393,372,BGN11,2.103276576427845
1000,1,gaussian,1.5,2.1213203435596393,373,Algorithm 1,2.16313164729012
1000,1,gaussian,1.5,2.1213203435596393,373,BGS25,2.154700661717949
1000,1,gaussian,1.5,2.1213203435596393,373,BGN11,2.153196590835677
1000,1,gaussian,1.5,2.1213203435596393,374,Algorithm 1,2.1693060384727687
1000,1,gaussian,1.5,2.1213203435596393,374,BGS25,2.1566748705444763
1000,1,gaussian,1.5,2.1213203435596393,374,BGN11,2.159334932268092
1000,1,gaussian,1.5,2.1213203435596393,375,Algorithm 1,2.0464709678207798
1000,1,gaussian,1.5,2.1213203435596393,375,BGS25,2.0756723994712956
1000,1,gaussian,1.5,2.1213203435596393,375,BGN11,2.0768937940451
1000,1,gaussian,1.5,2.1213203435596393,376,Algorithm 1,2.019554702602501
1000,1,gaussian,1.5,2.1213203435596393,376,BGS25,2.0896111725167685
1000,1,gaussian,1.5,2.1213203435596393,376,BGN11,2.092924938152937
1000,1,gaussian,1.5,2.1213203435596393,377,Algorithm 1,1.9901282683778156
1000,1,gaussian,1.5,2.1213203435596393,377,BGS25,2.0879958319668477
1000,1,gaussian,1.5,2.1213203435596393,377,BGN11,2.0895385764040673
1000,1,gaussian,1.5,2.1213203435596393,378,Algorithm 1,2.0924782774122703
1000,1,gaussian,1.5,2.1213203435596393,378,BGS25,2.1436650217557816
1000,1,gaussian,1.5,2.1213203435596393,378,BGN11,2.14170806026752
1000,1,gaussian,1.5,2.1213203435596393,379,Algorithm 1,2.254381966610601
1000,1,gaussian,1.5,2.1213203435596393,379,BGS25,2.2551444484242955
1000,1,gaussian,1.5,2.1213203435596393,379,BGN11,2.2574489895968832
1000,1,gaussian,1.5,2.1213203435596393,380,Algorithm 1,2.1289608612381064
1000,1,gaussian,1.5,2.1213203435596393,380,BGS25,2.1442329017995507
1000,1,gaussian,1.5,2.1213203435596393,380,BGN11,2.143210018290372
1000,1,gaussian,1.5,2.1213203435596393,381,Algorithm 1,2.1268563506419524
1000,1,gaussian,1.5,2.1213203435596393,381,BGS25,2.116010714204407
1000,1,gaussian,1.5,2.1213203435596393,381,BGN11,2.116402371900696
1000,1,gaussian,1.5,2.1213203435596393,382,Algorithm 1,2.050836540001974
1000,1,gaussian,1.5,2.1213203435596393,382,BGS25,2.0582702593522533
1000,1,gaussian,1.5,2.1213203435596393,382,BGN11,2.056316058937689
1000,1,gaussian,1.5,2.1213203435596393,383,Algorithm 1,2.1799029651391097
1000,1,gaussian,1.5,2.1213203435596393,383,BGS25,2.1643487403175237
1000,1,gaussian,1.5,2.1213203435596393,383,BGN11,2.169153991627316
1000,1,gaussian,1.5,2.1213203435596393,384,Algorithm 1,2.0713529653812537
1000,1,gaussian,1.5,2.1213203435596393,384,BGS25,2.0570876126461344
1000,1,gaussian,1.5,2.1213203435596393,384,BGN11,2.06026679986612
1000,1,gaussian,1.5,2.1213203435596393,385,Algorithm 1,2.0556091687658764
1000,1,gaussian,1.5,2.1213203435596393,385,BGS25,2.06996534897197
1000,1,gaussian,1.5,2.1213203435596393,385,BGN11,2.070585373567917
1000,1,gaussian,1.5,2.1213203435596393,386,Algorithm 1,1.9772588526072215
1000,1,gaussian,1.5,2.1213203435596393,386,BGS25,1.9992776935054435
1000,1,gaussian,1.5,2.1213203435596393,386,BGN11,2.0053987947006497
1000,1,gaussian,1.5,2.1213203435596393,387,Algorithm 1,2.048216696884552
1000,1,gaussian,1.5,2.1213203435596393,387,BGS25,2.0195504740731365
1000,1,gaussian,1.5,2.1213203435596393,387,BGN11,2.021326126046139
1000,1,gaussian,1.5,2.1213203435596393,388,Algorithm 1,2.1762854337090474
1000,1,gaussian,1.5,2.1213203435596393,388,BGS25,2.15934968441561
1000,1,gaussian,1.5,2.1213203435596393,388,BGN11,2.1583346208348444
1000,1,gaussian,1.5,2.1213203435596393,389,Algorithm 1,2.0566108639792335
1000,1,gaussian,1.5,2.1213203435596393,389,BGS25,2.09552295534725
1000,1,gaussian,1.5,2.1213203435596393,389,BGN11,2.0970609252303696
1000,1,gaussian,1.5,2.1213203435596393,390,Algorithm 1,2.178981551244769
1000,1,gaussian,1.5,2.1213203435596393,390,BGS25,2.176295872814003
1000,1,gaussian,1.5,2.1213203435596393,390,BGN11,2.1811811492415427
1000,1,gaussian,1.5,2.1213203435596393,391,Algorithm 1,2.115545589130904
1000,1,gaussian,1.5,2.1213203435596393,391,BGS25,2.1218481322905047
1000,1,gaussian,1.5,2.1213203435596393,391,BGN11,2.1281784062188596
1000,1,gaussian,1.5,2.1213203435596393,392,Algorithm 1,2.145042145123578
1000,1,gaussian,1.5,2.1213203435596393,392,BGS25,2.1629037412109184
1000,1,gaussian,1.5,2.1213203435596393,392,BGN11,2.1665783947184525
1000,1,gaussian,1.5,2.1213203435596393,393,Algorithm 1,2.161672733198982
1000,1,gaussian,1.5,2.1213203435596393,393,BGS25,2.1740355933651236
1000,1,gaussian,1.5,2.1213203435596393,393,BGN11,2.1741588832530874
1000,1,gaussian,1.5,2.1213203435596393,394,Algorithm 1,2.086868921915309
1000,1,gaussian,1.5,2.1213203435596393,394,BGS25,2.128704856128566
1000,1,gaussian,1.5,2.1213203435596393,394,BGN11,2.1331630455116435
1000,1,gaussian,1.5,2.1213203435596393,395,Algorithm 1,2.1247495693207146
1000,1,gaussian,1.5,2.1213203435596393,395,BGS25,2.0984055625902793
1000,1,gaussian,1.5,2.1213203435596393,395,BGN11,2.099908033130226
1000,1,gaussian,1.5,2.1213203435596393,396,Algorithm 1,2.1361789060169962
1000,1,gaussian,1.5,2.1213203435596393,396,BGS25,2.1709810737186
1000,1,gaussian,1.5,2.1213203435596393,396,BGN11,2.170687699679726
1000,1,gaussian,1.5,2.1213203435596393,397,Algorithm 1,2.1073581239072667
1000,1,gaussian,1.5,2.1213203435596393,397,BGS25,2.1011925678933805
1000,1,gaussian,1.5,2.1213203435596393,397,BGN11,2.101005528408334
1000,1,gaussian,1.5,2.1213203435596393,398,Algorithm 1,2.1903651355778964
1000,1,gaussian,1.5,2.1213203435596393,398,BGS25,2.172594737188451
1000,1,gaussian,1.5,2.1213203435596393,398,BGN11,2.175655402386082
1000,1,gaussian,1.5,2.1213203435596393,399,Algorithm 1,2.0994841076398463
1000,1,gaussian,1.5,2.1213203435596393,399,BGS25,2.0838595679975622
1000,1,gaussian,1.5,2.1213203435596393,399,BGN11,2.0846771544245533
1000,1,gaussian,1.5,2.1213203435596393,400,Algorithm 1,2.1230248233239744
1000,1,gaussian,1.5,2.1213203435596393,400,BGS25,2.1350054180888067
1000,1,gaussian,1.5,2.1213203435596393,400,BGN11,2.1363322396463875
1000,1,gaussian,1.5,2.1213203435596393,401,Algorithm 1,2.0467646989127353
1000,1,gaussian,1.5,2.1213203435596393,401,BGS25,2.064637904239851
1000,1,gaussian,1.5,2.1213203435596393,401,BGN11,2.065063426534035
1000,1,gaussian,1.5,2.1213203435596393,402,Algorithm 1,2.115826547600758
1000,1,gaussian,1.5,2.1213203435596393,402,BGS25,2.1497148035780036
1000,1,gaussian,1.5,2.1213203435596393,402,BGN11,2.1517959930346824
1000,1,gaussian,1.5,2.1213203435596393,403,Algorithm 1,2.1341157605855443
1000,1,gaussian,1.5,2.1213203435596393,403,BGS25,2.088538822239469
1000,1,gaussian,1.5,2.1213203435596393,403,BGN11,2.0864024724231305
1000,1,gaussian,1.5,2.1213203435596393,404,Algorithm 1,2.081578899640384
1000,1,gaussian,1.5,2.1213203435596393,404,BGS25,2.060997858157891
1000,1,gaussian,1.5,2.1213203435596393,404,BGN11,2.0608176246741094
1000,1,gaussian,1.5,2.1213203435596393,405,Algorithm 1,1.9976453674800982
1000,1,gaussian,1.5,2.1213203435596393,405,BGS25,2.0696622641676514
1000,1,gaussian,1.5,2.1213203435596393,405,BGN11,2.072395322697002
1000,1,gaussian,1.5,2.1213203435596393,406,Algorithm 1,2.1419325198906822
1000,1,gaussian,1.5,2.1213203435596393,406,BGS25,2.147458218396368
1000,1,gaussian,1.5,2.1213203435596393,406,BGN11,2.1483240294061736
1000,1,gaussian,1.5,2.1213203435596393,407,Algorithm 1,2.1645403151308584
1000,1,gaussian,1.5,2.1213203435596393,407,BGS25,2.1422497521300956
1000,1,gaussian,1.5,2.1213203435596393,407,BGN11,2.1477449871092698
1000,1,gaussian,1.5,2.1213203435596393,408,Algorithm 1,2.0368453883424618
1000,1,gaussian,1.5,2.1213203435596393,408,BGS25,2.076530114169008
1000,1,gaussian,1.5,2.1213203435596393,408,BGN11,2.076131238951391
1000,1,gaussian,1.5,2.1213203435596393,409,Algorithm 1,2.1025634463082437
1000,1,gaussian,1.5,2.1213203435596393,409,BGS25,2.1480821413745335
1000,1,gaussian,1.5,2.1213203435596393,409,BGN11,2.1492148488733056
1000,1,gaussian,1.5,2.1213203435596393,410,Algorithm 1,2.1805322372545284
1000,1,gaussian,1.5,2.1213203435596393,410,BGS25,2.198305028117545
1000,1,gaussian,1.5,2.1213203435596393,410,BGN11,2.200066720256251
1000,1,gaussian,1.5,2.1213203435596393,411,Algorithm 1,2.1608318654620238
1000,1,gaussian,1.5,2.1213203435596393,411,BGS25,2.15069529820674
1000,1,gaussian,1.5,2.1213203435596393,411,BGN11,2.1530141707195236
1000,1,gaussian,1.5,2.1213203435596393,412,Algorithm 1,2.0938989133262345
1000,1,gaussian,1.5,2.1213203435596393,412,BGS25,2.077462141264726
1000,1,gaussian,1.5,2.1213203435596393,412,BGN11,2.0799696516298494
1000,1,gaussian,1.5,2.1213203435596393,413,Algorithm 1,2.124775023580694
1000,1,gaussian,1.5,2.1213203435596393,413,BGS25,2.144733643232027
1000,1,gaussian,1.5,2.1213203435596393,413,BGN11,2.151808139827954
1000,1,gaussian,1.5,2.1213203435596393,414,Algorithm 1,2.1731848750338187
1000,1,gaussian,1.5,2.1213203435596393,414,BGS25,2.144662760447572
1000,1,gaussian,1.5,2.1213203435596393,414,BGN11,2.1473080324128717
1000,1,gaussian,1.5,2.1213203435596393,415,Algorithm 1,2.2130315389420745
1000,1,gaussian,1.5,2.1213203435596393,415,BGS25,2.1997110900924137
1000,1,gaussian,1.5,2.1213203435596393,415,BGN11,2.2035125130887288
1000,1,gaussian,1.5,2.1213203435596393,416,Algorithm 1,2.137266917337589
1000,1,gaussian,1.5,2.1213203435596393,416,BGS25,2.1182831747024666
1000,1,gaussian,1.5,2.1213203435596393,416,BGN11,2.120611488696419
1000,1,gaussian,1.5,2.1213203435596393,417,Algorithm 1,2.0538925273836615
1000,1,gaussian,1.5,2.1213203435596393,417,BGS25,2.0794294378411893
1000,1,gaussian,1.5,2.1213203435596393,417,BGN11,2.084772197044356
1000,1,gaussian,1.5,2.1213203435596393,418,Algorithm 1,2.0806440527603747
1000,1,gaussian,1.5,2.1213203435596393,418,BGS25,2.1008765232312347
1000,1,gaussian,1.5,2.1213203435596393,418,BGN11,2.0976609489352187
1000,1,gaussian,1.5,2.1213203435596393,419,Algorithm 1,2.129181283554167
1000,1,gaussian,1.5,2.1213203435596393,419,BGS25,2.1757547538000885
1000,1,gaussian,1.5,2.1213203435596393,419,BGN11,2.180601158373173
1000,1,gaussian,1.5,2.1213203435596393,420,Algorithm 1,2.142968527733813
1000,1,gaussian,1.5,2.1213203435596393,420,BGS25,2.1412695785987843
1000,1,gaussian,1.5,2.1213203435596393,420,BGN11,2.1386203964195865
1000,1,gaussian,1.5,2.1213203435596393,421,Algorithm 1,2.0296991871155257
1000,1,gaussian,1.5,2.1213203435596393,421,BGS25,2.033500563541346
1000,1,gaussian,1.5,2.1213203435596393,421,BGN11,2.0349968618174556
1000,1,gaussian,1.5,2.1213203435596393,422,Algorithm 1,2.067272713755014
1000,1,gaussian,1.5,2.1213203435596393,422,BGS25,2.0281281125618387
1000,1,gaussian,1.5,2.1213203435596393,422,BGN11,2.030063179392694
1000,1,gaussian,1.5,2.1213203435596393,423,Algorithm 1,2.1006146047990883
1000,1,gaussian,1.5,2.1213203435596393,423,BGS25,2.090996591544785
1000,1,gaussian,1.5,2.1213203435596393,423,BGN11,2.0902912192770864
1000,1,gaussian,1.5,2.1213203435596393,424,Algorithm 1,2.175649286848291
1000,1,gaussian,1.5,2.1213203435596393,424,BGS25,2.206681436470377
1000,1,gaussian,1.5,2.1213203435596393,424,BGN11,2.2071836154970237
1000,1,gaussian,1.5,2.1213203435596393,425,Algorithm 1,2.130443015508815
1000,1,gaussian,1.5,2.1213203435596393,425,BGS25,2.1465469764041734
1000,1,gaussian,1.5,2.1213203435596393,425,BGN11,2.1487305188765844
1000,1,gaussian,1.5,2.1213203435596393,426,Algorithm 1,2.1602616799583085
1000,1,gaussian,1.5,2.1213203435596393,426,BGS25,2.143596843018536
1000,1,gaussian,1.5,2.1213203435596393,426,BGN11,2.143325947392208
1000,1,gaussian,1.5,2.1213203435596393,427,Algorithm 1,2.1618050827867346
1000,1,gaussian,1.5,2.1213203435596393,427,BGS25,2.1376482011715976
1000,1,gaussian,1.5,2.1213203435596393,427,BGN11,2.136674185080704
1000,1,gaussian,1.5,2.1213203435596393,428,Algorithm 1,2.063729469587001
1000,1,gaussian,1.5,2.1213203435596393,428,BGS25,2.1191913329817416
1000,1,gaussian,1.5,2.1213203435596393,428,BGN11,2.119618177129449
1000,1,gaussian,1.5,2.1213203435596393,429,Algorithm 1,2.0564717538438027
1000,1,gaussian,1.5,2.1213203435596393,429,BGS25,2.040666439392083
1000,1,gaussian,1.5,2.1213203435596393,429,BGN11,2.04167503810221
1000,1,gaussian,1.5,2.1213203435596393,430,Algorithm 1,2.184400475977258
1000,1,gaussian,1.5,2.1213203435596393,430,BGS25,2.1738604839104307
1000,1,gaussian,1.5,2.1213203435596393,430,BGN11,2.1783471657508415
1000,1,gaussian,1.5,2.1213203435596393,431,Algorithm 1,2.1665647106453747
1000,1,gaussian,1.5,2.1213203435596393,431,BGS25,2.164125486772369
1000,1,gaussian,1.5,2.1213203435596393,431,BGN11,2.168450385484242
1000,1,gaussian,1.5,2.1213203435596393,432,Algorithm 1,2.117502828299967
1000,1,gaussian,1.5,2.1213203435596393,432,BGS25,2.1453212707211637
1000,1,gaussian,1.5,2.1213203435596393,432,BGN11,2.1483382264830544
1000,1,gaussian,1.5,2.1213203435596393,433,Algorithm 1,2.051359827201119
1000,1,gaussian,1.5,2.1213203435596393,433,BGS25,2.1167963342440563
1000,1,gaussian,1.5,2.1213203435596393,433,BGN11,2.120848708325842
1000,1,gaussian,1.5,2.1213203435596393,434,Algorithm 1,2.110757778560607
1000,1,gaussian,1.5,2.1213203435596393,434,BGS25,2.076748643449407
1000,1,gaussian,1.5,2.1213203435596393,434,BGN11,2.077391110107869
1000,1,gaussian,1.5,2.1213203435596393,435,Algorithm 1,2.1252505033254696
1000,1,gaussian,1.5,2.1213203435596393,435,BGS25,2.144952073652681
1000,1,gaussian,1.5,2.1213203435596393,435,BGN11,2.14864160217987
1000,1,gaussian,1.5,2.1213203435596393,436,Algorithm 1,2.1500364898027637
1000,1,gaussian,1.5,2.1213203435596393,436,BGS25,2.1408296829348292
1000,1,gaussian,1.5,2.1213203435596393,436,BGN11,2.1385314446431742
1000,1,gaussian,1.5,2.1213203435596393,437,Algorithm 1,2.100187326697356
1000,1,gaussian,1.5,2.1213203435596393,437,BGS25,2.0826767062031952
1000,1,gaussian,1.5,2.1213203435596393,437,BGN11,2.0878667376027775
1000,1,gaussian,1.5,2.1213203435596393,438,Algorithm 1,2.1533000757527287
1000,1,gaussian,1.5,2.1213203435596393,438,BGS25,2.1426602355297657
1000,1,gaussian,1.5,2.1213203435596393,438,BGN11,2.144557508638409
1000,1,gaussian,1.5,2.1213203435596393,439,Algorithm 1,2.0789269514603346
1000,1,gaussian,1.5,2.1213203435596393,439,BGS25,2.1578842303330106
1000,1,gaussian,1.5,2.1213203435596393,439,BGN11,2.158099455411563
1000,1,gaussian,1.5,2.1213203435596393,440,Algorithm 1,2.1323385586414987
1000,1,gaussian,1.5,2.1213203435596393,440,BGS25,2.092713588106781
1000,1,gaussian,1.5,2.1213203435596393,440,BGN11,2.0921493571778815
1000,1,gaussian,1.5,2.1213203435596393,441,Algorithm 1,2.1891177030250426
1000,1,gaussian,1.5,2.1213203435596393,441,BGS25,2.1838334144245097
1000,1,gaussian,1.5,2.1213203435596393,441,BGN11,2.1885887349947413
1000,1,gaussian,1.5,2.1213203435596393,442,Algorithm 1,2.035183381752287
1000,1,gaussian,1.5,2.1213203435596393,442,BGS25,2.0984166666934168
1000,1,gaussian,1.5,2.1213203435596393,442,BGN11,2.1017951301829023
1000,1,gaussian,1.5,2.1213203435596393,443,Algorithm 1,2.099114861546681
1000,1,gaussian,1.5,2.1213203435596393,443,BGS25,2.0599529069405125
1000,1,gaussian,1.5,2.1213203435596393,443,BGN11,2.0625016576307917
1000,1,gaussian,1.5,2.1213203435596393,444,Algorithm 1,2.123051708569704
1000,1,gaussian,1.5,2.1213203435596393,444,BGS25,2.097350380074424
1000,1,gaussian,1.5,2.1213203435596393,444,BGN11,2.0968264346256444
1000,1,gaussian,1.5,2.1213203435596393,445,Algorithm 1,2.1747129983699955
1000,1,gaussian,1.5,2.1213203435596393,445,BGS25,2.209748380375385
1000,1,gaussian,1.5,2.1213203435596393,445,BGN11,2.2124166543440875
1000,1,gaussian,1.5,2.1213203435596393,446,Algorithm 1,2.1320388588100636
1000,1,gaussian,1.5,2.1213203435596393,446,BGS25,2.1028236464235923
1000,1,gaussian,1.5,2.1213203435596393,446,BGN11,2.1026748094556167
1000,1,gaussian,1.5,2.1213203435596393,447,Algorithm 1,2.050662578346852
1000,1,gaussian,1.5,2.1213203435596393,447,BGS25,2.061235455954707
1000,1,gaussian,1.5,2.1213203435596393,447,BGN11,2.060310407866265
1000,1,gaussian,1.5,2.1213203435596393,448,Algorithm 1,2.160173975043687
1000,1,gaussian,1.5,2.1213203435596393,448,BGS25,2.1465134599710485
1000,1,gaussian,1.5,2.1213203435596393,448,BGN11,2.148178797023168
1000,1,gaussian,1.5,2.1213203435596393,449,Algorithm 1,2.1684665660662445
1000,1,gaussian,1.5,2.1213203435596393,449,BGS25,2.1775102765535097
1000,1,gaussian,1.5,2.1213203435596393,449,BGN11,2.17765375492533
1000,1,gaussian,1.5,2.1213203435596393,450,Algorithm 1,2.137561753553636
1000,1,gaussian,1.5,2.1213203435596393,450,BGS25,2.1495984220593845
1000,1,gaussian,1.5,2.1213203435596393,450,BGN11,2.1506820290764415
1000,1,gaussian,1.5,2.1213203435596393,451,Algorithm 1,2.0490121671191552
1000,1,gaussian,1.5,2.1213203435596393,451,BGS25,2.1632002842797498
1000,1,gaussian,1.5,2.1213203435596393,451,BGN11,2.1616790700369997
1000,1,gaussian,1.5,2.1213203435596393,452,Algorithm 1,2.1445780555745317
1000,1,gaussian,1.5,2.1213203435596393,452,BGS25,2.1147708034827364
1000,1,gaussian,1.5,2.1213203435596393,452,BGN11,2.1167148719234476
1000,1,gaussian,1.5,2.1213203435596393,453,Algorithm 1,2.138872926078187
1000,1,gaussian,1.5,2.1213203435596393,453,BGS25,2.1337560908703956
1000,1,gaussian,1.5,2.1213203435596393,453,BGN11,2.1324304677408485
1000,1,gaussian,1.5,2.1213203435596393,454,Algorithm 1,2.1124601124830042
1000,1,gaussian,1.5,2.1213203435596393,454,BGS25,2.0845560021353156
1000,1,gaussian,1.5,2.1213203435596393,454,BGN11,2.0853497739769513
1000,1,gaussian,1.5,2.1213203435596393,455,Algorithm 1,2.1775116355156103
1000,1,gaussian,1.5,2.1213203435596393,455,BGS25,2.1444654136386934
1000,1,gaussian,1.5,2.1213203435596393,455,BGN11,2.1453107232770368
1000,1,gaussian,1.5,2.1213203435596393,456,Algorithm 1,2.1262639850741145
1000,1,gaussian,1.5,2.1213203435596393,456,BGS25,2.115192441421321
1000,1,gaussian,1.5,2.1213203435596393,456,BGN11,2.1144458098583496
1000,1,gaussian,1.5,2.1213203435596393,457,Algorithm 1,2.176361099474123
1000,1,gaussian,1.5,2.1213203435596393,457,BGS25,2.200758564383901
1000,1,gaussian,1.5,2.1213203435596393,457,BGN11,2.2013057740192585
1000,1,gaussian,1.5,2.1213203435596393,458,Algorithm 1,2.059873743699267
1000,1,gaussian,1.5,2.1213203435596393,458,BGS25,2.066380336583201
1000,1,gaussian,1.5,2.1213203435596393,458,BGN11,2.0706543607850265
1000,1,gaussian,1.5,2.1213203435596393,459,Algorithm 1,2.0628571497942296
1000,1,gaussian,1.5,2.1213203435596393,459,BGS25,2.095343634746581
1000,1,gaussian,1.5,2.1213203435596393,459,BGN11,2.09648518638902
1000,1,gaussian,1.5,2.1213203435596393,460,Algorithm 1,2.251140031820486
1000,1,gaussian,1.5,2.1213203435596393,460,BGS25,2.260504453179748
1000,1,gaussian,1.5,2.1213203435596393,460,BGN11,2.2645219941943324
1000,1,gaussian,1.5,2.1213203435596393,461,Algorithm 1,2.0947296451024915
1000,1,gaussian,1.5,2.1213203435596393,461,BGS25,2.1073993470754777
1000,1,gaussian,1.5,2.1213203435596393,461,BGN11,2.109022840003514
1000,1,gaussian,1.5,2.1213203435596393,462,Algorithm 1,2.0261510661472224
1000,1,gaussian,1.5,2.1213203435596393,462,BGS25,2.0593637361680943
1000,1,gaussian,1.5,2.1213203435596393,462,BGN11,2.0583367789718117
1000,1,gaussian,1.5,2.1213203435596393,463,Algorithm 1,2.057163946282799
1000,1,gaussian,1.5,2.1213203435596393,463,BGS25,2.083844278730437
1000,1,gaussian,1.5,2.1213203435596393,463,BGN11,2.081407156952717
1000,1,gaussian,1.5,2.1213203435596393,464,Algorithm 1,2.1750159587476015
1000,1,gaussian,1.5,2.1213203435596393,464,BGS25,2.161318563737686
1000,1,gaussian,1.5,2.1213203435596393,464,BGN11,2.157471435023018
1000,1,gaussian,1.5,2.1213203435596393,465,Algorithm 1,2.2163165895822714
1000,1,gaussian,1.5,2.1213203435596393,465,BGS25,2.184923583230842
1000,1,gaussian,1.5,2.1213203435596393,465,BGN11,2.187270616056663
1000,1,gaussian,1.5,2.1213203435596393,466,Algorithm 1,2.060259383868467
1000,1,gaussian,1.5,2.1213203435596393,466,BGS25,2.0595861414528294
1000,1,gaussian,1.5,2.1213203435596393,466,BGN11,2.060650767839938
1000,1,gaussian,1.5,2.1213203435596393,467,Algorithm 1,2.098650709540377
1000,1,gaussian,1.5,2.1213203435596393,467,BGS25,2.108114574336166
1000,1,gaussian,1.5,2.1213203435596393,467,BGN11,2.111757026267291
1000,1,gaussian,1.5,2.1213203435596393,468,Algorithm 1,2.13363707533465
1000,1,gaussian,1.5,2.1213203435596393,468,BGS25,2.1180303198887325
1000,1,gaussian,1.5,2.1213203435596393,468,BGN11,2.118124319091744
1000,1,gaussian,1.5,2.1213203435596393,469,Algorithm 1,2.1151409303589013
1000,1,gaussian,1.5,2.1213203435596393,469,BGS25,2.107124491484809
1000,1,gaussian,1.5,2.1213203435596393,469,BGN11,2.108062394309456
1000,1,gaussian,1.5,2.1213203435596393,470,Algorithm 1,2.005825051733466
1000,1,gaussian,1.5,2.1213203435596393,470,BGS25,2.0885889927994534
1000,1,gaussian,1.5,2.1213203435596393,470,BGN11,2.0886509465348966
1000,1,gaussian,1.5,2.1213203435596393,471,Algorithm 1,2.0665058016329176
1000,1,gaussian,1.5,2.1213203435596393,471,BGS25,2.077474623421402
1000,1,gaussian,1.5,2.1213203435596393,471,BGN11,2.077841380745816
1000,1,gaussian,1.5,2.1213203435596393,472,Algorithm 1,2.106513600674418
1000,1,gaussian,1.5,2.1213203435596393,472,BGS25,2.0990965240844406
1000,1,gaussian,1.5,2.1213203435596393,472,BGN11,2.1022787704360764
1000,1,gaussian,1.5,2.1213203435596393,473,Algorithm 1,2.1631720104308356
1000,1,gaussian,1.5,2.1213203435596393,473,BGS25,2.1799292505033865
1000,1,gaussian,1.5,2.1213203435596393,473,BGN11,2.1814192111520483
1000,1,gaussian,1.5,2.1213203435596393,474,Algorithm 1,2.1441640945117597
1000,1,gaussian,1.5,2.1213203435596393,474,BGS25,2.1585777140051863
1000,1,gaussian,1.5,2.1213203435596393,474,BGN11,2.16196879252194
1000,1,gaussian,1.5,2.1213203435596393,475,Algorithm 1,2.2054413819039302
1000,1,gaussian,1.5,2.1213203435596393,475,BGS25,2.179247123971157
1000,1,gaussian,1.5,2.1213203435596393,475,BGN11,2.1816517998568554
1000,1,gaussian,1.5,2.1213203435596393,476,Algorithm 1,2.0218521094235364
1000,1,gaussian,1.5,2.1213203435596393,476,BGS25,2.0437284496668937
1000,1,gaussian,1.5,2.1213203435596393,476,BGN11,2.0405375778924264
1000,1,gaussian,1.5,2.1213203435596393,477,Algorithm 1,2.093160356402149
1000,1,gaussian,1.5,2.1213203435596393,477,BGS25,2.1171293701097706
1000,1,gaussian,1.5,2.1213203435596393,477,BGN11,2.1183937214860524
1000,1,gaussian,1.5,2.1213203435596393,478,Algorithm 1,2.2304950254909897
1000,1,gaussian,1.5,2.1213203435596393,478,BGS25,2.1968868775187125
1000,1,gaussian,1.5,2.1213203435596393,478,BGN11,2.1972381719509815
1000,1,gaussian,1.5,2.1213203435596393,479,Algorithm 1,2.1019880156240403
1000,1,gaussian,1.5,2.1213203435596393,479,BGS25,2.106634618324188
1000,1,gaussian,1.5,2.1213203435596393,479,BGN11,2.105535443459972
1000,1,gaussian,1.5,2.1213203435596393,480,Algorithm 1,2.189413477682337
1000,1,gaussian,1.5,2.1213203435596393,480,BGS25,2.213462248379607
1000,1,gaussian,1.5,2.1213203435596393,480,BGN11,2.2184598842424452
1000,1,gaussian,1.5,2.1213203435596393,481,Algorithm 1,2.0113092613332832
1000,1,gaussian,1.5,2.1213203435596393,481,BGS25,2.0790303592218304
1000,1,gaussian,1.5,2.1213203435596393,481,BGN11,2.0790039567906407
1000,1,gaussian,1.5,2.1213203435596393,482,Algorithm 1,2.1304829745906844
1000,1,gaussian,1.5,2.1213203435596393,482,BGS25,2.108530616100744
1000,1,gaussian,1.5,2.1213203435596393,482,BGN11,2.109608104523329
1000,1,gaussian,1.5,2.1213203435596393,483,Algorithm 1,2.110671206655048
1000,1,gaussian,1.5,2.1213203435596393,483,BGS25,2.1444244387725857
1000,1,gaussian,1.5,2.1213203435596393,483,BGN11,2.1449178291336
1000,1,gaussian,1.5,2.1213203435596393,484,Algorithm 1,2.0832146677630172
1000,1,gaussian,1.5,2.1213203435596393,484,BGS25,2.0907581046954187
1000,1,gaussian,1.5,2.1213203435596393,484,BGN11,2.0959277993155174
1000,1,gaussian,1.5,2.1213203435596393,485,Algorithm 1,2.013886459723696
1000,1,gaussian,1.5,2.1213203435596393,485,BGS25,2.0272661470769355
1000,1,gaussian,1.5,2.1213203435596393,485,BGN11,2.030282575386996
1000,1,gaussian,1.5,2.1213203435596393,486,Algorithm 1,2.209347780712499
1000,1,gaussian,1.5,2.1213203435596393,486,BGS25,2.2377522008301263
1000,1,gaussian,1.5,2.1213203435596393,486,BGN11,2.2384799573092216
1000,1,gaussian,1.5,2.1213203435596393,487,Algorithm 1,2.065127976283939
1000,1,gaussian,1.5,2.1213203435596393,487,BGS25,2.0350372631684674
1000,1,gaussian,1.5,2.1213203435596393,487,BGN11,2.031911351874713
1000,1,gaussian,1.5,2.1213203435596393,488,Algorithm 1,2.0633677171979143
1000,1,gaussian,1.5,2.1213203435596393,488,BGS25,2.0756539323696104
1000,1,gaussian,1.5,2.1213203435596393,488,BGN11,2.0790873029263515
1000,1,gaussian,1.5,2.1213203435596393,489,Algorithm 1,2.099043190995832
1000,1,gaussian,1.5,2.1213203435596393,489,BGS25,2.106618337225857
1000,1,gaussian,1.5,2.1213203435596393,489,BGN11,2.108943498782695
1000,1,gaussian,1.5,2.1213203435596393,490,Algorithm 1,2.0618281368753255
1000,1,gaussian,1.5,2.1213203435596393,490,BGS25,2.1133108252398283
1000,1,gaussian,1.5,2.1213203435596393,490,BGN11,2.117874760107284
1000,1,gaussian,1.5,2.1213203435596393,491,Algorithm 1,2.2175907511551904
1000,1,gaussian,1.5,2.1213203435596393,491,BGS25,2.1882781763172736
1000,1,gaussian,1.5,2.1213203435596393,491,BGN11,2.191096667271161
1000,1,gaussian,1.5,2.1213203435596393,492,Algorithm 1,2.1913875926230117
1000,1,gaussian,1.5,2.1213203435596393,492,BGS25,2.1635442302878634
1000,1,gaussian,1.5,2.1213203435596393,492,BGN11,2.1584701001113378
1000,1,gaussian,1.5,2.1213203435596393,493,Algorithm 1,2.0476920619644075
1000,1,gaussian,1.5,2.1213203435596393,493,BGS25,2.07281951336511
1000,1,gaussian,1.5,2.1213203435596393,493,BGN11,2.07318458772804
1000,1,gaussian,1.5,2.1213203435596393,494,Algorithm 1,2.0751275034555094
1000,1,gaussian,1.5,2.1213203435596393,494,BGS25,2.0469167696812693
1000,1,gaussian,1.5,2.1213203435596393,494,BGN11,2.0500412564447696
1000,1,gaussian,1.5,2.1213203435596393,495,Algorithm 1,2.1123136420619795
1000,1,gaussian,1.5,2.1213203435596393,495,BGS25,2.1455792032588783
1000,1,gaussian,1.5,2.1213203435596393,495,BGN11,2.1472853470943667
1000,1,gaussian,1.5,2.1213203435596393,496,Algorithm 1,2.0335185630674917
1000,1,gaussian,1.5,2.1213203435596393,496,BGS25,2.067660496799345
1000,1,gaussian,1.5,2.1213203435596393,496,BGN11,2.0700525933183656
1000,1,gaussian,1.5,2.1213203435596393,497,Algorithm 1,2.1608658215129912
1000,1,gaussian,1.5,2.1213203435596393,497,BGS25,2.128911934750984
1000,1,gaussian,1.5,2.1213203435596393,497,BGN11,2.133170171423407
1000,1,gaussian,1.5,2.1213203435596393,498,Algorithm 1,2.1181363658046495
1000,1,gaussian,1.5,2.1213203435596393,498,BGS25,2.1249536047570023
1000,1,gaussian,1.5,2.1213203435596393,498,BGN11,2.12971752251294
1000,1,gaussian,1.5,2.1213203435596393,499,Algorithm 1,2.086283586344913
1000,1,gaussian,1.5,2.1213203435596393,499,BGS25,2.1191014870651075
1000,1,gaussian,1.5,2.1213203435596393,499,BGN11,2.1133296360705027
1000,1,gaussian,1.5,2.1213203435596393,500,Algorithm 1,2.134872591705974
1000,1,gaussian,1.5,2.1213203435596393,500,BGS25,2.1847936053501718
1000,1,gaussian,1.5,2.1213203435596393,500,BGN11,2.1852791985435998
1000,1,rademacher,1.5,2.1213203435596393,1,Algorithm 1,2.162923694502653
1000,1,rademacher,1.5,2.1213203435596393,1,BGS25,2.2047247059826134
1000,1,rademacher,1.5,2.1213203435596393,1,BGN11,2.203620350607637
1000,1,rademacher,1.5,2.1213203435596393,2,Algorithm 1,2.147085205452807
1000,1,rademacher,1.5,2.1213203435596393,2,BGS25,2.1563859137891472
1000,1,rademacher,1.5,2.1213203435596393,2,BGN11,2.1594657587412365
1000,1,rademacher,1.5,2.1213203435596393,3,Algorithm 1,2.1286884828279153
1000,1,rademacher,1.5,2.1213203435596393,3,BGS25,2.1044566294913927
1000,1,rademacher,1.5,2.1213203435596393,3,BGN11,2.1079750185466084
1000,1,rademacher,1.5,2.1213203435596393,4,Algorithm 1,2.0645981742724677
1000,1,rademacher,1.5,2.1213203435596393,4,BGS25,2.0879008092960287
1000,1,rademacher,1.5,2.1213203435596393,4,BGN11,2.087530897432209
1000,1,rademacher,1.5,2.1213203435596393,5,Algorithm 1,2.0964006003692646
1000,1,rademacher,1.5,2.1213203435596393,5,BGS25,2.105409412711653
1000,1,rademacher,1.5,2.1213203435596393,5,BGN11,2.110523931801877
1000,1,rademacher,1.5,2.1213203435596393,6,Algorithm 1,2.09699197049715
1000,1,rademacher,1.5,2.1213203435596393,6,BGS25,2.109785963231388
1000,1,rademacher,1.5,2.1213203435596393,6,BGN11,2.1123473817695952
1000,1,rademacher,1.5,2.1213203435596393,7,Algorithm 1,2.072583200320003
1000,1,rademacher,1.5,2.1213203435596393,7,BGS25,2.099393306679266
1000,1,rademacher,1.5,2.1213203435596393,7,BGN11,2.0971118381136944
1000,1,rademacher,1.5,2.1213203435596393,8,Algorithm 1,2.135883406751414
1000,1,rademacher,1.5,2.1213203435596393,8,BGS25,2.1038172836823326
1000,1,rademacher,1.5,2.1213203435596393,8,BGN11,2.1091334480258204
1000,1,rademacher,1.5,2.1213203435596393,9,Algorithm 1,2.1211665610807953
1000,1,rademacher,1.5,2.1213203435596393,9,BGS25,2.1318220254968554
1000,1,rademacher,1.5,2.1213203435596393,9,BGN11,2.1369959004554904
1000,1,rademacher,1.5,2.1213203435596393,10,Algorithm 1,2.08689753321257
1000,1,rademacher,1.5,2.1213203435596393,10,BGS25,2.0759047005943314
1000,1,rademacher,1.5,2.1213203435596393,10,BGN11,2.0828552970443748
1000,1,rademacher,1.5,2.1213203435596393,11,Algorithm 1,2.107307609948705
1000,1,rademacher,1.5,2.1213203435596393,11,BGS25,2.1029392081734315
1000,1,rademacher,1.5,2.1213203435596393,11,BGN11,2.1030104558860376
1000,1,rademacher,1.5,2.1213203435596393,12,Algorithm 1,2.123119772060235
1000,1,rademacher,1.5,2.1213203435596393,12,BGS25,2.1080373504447794
1000,1,rademacher,1.5,2.1213203435596393,12,BGN11,2.1118652859496962
1000,1,rademacher,1.5,2.1213203435596393,13,Algorithm 1,1.9922910800992766
1000,1,rademacher,1.5,2.1213203435596393,13,BGS25,2.0207991349328775
1000,1,rademacher,1.5,2.1213203435596393,13,BGN11,2.02329785609271
1000,1,rademacher,1.5,2.1213203435596393,14,Algorithm 1,2.063239153550956
1000,1,rademacher,1.5,2.1213203435596393,14,BGS25,2.036699748267289
1000,1,rademacher,1.5,2.1213203435596393,14,BGN11,2.041724101285963
1000,1,rademacher,1.5,2.1213203435596393,15,Algorithm 1,2.064722592564528
1000,1,rademacher,1.5,2.1213203435596393,15,BGS25,2.073707058791671
1000,1,rademacher,1.5,2.1213203435596393,15,BGN11,2.075391833614741
1000,1,rademacher,1.5,2.1213203435596393,16,Algorithm 1,2.154463428841137
1000,1,rademacher,1.5,2.1213203435596393,16,BGS25,2.1191815310283753
1000,1,rademacher,1.5,2.1213203435596393,16,BGN11,2.1198033868734956
1000,1,rademacher,1.5,2.1213203435596393,17,Algorithm 1,2.1486744469354373
1000,1,rademacher,1.5,2.1213203435596393,17,BGS25,2.150352310795276
1000,1,rademacher,1.5,2.1213203435596393,17,BGN11,2.1494970667529425
1000,1,rademacher,1.5,2.1213203435596393,18,Algorithm 1,2.095871561653164
1000,1,rademacher,1.5,2.1213203435596393,18,BGS25,2.1341397438360667
1000,1,rademacher,1.5,2.1213203435596393,18,BGN11,2.1386884212989847
1000,1,rademacher,1.5,2.1213203435596393,19,Algorithm 1,2.0900659842244362
1000,1,rademacher,1.5,2.1213203435596393,19,BGS25,2.0962541954377794
1000,1,rademacher,1.5,2.1213203435596393,19,BGN11,2.1015716887492863
1000,1,rademacher,1.5,2.1213203435596393,20,Algorithm 1,2.18786873870114
1000,1,rademacher,1.5,2.1213203435596393,20,BGS25,2.130711635501392
1000,1,rademacher,1.5,2.1213203435596393,20,BGN11,2.132547038091318
1000,1,rademacher,1.5,2.1213203435596393,21,Algorithm 1,2.108032397109061
1000,1,rademacher,1.5,2.1213203435596393,21,BGS25,2.1192831162477037
1000,1,rademacher,1.5,2.1213203435596393,21,BGN11,2.12126817211109
1000,1,rademacher,1.5,2.1213203435596393,22,Algorithm 1,2.1328904488466005
1000,1,rademacher,1.5,2.1213203435596393,22,BGS25,2.1348425360557117
1000,1,rademacher,1.5,2.1213203435596393,22,BGN11,2.145308248528219
1000,1,rademacher,1.5,2.1213203435596393,23,Algorithm 1,2.0749225044357362
1000,1,rademacher,1.5,2.1213203435596393,23,BGS25,2.0476801954668944
1000,1,rademacher,1.5,2.1213203435596393,23,BGN11,2.0513275297944618
1000,1,rademacher,1.5,2.1213203435596393,24,Algorithm 1,2.1549226450631975
1000,1,rademacher,1.5,2.1213203435596393,24,BGS25,2.1301762195475464
1000,1,rademacher,1.5,2.1213203435596393,24,BGN11,2.131072188742184
1000,1,rademacher,1.5,2.1213203435596393,25,Algorithm 1,2.152379661548131
1000,1,rademacher,1.5,2.1213203435596393,25,BGS25,2.183269522170173
1000,1,rademacher,1.5,2.1213203435596393,25,BGN11,2.1869889365633615
1000,1,rademacher,1.5,2.1213203435596393,26,Algorithm 1,2.1231052822746785
1000,1,rademacher,1.5,2.1213203435596393,26,BGS25,2.126224400349029
1000,1,rademacher,1.5,2.1213203435596393,26,BGN11,2.128204405819271
1000,1,rademacher,1.5,2.1213203435596393,27,Algorithm 1,2.1654154488776935
1000,1,rademacher,1.5,2.1213203435596393,27,BGS25,2.183733220965222
1000,1,rademacher,1.5,2.1213203435596393,27,BGN11,2.1893986984911344
1000,1,rademacher,1.5,2.1213203435596393,28,Algorithm 1,2.1299921744576267
1000,1,rademacher,1.5,2.1213203435596393,28,BGS25,2.1205531549930643
1000,1,rademacher,1.5,2.1213203435596393,28,BGN11,2.127191550680241
1000,1,rademacher,1.5,2.1213203435596393,29,Algorithm 1,2.015442499866713
1000,1,rademacher,1.5,2.1213203435596393,29,BGS25,2.047458306833989
1000,1,rademacher,1.5,2.1213203435596393,29,BGN11,2.052576689605292
1000,1,rademacher,1.5,2.1213203435596393,30,Algorithm 1,2.0488843529134257
1000,1,rademacher,1.5,2.1213203435596393,30,BGS25,2.0875974652398206
1000,1,rademacher,1.5,2.1213203435596393,30,BGN11,2.0910465187437755
1000,1,rademacher,1.5,2.1213203435596393,31,Algorithm 1,2.1306531295564595
1000,1,rademacher,1.5,2.1213203435596393,31,BGS25,2.149863904437101
1000,1,rademacher,1.5,2.1213203435596393,31,BGN11,2.1509258859993525
1000,1,rademacher,1.5,2.1213203435596393,32,Algorithm 1,2.1478103289442476
1000,1,rademacher,1.5,2.1213203435596393,32,BGS25,2.1524723312729597
1000,1,rademacher,1.5,2.1213203435596393,32,BGN11,2.1571385696612047
1000,1,rademacher,1.5,2.1213203435596393,33,Algorithm 1,2.0668811711627892
1000,1,rademacher,1.5,2.1213203435596393,33,BGS25,2.0908313466875943
1000,1,rademacher,1.5,2.1213203435596393,33,BGN11,2.0931327278922653
1000,1,rademacher,1.5,2.1213203435596393,34,Algorithm 1,2.113392111468503
1000,1,rademacher,1.5,2.1213203435596393,34,BGS25,2.048084628742581
1000,1,rademacher,1.5,2.1213203435596393,34,BGN11,2.049072750483005
1000,1,rademacher,1.5,2.1213203435596393,35,Algorithm 1,2.0858900181902764
1000,1,rademacher,1.5,2.1213203435596393,35,BGS25,2.0523990666687837
1000,1,rademacher,1.5,2.1213203435596393,35,BGN11,2.0550491402850595
1000,1,rademacher,1.5,2.1213203435596393,36,Algorithm 1,2.147833911124421
1000,1,rademacher,1.5,2.1213203435596393,36,BGS25,2.102422340205532
1000,1,rademacher,1.5,2.1213203435596393,36,BGN11,2.1068853146509
1000,1,rademacher,1.5,2.1213203435596393,37,Algorithm 1,2.12407099831827
1000,1,rademacher,1.5,2.1213203435596393,37,BGS25,2.123637741722566
1000,1,rademacher,1.5,2.1213203435596393,37,BGN11,2.126537880067235
1000,1,rademacher,1.5,2.1213203435596393,38,Algorithm 1,2.2007844901931106
1000,1,rademacher,1.5,2.1213203435596393,38,BGS25,2.1628374951662668
1000,1,rademacher,1.5,2.1213203435596393,38,BGN11,2.162230512612568
1000,1,rademacher,1.5,2.1213203435596393,39,Algorithm 1,2.139838909547184
1000,1,rademacher,1.5,2.1213203435596393,39,BGS25,2.145719217295904
1000,1,rademacher,1.5,2.1213203435596393,39,BGN11,2.1475652063312496
1000,1,rademacher,1.5,2.1213203435596393,40,Algorithm 1,2.136252012475071
1000,1,rademacher,1.5,2.1213203435596393,40,BGS25,2.1064028177583887
1000,1,rademacher,1.5,2.1213203435596393,40,BGN11,2.1111771225817604
1000,1,rademacher,1.5,2.1213203435596393,41,Algorithm 1,1.9507141137190145
1000,1,rademacher,1.5,2.1213203435596393,41,BGS25,2.0433277348326015
1000,1,rademacher,1.5,2.1213203435596393,41,BGN11,2.04664766604825
1000,1,rademacher,1.5,2.1213203435596393,42,Algorithm 1,2.1924448583666343
1000,1,rademacher,1.5,2.1213203435596393,42,BGS25,2.2354912169161176
1000,1,rademacher,1.5,2.1213203435596393,42,BGN11,2.2360191794280837
1000,1,rademacher,1.5,2.1213203435596393,43,Algorithm 1,2.168169602761189
1000,1,rademacher,1.5,2.1213203435596393,43,BGS25,2.1498969795866207
1000,1,rademacher,1.5,2.1213203435596393,43,BGN11,2.1549198205141162
1000,1,rademacher,1.5,2.1213203435596393,44,Algorithm 1,2.1239740270396434
1000,1,rademacher,1.5,2.1213203435596393,44,BGS25,2.126772007126919
1000,1,rademacher,1.5,2.1213203435596393,44,BGN11,2.1301301927057676
1000,1,rademacher,1.5,2.1213203435596393,45,Algorithm 1,2.195768244698021
1000,1,rademacher,1.5,2.1213203435596393,45,BGS25,2.1881989734624816
1000,1,rademacher,1.5,2.1213203435596393,45,BGN11,2.186792443285601
1000,1,rademacher,1.5,2.1213203435596393,46,Algorithm 1,2.0410963944259906
1000,1,rademacher,1.5,2.1213203435596393,46,BGS25,2.07256477749616
1000,1,rademacher,1.5,2.1213203435596393,46,BGN11,2.078354195492647
1000,1,rademacher,1.5,2.1213203435596393,47,Algorithm 1,2.0768391055017736
1000,1,rademacher,1.5,2.1213203435596393,47,BGS25,2.080787662897341
1000,1,rademacher,1.5,2.1213203435596393,47,BGN11,2.078799367454976
1000,1,rademacher,1.5,2.1213203435596393,48,Algorithm 1,2.192885541524328
1000,1,rademacher,1.5,2.1213203435596393,48,BGS25,2.158486602170089
1000,1,rademacher,1.5,2.1213203435596393,48,BGN11,2.1582393092120737
1000,1,rademacher,1.5,2.1213203435596393,49,Algorithm 1,2.193609600872937
1000,1,rademacher,1.5,2.1213203435596393,49,BGS25,2.1647527637588517
1000,1,rademacher,1.5,2.1213203435596393,49,BGN11,2.169290598502466
1000,1,rademacher,1.5,2.1213203435596393,50,Algorithm 1,2.0587312716445947
1000,1,rademacher,1.5,2.1213203435596393,50,BGS25,2.0747583130353635
1000,1,rademacher,1.5,2.1213203435596393,50,BGN11,2.079097290271943
1000,1,rademacher,1.5,2.1213203435596393,51,Algorithm 1,2.128163530843696
1000,1,rademacher,1.5,2.1213203435596393,51,BGS25,2.121327891210406
1000,1,rademacher,1.5,2.1213203435596393,51,BGN11,2.123133105594709
1000,1,rademacher,1.5,2.1213203435596393,52,Algorithm 1,2.0935798915661277
1000,1,rademacher,1.5,2.1213203435596393,52,BGS25,2.132262483352198
1000,1,rademacher,1.5,2.1213203435596393,52,BGN11,2.131583948482052
1000,1,rademacher,1.5,2.1213203435596393,53,Algorithm 1,2.0950588869423714
1000,1,rademacher,1.5,2.1213203435596393,53,BGS25,2.0923159761106036
1000,1,rademacher,1.5,2.1213203435596393,53,BGN11,2.092059368260031
1000,1,rademacher,1.5,2.1213203435596393,54,Algorithm 1,2.2068295022977877
1000,1,rademacher,1.5,2.1213203435596393,54,BGS25,2.1664630947843575
1000,1,rademacher,1.5,2.1213203435596393,54,BGN11,2.170164878962038
1000,1,rademacher,1.5,2.1213203435596393,55,Algorithm 1,2.1464889827586453
1000,1,rademacher,1.5,2.1213203435596393,55,BGS25,2.0729924657442305
1000,1,rademacher,1.5,2.1213203435596393,55,BGN11,2.0804440573894905
1000,1,rademacher,1.5,2.1213203435596393,56,Algorithm 1,2.1486140060070738
1000,1,rademacher,1.5,2.1213203435596393,56,BGS25,2.1710620511030854
1000,1,rademacher,1.5,2.1213203435596393,56,BGN11,2.175126466906178
1000,1,rademacher,1.5,2.1213203435596393,57,Algorithm 1,2.100395155738067
1000,1,rademacher,1.5,2.1213203435596393,57,BGS25,2.085077006569519
1000,1,rademacher,1.5,2.1213203435596393,57,BGN11,2.0869222223824706
1000,1,rademacher,1.5,2.1213203435596393,58,Algorithm 1,2.0733964598566814
1000,1,rademacher,1.5,2.1213203435596393,58,BGS25,2.079777977666925
1000,1,rademacher,1.5,2.1213203435596393,58,BGN11,2.082168454631457
1000,1,rademacher,1.5,2.1213203435596393,59,Algorithm 1,2.162098999862026
1000,1,rademacher,1.5,2.1213203435596393,59,BGS25,2.1481359016553223
1000,1,rademacher,1.5,2.1213203435596393,59,BGN11,2.153073853566926
1000,1,rademacher,1.5,2.1213203435596393,60,Algorithm 1,2.101321941773765
1000,1,rademacher,1.5,2.1213203435596393,60,BGS25,2.1145080741962974
1000,1,rademacher,1.5,2.1213203435596393,60,BGN11,2.1186894496175324
1000,1,rademacher,1.5,2.1213203435596393,61,Algorithm 1,2.0909864313071744
1000,1,rademacher,1.5,2.1213203435596393,61,BGS25,2.085395047841446
1000,1,rademacher,1.5,2.1213203435596393,61,BGN11,2.08738533983957
1000,1,rademacher,1.5,2.1213203435596393,62,Algorithm 1,2.18547113536912
1000,1,rademacher,1.5,2.1213203435596393,62,BGS25,2.162653577349083
1000,1,rademacher,1.5,2.1213203435596393,62,BGN11,2.1663152825331973
1000,1,rademacher,1.5,2.1213203435596393,63,Algorithm 1,2.139210892272911
1000,1,rademacher,1.5,2.1213203435596393,63,BGS25,2.143968927684387
1000,1,rademacher,1.5,2.1213203435596393,63,BGN11,2.1514215885148835
1000,1,rademacher,1.5,2.1213203435596393,64,Algorithm 1,2.1153246821024854
1000,1,rademacher,1.5,2.1213203435596393,64,BGS25,2.121259638447002
1000,1,rademacher,1.5,2.1213203435596393,64,BGN11,2.126546195664869
1000,1,rademacher,1.5,2.1213203435596393,65,Algorithm 1,2.091296975416511
1000,1,rademacher,1.5,2.1213203435596393,65,BGS25,2.0605647146942854
1000,1,rademacher,1.5,2.1213203435596393,65,BGN11,2.0634784718493373
1000,1,rademacher,1.5,2.1213203435596393,66,Algorithm 1,2.224656332423925
1000,1,rademacher,1.5,2.1213203435596393,66,BGS25,2.200784300738901
1000,1,rademacher,1.5,2.1213203435596393,66,BGN11,2.2020893945038678
1000,1,rademacher,1.5,2.1213203435596393,67,Algorithm 1,2.0838250394736098
1000,1,rademacher,1.5,2.1213203435596393,67,BGS25,2.1480774715859727
1000,1,rademacher,1.5,2.1213203435596393,67,BGN11,2.1497712417850936
1000,1,rademacher,1.5,2.1213203435596393,68,Algorithm 1,2.128437543742569
1000,1,rademacher,1.5,2.1213203435596393,68,BGS25,2.1278376246456534
1000,1,rademacher,1.5,2.1213203435596393,68,BGN11,2.1271045587717405
1000,1,rademacher,1.5,2.1213203435596393,69,Algorithm 1,2.211909185872472
1000,1,rademacher,1.5,2.1213203435596393,69,BGS25,2.18050391750484
1000,1,rademacher,1.5,2.1213203435596393,69,BGN11,2.1815798478165247
1000,1,rademacher,1.5,2.1213203435596393,70,Algorithm 1,2.089866675338789
1000,1,rademacher,1.5,2.1213203435596393,70,BGS25,2.0867693532424916
1000,1,rademacher,1.5,2.1213203435596393,70,BGN11,2.093676945033559
1000,1,rademacher,1.5,2.1213203435596393,71,Algorithm 1,2.132330106651015
1000,1,rademacher,1.5,2.1213203435596393,71,BGS25,2.1298877274904395
1000,1,rademacher,1.5,2.1213203435596393,71,BGN11,2.129417779606256
1000,1,rademacher,1.5,2.1213203435596393,72,Algorithm 1,2.159958038439527
1000,1,rademacher,1.5,2.1213203435596393,72,BGS25,2.1421035168848173
1000,1,rademacher,1.5,2.1213203435596393,72,BGN11,2.1419111025690096
1000,1,rademacher,1.5,2.1213203435596393,73,Algorithm 1,2.0241927142913303
1000,1,rademacher,1.5,2.1213203435596393,73,BGS25,2.0149989877681715
1000,1,rademacher,1.5,2.1213203435596393,73,BGN11,2.0165084833494817
1000,1,rademacher,1.5,2.1213203435596393,74,Algorithm 1,2.1042455016149204
1000,1,rademacher,1.5,2.1213203435596393,74,BGS25,2.0896045559940184
1000,1,rademacher,1.5,2.1213203435596393,74,BGN11,2.090558031390748
1000,1,rademacher,1.5,2.1213203435596393,75,Algorithm 1,2.1392292358555114
1000,1,rademacher,1.5,2.1213203435596393,75,BGS25,2.174718005104492
1000,1,rademacher,1.5,2.1213203435596393,75,BGN11,2.1732657958366453
1000,1,rademacher,1.5,2.1213203435596393,76,Algorithm 1,2.2066822708795693
1000,1,rademacher,1.5,2.1213203435596393,76,BGS25,2.174442399066417
1000,1,rademacher,1.5,2.1213203435596393,76,BGN11,2.1771319205366653
1000,1,rademacher,1.5,2.1213203435596393,77,Algorithm 1,2.124742719184179
1000,1,rademacher,1.5,2.1213203435596393,77,BGS25,2.1193504512001136
1000,1,rademacher,1.5,2.1213203435596393,77,BGN11,2.1225240769455906
1000,1,rademacher,1.5,2.1213203435596393,78,Algorithm 1,2.120021030595293
1000,1,rademacher,1.5,2.1213203435596393,78,BGS25,2.0743423942273185
1000,1,rademacher,1.5,2.1213203435596393,78,BGN11,2.0792618615513727
1000,1,rademacher,1.5,2.1213203435596393,79,Algorithm 1,2.2236676945106737
1000,1,rademacher,1.5,2.1213203435596393,79,BGS25,2.1886492790688474
1000,1,rademacher,1.5,2.1213203435596393,79,BGN11,2.1946093285910777
1000,1,rademacher,1.5,2.1213203435596393,80,Algorithm 1,2.05789424207814
1000,1,rademacher,1.5,2.1213203435596393,80,BGS25,2.099430095478341
1000,1,rademacher,1.5,2.1213203435596393,80,BGN11,2.1024822749025898
1000,1,rademacher,1.5,2.1213203435596393,81,Algorithm 1,2.1826432029858567
1000,1,rademacher,1.5,2.1213203435596393,81,BGS25,2.1761482853495258
1000,1,rademacher,1.5,2.1213203435596393,81,BGN11,2.1823973346492065
1000,1,rademacher,1.5,2.1213203435596393,82,Algorithm 1,2.038522643838868
1000,1,rademacher,1.5,2.1213203435596393,82,BGS25,2.009114468533541
1000,1,rademacher,1.5,2.1213203435596393,82,BGN11,2.0144244745903603
1000,1,rademacher,1.5,2.1213203435596393,83,Algorithm 1,2.0851783220012234
1000,1,rademacher,1.5,2.1213203435596393,83,BGS25,2.0598625233094854
1000,1,rademacher,1.5,2.1213203435596393,83,BGN11,2.0598680167575187
1000,1,rademacher,1.5,2.1213203435596393,84,Algorithm 1,1.998815563972617
1000,1,rademacher,1.5,2.1213203435596393,84,BGS25,2.057916482781129
1000,1,rademacher,1.5,2.1213203435596393,84,BGN11,2.059774222131732
1000,1,rademacher,1.5,2.1213203435596393,85,Algorithm 1,2.1661515995198286
1000,1,rademacher,1.5,2.1213203435596393,85,BGS25,2.2009618625143945
1000,1,rademacher,1.5,2.1213203435596393,85,BGN11,2.2029163795182085
1000,1,rademacher,1.5,2.1213203435596393,86,Algorithm 1,2.126593604213388
1000,1,rademacher,1.5,2.1213203435596393,86,BGS25,2.0898726411320228
1000,1,rademacher,1.5,2.1213203435596393,86,BGN11,2.0916457116844858
1000,1,rademacher,1.5,2.1213203435596393,87,Algorithm 1,2.1005512745683643
1000,1,rademacher,1.5,2.1213203435596393,87,BGS25,2.1273956168396704
1000,1,rademacher,1.5,2.1213203435596393,87,BGN11,2.1293899588228835
1000,1,rademacher,1.5,2.1213203435596393,88,Algorithm 1,2.2151597962755174
1000,1,rademacher,1.5,2.1213203435596393,88,BGS25,2.1970570924871344
1000,1,rademacher,1.5,2.1213203435596393,88,BGN11,2.203274180977431
1000,1,rademacher,1.5,2.1213203435596393,89,Algorithm 1,2.1245541618627244
1000,1,rademacher,1.5,2.1213203435596393,89,BGS25,2.1301829040120297
1000,1,rademacher,1.5,2.1213203435596393,89,BGN11,2.129368584786364
1000,1,rademacher,1.5,2.1213203435596393,90,Algorithm 1,2.1142568082601443
1000,1,rademacher,1.5,2.1213203435596393,90,BGS25,2.1033664317417546
1000,1,rademacher,1.5,2.1213203435596393,90,BGN11,2.1041336035468228
1000,1,rademacher,1.5,2.1213203435596393,91,Algorithm 1,2.0577038765615208
1000,1,rademacher,1.5,2.1213203435596393,91,BGS25,2.058719281635416
1000,1,rademacher,1.5,2.1213203435596393,91,BGN11,2.0614767722469676
1000,1,rademacher,1.5,2.1213203435596393,92,Algorithm 1,2.0909049043972723
1000,1,rademacher,1.5,2.1213203435596393,92,BGS25,2.1235517330472318
1000,1,rademacher,1.5,2.1213203435596393,92,BGN11,2.128824401592599
1000,1,rademacher,1.5,2.1213203435596393,93,Algorithm 1,1.9655014777966486
1000,1,rademacher,1.5,2.1213203435596393,93,BGS25,2.026199676271892
1000,1,rademacher,1.5,2.1213203435596393,93,BGN11,2.0291733486629706
1000,1,rademacher,1.5,2.1213203435596393,94,Algorithm 1,2.141758591531169
1000,1,rademacher,1.5,2.1213203435596393,94,BGS25,2.138172432039742
1000,1,rademacher,1.5,2.1213203435596393,94,BGN11,2.142478091428553
1000,1,rademacher,1.5,2.1213203435596393,95,Algorithm 1,2.117515708786671
1000,1,rademacher,1.5,2.1213203435596393,95,BGS25,2.124164441428629
1000,1,rademacher,1.5,2.1213203435596393,95,BGN11,2.1253012384771615
1000,1,rademacher,1.5,2.1213203435596393,96,Algorithm 1,2.03948430563236
1000,1,rademacher,1.5,2.1213203435596393,96,BGS25,2.0237009299720574
1000,1,rademacher,1.5,2.1213203435596393,96,BGN11,2.024455897853531
1000,1,rademacher,1.5,2.1213203435596393,97,Algorithm 1,2.0519675378084603
1000,1,rademacher,1.5,2.1213203435596393,97,BGS25,2.0964894740877917
1000,1,rademacher,1.5,2.1213203435596393,97,BGN11,2.099299989548889
1000,1,rademacher,1.5,2.1213203435596393,98,Algorithm 1,2.1181512949875914
1000,1,rademacher,1.5,2.1213203435596393,98,BGS25,2.1282540423596457
1000,1,rademacher,1.5,2.1213203435596393,98,BGN11,2.129555608530164
1000,1,rademacher,1.5,2.1213203435596393,99,Algorithm 1,2.1006331653649655
1000,1,rademacher,1.5,2.1213203435596393,99,BGS25,2.0503466188828186
1000,1,rademacher,1.5,2.1213203435596393,99,BGN11,2.0529627870931004
1000,1,rademacher,1.5,2.1213203435596393,100,Algorithm 1,1.9779778462805713
1000,1,rademacher,1.5,2.1213203435596393,100,BGS25,2.005127283844737
1000,1,rademacher,1.5,2.1213203435596393,100,BGN11,2.009256910276017
1000,1,rademacher,1.5,2.1213203435596393,101,Algorithm 1,2.1088600002703735
1000,1,rademacher,1.5,2.1213203435596393,101,BGS25,2.0774228878004304
1000,1,rademacher,1.5,2.1213203435596393,101,BGN11,2.0830067108001815
1000,1,rademacher,1.5,2.1213203435596393,102,Algorithm 1,2.141152943393232
1000,1,rademacher,1.5,2.1213203435596393,102,BGS25,2.1331966244222564
1000,1,rademacher,1.5,2.1213203435596393,102,BGN11,2.1381184408777782
1000,1,rademacher,1.5,2.1213203435596393,103,Algorithm 1,2.124127077925078
1000,1,rademacher,1.5,2.1213203435596393,103,BGS25,2.0759539155767093
1000,1,rademacher,1.5,2.1213203435596393,103,BGN11,2.0782391441920174
1000,1,rademacher,1.5,2.1213203435596393,104,Algorithm 1,2.223706580901234
1000,1,rademacher,1.5,2.1213203435596393,104,BGS25,2.2091318819987387
1000,1,rademacher,1.5,2.1213203435596393,104,BGN11,2.2111202519609647
1000,1,rademacher,1.5,2.1213203435596393,105,Algorithm 1,2.1816482271330577
1000,1,rademacher,1.5,2.1213203435596393,105,BGS25,2.1390072832366824
1000,1,rademacher,1.5,2.1213203435596393,105,BGN11,2.141580311040477
1000,1,rademacher,1.5,2.1213203435596393,106,Algorithm 1,1.92726901292818
1000,1,rademacher,1.5,2.1213203435596393,106,BGS25,2.0618577732374073
1000,1,rademacher,1.5,2.1213203435596393,106,BGN11,2.0686424402874506
1000,1,rademacher,1.5,2.1213203435596393,107,Algorithm 1,2.109620574695867
1000,1,rademacher,1.5,2.1213203435596393,107,BGS25,2.1271326833839823
1000,1,rademacher,1.5,2.1213203435596393,107,BGN11,2.133596120182928
1000,1,rademacher,1.5,2.1213203435596393,108,Algorithm 1,2.14075160061821
1000,1,rademacher,1.5,2.1213203435596393,108,BGS25,2.112441769367896
1000,1,rademacher,1.5,2.1213203435596393,108,BGN11,2.1211716010204964
1000,1,rademacher,1.5,2.1213203435596393,109,Algorithm 1,2.2418202258808133
1000,1,rademacher,1.5,2.1213203435596393,109,BGS25,2.2036944041804816
1000,1,rademacher,1.5,2.1213203435596393,109,BGN11,2.2066884885624485
1000,1,rademacher,1.5,2.1213203435596393,110,Algorithm 1,2.117666980540018
1000,1,rademacher,1.5,2.1213203435596393,110,BGS25,2.114375441819927
1000,1,rademacher,1.5,2.1213203435596393,110,BGN11,2.110352932731909
1000,1,rademacher,1.5,2.1213203435596393,111,Algorithm 1,2.165686442667833
1000,1,rademacher,1.5,2.1213203435596393,111,BGS25,2.1839749674844677
1000,1,rademacher,1.5,2.1213203435596393,111,BGN11,2.18854401855772
1000,1,rademacher,1.5,2.1213203435596393,112,Algorithm 1,2.113316442794009
1000,1,rademacher,1.5,2.1213203435596393,112,BGS25,2.087932088990153
1000,1,rademacher,1.5,2.1213203435596393,112,BGN11,2.0909864709884833
1000,1,rademacher,1.5,2.1213203435596393,113,Algorithm 1,2.0960262054216825
1000,1,rademacher,1.5,2.1213203435596393,113,BGS25,2.1241156382870514
1000,1,rademacher,1.5,2.1213203435596393,113,BGN11,2.128170485454856
1000,1,rademacher,1.5,2.1213203435596393,114,Algorithm 1,2.1400240856391086
1000,1,rademacher,1.5,2.1213203435596393,114,BGS25,2.158914031160136
1000,1,rademacher,1.5,2.1213203435596393,114,BGN11,2.15996818641892
1000,1,rademacher,1.5,2.1213203435596393,115,Algorithm 1,1.992564081850268
1000,1,rademacher,1.5,2.1213203435596393,115,BGS25,2.0309104999380643
1000,1,rademacher,1.5,2.1213203435596393,115,BGN11,2.0380874652430028
1000,1,rademacher,1.5,2.1213203435596393,116,Algorithm 1,2.0522220555786674
1000,1,rademacher,1.5,2.1213203435596393,116,BGS25,2.101261545525124
1000,1,rademacher,1.5,2.1213203435596393,116,BGN11,2.105553454983511
1000,1,rademacher,1.5,2.1213203435596393,117,Algorithm 1,2.0340598928588225
1000,1,rademacher,1.5,2.1213203435596393,117,BGS25,2.042293057828975
1000,1,rademacher,1.5,2.1213203435596393,117,BGN11,2.042168335660858
1000,1,rademacher,1.5,2.1213203435596393,118,Algorithm 1,2.099277208083094
1000,1,rademacher,1.5,2.1213203435596393,118,BGS25,2.1158090286127345
1000,1,rademacher,1.5,2.1213203435596393,118,BGN11,2.1165373327797883
1000,1,rademacher,1.5,2.1213203435596393,119,Algorithm 1,2.1228573853990977
1000,1,rademacher,1.5,2.1213203435596393,119,BGS25,2.0942770262652655
1000,1,rademacher,1.5,2.1213203435596393,119,BGN11,2.0962286932011476
1000,1,rademacher,1.5,2.1213203435596393,120,Algorithm 1,2.1352918052493575
1000,1,rademacher,1.5,2.1213203435596393,120,BGS25,2.1903059169381796
1000,1,rademacher,1.5,2.1213203435596393,120,BGN11,2.194283667549581
1000,1,rademacher,1.5,2.1213203435596393,121,Algorithm 1,2.053715426082643
1000,1,rademacher,1.5,2.1213203435596393,121,BGS25,2.0402115509029164
1000,1,rademacher,1.5,2.1213203435596393,121,BGN11,2.0441696364732693
1000,1,rademacher,1.5,2.1213203435596393,122,Algorithm 1,2.208009111347468
1000,1,rademacher,1.5,2.1213203435596393,122,BGS25,2.2251495897948423
1000,1,rademacher,1.5,2.1213203435596393,122,BGN11,2.2301048918359667
1000,1,rademacher,1.5,2.1213203435596393,123,Algorithm 1,2.2169184027084836
1000,1,rademacher,1.5,2.1213203435596393,123,BGS25,2.209360640631064
1000,1,rademacher,1.5,2.1213203435596393,123,BGN11,2.209636178609826
1000,1,rademacher,1.5,2.1213203435596393,124,Algorithm 1,2.1323477415918406
1000,1,rademacher,1.5,2.1213203435596393,124,BGS25,2.0988908596019646
1000,1,rademacher,1.5,2.1213203435596393,124,BGN11,2.1045405470169207
1000,1,rademacher,1.5,2.1213203435596393,125,Algorithm 1,2.1725078192190663
1000,1,rademacher,1.5,2.1213203435596393,125,BGS25,2.192733049404754
1000,1,rademacher,1.5,2.1213203435596393,125,BGN11,2.1943754004326226
1000,1,rademacher,1.5,2.1213203435596393,126,Algorithm 1,2.199175275667752
1000,1,rademacher,1.5,2.1213203435596393,126,BGS25,2.1839970389394905
1000,1,rademacher,1.5,2.1213203435596393,126,BGN11,2.1862233691950523
1000,1,rademacher,1.5,2.1213203435596393,127,Algorithm 1,2.1207363065160556
1000,1,rademacher,1.5,2.1213203435596393,127,BGS25,2.0807094699738578
1000,1,rademacher,1.5,2.1213203435596393,127,BGN11,2.0860588914065197
1000,1,rademacher,1.5,2.1213203435596393,128,Algorithm 1,2.1662823485729708
1000,1,rademacher,1.5,2.1213203435596393,128,BGS25,2.1682580443865977
1000,1,rademacher,1.5,2.1213203435596393,128,BGN11,2.168115208934404
1000,1,rademacher,1.5,2.1213203435596393,129,Algorithm 1,2.1115009960407893
1000,1,rademacher,1.5,2.1213203435596393,129,BGS25,2.127829085838952
1000,1,rademacher,1.5,2.1213203435596393,129,BGN11,2.1257276197590778
1000,1,rademacher,1.5,2.1213203435596393,130,Algorithm 1,2.107218787573627
1000,1,rademacher,1.5,2.1213203435596393,130,BGS25,2.102177086515381
1000,1,rademacher,1.5,2.1213203435596393,130,BGN11,2.1054353813091597
1000,1,rademacher,1.5,2.1213203435596393,131,Algorithm 1,2.0723466808804893
1000,1,rademacher,1.5,2.1213203435596393,131,BGS25,2.067357266818754
1000,1,rademacher,1.5,2.1213203435596393,131,BGN11,2.0699036755861475
1000,1,rademacher,1.5,2.1213203435596393,132,Algorithm 1,2.122404983741937
1000,1,rademacher,1.5,2.1213203435596393,132,BGS25,2.1051025720718615
1000,1,rademacher,1.5,2.1213203435596393,132,BGN11,2.111778765910963
1000,1,rademacher,1.5,2.1213203435596393,133,Algorithm 1,2.055262319325327
1000,1,rademacher,1.5,2.1213203435596393,133,BGS25,2.1154796379014336
1000,1,rademacher,1.5,2.1213203435596393,133,BGN11,2.1193334830023014
1000,1,rademacher,1.5,2.1213203435596393,134,Algorithm 1,2.1784468835125645
1000,1,rademacher,1.5,2.1213203435596393,134,BGS25,2.1699445571979012
1000,1,rademacher,1.5,2.1213203435596393,134,BGN11,2.177505691430128
1000,1,rademacher,1.5,2.1213203435596393,135,Algorithm 1,2.0223402092496547
1000,1,rademacher,1.5,2.1213203435596393,135,BGS25,2.013031124886304
1000,1,rademacher,1.5,2.1213203435596393,135,BGN11,2.01911640840443
1000,1,rademacher,1.5,2.1213203435596393,136,Algorithm 1,2.0865265036791873
1000,1,rademacher,1.5,2.1213203435596393,136,BGS25,2.1142131788200396
1000,1,rademacher,1.5,2.1213203435596393,136,BGN11,2.1156935110892383
1000,1,rademacher,1.5,2.1213203435596393,137,Algorithm 1,2.041078473874049
1000,1,rademacher,1.5,2.1213203435596393,137,BGS25,2.0709573501170473
1000,1,rademacher,1.5,2.1213203435596393,137,BGN11,2.071796480696545
1000,1,rademacher,1.5,2.1213203435596393,138,Algorithm 1,2.0750645801554883
1000,1,rademacher,1.5,2.1213203435596393,138,BGS25,2.0874229457896467
1000,1,rademacher,1.5,2.1213203435596393,138,BGN11,2.092397947536538
1000,1,rademacher,1.5,2.1213203435596393,139,Algorithm 1,2.116280133002111
1000,1,rademacher,1.5,2.1213203435596393,139,BGS25,2.1357503200657137
1000,1,rademacher,1.5,2.1213203435596393,139,BGN11,2.13954635012361
1000,1,rademacher,1.5,2.1213203435596393,140,Algorithm 1,2.020912436843449
1000,1,rademacher,1.5,2.1213203435596393,140,BGS25,1.9909133386190634
1000,1,rademacher,1.5,2.1213203435596393,140,BGN11,1.9983142288990112
1000,1,rademacher,1.5,2.1213203435596393,141,Algorithm 1,1.9912404220939324
1000,1,rademacher,1.5,2.1213203435596393,141,BGS25,2.0715537271917532
1000,1,rademacher,1.5,2.1213203435596393,141,BGN11,2.0771559881357646
1000,1,rademacher,1.5,2.1213203435596393,142,Algorithm 1,2.1760346315016297
1000,1,rademacher,1.5,2.1213203435596393,142,BGS25,2.110340086390158
1000,1,rademacher,1.5,2.1213203435596393,142,BGN11,2.11515267489712
1000,1,rademacher,1.5,2.1213203435596393,143,Algorithm 1,2.046139439053735
1000,1,rademacher,1.5,2.1213203435596393,143,BGS25,2.0630922817387596
1000,1,rademacher,1.5,2.1213203435596393,143,BGN11,2.065660932388944
1000,1,rademacher,1.5,2.1213203435596393,144,Algorithm 1,2.1577547907702344
1000,1,rademacher,1.5,2.1213203435596393,144,BGS25,2.134412397935624
1000,1,rademacher,1.5,2.1213203435596393,144,BGN11,2.13542132948769
1000,1,rademacher,1.5,2.1213203435596393,145,Algorithm 1,2.1384073530364645
1000,1,rademacher,1.5,2.1213203435596393,145,BGS25,2.138864298057988
1000,1,rademacher,1.5,2.1213203435596393,145,BGN11,2.1413726808212545
1000,1,rademacher,1.5,2.1213203435596393,146,Algorithm 1,2.027275402675847
1000,1,rademacher,1.5,2.1213203435596393,146,BGS25,2.107219519305328
1000,1,rademacher,1.5,2.1213203435596393,146,BGN11,2.106459376204936
1000,1,rademacher,1.5,2.1213203435596393,147,Algorithm 1,2.1784728258857435
1000,1,rademacher,1.5,2.1213203435596393,147,BGS25,2.175392355670997
1000,1,rademacher,1.5,2.1213203435596393,147,BGN11,2.173873398279645
1000,1,rademacher,1.5,2.1213203435596393,148,Algorithm 1,2.1983752341318064
1000,1,rademacher,1.5,2.1213203435596393,148,BGS25,2.1776260211455982
1000,1,rademacher,1.5,2.1213203435596393,148,BGN11,2.177369305697358
1000,1,rademacher,1.5,2.1213203435596393,149,Algorithm 1,2.116029360555274
1000,1,rademacher,1.5,2.1213203435596393,149,BGS25,2.1415099399099793
1000,1,rademacher,1.5,2.1213203435596393,149,BGN11,2.1462466058879395
1000,1,rademacher,1.5,2.1213203435596393,150,Algorithm 1,2.1481001232116923
1000,1,rademacher,1.5,2.1213203435596393,150,BGS25,2.155285992521022
1000,1,rademacher,1.5,2.1213203435596393,150,BGN11,2.1588384728453778
1000,1,rademacher,1.5,2.1213203435596393,151,Algorithm 1,2.126226872467708
1000,1,rademacher,1.5,2.1213203435596393,151,BGS25,2.157855978486659
1000,1,rademacher,1.5,2.1213203435596393,151,BGN11,2.16474945841257
1000,1,rademacher,1.5,2.1213203435596393,152,Algorithm 1,2.0400666045466966
1000,1,rademacher,1.5,2.1213203435596393,152,BGS25,2.0591604757490463
1000,1,rademacher,1.5,2.1213203435596393,152,BGN11,2.0680398855606748
1000,1,rademacher,1.5,2.1213203435596393,153,Algorithm 1,2.047979995624421
1000,1,rademacher,1.5,2.1213203435596393,153,BGS25,2.0264864951011616
1000,1,rademacher,1.5,2.1213203435596393,153,BGN11,2.0301863285870554
1000,1,rademacher,1.5,2.1213203435596393,154,Algorithm 1,2.201936376797411
1000,1,rademacher,1.5,2.1213203435596393,154,BGS25,2.1534982364785686
1000,1,rademacher,1.5,2.1213203435596393,154,BGN11,2.1549995295529096
1000,1,rademacher,1.5,2.1213203435596393,155,Algorithm 1,2.1951253582751735
1000,1,rademacher,1.5,2.1213203435596393,155,BGS25,2.189678178499915
1000,1,rademacher,1.5,2.1213203435596393,155,BGN11,2.1950693737854823
1000,1,rademacher,1.5,2.1213203435596393,156,Algorithm 1,1.9930226647957772
1000,1,rademacher,1.5,2.1213203435596393,156,BGS25,2.0612854237508778
1000,1,rademacher,1.5,2.1213203435596393,156,BGN11,2.062950279625159
1000,1,rademacher,1.5,2.1213203435596393,157,Algorithm 1,2.0682568080858226
1000,1,rademacher,1.5,2.1213203435596393,157,BGS25,2.0982812708591627
1000,1,rademacher,1.5,2.1213203435596393,157,BGN11,2.1039103856069983
1000,1,rademacher,1.5,2.1213203435596393,158,Algorithm 1,2.122137940645265
1000,1,rademacher,1.5,2.1213203435596393,158,BGS25,2.137233396566886
1000,1,rademacher,1.5,2.1213203435596393,158,BGN11,2.135467722018147
1000,1,rademacher,1.5,2.1213203435596393,159,Algorithm 1,2.1453163043080923
1000,1,rademacher,1.5,2.1213203435596393,159,BGS25,2.1404432071382504
1000,1,rademacher,1.5,2.1213203435596393,159,BGN11,2.136576015860154
1000,1,rademacher,1.5,2.1213203435596393,160,Algorithm 1,2.0876457966217283
1000,1,rademacher,1.5,2.1213203435596393,160,BGS25,2.1180705118039675
1000,1,rademacher,1.5,2.1213203435596393,160,BGN11,2.121443590598806
1000,1,rademacher,1.5,2.1213203435596393,161,Algorithm 1,2.2162587595420984
1000,1,rademacher,1.5,2.1213203435596393,161,BGS25,2.2198681814356838
1000,1,rademacher,1.5,2.1213203435596393,161,BGN11,2.2228927799930944
1000,1,rademacher,1.5,2.1213203435596393,162,Algorithm 1,2.0463452609716497
1000,1,rademacher,1.5,2.1213203435596393,162,BGS25,2.048926300225304
1000,1,rademacher,1.5,2.1213203435596393,162,BGN11,2.0544323497503636
1000,1,rademacher,1.5,2.1213203435596393,163,Algorithm 1,2.076987209435354
1000,1,rademacher,1.5,2.1213203435596393,163,BGS25,2.1083050679061937
1000,1,rademacher,1.5,2.1213203435596393,163,BGN11,2.119395469820376
1000,1,rademacher,1.5,2.1213203435596393,164,Algorithm 1,2.111020607490536
1000,1,rademacher,1.5,2.1213203435596393,164,BGS25,2.1319381605705945
1000,1,rademacher,1.5,2.1213203435596393,164,BGN11,2.1348327378317093
1000,1,rademacher,1.5,2.1213203435596393,165,Algorithm 1,2.1061101430453366
1000,1,rademacher,1.5,2.1213203435596393,165,BGS25,2.120767744547137
1000,1,rademacher,1.5,2.1213203435596393,165,BGN11,2.128052970170086
1000,1,rademacher,1.5,2.1213203435596393,166,Algorithm 1,2.1148778328662368
1000,1,rademacher,1.5,2.1213203435596393,166,BGS25,2.06847930446169
1000,1,rademacher,1.5,2.1213203435596393,166,BGN11,2.068436668318261
1000,1,rademacher,1.5,2.1213203435596393,167,Algorithm 1,2.2327137229871457
1000,1,rademacher,1.5,2.1213203435596393,167,BGS25,2.21743104228061
1000,1,rademacher,1.5,2.1213203435596393,167,BGN11,2.2243845915310474
1000,1,rademacher,1.5,2.1213203435596393,168,Algorithm 1,2.163609813818969
1000,1,rademacher,1.5,2.1213203435596393,168,BGS25,2.1635490638770207
1000,1,rademacher,1.5,2.1213203435596393,168,BGN11,2.1632875515801073
1000,1,rademacher,1.5,2.1213203435596393,169,Algorithm 1,2.239264898267326
1000,1,rademacher,1.5,2.1213203435596393,169,BGS25,2.202985910403836
1000,1,rademacher,1.5,2.1213203435596393,169,BGN11,2.2044572008942986
1000,1,rademacher,1.5,2.1213203435596393,170,Algorithm 1,1.938372324984823
1000,1,rademacher,1.5,2.1213203435596393,170,BGS25,1.9800605863806249
1000,1,rademacher,1.5,2.1213203435596393,170,BGN11,1.9824212828716463
1000,1,rademacher,1.5,2.1213203435596393,171,Algorithm 1,2.115599056785631
1000,1,rademacher,1.5,2.1213203435596393,171,BGS25,2.097561779526604
1000,1,rademacher,1.5,2.1213203435596393,171,BGN11,2.0992016214265887
1000,1,rademacher,1.5,2.1213203435596393,172,Algorithm 1,2.1233409709471425
1000,1,rademacher,1.5,2.1213203435596393,172,BGS25,2.1465392735348434
1000,1,rademacher,1.5,2.1213203435596393,172,BGN11,2.1516751951011623
1000,1,rademacher,1.5,2.1213203435596393,173,Algorithm 1,2.138520647719606
1000,1,rademacher,1.5,2.1213203435596393,173,BGS25,2.1278574162077346
1000,1,rademacher,1.5,2.1213203435596393,173,BGN11,2.134037210577715
1000,1,rademacher,1.5,2.1213203435596393,174,Algorithm 1,2.0381087160996736
1000,1,rademacher,1.5,2.1213203435596393,174,BGS25,2.072626086161701
1000,1,rademacher,1.5,2.1213203435596393,174,BGN11,2.0761324495113103
1000,1,rademacher,1.5,2.1213203435596393,175,Algorithm 1,2.1661179140484923
1000,1,rademacher,1.5,2.1213203435596393,175,BGS25,2.1570088265296903
1000,1,rademacher,1.5,2.1213203435596393,175,BGN11,2.164640725858654
1000,1,rademacher,1.5,2.1213203435596393,176,Algorithm 1,2.10305792285096
1000,1,rademacher,1.5,2.1213203435596393,176,BGS25,2.083236311417169
1000,1,rademacher,1.5,2.1213203435596393,176,BGN11,2.0891292626567366
1000,1,rademacher,1.5,2.1213203435596393,177,Algorithm 1,2.0612062267012234
1000,1,rademacher,1.5,2.1213203435596393,177,BGS25,2.054576134953614
1000,1,rademacher,1.5,2.1213203435596393,177,BGN11,2.0569946394010152
1000,1,rademacher,1.5,2.1213203435596393,178,Algorithm 1,2.117339208429994
1000,1,rademacher,1.5,2.1213203435596393,178,BGS25,2.1170743029362433
1000,1,rademacher,1.5,2.1213203435596393,178,BGN11,2.1206541165197095
1000,1,rademacher,1.5,2.1213203435596393,179,Algorithm 1,2.027237717960054
1000,1,rademacher,1.5,2.1213203435596393,179,BGS25,2.0400023380605203
1000,1,rademacher,1.5,2.1213203435596393,179,BGN11,2.0446475998881097
1000,1,rademacher,1.5,2.1213203435596393,180,Algorithm 1,2.131253567410581
1000,1,rademacher,1.5,2.1213203435596393,180,BGS25,2.1406135086660667
1000,1,rademacher,1.5,2.1213203435596393,180,BGN11,2.1461139163032175
1000,1,rademacher,1.5,2.1213203435596393,181,Algorithm 1,1.986894866643284
1000,1,rademacher,1.5,2.1213203435596393,181,BGS25,2.0655505444262827
1000,1,rademacher,1.5,2.1213203435596393,181,BGN11,2.0657845487535282
1000,1,rademacher,1.5,2.1213203435596393,182,Algorithm 1,2.101886478572902
1000,1,rademacher,1.5,2.1213203435596393,182,BGS25,2.107451996792239
1000,1,rademacher,1.5,2.1213203435596393,182,BGN11,2.106639806103811
1000,1,rademacher,1.5,2.1213203435596393,183,Algorithm 1,2.171194101254601
1000,1,rademacher,1.5,2.1213203435596393,183,BGS25,2.157386661527905
1000,1,rademacher,1.5,2.1213203435596393,183,BGN11,2.156562288432559
1000,1,rademacher,1.5,2.1213203435596393,184,Algorithm 1,2.078594937610647
1000,1,rademacher,1.5,2.1213203435596393,184,BGS25,2.1907552486590274
1000,1,rademacher,1.5,2.1213203435596393,184,BGN11,2.189016562156824
1000,1,rademacher,1.5,2.1213203435596393,185,Algorithm 1,2.2190297541193877
1000,1,rademacher,1.5,2.1213203435596393,185,BGS25,2.23375264835952
1000,1,rademacher,1.5,2.1213203435596393,185,BGN11,2.237655530935609
1000,1,rademacher,1.5,2.1213203435596393,186,Algorithm 1,2.157704293404474
1000,1,rademacher,1.5,2.1213203435596393,186,BGS25,2.174263287481019
1000,1,rademacher,1.5,2.1213203435596393,186,BGN11,2.1755021482316907
1000,1,rademacher,1.5,2.1213203435596393,187,Algorithm 1,2.1065330064121968
1000,1,rademacher,1.5,2.1213203435596393,187,BGS25,2.0938108307418504
1000,1,rademacher,1.5,2.1213203435596393,187,BGN11,2.0962344484158884
1000,1,rademacher,1.5,2.1213203435596393,188,Algorithm 1,2.0924208755495615
1000,1,rademacher,1.5,2.1213203435596393,188,BGS25,2.0658993645450523
1000,1,rademacher,1.5,2.1213203435596393,188,BGN11,2.067783483087402
1000,1,rademacher,1.5,2.1213203435596393,189,Algorithm 1,2.0459553298173585
1000,1,rademacher,1.5,2.1213203435596393,189,BGS25,2.0833172220342124
1000,1,rademacher,1.5,2.1213203435596393,189,BGN11,2.085819450855612
1000,1,rademacher,1.5,2.1213203435596393,190,Algorithm 1,2.1252313239016614
1000,1,rademacher,1.5,2.1213203435596393,190,BGS25,2.1071680295517234
1000,1,rademacher,1.5,2.1213203435596393,190,BGN11,2.1087986458270667
1000,1,rademacher,1.5,2.1213203435596393,191,Algorithm 1,2.181641661361095
1000,1,rademacher,1.5,2.1213203435596393,191,BGS25,2.179932486836619
1000,1,rademacher,1.5,2.1213203435596393,191,BGN11,2.1798950844151905
1000,1,rademacher,1.5,2.1213203435596393,192,Algorithm 1,2.145274528450655
1000,1,rademacher,1.5,2.1213203435596393,192,BGS25,2.191982554993386
1000,1,rademacher,1.5,2.1213203435596393,192,BGN11,2.194289394743071
1000,1,rademacher,1.5,2.1213203435596393,193,Algorithm 1,2.1670571586664114
1000,1,rademacher,1.5,2.1213203435596393,193,BGS25,2.1535011767980774
1000,1,rademacher,1.5,2.1213203435596393,193,BGN11,2.159400002539837
1000,1,rademacher,1.5,2.1213203435596393,194,Algorithm 1,2.1025282717525737
1000,1,rademacher,1.5,2.1213203435596393,194,BGS25,2.145452278199239
1000,1,rademacher,1.5,2.1213203435596393,194,BGN11,2.1454866698671258
1000,1,rademacher,1.5,2.1213203435596393,195,Algorithm 1,2.0947437023337803
1000,1,rademacher,1.5,2.1213203435596393,195,BGS25,2.119120041733633
1000,1,rademacher,1.5,2.1213203435596393,195,BGN11,2.1189375885773103
1000,1,rademacher,1.5,2.1213203435596393,196,Algorithm 1,2.0532706458296484
1000,1,rademacher,1.5,2.1213203435596393,196,BGS25,2.1312073791974546
1000,1,rademacher,1.5,2.1213203435596393,196,BGN11,2.133520273429779
1000,1,rademacher,1.5,2.1213203435596393,197,Algorithm 1,2.1740422400109964
1000,1,rademacher,1.5,2.1213203435596393,197,BGS25,2.174380805304775
1000,1,rademacher,1.5,2.1213203435596393,197,BGN11,2.1756968527528735
1000,1,rademacher,1.5,2.1213203435596393,198,Algorithm 1,2.060746512605517
1000,1,rademacher,1.5,2.1213203435596393,198,BGS25,2.0262053937815994
1000,1,rademacher,1.5,2.1213203435596393,198,BGN11,2.028383690072232
1000,1,rademacher,1.5,2.1213203435596393,199,Algorithm 1,2.187824787513049
1000,1,rademacher,1.5,2.1213203435596393,199,BGS25,2.190881877055276
1000,1,rademacher,1.5,2.1213203435596393,199,BGN11,2.1946113692128497
1000,1,rademacher,1.5,2.1213203435596393,200,Algorithm 1,2.0917406540449734
1000,1,rademacher,1.5,2.1213203435596393,200,BGS25,2.0683369613163336
1000,1,rademacher,1.5,2.1213203435596393,200,BGN11,2.0736874815591246
1000,1,rademacher,1.5,2.1213203435596393,201,Algorithm 1,1.9508895589005941
1000,1,rademacher,1.5,2.1213203435596393,201,BGS25,2.0901279833359654
1000,1,rademacher,1.5,2.1213203435596393,201,BGN11,2.0912730866093474
1000,1,rademacher,1.5,2.1213203435596393,202,Algorithm 1,2.1694035004850396
1000,1,rademacher,1.5,2.1213203435596393,202,BGS25,2.112497522878681
1000,1,rademacher,1.5,2.1213203435596393,202,BGN11,2.118958114712838
1000,1,rademacher,1.5,2.1213203435596393,203,Algorithm 1,2.155113803444315
1000,1,rademacher,1.5,2.1213203435596393,203,BGS25,2.134178873510644
1000,1,rademacher,1.5,2.1213203435596393,203,BGN11,2.1377223193594728
1000,1,rademacher,1.5,2.1213203435596393,204,Algorithm 1,2.0372646062171307
1000,1,rademacher,1.5,2.1213203435596393,204,BGS25,2.0818468605756055
1000,1,rademacher,1.5,2.1213203435596393,204,BGN11,2.086008963430501
1000,1,rademacher,1.5,2.1213203435596393,205,Algorithm 1,2.070486956325456
1000,1,rademacher,1.5,2.1213203435596393,205,BGS25,2.0815745787721656
1000,1,rademacher,1.5,2.1213203435596393,205,BGN11,2.0850412060021464
1000,1,rademacher,1.5,2.1213203435596393,206,Algorithm 1,2.1393594111599126
1000,1,rademacher,1.5,2.1213203435596393,206,BGS25,2.1208317023264462
1000,1,rademacher,1.5,2.1213203435596393,206,BGN11,2.127553219388474
1000,1,rademacher,1.5,2.1213203435596393,207,Algorithm 1,2.201864644400263
1000,1,rademacher,1.5,2.1213203435596393,207,BGS25,2.1686252099023298
1000,1,rademacher,1.5,2.1213203435596393,207,BGN11,2.171637607082358
1000,1,rademacher,1.5,2.1213203435596393,208,Algorithm 1,2.144707495926259
1000,1,rademacher,1.5,2.1213203435596393,208,BGS25,2.093934199054899
1000,1,rademacher,1.5,2.1213203435596393,208,BGN11,2.097050407014668
1000,1,rademacher,1.5,2.1213203435596393,209,Algorithm 1,2.2155218963026235
1000,1,rademacher,1.5,2.1213203435596393,209,BGS25,2.1915303960497763
1000,1,rademacher,1.5,2.1213203435596393,209,BGN11,2.1940085922831796
1000,1,rademacher,1.5,2.1213203435596393,210,Algorithm 1,2.1309488108179964
1000,1,rademacher,1.5,2.1213203435596393,210,BGS25,2.118909481055408
1000,1,rademacher,1.5,2.1213203435596393,210,BGN11,2.1213005755067487
1000,1,rademacher,1.5,2.1213203435596393,211,Algorithm 1,2.1655184333390456
1000,1,rademacher,1.5,2.1213203435596393,211,BGS25,2.1350749445084176
1000,1,rademacher,1.5,2.1213203435596393,211,BGN11,2.1349781188508503
1000,1,rademacher,1.5,2.1213203435596393,212,Algorithm 1,2.0392919315360456
1000,1,rademacher,1.5,2.1213203435596393,212,BGS25,2.0599596383535235
1000,1,rademacher,1.5,2.1213203435596393,212,BGN11,2.064383964482
1000,1,rademacher,1.5,2.1213203435596393,213,Algorithm 1,2.035445354442765
1000,1,rademacher,1.5,2.1213203435596393,213,BGS25,2.107586503869166
1000,1,rademacher,1.5,2.1213203435596393,213,BGN11,2.1138746145905665
1000,1,rademacher,1.5,2.1213203435596393,214,Algorithm 1,2.0902356119233088
1000,1,rademacher,1.5,2.1213203435596393,214,BGS25,2.1505955607514955
1000,1,rademacher,1.5,2.1213203435596393,214,BGN11,2.1521904890283854
1000,1,rademacher,1.5,2.1213203435596393,215,Algorithm 1,2.126603822264708
1000,1,rademacher,1.5,2.1213203435596393,215,BGS25,2.140942866457327
1000,1,rademacher,1.5,2.1213203435596393,215,BGN11,2.1427716603494247
1000,1,rademacher,1.5,2.1213203435596393,216,Algorithm 1,2.059294115980735
1000,1,rademacher,1.5,2.1213203435596393,216,BGS25,2.0951468307833574
1000,1,rademacher,1.5,2.1213203435596393,216,BGN11,2.09688348047291
1000,1,rademacher,1.5,2.1213203435596393,217,Algorithm 1,2.10663717313156
1000,1,rademacher,1.5,2.1213203435596393,217,BGS25,2.118446318771075
1000,1,rademacher,1.5,2.1213203435596393,217,BGN11,2.1231213818456247
1000,1,rademacher,1.5,2.1213203435596393,218,Algorithm 1,2.092698959623955
1000,1,rademacher,1.5,2.1213203435596393,218,BGS25,2.149980114342805
1000,1,rademacher,1.5,2.1213203435596393,218,BGN11,2.151929841235921
1000,1,rademacher,1.5,2.1213203435596393,219,Algorithm 1,2.0276512377751197
1000,1,rademacher,1.5,2.1213203435596393,219,BGS25,2.0672555350384556
1000,1,rademacher,1.5,2.1213203435596393,219,BGN11,2.0725964300027186
1000,1,rademacher,1.5,2.1213203435596393,220,Algorithm 1,2.0511026523402136
1000,1,rademacher,1.5,2.1213203435596393,220,BGS25,2.0975786589552143
1000,1,rademacher,1.5,2.1213203435596393,220,BGN11,2.100456930402559
1000,1,rademacher,1.5,2.1213203435596393,221,Algorithm 1,2.1505577799223694
1000,1,rademacher,1.5,2.1213203435596393,221,BGS25,2.104895322260502
1000,1,rademacher,1.5,2.1213203435596393,221,BGN11,2.1050496975388255
1000,1,rademacher,1.5,2.1213203435596393,222,Algorithm 1,2.123146476192847
1000,1,rademacher,1.5,2.1213203435596393,222,BGS25,2.0992166866859994
1000,1,rademacher,1.5,2.1213203435596393,222,BGN11,2.103241626415425
1000,1,rademacher,1.5,2.1213203435596393,223,Algorithm 1,2.0873333910038765
1000,1,rademacher,1.5,2.1213203435596393,223,BGS25,2.1245728835977937
1000,1,rademacher,1.5,2.1213203435596393,223,BGN11,2.127842511443015
1000,1,rademacher,1.5,2.1213203435596393,224,Algorithm 1,2.1873553457848263
1000,1,rademacher,1.5,2.1213203435596393,224,BGS25,2.177872112480002
1000,1,rademacher,1.5,2.1213203435596393,224,BGN11,2.181476333974274
1000,1,rademacher,1.5,2.1213203435596393,225,Algorithm 1,2.1247962147772097
1000,1,rademacher,1.5,2.1213203435596393,225,BGS25,2.138792285603552
1000,1,rademacher,1.5,2.1213203435596393,225,BGN11,2.141139651514186
1000,1,rademacher,1.5,2.1213203435596393,226,Algorithm 1,2.158494935220373
1000,1,rademacher,1.5,2.1213203435596393,226,BGS25,2.125498550867126
1000,1,rademacher,1.5,2.1213203435596393,226,BGN11,2.1341044638960267
1000,1,rademacher,1.5,2.1213203435596393,227,Algorithm 1,2.169395981788458
1000,1,rademacher,1.5,2.1213203435596393,227,BGS25,2.1687766264608106
1000,1,rademacher,1.5,2.1213203435596393,227,BGN11,2.171581623645091
1000,1,rademacher,1.5,2.1213203435596393,228,Algorithm 1,2.031706334151126
1000,1,rademacher,1.5,2.1213203435596393,228,BGS25,2.026835694249026
1000,1,rademacher,1.5,2.1213203435596393,228,BGN11,2.0320756385645398
1000,1,rademacher,1.5,2.1213203435596393,229,Algorithm 1,1.9970474048731641
1000,1,rademacher,1.5,2.1213203435596393,229,BGS25,2.0279366164632187
1000,1,rademacher,1.5,2.1213203435596393,229,BGN11,2.0318645016313153
1000,1,rademacher,1.5,2.1213203435596393,230,Algorithm 1,2.1116218460435237
1000,1,rademacher,1.5,2.1213203435596393,230,BGS25,2.1279919013967934
1000,1,rademacher,1.5,2.1213203435596393,230,BGN11,2.1268692815971098
1000,1,rademacher,1.5,2.1213203435596393,231,Algorithm 1,2.1175432464969752
1000,1,rademacher,1.5,2.1213203435596393,231,BGS25,2.147332430048468
1000,1,rademacher,1.5,2.1213203435596393,231,BGN11,2.145900933349054
1000,1,rademacher,1.5,2.1213203435596393,232,Algorithm 1,2.0823767477793735
1000,1,rademacher,1.5,2.1213203435596393,232,BGS25,2.065521451309114
1000,1,rademacher,1.5,2.1213203435596393,232,BGN11,2.074983663771415
1000,1,rademacher,1.5,2.1213203435596393,233,Algorithm 1,2.1344884464555247
1000,1,rademacher,1.5,2.1213203435596393,233,BGS25,2.099779250264643
1000,1,rademacher,1.5,2.1213203435596393,233,BGN11,2.102481275229203
1000,1,rademacher,1.5,2.1213203435596393,234,Algorithm 1,2.156914926084451
1000,1,rademacher,1.5,2.1213203435596393,234,BGS25,2.183839959206132
1000,1,rademacher,1.5,2.1213203435596393,234,BGN11,2.1835673341795716
1000,1,rademacher,1.5,2.1213203435596393,235,Algorithm 1,2.1648356730470577
1000,1,rademacher,1.5,2.1213203435596393,235,BGS25,2.1569677632005635
1000,1,rademacher,1.5,2.1213203435596393,235,BGN11,2.158765914155324
1000,1,rademacher,1.5,2.1213203435596393,236,Algorithm 1,2.162293261746074
1000,1,rademacher,1.5,2.1213203435596393,236,BGS25,2.1740146749375056
1000,1,rademacher,1.5,2.1213203435596393,236,BGN11,2.178705725007254
1000,1,rademacher,1.5,2.1213203435596393,237,Algorithm 1,2.2025040961593065
1000,1,rademacher,1.5,2.1213203435596393,237,BGS25,2.14817377227057
1000,1,rademacher,1.5,2.1213203435596393,237,BGN11,2.1553275536014698
1000,1,rademacher,1.5,2.1213203435596393,238,Algorithm 1,2.0568240813126195
1000,1,rademacher,1.5,2.1213203435596393,238,BGS25,2.0729115287049926
1000,1,rademacher,1.5,2.1213203435596393,238,BGN11,2.079426749226798
1000,1,rademacher,1.5,2.1213203435596393,239,Algorithm 1,2.063483840565978
1000,1,rademacher,1.5,2.1213203435596393,239,BGS25,2.0693285975950295
1000,1,rademacher,1.5,2.1213203435596393,239,BGN11,2.0698416041888117
1000,1,rademacher,1.5,2.1213203435596393,240,Algorithm 1,2.1136304922722298
1000,1,rademacher,1.5,2.1213203435596393,240,BGS25,2.1325301155707623
1000,1,rademacher,1.5,2.1213203435596393,240,BGN11,2.1386679600523966
1000,1,rademacher,1.5,2.1213203435596393,241,Algorithm 1,2.19079715194769
1000,1,rademacher,1.5,2.1213203435596393,241,BGS25,2.164289741370161
1000,1,rademacher,1.5,2.1213203435596393,241,BGN11,2.1699720257437947
1000,1,rademacher,1.5,2.1213203435596393,242,Algorithm 1,2.2182025556676175
1000,1,rademacher,1.5,2.1213203435596393,242,BGS25,2.211194381282938
1000,1,rademacher,1.5,2.1213203435596393,242,BGN11,2.2097482080688295
1000,1,rademacher,1.5,2.1213203435596393,243,Algorithm 1,2.093309986932758
1000,1,rademacher,1.5,2.1213203435596393,243,BGS25,2.099686881965493
1000,1,rademacher,1.5,2.1213203435596393,243,BGN11,2.1081485813758474
1000,1,rademacher,1.5,2.1213203435596393,244,Algorithm 1,2.078213186828843
1000,1,rademacher,1.5,2.1213203435596393,244,BGS25,2.0691552794576396
1000,1,rademacher,1.5,2.1213203435596393,244,BGN11,2.070686620718992
1000,1,rademacher,1.5,2.1213203435596393,245,Algorithm 1,2.099057924303454
1000,1,rademacher,1.5,2.1213203435596393,245,BGS25,2.0832533820605623
1000,1,rademacher,1.5,2.1213203435596393,245,BGN11,2.0873981113740143
1000,1,rademacher,1.5,2.1213203435596393,246,Algorithm 1,2.132458022954488
1000,1,rademacher,1.5,2.1213203435596393,246,BGS25,2.126122830047925
1000,1,rademacher,1.5,2.1213203435596393,246,BGN11,2.131283188020577
1000,1,rademacher,1.5,2.1213203435596393,247,Algorithm 1,2.128275648243626
1000,1,rademacher,1.5,2.1213203435596393,247,BGS25,2.142502492359785
1000,1,rademacher,1.5,2.1213203435596393,247,BGN11,2.1402579700723234
1000,1,rademacher,1.5,2.1213203435596393,248,Algorithm 1,2.096827991282407
1000,1,rademacher,1.5,2.1213203435596393,248,BGS25,2.105256816739328
1000,1,rademacher,1.5,2.1213203435596393,248,BGN11,2.1097249842333947
1000,1,rademacher,1.5,2.1213203435596393,249,Algorithm 1,2.1263873157222317
1000,1,rademacher,1.5,2.1213203435596393,249,BGS25,2.108063957877121
1000,1,rademacher,1.5,2.1213203435596393,249,BGN11,2.1075133908490584
1000,1,rademacher,1.5,2.1213203435596393,250,Algorithm 1,2.189200552649895
1000,1,rademacher,1.5,2.1213203435596393,250,BGS25,2.1570624678261523
1000,1,rademacher,1.5,2.1213203435596393,250,BGN11,2.155100196771969
1000,1,rademacher,1.5,2.1213203435596393,251,Algorithm 1,2.0885127177219345
1000,1,rademacher,1.5,2.1213203435596393,251,BGS25,2.123845137465057
1000,1,rademacher,1.5,2.1213203435596393,251,BGN11,2.126584702686016
1000,1,rademacher,1.5,2.1213203435596393,252,Algorithm 1,2.0405593768800787
1000,1,rademacher,1.5,2.1213203435596393,252,BGS25,2.0779599140321903
1000,1,rademacher,1.5,2.1213203435596393,252,BGN11,2.0812715554847716
1000,1,rademacher,1.5,2.1213203435596393,253,Algorithm 1,2.1422127440840004
1000,1,rademacher,1.5,2.1213203435596393,253,BGS25,2.101747260894929
1000,1,rademacher,1.5,2.1213203435596393,253,BGN11,2.109786401679898
1000,1,rademacher,1.5,2.1213203435596393,254,Algorithm 1,2.129205627073754
1000,1,rademacher,1.5,2.1213203435596393,254,BGS25,2.1374556639232223
1000,1,rademacher,1.5,2.1213203435596393,254,BGN11,2.1406109617611215
1000,1,rademacher,1.5,2.1213203435596393,255,Algorithm 1,2.160584493176356
1000,1,rademacher,1.5,2.1213203435596393,255,BGS25,2.174252240354491
1000,1,rademacher,1.5,2.1213203435596393,255,BGN11,2.175996735814524
1000,1,rademacher,1.5,2.1213203435596393,256,Algorithm 1,2.0422033343545296
1000,1,rademacher,1.5,2.1213203435596393,256,BGS25,2.045381539221159
1000,1,rademacher,1.5,2.1213203435596393,256,BGN11,2.0433465662262646
1000,1,rademacher,1.5,2.1213203435596393,257,Algorithm 1,2.231602264312289
1000,1,rademacher,1.5,2.1213203435596393,257,BGS25,2.1752287315046446
1000,1,rademacher,1.5,2.1213203435596393,257,BGN11,2.1827563930309424
1000,1,rademacher,1.5,2.1213203435596393,258,Algorithm 1,2.1555438743981017
1000,1,rademacher,1.5,2.1213203435596393,258,BGS25,2.2025951612546386
1000,1,rademacher,1.5,2.1213203435596393,258,BGN11,2.204280660570294
1000,1,rademacher,1.5,2.1213203435596393,259,Algorithm 1,2.156505127749934
1000,1,rademacher,1.5,2.1213203435596393,259,BGS25,2.140225193177222
1000,1,rademacher,1.5,2.1213203435596393,259,BGN11,2.1432667692026315
1000,1,rademacher,1.5,2.1213203435596393,260,Algorithm 1,2.1135929306896872
1000,1,rademacher,1.5,2.1213203435596393,260,BGS25,2.105554713234975
1000,1,rademacher,1.5,2.1213203435596393,260,BGN11,2.10633463891904
1000,1,rademacher,1.5,2.1213203435596393,261,Algorithm 1,2.1476744938945576
1000,1,rademacher,1.5,2.1213203435596393,261,BGS25,2.1470561249180364
1000,1,rademacher,1.5,2.1213203435596393,261,BGN11,2.1428739255103975
1000,1,rademacher,1.5,2.1213203435596393,262,Algorithm 1,2.1767443425891284
1000,1,rademacher,1.5,2.1213203435596393,262,BGS25,2.1510135879636643
1000,1,rademacher,1.5,2.1213203435596393,262,BGN11,2.153381010483123
1000,1,rademacher,1.5,2.1213203435596393,263,Algorithm 1,2.119720196830652
1000,1,rademacher,1.5,2.1213203435596393,263,BGS25,2.0890202601443626
1000,1,rademacher,1.5,2.1213203435596393,263,BGN11,2.0908948773846365
1000,1,rademacher,1.5,2.1213203435596393,264,Algorithm 1,2.1764877263874087
1000,1,rademacher,1.5,2.1213203435596393,264,BGS25,2.153730790370218
1000,1,rademacher,1.5,2.1213203435596393,264,BGN11,2.1519438211151902
1000,1,rademacher,1.5,2.1213203435596393,265,Algorithm 1,2.0622723454702485
1000,1,rademacher,1.5,2.1213203435596393,265,BGS25,2.0851814856341
1000,1,rademacher,1.5,2.1213203435596393,265,BGN11,2.0926529237933456
1000,1,rademacher,1.5,2.1213203435596393,266,Algorithm 1,2.1186480772587615
1000,1,rademacher,1.5,2.1213203435596393,266,BGS25,2.1648513305135877
1000,1,rademacher,1.5,2.1213203435596393,266,BGN11,2.1712983102254615
1000,1,rademacher,1.5,2.1213203435596393,267,Algorithm 1,2.067802933534338
1000,1,rademacher,1.5,2.1213203435596393,267,BGS25,2.1013848923116405
1000,1,rademacher,1.5,2.1213203435596393,267,BGN11,2.100680405018204
1000,1,rademacher,1.5,2.1213203435596393,268,Algorithm 1,2.126908110304434
1000,1,rademacher,1.5,2.1213203435596393,268,BGS25,2.117586901667445
1000,1,rademacher,1.5,2.1213203435596393,268,BGN11,2.1236145256135885
1000,1,rademacher,1.5,2.1213203435596393,269,Algorithm 1,2.1717923458169097
1000,1,rademacher,1.5,2.1213203435596393,269,BGS25,2.168275301321622
1000,1,rademacher,1.5,2.1213203435596393,269,BGN11,2.1662169662260276
1000,1,rademacher,1.5,2.1213203435596393,270,Algorithm 1,2.181052671459485
1000,1,rademacher,1.5,2.1213203435596393,270,BGS25,2.179469751453908
1000,1,rademacher,1.5,2.1213203435596393,270,BGN11,2.1823127259589077
1000,1,rademacher,1.5,2.1213203435596393,271,Algorithm 1,2.143944406840849
1000,1,rademacher,1.5,2.1213203435596393,271,BGS25,2.1313764040503758
1000,1,rademacher,1.5,2.1213203435596393,271,BGN11,2.13015312210578
1000,1,rademacher,1.5,2.1213203435596393,272,Algorithm 1,2.1200163910913523
1000,1,rademacher,1.5,2.1213203435596393,272,BGS25,2.1131907646686185
1000,1,rademacher,1.5,2.1213203435596393,272,BGN11,2.1192122161481004
1000,1,rademacher,1.5,2.1213203435596393,273,Algorithm 1,2.0858822167326743
1000,1,rademacher,1.5,2.1213203435596393,273,BGS25,2.1008007397586237
1000,1,rademacher,1.5,2.1213203435596393,273,BGN11,2.1013273403369817
1000,1,rademacher,1.5,2.1213203435596393,274,Algorithm 1,2.184048028997082
1000,1,rademacher,1.5,2.1213203435596393,274,BGS25,2.2054263997508077
1000,1,rademacher,1.5,2.1213203435596393,274,BGN11,2.20505545597329
1000,1,rademacher,1.5,2.1213203435596393,275,Algorithm 1,2.1999701514460335
1000,1,rademacher,1.5,2.1213203435596393,275,BGS25,2.128318402773262
1000,1,rademacher,1.5,2.1213203435596393,275,BGN11,2.1303967174117013
1000,1,rademacher,1.5,2.1213203435596393,276,Algorithm 1,2.127790660349493
1000,1,rademacher,1.5,2.1213203435596393,276,BGS25,2.1123468289861327
1000,1,rademacher,1.5,2.1213203435596393,276,BGN11,2.1151882242449886
1000,1,rademacher,1.5,2.1213203435596393,277,Algorithm 1,2.0319484152206564
1000,1,rademacher,1.5,2.1213203435596393,277,BGS25,2.0411901726840576
1000,1,rademacher,1.5,2.1213203435596393,277,BGN11,2.0437330458285983
1000,1,rademacher,1.5,2.1213203435596393,278,Algorithm 1,2.1402028271861138
1000,1,rademacher,1.5,2.1213203435596393,278,BGS25,2.1190462824326053
1000,1,rademacher,1.5,2.1213203435596393,278,BGN11,2.122814670177944
1000,1,rademacher,1.5,2.1213203435596393,279,Algorithm 1,2.0945121687884543
1000,1,rademacher,1.5,2.1213203435596393,279,BGS25,2.0889259322952505
1000,1,rademacher,1.5,2.1213203435596393,279,BGN11,2.0918228180161216
1000,1,rademacher,1.5,2.1213203435596393,280,Algorithm 1,2.130843352384728
1000,1,rademacher,1.5,2.1213203435596393,280,BGS25,2.158781481744227
1000,1,rademacher,1.5,2.1213203435596393,280,BGN11,2.1588616088580417
1000,1,rademacher,1.5,2.1213203435596393,281,Algorithm 1,2.1110548904575883
1000,1,rademacher,1.5,2.1213203435596393,281,BGS25,2.1230810777860505
1000,1,rademacher,1.5,2.1213203435596393,281,BGN11,2.1214105397575858
1000,1,rademacher,1.5,2.1213203435596393,282,Algorithm 1,2.0789700736117696
1000,1,rademacher,1.5,2.1213203435596393,282,BGS25,2.0749283513923977
1000,1,rademacher,1.5,2.1213203435596393,282,BGN11,2.0762699374923357
1000,1,rademacher,1.5,2.1213203435596393,283,Algorithm 1,2.066754721467183
1000,1,rademacher,1.5,2.1213203435596393,283,BGS25,2.066029779722959
1000,1,rademacher,1.5,2.1213203435596393,283,BGN11,2.0682501091003327
1000,1,rademacher,1.5,2.1213203435596393,284,Algorithm 1,2.1106297542134667
1000,1,rademacher,1.5,2.1213203435596393,284,BGS25,2.149309362427665
1000,1,rademacher,1.5,2.1213203435596393,284,BGN11,2.1551509620901874
1000,1,rademacher,1.5,2.1213203435596393,285,Algorithm 1,2.157998159580444
1000,1,rademacher,1.5,2.1213203435596393,285,BGS25,2.128064013495627
1000,1,rademacher,1.5,2.1213203435596393,285,BGN11,2.132542682097746
1000,1,rademacher,1.5,2.1213203435596393,286,Algorithm 1,2.1146525843737476
1000,1,rademacher,1.5,2.1213203435596393,286,BGS25,2.107696319285892
1000,1,rademacher,1.5,2.1213203435596393,286,BGN11,2.1112809718677954
1000,1,rademacher,1.5,2.1213203435596393,287,Algorithm 1,2.053742982452719
1000,1,rademacher,1.5,2.1213203435596393,287,BGS25,2.072981146731234
1000,1,rademacher,1.5,2.1213203435596393,287,BGN11,2.0767298973129837
1000,1,rademacher,1.5,2.1213203435596393,288,Algorithm 1,2.09986306383069
1000,1,rademacher,1.5,2.1213203435596393,288,BGS25,2.0919777818817167
1000,1,rademacher,1.5,2.1213203435596393,288,BGN11,2.0944351477035714
1000,1,rademacher,1.5,2.1213203435596393,289,Algorithm 1,2.1113715520312795
1000,1,rademacher,1.5,2.1213203435596393,289,BGS25,2.170110920816108
1000,1,rademacher,1.5,2.1213203435596393,289,BGN11,2.1699865080585505
1000,1,rademacher,1.5,2.1213203435596393,290,Algorithm 1,2.2017243522942587
1000,1,rademacher,1.5,2.1213203435596393,290,BGS25,2.1823992467242013
1000,1,rademacher,1.5,2.1213203435596393,290,BGN11,2.1865113559362883
1000,1,rademacher,1.5,2.1213203435596393,291,Algorithm 1,2.139065587203095
1000,1,rademacher,1.5,2.1213203435596393,291,BGS25,2.112887672039818
1000,1,rademacher,1.5,2.1213203435596393,291,BGN11,2.1155873197869
1000,1,rademacher,1.5,2.1213203435596393,292,Algorithm 1,2.2637559291741485
1000,1,rademacher,1.5,2.1213203435596393,292,BGS25,2.228349697614009
1000,1,rademacher,1.5,2.1213203435596393,292,BGN11,2.230618414634199
1000,1,rademacher,1.5,2.1213203435596393,293,Algorithm 1,2.073265838331345
1000,1,rademacher,1.5,2.1213203435596393,293,BGS25,2.082389254034136
1000,1,rademacher,1.5,2.1213203435596393,293,BGN11,2.084855874006194
1000,1,rademacher,1.5,2.1213203435596393,294,Algorithm 1,2.138091747715273
1000,1,rademacher,1.5,2.1213203435596393,294,BGS25,2.1577896044137312
1000,1,rademacher,1.5,2.1213203435596393,294,BGN11,2.1576442640885016
1000,1,rademacher,1.5,2.1213203435596393,295,Algorithm 1,2.1480382781843153
1000,1,rademacher,1.5,2.1213203435596393,295,BGS25,2.1358741447390335
1000,1,rademacher,1.5,2.1213203435596393,295,BGN11,2.1395951067020387
1000,1,rademacher,1.5,2.1213203435596393,296,Algorithm 1,2.088492963412644
1000,1,rademacher,1.5,2.1213203435596393,296,BGS25,2.0813415386619853
1000,1,rademacher,1.5,2.1213203435596393,296,BGN11,2.0836341347151355
1000,1,rademacher,1.5,2.1213203435596393,297,Algorithm 1,2.1787441754208428
1000,1,rademacher,1.5,2.1213203435596393,297,BGS25,2.162739224506922
1000,1,rademacher,1.5,2.1213203435596393,297,BGN11,2.168452131166012
1000,1,rademacher,1.5,2.1213203435596393,298,Algorithm 1,2.1822793246953633
1000,1,rademacher,1.5,2.1213203435596393,298,BGS25,2.1066503172247826
1000,1,rademacher,1.5,2.1213203435596393,298,BGN11,2.108944127783037
1000,1,rademacher,1.5,2.1213203435596393,299,Algorithm 1,2.1415828614729513
1000,1,rademacher,1.5,2.1213203435596393,299,BGS25,2.154881846709999
1000,1,rademacher,1.5,2.1213203435596393,299,BGN11,2.1606584117513603
1000,1,rademacher,1.5,2.1213203435596393,300,Algorithm 1,2.0901128257919495
1000,1,rademacher,1.5,2.1213203435596393,300,BGS25,2.122981580651418
1000,1,rademacher,1.5,2.1213203435596393,300,BGN11,2.1252274928749504
1000,1,rademacher,1.5,2.1213203435596393,301,Algorithm 1,2.1169101430325976
1000,1,rademacher,1.5,2.1213203435596393,301,BGS25,2.08140258287158
1000,1,rademacher,1.5,2.1213203435596393,301,BGN11,2.08499351688225
1000,1,rademacher,1.5,2.1213203435596393,302,Algorithm 1,2.0735131369593898
1000,1,rademacher,1.5,2.1213203435596393,302,BGS25,2.0505554592350186
1000,1,rademacher,1.5,2.1213203435596393,302,BGN11,2.055038907870925
1000,1,rademacher,1.5,2.1213203435596393,303,Algorithm 1,2.2559676377689764
1000,1,rademacher,1.5,2.1213203435596393,303,BGS25,2.212687500782901
1000,1,rademacher,1.5,2.1213203435596393,303,BGN11,2.2135634722234476
1000,1,rademacher,1.5,2.1213203435596393,304,Algorithm 1,2.077474851426936
1000,1,rademacher,1.5,2.1213203435596393,304,BGS25,2.0702125579010437
1000,1,rademacher,1.5,2.1213203435596393,304,BGN11,2.0748616976498684
1000,1,rademacher,1.5,2.1213203435596393,305,Algorithm 1,2.2032912665304627
1000,1,rademacher,1.5,2.1213203435596393,305,BGS25,2.1637609551773296
1000,1,rademacher,1.5,2.1213203435596393,305,BGN11,2.1698779796351375
1000,1,rademacher,1.5,2.1213203435596393,306,Algorithm 1,2.0759889293483607
1000,1,rademacher,1.5,2.1213203435596393,306,BGS25,2.086604969528966
1000,1,rademacher,1.5,2.1213203435596393,306,BGN11,2.0917496746857855
1000,1,rademacher,1.5,2.1213203435596393,307,Algorithm 1,2.141460164135431
1000,1,rademacher,1.5,2.1213203435596393,307,BGS25,2.15104944812907
1000,1,rademacher,1.5,2.1213203435596393,307,BGN11,2.154375073491446
1000,1,rademacher,1.5,2.1213203435596393,308,Algorithm 1,2.120813007666121
1000,1,rademacher,1.5,2.1213203435596393,308,BGS25,2.097335166542117
1000,1,rademacher,1.5,2.1213203435596393,308,BGN11,2.0971928882016497
1000,1,rademacher,1.5,2.1213203435596393,309,Algorithm 1,2.040650824019949
1000,1,rademacher,1.5,2.1213203435596393,309,BGS25,2.066461683110075
1000,1,rademacher,1.5,2.1213203435596393,309,BGN11,2.06767720969977
1000,1,rademacher,1.5,2.1213203435596393,310,Algorithm 1,2.1457271275260448
1000,1,rademacher,1.5,2.1213203435596393,310,BGS25,2.157141906010808
1000,1,rademacher,1.5,2.1213203435596393,310,BGN11,2.159648231553956
1000,1,rademacher,1.5,2.1213203435596393,311,Algorithm 1,2.038539346019824
1000,1,rademacher,1.5,2.1213203435596393,311,BGS25,2.0776215318484135
1000,1,rademacher,1.5,2.1213203435596393,311,BGN11,2.0811996179796717
1000,1,rademacher,1.5,2.1213203435596393,312,Algorithm 1,2.125424139631316
1000,1,rademacher,1.5,2.1213203435596393,312,BGS25,2.1819217462613745
1000,1,rademacher,1.5,2.1213203435596393,312,BGN11,2.1865274495010962
1000,1,rademacher,1.5,2.1213203435596393,313,Algorithm 1,2.148808077782263
1000,1,rademacher,1.5,2.1213203435596393,313,BGS25,2.1180408887144693
1000,1,rademacher,1.5,2.1213203435596393,313,BGN11,2.126455549911799
1000,1,rademacher,1.5,2.1213203435596393,314,Algorithm 1,2.1174224501942676
1000,1,rademacher,1.5,2.1213203435596393,314,BGS25,2.154013448043062
1000,1,rademacher,1.5,2.1213203435596393,314,BGN11,2.157186081045663
1000,1,rademacher,1.5,2.1213203435596393,315,Algorithm 1,2.0958772809469783
1000,1,rademacher,1.5,2.1213203435596393,315,BGS25,2.122001080285959
1000,1,rademacher,1.5,2.1213203435596393,315,BGN11,2.1271060741611736
1000,1,rademacher,1.5,2.1213203435596393,316,Algorithm 1,2.152727968209435
1000,1,rademacher,1.5,2.1213203435596393,316,BGS25,2.1247413847479755
1000,1,rademacher,1.5,2.1213203435596393,316,BGN11,2.1289366570062964
1000,1,rademacher,1.5,2.1213203435596393,317,Algorithm 1,2.1325774119993333
1000,1,rademacher,1.5,2.1213203435596393,317,BGS25,2.08115764762954
1000,1,rademacher,1.5,2.1213203435596393,317,BGN11,2.0899415329145237
1000,1,rademacher,1.5,2.1213203435596393,318,Algorithm 1,2.028765557842685
1000,1,rademacher,1.5,2.1213203435596393,318,BGS25,2.014914322202811
1000,1,rademacher,1.5,2.1213203435596393,318,BGN11,2.0194153536976645
1000,1,rademacher,1.5,2.1213203435596393,319,Algorithm 1,2.047762978281051
1000,1,rademacher,1.5,2.1213203435596393,319,BGS25,2.080146165982221
1000,1,rademacher,1.5,2.1213203435596393,319,BGN11,2.0854392811560856
1000,1,rademacher,1.5,2.1213203435596393,320,Algorithm 1,2.1222967697431026
1000,1,rademacher,1.5,2.1213203435596393,320,BGS25,2.124502072939236
1000,1,rademacher,1.5,2.1213203435596393,320,BGN11,2.1251300727658653
1000,1,rademacher,1.5,2.1213203435596393,321,Algorithm 1,2.2466367488543564
1000,1,rademacher,1.5,2.1213203435596393,321,BGS25,2.2092719428752137
1000,1,rademacher,1.5,2.1213203435596393,321,BGN11,2.2139333269289243
1000,1,rademacher,1.5,2.1213203435596393,322,Algorithm 1,2.208934945987299
1000,1,rademacher,1.5,2.1213203435596393,322,BGS25,2.1842434711015497
1000,1,rademacher,1.5,2.1213203435596393,322,BGN11,2.1876651943492194
1000,1,rademacher,1.5,2.1213203435596393,323,Algorithm 1,2.1143816922879557
1000,1,rademacher,1.5,2.1213203435596393,323,BGS25,2.1940449394626924
1000,1,rademacher,1.5,2.1213203435596393,323,BGN11,2.1984801056892285
1000,1,rademacher,1.5,2.1213203435596393,324,Algorithm 1,2.109493578994596
1000,1,rademacher,1.5,2.1213203435596393,324,BGS25,2.080661920870355
1000,1,rademacher,1.5,2.1213203435596393,324,BGN11,2.0845359836525
1000,1,rademacher,1.5,2.1213203435596393,325,Algorithm 1,2.1104058833074673
1000,1,rademacher,1.5,2.1213203435596393,325,BGS25,2.099907903765851
1000,1,rademacher,1.5,2.1213203435596393,325,BGN11,2.099385512965248
1000,1,rademacher,1.5,2.1213203435596393,326,Algorithm 1,2.0826694708050635
1000,1,rademacher,1.5,2.1213203435596393,326,BGS25,2.0772856586705455
1000,1,rademacher,1.5,2.1213203435596393,326,BGN11,2.076208665685325
1000,1,rademacher,1.5,2.1213203435596393,327,Algorithm 1,2.2563712884781717
1000,1,rademacher,1.5,2.1213203435596393,327,BGS25,2.210050651619083
1000,1,rademacher,1.5,2.1213203435596393,327,BGN11,2.207522876184996
1000,1,rademacher,1.5,2.1213203435596393,328,Algorithm 1,2.049715811576705
1000,1,rademacher,1.5,2.1213203435596393,328,BGS25,2.0495683964417024
1000,1,rademacher,1.5,2.1213203435596393,328,BGN11,2.0515446298500604
1000,1,rademacher,1.5,2.1213203435596393,329,Algorithm 1,2.179685239964997
1000,1,rademacher,1.5,2.1213203435596393,329,BGS25,2.16752107617842
1000,1,rademacher,1.5,2.1213203435596393,329,BGN11,2.1703033349539735
1000,1,rademacher,1.5,2.1213203435596393,330,Algorithm 1,2.0551425293539793
1000,1,rademacher,1.5,2.1213203435596393,330,BGS25,2.05067690643972
1000,1,rademacher,1.5,2.1213203435596393,330,BGN11,2.054710671906201
1000,1,rademacher,1.5,2.1213203435596393,331,Algorithm 1,1.9972021823490675
1000,1,rademacher,1.5,2.1213203435596393,331,BGS25,2.043392534673539
1000,1,rademacher,1.5,2.1213203435596393,331,BGN11,2.0437645542390546
1000,1,rademacher,1.5,2.1213203435596393,332,Algorithm 1,2.1246721155906285
1000,1,rademacher,1.5,2.1213203435596393,332,BGS25,2.114813031855112
1000,1,rademacher,1.5,2.1213203435596393,332,BGN11,2.1213186232562866
1000,1,rademacher,1.5,2.1213203435596393,333,Algorithm 1,2.156827971571959
1000,1,rademacher,1.5,2.1213203435596393,333,BGS25,2.1497242742992637
1000,1,rademacher,1.5,2.1213203435596393,333,BGN11,2.1529850885517225
1000,1,rademacher,1.5,2.1213203435596393,334,Algorithm 1,2.18859332506976
1000,1,rademacher,1.5,2.1213203435596393,334,BGS25,2.1999727759334693
1000,1,rademacher,1.5,2.1213203435596393,334,BGN11,2.201844581464033
1000,1,rademacher,1.5,2.1213203435596393,335,Algorithm 1,2.102884663256185
1000,1,rademacher,1.5,2.1213203435596393,335,BGS25,2.1195265555247347
1000,1,rademacher,1.5,2.1213203435596393,335,BGN11,2.1251099781800717
1000,1,rademacher,1.5,2.1213203435596393,336,Algorithm 1,2.185807774757444
1000,1,rademacher,1.5,2.1213203435596393,336,BGS25,2.1534569242430095
1000,1,rademacher,1.5,2.1213203435596393,336,BGN11,2.155723975003184
1000,1,rademacher,1.5,2.1213203435596393,337,Algorithm 1,2.266678598996006
1000,1,rademacher,1.5,2.1213203435596393,337,BGS25,2.1937267524919095
1000,1,rademacher,1.5,2.1213203435596393,337,BGN11,2.1975718394957258
1000,1,rademacher,1.5,2.1213203435596393,338,Algorithm 1,2.0212235451702765
1000,1,rademacher,1.5,2.1213203435596393,338,BGS25,2.0701698767871615
1000,1,rademacher,1.5,2.1213203435596393,338,BGN11,2.0711979250161052
1000,1,rademacher,1.5,2.1213203435596393,339,Algorithm 1,2.22264763652595
1000,1,rademacher,1.5,2.1213203435596393,339,BGS25,2.2022499588040025
1000,1,rademacher,1.5,2.1213203435596393,339,BGN11,2.206995589604147
1000,1,rademacher,1.5,2.1213203435596393,340,Algorithm 1,2.1945189232989177
1000,1,rademacher,1.5,2.1213203435596393,340,BGS25,2.1913240385855253
1000,1,rademacher,1.5,2.1213203435596393,340,BGN11,2.1952742264474483
1000,1,rademacher,1.5,2.1213203435596393,341,Algorithm 1,2.223924184456074
1000,1,rademacher,1.5,2.1213203435596393,341,BGS25,2.2389655934820603
1000,1,rademacher,1.5,2.1213203435596393,341,BGN11,2.241188562088435
1000,1,rademacher,1.5,2.1213203435596393,342,Algorithm 1,2.1607743344495063
1000,1,rademacher,1.5,2.1213203435596393,342,BGS25,2.149966756700885
1000,1,rademacher,1.5,2.1213203435596393,342,BGN11,2.153825388016579
1000,1,rademacher,1.5,2.1213203435596393,343,Algorithm 1,2.0577451536916955
1000,1,rademacher,1.5,2.1213203435596393,343,BGS25,2.127296234130214
1000,1,rademacher,1.5,2.1213203435596393,343,BGN11,2.131234131194745
1000,1,rademacher,1.5,2.1213203435596393,344,Algorithm 1,2.0225431149931756
1000,1,rademacher,1.5,2.1213203435596393,344,BGS25,2.0901721188750058
1000,1,rademacher,1.5,2.1213203435596393,344,BGN11,2.0910910148945825
1000,1,rademacher,1.5,2.1213203435596393,345,Algorithm 1,2.172572322509886
1000,1,rademacher,1.5,2.1213203435596393,345,BGS25,2.140503210485156
1000,1,rademacher,1.5,2.1213203435596393,345,BGN11,2.139103388880475
1000,1,rademacher,1.5,2.1213203435596393,346,Algorithm 1,2.0136116728075906
1000,1,rademacher,1.5,2.1213203435596393,346,BGS25,2.04485397905796
1000,1,rademacher,1.5,2.1213203435596393,346,BGN11,2.0498602723852195
1000,1,rademacher,1.5,2.1213203435596393,347,Algorithm 1,2.16641707637179
1000,1,rademacher,1.5,2.1213203435596393,347,BGS25,2.195864416536173
1000,1,rademacher,1.5,2.1213203435596393,347,BGN11,2.193049501183408
1000,1,rademacher,1.5,2.1213203435596393,348,Algorithm 1,2.00123427385004
1000,1,rademacher,1.5,2.1213203435596393,348,BGS25,1.9923583498549737
1000,1,rademacher,1.5,2.1213203435596393,348,BGN11,1.9984508498914821
1000,1,rademacher,1.5,2.1213203435596393,349,Algorithm 1,2.0860000024073306
1000,1,rademacher,1.5,2.1213203435596393,349,BGS25,2.1673560151200006
1000,1,rademacher,1.5,2.1213203435596393,349,BGN11,2.171586520170288
1000,1,rademacher,1.5,2.1213203435596393,350,Algorithm 1,2.0995927747021454
1000,1,rademacher,1.5,2.1213203435596393,350,BGS25,2.153633483770546
1000,1,rademacher,1.5,2.1213203435596393,350,BGN11,2.158983663354308
1000,1,rademacher,1.5,2.1213203435596393,351,Algorithm 1,2.2011850281198515
1000,1,rademacher,1.5,2.1213203435596393,351,BGS25,2.204831695150994
1000,1,rademacher,1.5,2.1213203435596393,351,BGN11,2.2126309649367326
1000,1,rademacher,1.5,2.1213203435596393,352,Algorithm 1,2.0746795175806474
1000,1,rademacher,1.5,2.1213203435596393,352,BGS25,2.071760560984554
1000,1,rademacher,1.5,2.1213203435596393,352,BGN11,2.076372651691175
1000,1,rademacher,1.5,2.1213203435596393,353,Algorithm 1,2.079024727429364
1000,1,rademacher,1.5,2.1213203435596393,353,BGS25,2.0744652751222237
1000,1,rademacher,1.5,2.1213203435596393,353,BGN11,2.073640927394544
1000,1,rademacher,1.5,2.1213203435596393,354,Algorithm 1,2.012081539513386
1000,1,rademacher,1.5,2.1213203435596393,354,BGS25,2.113133210338734
1000,1,rademacher,1.5,2.1213203435596393,354,BGN11,2.113975514175402
1000,1,rademacher,1.5,2.1213203435596393,355,Algorithm 1,2.1164302026101844
1000,1,rademacher,1.5,2.1213203435596393,355,BGS25,2.1567292109629506
1000,1,rademacher,1.5,2.1213203435596393,355,BGN11,2.1562155801520277
1000,1,rademacher,1.5,2.1213203435596393,356,Algorithm 1,2.1549505322960885
1000,1,rademacher,1.5,2.1213203435596393,356,BGS25,2.1356451555634774
1000,1,rademacher,1.5,2.1213203435596393,356,BGN11,2.142207266194224
1000,1,rademacher,1.5,2.1213203435596393,357,Algorithm 1,2.1648178939504685
1000,1,rademacher,1.5,2.1213203435596393,357,BGS25,2.159355124298175
1000,1,rademacher,1.5,2.1213203435596393,357,BGN11,2.159348492677352
1000,1,rademacher,1.5,2.1213203435596393,358,Algorithm 1,2.118851451481031
1000,1,rademacher,1.5,2.1213203435596393,358,BGS25,2.089044857180817
1000,1,rademacher,1.5,2.1213203435596393,358,BGN11,2.0919754987490577
1000,1,rademacher,1.5,2.1213203435596393,359,Algorithm 1,2.1111387065142857
1000,1,rademacher,1.5,2.1213203435596393,359,BGS25,2.104618674851121
1000,1,rademacher,1.5,2.1213203435596393,359,BGN11,2.106099136697204
1000,1,rademacher,1.5,2.1213203435596393,360,Algorithm 1,2.0834609513797484
1000,1,rademacher,1.5,2.1213203435596393,360,BGS25,2.112798214760369
1000,1,rademacher,1.5,2.1213203435596393,360,BGN11,2.1189565392404894
1000,1,rademacher,1.5,2.1213203435596393,361,Algorithm 1,2.159010133496322
1000,1,rademacher,1.5,2.1213203435596393,361,BGS25,2.138030282469809
1000,1,rademacher,1.5,2.1213203435596393,361,BGN11,2.143092348685275
1000,1,rademacher,1.5,2.1213203435596393,362,Algorithm 1,2.184052378236067
1000,1,rademacher,1.5,2.1213203435596393,362,BGS25,2.1349834048080307
1000,1,rademacher,1.5,2.1213203435596393,362,BGN11,2.135254388642136
1000,1,rademacher,1.5,2.1213203435596393,363,Algorithm 1,2.0711880825537454
1000,1,rademacher,1.5,2.1213203435596393,363,BGS25,2.060156605218933
1000,1,rademacher,1.5,2.1213203435596393,363,BGN11,2.0635212251950366
1000,1,rademacher,1.5,2.1213203435596393,364,Algorithm 1,2.1460552143027845
1000,1,rademacher,1.5,2.1213203435596393,364,BGS25,2.126791731915464
1000,1,rademacher,1.5,2.1213203435596393,364,BGN11,2.128231694187685
1000,1,rademacher,1.5,2.1213203435596393,365,Algorithm 1,2.153167605568483
1000,1,rademacher,1.5,2.1213203435596393,365,BGS25,2.159865842479808
1000,1,rademacher,1.5,2.1213203435596393,365,BGN11,2.1632753102184794
1000,1,rademacher,1.5,2.1213203435596393,366,Algorithm 1,2.1397909643830313
1000,1,rademacher,1.5,2.1213203435596393,366,BGS25,2.1422602705845017
1000,1,rademacher,1.5,2.1213203435596393,366,BGN11,2.146460413831318
1000,1,rademacher,1.5,2.1213203435596393,367,Algorithm 1,2.151470696705531
1000,1,rademacher,1.5,2.1213203435596393,367,BGS25,2.1329293279115635
1000,1,rademacher,1.5,2.1213203435596393,367,BGN11,2.136393886883636
1000,1,rademacher,1.5,2.1213203435596393,368,Algorithm 1,2.0921287770187154
1000,1,rademacher,1.5,2.1213203435596393,368,BGS25,2.0845006088256577
1000,1,rademacher,1.5,2.1213203435596393,368,BGN11,2.085841651643635
1000,1,rademacher,1.5,2.1213203435596393,369,Algorithm 1,2.010552288177125
1000,1,rademacher,1.5,2.1213203435596393,369,BGS25,2.0485590743912394
1000,1,rademacher,1.5,2.1213203435596393,369,BGN11,2.0529823614219818
1000,1,rademacher,1.5,2.1213203435596393,370,Algorithm 1,2.0584114010798347
1000,1,rademacher,1.5,2.1213203435596393,370,BGS25,2.06390063934935
1000,1,rademacher,1.5,2.1213203435596393,370,BGN11,2.0656259910327717
1000,1,rademacher,1.5,2.1213203435596393,371,Algorithm 1,2.0706521007944056
1000,1,rademacher,1.5,2.1213203435596393,371,BGS25,2.079702273211687
1000,1,rademacher,1.5,2.1213203435596393,371,BGN11,2.0864398044638546
1000,1,rademacher,1.5,2.1213203435596393,372,Algorithm 1,2.0199350705528865
1000,1,rademacher,1.5,2.1213203435596393,372,BGS25,2.056773432328715
1000,1,rademacher,1.5,2.1213203435596393,372,BGN11,2.057707771818813
1000,1,rademacher,1.5,2.1213203435596393,373,Algorithm 1,2.154689809113032
1000,1,rademacher,1.5,2.1213203435596393,373,BGS25,2.102358028777993
1000,1,rademacher,1.5,2.1213203435596393,373,BGN11,2.108334481394179
1000,1,rademacher,1.5,2.1213203435596393,374,Algorithm 1,2.1426990988082464
1000,1,rademacher,1.5,2.1213203435596393,374,BGS25,2.173557747937271
1000,1,rademacher,1.5,2.1213203435596393,374,BGN11,2.1769869559585047
1000,1,rademacher,1.5,2.1213203435596393,375,Algorithm 1,2.019632380566501
1000,1,rademacher,1.5,2.1213203435596393,375,BGS25,2.063286477339483
1000,1,rademacher,1.5,2.1213203435596393,375,BGN11,2.0650782090279556
1000,1,rademacher,1.5,2.1213203435596393,376,Algorithm 1,2.154915517108229
1000,1,rademacher,1.5,2.1213203435596393,376,BGS25,2.1160142242335653
1000,1,rademacher,1.5,2.1213203435596393,376,BGN11,2.1181619139491814
1000,1,rademacher,1.5,2.1213203435596393,377,Algorithm 1,2.101981799484275
1000,1,rademacher,1.5,2.1213203435596393,377,BGS25,2.1093847374424946
1000,1,rademacher,1.5,2.1213203435596393,377,BGN11,2.113676584588948
1000,1,rademacher,1.5,2.1213203435596393,378,Algorithm 1,2.04929542281077
1000,1,rademacher,1.5,2.1213203435596393,378,BGS25,2.065146003264593
1000,1,rademacher,1.5,2.1213203435596393,378,BGN11,2.0691709001495338
1000,1,rademacher,1.5,2.1213203435596393,379,Algorithm 1,2.0624182682585497
1000,1,rademacher,1.5,2.1213203435596393,379,BGS25,2.0652307415750273
1000,1,rademacher,1.5,2.1213203435596393,379,BGN11,2.069523552028582
1000,1,rademacher,1.5,2.1213203435596393,380,Algorithm 1,2.1112208371144257
1000,1,rademacher,1.5,2.1213203435596393,380,BGS25,2.1071508565335
1000,1,rademacher,1.5,2.1213203435596393,380,BGN11,2.108741102197171
1000,1,rademacher,1.5,2.1213203435596393,381,Algorithm 1,2.0706132799433585
1000,1,rademacher,1.5,2.1213203435596393,381,BGS25,2.059874366231366
1000,1,rademacher,1.5,2.1213203435596393,381,BGN11,2.0581990997362287
1000,1,rademacher,1.5,2.1213203435596393,382,Algorithm 1,2.147469801316181
1000,1,rademacher,1.5,2.1213203435596393,382,BGS25,2.173555380279574
1000,1,rademacher,1.5,2.1213203435596393,382,BGN11,2.175900023001918
1000,1,rademacher,1.5,2.1213203435596393,383,Algorithm 1,2.050035210175458
1000,1,rademacher,1.5,2.1213203435596393,383,BGS25,2.0792482973775432
1000,1,rademacher,1.5,2.1213203435596393,383,BGN11,2.0815235028965238
1000,1,rademacher,1.5,2.1213203435596393,384,Algorithm 1,2.0878214533790835
1000,1,rademacher,1.5,2.1213203435596393,384,BGS25,2.1155613212487947
1000,1,rademacher,1.5,2.1213203435596393,384,BGN11,2.112658421045571
1000,1,rademacher,1.5,2.1213203435596393,385,Algorithm 1,2.062829159911616
1000,1,rademacher,1.5,2.1213203435596393,385,BGS25,2.0914006711859026
1000,1,rademacher,1.5,2.1213203435596393,385,BGN11,2.093881327729721
1000,1,rademacher,1.5,2.1213203435596393,386,Algorithm 1,2.0888125752242286
1000,1,rademacher,1.5,2.1213203435596393,386,BGS25,2.094354144739066
1000,1,rademacher,1.5,2.1213203435596393,386,BGN11,2.092033436899356
1000,1,rademacher,1.5,2.1213203435596393,387,Algorithm 1,2.2206929499486017
1000,1,rademacher,1.5,2.1213203435596393,387,BGS25,2.2039247953652144
1000,1,rademacher,1.5,2.1213203435596393,387,BGN11,2.208102749701534
1000,1,rademacher,1.5,2.1213203435596393,388,Algorithm 1,2.0689939867763374
1000,1,rademacher,1.5,2.1213203435596393,388,BGS25,2.086063608921458
1000,1,rademacher,1.5,2.1213203435596393,388,BGN11,2.0848484965352867
1000,1,rademacher,1.5,2.1213203435596393,389,Algorithm 1,2.1437978170520013
1000,1,rademacher,1.5,2.1213203435596393,389,BGS25,2.137073326545289
1000,1,rademacher,1.5,2.1213203435596393,389,BGN11,2.1405787989427965
1000,1,rademacher,1.5,2.1213203435596393,390,Algorithm 1,2.087109043543636
1000,1,rademacher,1.5,2.1213203435596393,390,BGS25,2.1203798744128006
1000,1,rademacher,1.5,2.1213203435596393,390,BGN11,2.119416092102498
1000,1,rademacher,1.5,2.1213203435596393,391,Algorithm 1,2.117469258164487
1000,1,rademacher,1.5,2.1213203435596393,391,BGS25,2.1641249851071924
1000,1,rademacher,1.5,2.1213203435596393,391,BGN11,2.16646081336459
1000,1,rademacher,1.5,2.1213203435596393,392,Algorithm 1,2.010594046793625
1000,1,rademacher,1.5,2.1213203435596393,392,BGS25,2.0089711997884208
1000,1,rademacher,1.5,2.1213203435596393,392,BGN11,2.0146954085515727
1000,1,rademacher,1.5,2.1213203435596393,393,Algorithm 1,2.079335857797867
1000,1,rademacher,1.5,2.1213203435596393,393,BGS25,2.095229276822831
1000,1,rademacher,1.5,2.1213203435596393,393,BGN11,2.096780316605894
1000,1,rademacher,1.5,2.1213203435596393,394,Algorithm 1,2.1402406645259067
1000,1,rademacher,1.5,2.1213203435596393,394,BGS25,2.1298524334345403
1000,1,rademacher,1.5,2.1213203435596393,394,BGN11,2.13071931554244
1000,1,rademacher,1.5,2.1213203435596393,395,Algorithm 1,2.137378155733762
1000,1,rademacher,1.5,2.1213203435596393,395,BGS25,2.1158992056887964
1000,1,rademacher,1.5,2.1213203435596393,395,BGN11,2.1222627697081395
1000,1,rademacher,1.5,2.1213203435596393,396,Algorithm 1,2.02428608992815
1000,1,rademacher,1.5,2.1213203435596393,396,BGS25,2.027017192576804
1000,1,rademacher,1.5,2.1213203435596393,396,BGN11,2.0286447319339227
1000,1,rademacher,1.5,2.1213203435596393,397,Algorithm 1,2.0110185849999285
1000,1,rademacher,1.5,2.1213203435596393,397,BGS25,2.045035321998126
1000,1,rademacher,1.5,2.1213203435596393,397,BGN11,2.051787288649947
1000,1,rademacher,1.5,2.1213203435596393,398,Algorithm 1,1.9531642094547375
1000,1,rademacher,1.5,2.1213203435596393,398,BGS25,1.9859328452895992
1000,1,rademacher,1.5,2.1213203435596393,398,BGN11,1.9914502328247545
1000,1,rademacher,1.5,2.1213203435596393,399,Algorithm 1,2.0881971050143187
1000,1,rademacher,1.5,2.1213203435596393,399,BGS25,2.1139433302620203
1000,1,rademacher,1.5,2.1213203435596393,399,BGN11,2.11514056427039
1000,1,rademacher,1.5,2.1213203435596393,400,Algorithm 1,2.153183753771205
1000,1,rademacher,1.5,2.1213203435596393,400,BGS25,2.1585012763443623
1000,1,rademacher,1.5,2.1213203435596393,400,BGN11,2.161851693012048
1000,1,rademacher,1.5,2.1213203435596393,401,Algorithm 1,2.1243256600497062
1000,1,rademacher,1.5,2.1213203435596393,401,BGS25,2.125829084532497
1000,1,rademacher,1.5,2.1213203435596393,401,BGN11,2.13043163376142
1000,1,rademacher,1.5,2.1213203435596393,402,Algorithm 1,2.1594352228841895
1000,1,rademacher,1.5,2.1213203435596393,402,BGS25,2.1892572311197505
1000,1,rademacher,1.5,2.1213203435596393,402,BGN11,2.19256200897591
1000,1,rademacher,1.5,2.1213203435596393,403,Algorithm 1,2.0266375110642256
1000,1,rademacher,1.5,2.1213203435596393,403,BGS25,2.0878161083794757
1000,1,rademacher,1.5,2.1213203435596393,403,BGN11,2.0847199364450284
1000,1,rademacher,1.5,2.1213203435596393,404,Algorithm 1,2.2202320460394187
1000,1,rademacher,1.5,2.1213203435596393,404,BGS25,2.193186080829493
1000,1,rademacher,1.5,2.1213203435596393,404,BGN11,2.194251988218005
1000,1,rademacher,1.5,2.1213203435596393,405,Algorithm 1,2.0577637570628413
1000,1,rademacher,1.5,2.1213203435596393,405,BGS25,2.0586350142095258
1000,1,rademacher,1.5,2.1213203435596393,405,BGN11,2.059452848709387
1000,1,rademacher,1.5,2.1213203435596393,406,Algorithm 1,2.1134345779349197
1000,1,rademacher,1.5,2.1213203435596393,406,BGS25,2.1244273966887395
1000,1,rademacher,1.5,2.1213203435596393,406,BGN11,2.1239931466733264
1000,1,rademacher,1.5,2.1213203435596393,407,Algorithm 1,2.1387078340699475
1000,1,rademacher,1.5,2.1213203435596393,407,BGS25,2.1813801960318076
1000,1,rademacher,1.5,2.1213203435596393,407,BGN11,2.18257560879123
1000,1,rademacher,1.5,2.1213203435596393,408,Algorithm 1,2.130205051122798
1000,1,rademacher,1.5,2.1213203435596393,408,BGS25,2.156834001102199
1000,1,rademacher,1.5,2.1213203435596393,408,BGN11,2.157613994797539
1000,1,rademacher,1.5,2.1213203435596393,409,Algorithm 1,1.9942897077049762
1000,1,rademacher,1.5,2.1213203435596393,409,BGS25,2.0266988651525373
1000,1,rademacher,1.5,2.1213203435596393,409,BGN11,2.031429922869934
1000,1,rademacher,1.5,2.1213203435596393,410,Algorithm 1,2.075716631970541
1000,1,rademacher,1.5,2.1213203435596393,410,BGS25,2.089261375921475
1000,1,rademacher,1.5,2.1213203435596393,410,BGN11,2.0913238983045543
1000,1,rademacher,1.5,2.1213203435596393,411,Algorithm 1,2.092618933946298
1000,1,rademacher,1.5,2.1213203435596393,411,BGS25,2.0211544783981497
1000,1,rademacher,1.5,2.1213203435596393,411,BGN11,2.0263688068569765
1000,1,rademacher,1.5,2.1213203435596393,412,Algorithm 1,2.1831116596236835
1000,1,rademacher,1.5,2.1213203435596393,412,BGS25,2.1259877772173676
1000,1,rademacher,1.5,2.1213203435596393,412,BGN11,2.1297435257304196
1000,1,rademacher,1.5,2.1213203435596393,413,Algorithm 1,2.1306340246699467
1000,1,rademacher,1.5,2.1213203435596393,413,BGS25,2.1452951227913366
1000,1,rademacher,1.5,2.1213203435596393,413,BGN11,2.1459368451843868
1000,1,rademacher,1.5,2.1213203435596393,414,Algorithm 1,2.1130017095243256
1000,1,rademacher,1.5,2.1213203435596393,414,BGS25,2.1095141088384635
1000,1,rademacher,1.5,2.1213203435596393,414,BGN11,2.113456007933769
1000,1,rademacher,1.5,2.1213203435596393,415,Algorithm 1,2.125808529278451
1000,1,rademacher,1.5,2.1213203435596393,415,BGS25,2.0769643584351276
1000,1,rademacher,1.5,2.1213203435596393,415,BGN11,2.084388526838892
1000,1,rademacher,1.5,2.1213203435596393,416,Algorithm 1,2.094540771110289
1000,1,rademacher,1.5,2.1213203435596393,416,BGS25,2.135827181541074
1000,1,rademacher,1.5,2.1213203435596393,416,BGN11,2.138167137630788
1000,1,rademacher,1.5,2.1213203435596393,417,Algorithm 1,2.09722049287989
1000,1,rademacher,1.5,2.1213203435596393,417,BGS25,2.1451118449738744
1000,1,rademacher,1.5,2.1213203435596393,417,BGN11,2.152998820646673
1000,1,rademacher,1.5,2.1213203435596393,418,Algorithm 1,2.1750517462013192
1000,1,rademacher,1.5,2.1213203435596393,418,BGS25,2.133395235228451
1000,1,rademacher,1.5,2.1213203435596393,418,BGN11,2.1282575315156387
1000,1,rademacher,1.5,2.1213203435596393,419,Algorithm 1,2.1144003824243236
1000,1,rademacher,1.5,2.1213203435596393,419,BGS25,2.185356242289883
1000,1,rademacher,1.5,2.1213203435596393,419,BGN11,2.1876621965148995
1000,1,rademacher,1.5,2.1213203435596393,420,Algorithm 1,2.2192013710338023
1000,1,rademacher,1.5,2.1213203435596393,420,BGS25,2.1354183393106307
1000,1,rademacher,1.5,2.1213203435596393,420,BGN11,2.1419845676519302
1000,1,rademacher,1.5,2.1213203435596393,421,Algorithm 1,2.1990611902565513
1000,1,rademacher,1.5,2.1213203435596393,421,BGS25,2.15109658462972
1000,1,rademacher,1.5,2.1213203435596393,421,BGN11,2.150492669411205
1000,1,rademacher,1.5,2.1213203435596393,422,Algorithm 1,2.087739971538704
1000,1,rademacher,1.5,2.1213203435596393,422,BGS25,2.101592559271936
1000,1,rademacher,1.5,2.1213203435596393,422,BGN11,2.10203017969802
1000,1,rademacher,1.5,2.1213203435596393,423,Algorithm 1,2.2180281802349096
1000,1,rademacher,1.5,2.1213203435596393,423,BGS25,2.231242847759397
1000,1,rademacher,1.5,2.1213203435596393,423,BGN11,2.233135152020157
1000,1,rademacher,1.5,2.1213203435596393,424,Algorithm 1,2.0919035136597155
1000,1,rademacher,1.5,2.1213203435596393,424,BGS25,2.149095143097771
1000,1,rademacher,1.5,2.1213203435596393,424,BGN11,2.154375128551106
1000,1,rademacher,1.5,2.1213203435596393,425,Algorithm 1,2.111117861004053
1000,1,rademacher,1.5,2.1213203435596393,425,BGS25,2.1146500982969343
1000,1,rademacher,1.5,2.1213203435596393,425,BGN11,2.1172789908120375
1000,1,rademacher,1.5,2.1213203435596393,426,Algorithm 1,2.035576871795345
1000,1,rademacher,1.5,2.1213203435596393,426,BGS25,2.037934987522743
1000,1,rademacher,1.5,2.1213203435596393,426,BGN11,2.0477829296795216
1000,1,rademacher,1.5,2.1213203435596393,427,Algorithm 1,2.1249321052854606
1000,1,rademacher,1.5,2.1213203435596393,427,BGS25,2.1205142465196554
1000,1,rademacher,1.5,2.1213203435596393,427,BGN11,2.1237721701640457
1000,1,rademacher,1.5,2.1213203435596393,428,Algorithm 1,2.116400542670703
1000,1,rademacher,1.5,2.1213203435596393,428,BGS25,2.1049919527843484
1000,1,rademacher,1.5,2.1213203435596393,428,BGN11,2.1106789000391304
1000,1,rademacher,1.5,2.1213203435596393,429,Algorithm 1,2.0150402923328783
1000,1,rademacher,1.5,2.1213203435596393,429,BGS25,2.0300532641088664
1000,1,rademacher,1.5,2.1213203435596393,429,BGN11,2.038484576032065
1000,1,rademacher,1.5,2.1213203435596393,430,Algorithm 1,2.064404720938004
1000,1,rademacher,1.5,2.1213203435596393,430,BGS25,2.106911036977949
1000,1,rademacher,1.5,2.1213203435596393,430,BGN11,2.112272085266708
1000,1,rademacher,1.5,2.1213203435596393,431,Algorithm 1,2.1438572099360513
1000,1,rademacher,1.5,2.1213203435596393,431,BGS25,2.121081737861804
1000,1,rademacher,1.5,2.1213203435596393,431,BGN11,2.1194323413519234
1000,1,rademacher,1.5,2.1213203435596393,432,Algorithm 1,2.0815160857842834
1000,1,rademacher,1.5,2.1213203435596393,432,BGS25,2.0637284843463846
1000,1,rademacher,1.5,2.1213203435596393,432,BGN11,2.065264997205206
1000,1,rademacher,1.5,2.1213203435596393,433,Algorithm 1,2.081295349645083
1000,1,rademacher,1.5,2.1213203435596393,433,BGS25,2.103528250876659
1000,1,rademacher,1.5,2.1213203435596393,433,BGN11,2.103408301271243
1000,1,rademacher,1.5,2.1213203435596393,434,Algorithm 1,2.1399954603870963
1000,1,rademacher,1.5,2.1213203435596393,434,BGS25,2.1556961717286427
1000,1,rademacher,1.5,2.1213203435596393,434,BGN11,2.1557184036180597
1000,1,rademacher,1.5,2.1213203435596393,435,Algorithm 1,2.1197310198167947
1000,1,rademacher,1.5,2.1213203435596393,435,BGS25,2.0946616003285974
1000,1,rademacher,1.5,2.1213203435596393,435,BGN11,2.0974881829240277
1000,1,rademacher,1.5,2.1213203435596393,436,Algorithm 1,2.0958879072361216
1000,1,rademacher,1.5,2.1213203435596393,436,BGS25,2.0954025419414872
1000,1,rademacher,1.5,2.1213203435596393,436,BGN11,2.101711519743427
1000,1,rademacher,1.5,2.1213203435596393,437,Algorithm 1,2.1607913886689825
1000,1,rademacher,1.5,2.1213203435596393,437,BGS25,2.1528212152933746
1000,1,rademacher,1.5,2.1213203435596393,437,BGN11,2.1527616449535967
1000,1,rademacher,1.5,2.1213203435596393,438,Algorithm 1,2.068431678212631
1000,1,rademacher,1.5,2.1213203435596393,438,BGS25,2.096664572132899
1000,1,rademacher,1.5,2.1213203435596393,438,BGN11,2.0982928768697366
1000,1,rademacher,1.5,2.1213203435596393,439,Algorithm 1,2.085246452679045
1000,1,rademacher,1.5,2.1213203435596393,439,BGS25,2.099530243466627
1000,1,rademacher,1.5,2.1213203435596393,439,BGN11,2.104079620745522
1000,1,rademacher,1.5,2.1213203435596393,440,Algorithm 1,2.011562994338588
1000,1,rademacher,1.5,2.1213203435596393,440,BGS25,2.082542934156394
1000,1,rademacher,1.5,2.1213203435596393,440,BGN11,2.087519870764001
1000,1,rademacher,1.5,2.1213203435596393,441,Algorithm 1,2.0447376916398747
1000,1,rademacher,1.5,2.1213203435596393,441,BGS25,2.0167181746292684
1000,1,rademacher,1.5,2.1213203435596393,441,BGN11,2.0198628216760537
1000,1,rademacher,1.5,2.1213203435596393,442,Algorithm 1,2.092326541076625
1000,1,rademacher,1.5,2.1213203435596393,442,BGS25,2.147767314469477
1000,1,rademacher,1.5,2.1213203435596393,442,BGN11,2.146949924382058
1000,1,rademacher,1.5,2.1213203435596393,443,Algorithm 1,2.1108036683495497
1000,1,rademacher,1.5,2.1213203435596393,443,BGS25,2.1018993985590875
1000,1,rademacher,1.5,2.1213203435596393,443,BGN11,2.1025171090551305
1000,1,rademacher,1.5,2.1213203435596393,444,Algorithm 1,1.9803887497401655
1000,1,rademacher,1.5,2.1213203435596393,444,BGS25,2.0193130590075605
1000,1,rademacher,1.5,2.1213203435596393,444,BGN11,2.023257758517636
1000,1,rademacher,1.5,2.1213203435596393,445,Algorithm 1,2.1197536903013097
1000,1,rademacher,1.5,2.1213203435596393,445,BGS25,2.1651722350700036
1000,1,rademacher,1.5,2.1213203435596393,445,BGN11,2.16780876103286
1000,1,rademacher,1.5,2.1213203435596393,446,Algorithm 1,2.101180138997713
1000,1,rademacher,1.5,2.1213203435596393,446,BGS25,2.1185857402153943
1000,1,rademacher,1.5,2.1213203435596393,446,BGN11,2.122076859833993
1000,1,rademacher,1.5,2.1213203435596393,447,Algorithm 1,2.030130858615568
1000,1,rademacher,1.5,2.1213203435596393,447,BGS25,2.0995046203596113
1000,1,rademacher,1.5,2.1213203435596393,447,BGN11,2.101890321674921
1000,1,rademacher,1.5,2.1213203435596393,448,Algorithm 1,2.081917628770558
1000,1,rademacher,1.5,2.1213203435596393,448,BGS25,2.123354815692703
1000,1,rademacher,1.5,2.1213203435596393,448,BGN11,2.127475431914619
1000,1,rademacher,1.5,2.1213203435596393,449,Algorithm 1,2.1162576310941095
1000,1,rademacher,1.5,2.1213203435596393,449,BGS25,2.128365609400709
1000,1,rademacher,1.5,2.1213203435596393,449,BGN11,2.128051363835075
1000,1,rademacher,1.5,2.1213203435596393,450,Algorithm 1,2.0946628918665247
1000,1,rademacher,1.5,2.1213203435596393,450,BGS25,2.0889107184851863
1000,1,rademacher,1.5,2.1213203435596393,450,BGN11,2.0900480178481686
1000,1,rademacher,1.5,2.1213203435596393,451,Algorithm 1,2.1197140122950495
1000,1,rademacher,1.5,2.1213203435596393,451,BGS25,2.089756242760834
1000,1,rademacher,1.5,2.1213203435596393,451,BGN11,2.0924915147540513
1000,1,rademacher,1.5,2.1213203435596393,452,Algorithm 1,2.0258791639755067
1000,1,rademacher,1.5,2.1213203435596393,452,BGS25,2.0330162414239914
1000,1,rademacher,1.5,2.1213203435596393,452,BGN11,2.038651647801398
1000,1,rademacher,1.5,2.1213203435596393,453,Algorithm 1,2.089310657859697
1000,1,rademacher,1.5,2.1213203435596393,453,BGS25,2.101372144155471
1000,1,rademacher,1.5,2.1213203435596393,453,BGN11,2.1019361132461833
1000,1,rademacher,1.5,2.1213203435596393,454,Algorithm 1,2.1675749339479893
1000,1,rademacher,1.5,2.1213203435596393,454,BGS25,2.1916828815356566
1000,1,rademacher,1.5,2.1213203435596393,454,BGN11,2.1946204565719314
1000,1,rademacher,1.5,2.1213203435596393,455,Algorithm 1,1.9915951542542973
1000,1,rademacher,1.5,2.1213203435596393,455,BGS25,2.0376877854382145
1000,1,rademacher,1.5,2.1213203435596393,455,BGN11,2.0411692165745694
1000,1,rademacher,1.5,2.1213203435596393,456,Algorithm 1,2.0928835447492933
1000,1,rademacher,1.5,2.1213203435596393,456,BGS25,2.114853081899634
1000,1,rademacher,1.5,2.1213203435596393,456,BGN11,2.117563503224587
1000,1,rademacher,1.5,2.1213203435596393,457,Algorithm 1,2.145336798873562
1000,1,rademacher,1.5,2.1213203435596393,457,BGS25,2.14300043922711
1000,1,rademacher,1.5,2.1213203435596393,457,BGN11,2.141766597758794
1000,1,rademacher,1.5,2.1213203435596393,458,Algorithm 1,2.075506910644306
1000,1,rademacher,1.5,2.1213203435596393,458,BGS25,2.0966624587956355
1000,1,rademacher,1.5,2.1213203435596393,458,BGN11,2.099689867199413
1000,1,rademacher,1.5,2.1213203435596393,459,Algorithm 1,2.139458947802921
1000,1,rademacher,1.5,2.1213203435596393,459,BGS25,2.1422667070174244
1000,1,rademacher,1.5,2.1213203435596393,459,BGN11,2.1466060799352507
1000,1,rademacher,1.5,2.1213203435596393,460,Algorithm 1,2.0692053391308844
1000,1,rademacher,1.5,2.1213203435596393,460,BGS25,2.153662167490759
1000,1,rademacher,1.5,2.1213203435596393,460,BGN11,2.156183756288654
1000,1,rademacher,1.5,2.1213203435596393,461,Algorithm 1,2.0701930861037825
1000,1,rademacher,1.5,2.1213203435596393,461,BGS25,2.1003718057573257
1000,1,rademacher,1.5,2.1213203435596393,461,BGN11,2.0979783448783493
1000,1,rademacher,1.5,2.1213203435596393,462,Algorithm 1,2.139541316498702
1000,1,rademacher,1.5,2.1213203435596393,462,BGS25,2.148259807581656
1000,1,rademacher,1.5,2.1213203435596393,462,BGN11,2.153367759936209
1000,1,rademacher,1.5,2.1213203435596393,463,Algorithm 1,2.146218947659617
1000,1,rademacher,1.5,2.1213203435596393,463,BGS25,2.13964286379668
1000,1,rademacher,1.5,2.1213203435596393,463,BGN11,2.141871807381091
1000,1,rademacher,1.5,2.1213203435596393,464,Algorithm 1,2.1910002291918285
1000,1,rademacher,1.5,2.1213203435596393,464,BGS25,2.1580736408042602
1000,1,rademacher,1.5,2.1213203435596393,464,BGN11,2.1647588633982204
1000,1,rademacher,1.5,2.1213203435596393,465,Algorithm 1,2.0923574746683533
1000,1,rademacher,1.5,2.1213203435596393,465,BGS25,2.158456603131605
1000,1,rademacher,1.5,2.1213203435596393,465,BGN11,2.163982298131326
1000,1,rademacher,1.5,2.1213203435596393,466,Algorithm 1,2.1488729093777756
1000,1,rademacher,1.5,2.1213203435596393,466,BGS25,2.1689877821215404
1000,1,rademacher,1.5,2.1213203435596393,466,BGN11,2.170137342332685
1000,1,rademacher,1.5,2.1213203435596393,467,Algorithm 1,2.0655903678517475
1000,1,rademacher,1.5,2.1213203435596393,467,BGS25,2.0789435450466747
1000,1,rademacher,1.5,2.1213203435596393,467,BGN11,2.083635453101991
1000,1,rademacher,1.5,2.1213203435596393,468,Algorithm 1,2.0885901912870235
1000,1,rademacher,1.5,2.1213203435596393,468,BGS25,2.0758379116834424
1000,1,rademacher,1.5,2.1213203435596393,468,BGN11,2.081252502030299
1000,1,rademacher,1.5,2.1213203435596393,469,Algorithm 1,2.205499137478586
1000,1,rademacher,1.5,2.1213203435596393,469,BGS25,2.1767069564402695
1000,1,rademacher,1.5,2.1213203435596393,469,BGN11,2.177146063071859
1000,1,rademacher,1.5,2.1213203435596393,470,Algorithm 1,2.025649908666712
1000,1,rademacher,1.5,2.1213203435596393,470,BGS25,2.074654597408185
1000,1,rademacher,1.5,2.1213203435596393,470,BGN11,2.074795098441754
1000,1,rademacher,1.5,2.1213203435596393,471,Algorithm 1,2.170074870778533
1000,1,rademacher,1.5,2.1213203435596393,471,BGS25,2.182946013150476
1000,1,rademacher,1.5,2.1213203435596393,471,BGN11,2.1870725302576846
1000,1,rademacher,1.5,2.1213203435596393,472,Algorithm 1,1.963949184924241
1000,1,rademacher,1.5,2.1213203435596393,472,BGS25,2.0369720495116903
1000,1,rademacher,1.5,2.1213203435596393,472,BGN11,2.040865825765021
1000,1,rademacher,1.5,2.1213203435596393,473,Algorithm 1,2.0973341794925173
1000,1,rademacher,1.5,2.1213203435596393,473,BGS25,2.03596285352991
1000,1,rademacher,1.5,2.1213203435596393,473,BGN11,2.039517749142262
1000,1,rademacher,1.5,2.1213203435596393,474,Algorithm 1,2.079034031624606
1000,1,rademacher,1.5,2.1213203435596393,474,BGS25,2.095677631010125
1000,1,rademacher,1.5,2.1213203435596393,474,BGN11,2.100673861250124
1000,1,rademacher,1.5,2.1213203435596393,475,Algorithm 1,2.125139505850976
1000,1,rademacher,1.5,2.1213203435596393,475,BGS25,2.1234723371682422
1000,1,rademacher,1.5,2.1213203435596393,475,BGN11,2.1271014832100077
1000,1,rademacher,1.5,2.1213203435596393,476,Algorithm 1,2.193560030186153
1000,1,rademacher,1.5,2.1213203435596393,476,BGS25,2.1821930583469142
1000,1,rademacher,1.5,2.1213203435596393,476,BGN11,2.1835906667650535
1000,1,rademacher,1.5,2.1213203435596393,477,Algorithm 1,2.1235031770136565
1000,1,rademacher,1.5,2.1213203435596393,477,BGS25,2.1455204256155676
1000,1,rademacher,1.5,2.1213203435596393,477,BGN11,2.1510845701766175
1000,1,rademacher,1.5,2.1213203435596393,478,Algorithm 1,2.107024795426108
1000,1,rademacher,1.5,2.1213203435596393,478,BGS25,2.0929085558780907
1000,1,rademacher,1.5,2.1213203435596393,478,BGN11,2.0986088432368755
1000,1,rademacher,1.5,2.1213203435596393,479,Algorithm 1,2.1615506980530315
1000,1,rademacher,1.5,2.1213203435596393,479,BGS25,2.1491770189546133
1000,1,rademacher,1.5,2.1213203435596393,479,BGN11,2.149190569270725
1000,1,rademacher,1.5,2.1213203435596393,480,Algorithm 1,2.092923331686909
1000,1,rademacher,1.5,2.1213203435596393,480,BGS25,2.077501217102101
1000,1,rademacher,1.5,2.1213203435596393,480,BGN11,2.0814864868652343
1000,1,rademacher,1.5,2.1213203435596393,481,Algorithm 1,2.182031982133853
1000,1,rademacher,1.5,2.1213203435596393,481,BGS25,2.1773324768259776
1000,1,rademacher,1.5,2.1213203435596393,481,BGN11,2.1794725531460144
1000,1,rademacher,1.5,2.1213203435596393,482,Algorithm 1,2.147334106524735
1000,1,rademacher,1.5,2.1213203435596393,482,BGS25,2.1634866542306703
1000,1,rademacher,1.5,2.1213203435596393,482,BGN11,2.1662879238215815
1000,1,rademacher,1.5,2.1213203435596393,483,Algorithm 1,2.1530686145519318
1000,1,rademacher,1.5,2.1213203435596393,483,BGS25,2.098398569763522
1000,1,rademacher,1.5,2.1213203435596393,483,BGN11,2.1030817168212668
1000,1,rademacher,1.5,2.1213203435596393,484,Algorithm 1,2.1148935146677674
1000,1,rademacher,1.5,2.1213203435596393,484,BGS25,2.0979161934096355
1000,1,rademacher,1.5,2.1213203435596393,484,BGN11,2.099002229853016
1000,1,rademacher,1.5,2.1213203435596393,485,Algorithm 1,2.1578788183737534
1000,1,rademacher,1.5,2.1213203435596393,485,BGS25,2.1619752148002966
1000,1,rademacher,1.5,2.1213203435596393,485,BGN11,2.1655872646839827
1000,1,rademacher,1.5,2.1213203435596393,486,Algorithm 1,2.21078693202654
1000,1,rademacher,1.5,2.1213203435596393,486,BGS25,2.186615805264532
1000,1,rademacher,1.5,2.1213203435596393,486,BGN11,2.192625430734171
1000,1,rademacher,1.5,2.1213203435596393,487,Algorithm 1,2.104943780505557
1000,1,rademacher,1.5,2.1213203435596393,487,BGS25,2.1056454517910157
1000,1,rademacher,1.5,2.1213203435596393,487,BGN11,2.1061161222970743
1000,1,rademacher,1.5,2.1213203435596393,488,Algorithm 1,2.2642504711416698
1000,1,rademacher,1.5,2.1213203435596393,488,BGS25,2.190661026219443
1000,1,rademacher,1.5,2.1213203435596393,488,BGN11,2.1911193744307407
1000,1,rademacher,1.5,2.1213203435596393,489,Algorithm 1,2.0829454673633534
1000,1,rademacher,1.5,2.1213203435596393,489,BGS25,2.0997931039637705
1000,1,rademacher,1.5,2.1213203435596393,489,BGN11,2.101345991839631
1000,1,rademacher,1.5,2.1213203435596393,490,Algorithm 1,2.110070816792496
1000,1,rademacher,1.5,2.1213203435596393,490,BGS25,2.1164832990570224
1000,1,rademacher,1.5,2.1213203435596393,490,BGN11,2.1198823368535975
1000,1,rademacher,1.5,2.1213203435596393,491,Algorithm 1,2.1792631900933555
1000,1,rademacher,1.5,2.1213203435596393,491,BGS25,2.2089208367021884
1000,1,rademacher,1.5,2.1213203435596393,491,BGN11,2.2086753613745493
1000,1,rademacher,1.5,2.1213203435596393,492,Algorithm 1,2.2059268401813923
1000,1,rademacher,1.5,2.1213203435596393,492,BGS25,2.168364422829249
1000,1,rademacher,1.5,2.1213203435596393,492,BGN11,2.1720611745212315
1000,1,rademacher,1.5,2.1213203435596393,493,Algorithm 1,2.2077485102318013
1000,1,rademacher,1.5,2.1213203435596393,493,BGS25,2.2129315089904913
1000,1,rademacher,1.5,2.1213203435596393,493,BGN11,2.211869541220077
1000,1,rademacher,1.5,2.1213203435596393,494,Algorithm 1,2.089772027026332
1000,1,rademacher,1.5,2.1213203435596393,494,BGS25,2.084760210450458
1000,1,rademacher,1.5,2.1213203435596393,494,BGN11,2.090159788848151
1000,1,rademacher,1.5,2.1213203435596393,495,Algorithm 1,2.099973086854745
1000,1,rademacher,1.5,2.1213203435596393,495,BGS25,2.116459625500286
1000,1,rademacher,1.5,2.1213203435596393,495,BGN11,2.1209071648635973
1000,1,rademacher,1.5,2.1213203435596393,496,Algorithm 1,2.007222875461183
1000,1,rademacher,1.5,2.1213203435596393,496,BGS25,2.0291311300675225
1000,1,rademacher,1.5,2.1213203435596393,496,BGN11,2.039684716147368
1000,1,rademacher,1.5,2.1213203435596393,497,Algorithm 1,2.171801827121136
1000,1,rademacher,1.5,2.1213203435596393,497,BGS25,2.166525026205444
1000,1,rademacher,1.5,2.1213203435596393,497,BGN11,2.1676593349828686
1000,1,rademacher,1.5,2.1213203435596393,498,Algorithm 1,2.1308763030148987
1000,1,rademacher,1.5,2.1213203435596393,498,BGS25,2.1167001489593362
1000,1,rademacher,1.5,2.1213203435596393,498,BGN11,2.1193633424910643
1000,1,rademacher,1.5,2.1213203435596393,499,Algorithm 1,2.177086670243426
1000,1,rademacher,1.5,2.1213203435596393,499,BGS25,2.128983003570409
1000,1,rademacher,1.5,2.1213203435596393,499,BGN11,2.1288853583604332
1000,1,rademacher,1.5,2.1213203435596393,500,Algorithm 1,2.143715777782316
1000,1,rademacher,1.5,2.1213203435596393,500,BGS25,2.1420745909231
1000,1,rademacher,1.5,2.1213203435596393,500,BGN11,2.1459076274414484
1000,4,gaussian,1.5,3.111469939577902,1,Algorithm 1,3.0253544838926887
1000,4,gaussian,1.5,3.111469939577902,1,BGS25,3.3939899539620635
1000,4,gaussian,1.5,3.111469939577902,1,BGN11,3.2148117571057946
1000,4,gaussian,1.5,3.111469939577902,2,Algorithm 1,3.118024138318833
1000,4,gaussian,1.5,3.111469939577902,2,BGS25,3.4161523063807206
1000,4,gaussian,1.5,3.111469939577902,2,BGN11,3.2475606395489844
1000,4,gaussian,1.5,3.111469939577902,3,Algorithm 1,3.1460167681315405
1000,4,gaussian,1.5,3.111469939577902,3,BGS25,3.461180617220518
1000,4,gaussian,1.5,3.111469939577902,3,BGN11,3.291094111539273
1000,4,gaussian,1.5,3.111469939577902,4,Algorithm 1,2.997162724985568
1000,4,gaussian,1.5,3.111469939577902,4,BGS25,3.407962684668287
1000,4,gaussian,1.5,3.111469939577902,4,BGN11,3.228916831483419
1000,4,gaussian,1.5,3.111469939577902,5,Algorithm 1,3.241252146293529
1000,4,gaussian,1.5,3.111469939577902,5,BGS25,3.5833307605521
1000,4,gaussian,1.5,3.111469939577902,5,BGN11,3.426579020896358
1000,4,gaussian,1.5,3.111469939577902,6,Algorithm 1,3.079389702260357
1000,4,gaussian,1.5,3.111469939577902,6,BGS25,3.5137194360050863
1000,4,gaussian,1.5,3.111469939577902,6,BGN11,3.350696962830752
1000,4,gaussian,1.5,3.111469939577902,7,Algorithm 1,3.164661992659749
1000,4,gaussian,1.5,3.111469939577902,7,BGS25,3.5098030042678907
1000,4,gaussian,1.5,3.111469939577902,7,BGN11,3.3450534901449087
1000,4,gaussian,1.5,3.111469939577902,8,Algorithm 1,3.1932649742080756
1000,4,gaussian,1.5,3.111469939577902,8,BGS25,3.5338947939995773
1000,4,gaussian,1.5,3.111469939577902,8,BGN11,3.3717749862849153
1000,4,gaussian,1.5,3.111469939577902,9,Algorithm 1,3.261909774734866
1000,4,gaussian,1.5,3.111469939577902,9,BGS25,3.55153479390232
1000,4,gaussian,1.5,3.111469939577902,9,BGN11,3.393317385711356
1000,4,gaussian,1.5,3.111469939577902,10,Algorithm 1,2.8990088675886008
1000,4,gaussian,1.5,3.111469939577902,10,BGS25,3.2448681681420606
1000,4,gaussian,1.5,3.111469939577902,10,BGN11,3.057264877517982
1000,4,gaussian,1.5,3.111469939577902,11,Algorithm 1,2.9896423202231235
1000,4,gaussian,1.5,3.111469939577902,11,BGS25,3.327969428210765
1000,4,gaussian,1.5,3.111469939577902,11,BGN11,3.1415882315533437
1000,4,gaussian,1.5,3.111469939577902,12,Algorithm 1,2.7993070424716056
1000,4,gaussian,1.5,3.111469939577902,12,BGS25,3.304474612709238
1000,4,gaussian,1.5,3.111469939577902,12,BGN11,3.120157735125543
1000,4,gaussian,1.5,3.111469939577902,13,Algorithm 1,3.116536016596892
1000,4,gaussian,1.5,3.111469939577902,13,BGS25,3.5660802664601317
1000,4,gaussian,1.5,3.111469939577902,13,BGN11,3.4104337623483367
1000,4,gaussian,1.5,3.111469939577902,14,Algorithm 1,3.297905187189291
1000,4,gaussian,1.5,3.111469939577902,14,BGS25,3.588047407367047
1000,4,gaussian,1.5,3.111469939577902,14,BGN11,3.433669653374218
1000,4,gaussian,1.5,3.111469939577902,15,Algorithm 1,3.1001819712214123
1000,4,gaussian,1.5,3.111469939577902,15,BGS25,3.423726044148289
1000,4,gaussian,1.5,3.111469939577902,15,BGN11,3.250006470458137
1000,4,gaussian,1.5,3.111469939577902,16,Algorithm 1,3.1838683167588373
1000,4,gaussian,1.5,3.111469939577902,16,BGS25,3.5005705298766623
1000,4,gaussian,1.5,3.111469939577902,16,BGN11,3.339329999114754
1000,4,gaussian,1.5,3.111469939577902,17,Algorithm 1,3.046782327647847
1000,4,gaussian,1.5,3.111469939577902,17,BGS25,3.3776812004655694
1000,4,gaussian,1.5,3.111469939577902,17,BGN11,3.1964356542806427
1000,4,gaussian,1.5,3.111469939577902,18,Algorithm 1,3.0922160803051395
1000,4,gaussian,1.5,3.111469939577902,18,BGS25,3.45135174167057
1000,4,gaussian,1.5,3.111469939577902,18,BGN11,3.286144758703908
1000,4,gaussian,1.5,3.111469939577902,19,Algorithm 1,3.152819355088314
1000,4,gaussian,1.5,3.111469939577902,19,BGS25,3.486782625563595
1000,4,gaussian,1.5,3.111469939577902,19,BGN11,3.3211554996474897
1000,4,gaussian,1.5,3.111469939577902,20,Algorithm 1,3.3458014080542267
1000,4,gaussian,1.5,3.111469939577902,20,BGS25,3.6333619876489993
1000,4,gaussian,1.5,3.111469939577902,20,BGN11,3.475476273684418
1000,4,gaussian,1.5,3.111469939577902,21,Algorithm 1,3.302816526203731
1000,4,gaussian,1.5,3.111469939577902,21,BGS25,3.584434412796005
1000,4,gaussian,1.5,3.111469939577902,21,BGN11,3.4250390569538895
1000,4,gaussian,1.5,3.111469939577902,22,Algorithm 1,3.11020040920479
1000,4,gaussian,1.5,3.111469939577902,22,BGS25,3.5129724059337275
1000,4,gaussian,1.5,3.111469939577902,22,BGN11,3.3500590859951145
1000,4,gaussian,1.5,3.111469939577902,23,Algorithm 1,2.9970808764002963
1000,4,gaussian,1.5,3.111469939577902,23,BGS25,3.4512225421139524
1000,4,gaussian,1.5,3.111469939577902,23,BGN11,3.275934000394975
1000,4,gaussian,1.5,3.111469939577902,24,Algorithm 1,2.989536800059499
1000,4,gaussian,1.5,3.111469939577902,24,BGS25,3.452149335614835
1000,4,gaussian,1.5,3.111469939577902,24,BGN11,3.2862145930268354
1000,4,gaussian,1.5,3.111469939577902,25,Algorithm 1,3.01681765073157
1000,4,gaussian,1.5,3.111469939577902,25,BGS25,3.3578292417699864
1000,4,gaussian,1.5,3.111469939577902,25,BGN11,3.179541419113424
1000,4,gaussian,1.5,3.111469939577902,26,Algorithm 1,3.199147970952285
1000,4,gaussian,1.5,3.111469939577902,26,BGS25,3.5011880166561795
1000,4,gaussian,1.5,3.111469939577902,26,BGN11,3.3412502735683614
1000,4,gaussian,1.5,3.111469939577902,27,Algorithm 1,3.115091820321749
1000,4,gaussian,1.5,3.111469939577902,27,BGS25,3.364255271940836
1000,4,gaussian,1.5,3.111469939577902,27,BGN11,3.18482038539298
1000,4,gaussian,1.5,3.111469939577902,28,Algorithm 1,3.2296624909265716
1000,4,gaussian,1.5,3.111469939577902,28,BGS25,3.5383199230052433
1000,4,gaussian,1.5,3.111469939577902,28,BGN11,3.3841524992743395
1000,4,gaussian,1.5,3.111469939577902,29,Algorithm 1,2.9823547253704685
1000,4,gaussian,1.5,3.111469939577902,29,BGS25,3.342445370057275
1000,4,gaussian,1.5,3.111469939577902,29,BGN11,3.1593623289227195
1000,4,gaussian,1.5,3.111469939577902,30,Algorithm 1,2.875850078651789
1000,4,gaussian,1.5,3.111469939577902,30,BGS25,3.3559782229513315
1000,4,gaussian,1.5,3.111469939577902,30,BGN11,3.1750857330991344
1000,4,gaussian,1.5,3.111469939577902,31,Algorithm 1,2.9622125379513435
1000,4,gaussian,1.5,3.111469939577902,31,BGS25,3.3827655346150287
1000,4,gaussian,1.5,3.111469939577902,31,BGN11,3.2039476706495336
1000,4,gaussian,1.5,3.111469939577902,32,Algorithm 1,3.092632467794209
1000,4,gaussian,1.5,3.111469939577902,32,BGS25,3.4658504917845456
1000,4,gaussian,1.5,3.111469939577902,32,BGN11,3.2984409460442126
1000,4,gaussian,1.5,3.111469939577902,33,Algorithm 1,3.014094081548939
1000,4,gaussian,1.5,3.111469939577902,33,BGS25,3.4599142085959227
1000,4,gaussian,1.5,3.111469939577902,33,BGN11,3.295285413973681
1000,4,gaussian,1.5,3.111469939577902,34,Algorithm 1,3.0654236982058842
1000,4,gaussian,1.5,3.111469939577902,34,BGS25,3.4293582207225706
1000,4,gaussian,1.5,3.111469939577902,34,BGN11,3.2533028323740605
1000,4,gaussian,1.5,3.111469939577902,35,Algorithm 1,3.1080770505801794
1000,4,gaussian,1.5,3.111469939577902,35,BGS25,3.4504217522861236
1000,4,gaussian,1.5,3.111469939577902,35,BGN11,3.2749920790527236
1000,4,gaussian,1.5,3.111469939577902,36,Algorithm 1,3.2300019495215553
1000,4,gaussian,1.5,3.111469939577902,36,BGS25,3.5771553203404767
1000,4,gaussian,1.5,3.111469939577902,36,BGN11,3.4178752774925014
1000,4,gaussian,1.5,3.111469939577902,37,Algorithm 1,3.239154548419567
1000,4,gaussian,1.5,3.111469939577902,37,BGS25,3.5190832583451637
1000,4,gaussian,1.5,3.111469939577902,37,BGN11,3.3565268040649783
1000,4,gaussian,1.5,3.111469939577902,38,Algorithm 1,3.1420949485398046
1000,4,gaussian,1.5,3.111469939577902,38,BGS25,3.432121114367118
1000,4,gaussian,1.5,3.111469939577902,38,BGN11,3.261517116593662
1000,4,gaussian,1.5,3.111469939577902,39,Algorithm 1,3.2536199146345393
1000,4,gaussian,1.5,3.111469939577902,39,BGS25,3.4804489198775066
1000,4,gaussian,1.5,3.111469939577902,39,BGN11,3.3157752327989995
1000,4,gaussian,1.5,3.111469939577902,40,Algorithm 1,3.1499181873096878
1000,4,gaussian,1.5,3.111469939577902,40,BGS25,3.4630186999148287
1000,4,gaussian,1.5,3.111469939577902,40,BGN11,3.296094421762925
1000,4,gaussian,1.5,3.111469939577902,41,Algorithm 1,3.0273251397649674
1000,4,gaussian,1.5,3.111469939577902,41,BGS25,3.367970987993598
1000,4,gaussian,1.5,3.111469939577902,41,BGN11,3.1803349641528107
1000,4,gaussian,1.5,3.111469939577902,42,Algorithm 1,3.135119137849742
1000,4,gaussian,1.5,3.111469939577902,42,BGS25,3.4394465633087554
1000,4,gaussian,1.5,3.111469939577902,42,BGN11,3.2637403222877093
1000,4,gaussian,1.5,3.111469939577902,43,Algorithm 1,3.049389913429819
1000,4,gaussian,1.5,3.111469939577902,43,BGS25,3.4532876079957644
1000,4,gaussian,1.5,3.111469939577902,43,BGN11,3.2800018673971305
1000,4,gaussian,1.5,3.111469939577902,44,Algorithm 1,3.2515903745447607
1000,4,gaussian,1.5,3.111469939577902,44,BGS25,3.5235399034492785
1000,4,gaussian,1.5,3.111469939577902,44,BGN11,3.3583470574280545
1000,4,gaussian,1.5,3.111469939577902,45,Algorithm 1,3.024762731394661
1000,4,gaussian,1.5,3.111469939577902,45,BGS25,3.447437777298295
1000,4,gaussian,1.5,3.111469939577902,45,BGN11,3.278950502232571
1000,4,gaussian,1.5,3.111469939577902,46,Algorithm 1,3.059203932237215
1000,4,gaussian,1.5,3.111469939577902,46,BGS25,3.4632675115610927
1000,4,gaussian,1.5,3.111469939577902,46,BGN11,3.296235738816151
1000,4,gaussian,1.5,3.111469939577902,47,Algorithm 1,3.0511261351059633
1000,4,gaussian,1.5,3.111469939577902,47,BGS25,3.352577674614151
1000,4,gaussian,1.5,3.111469939577902,47,BGN11,3.171216508214845
1000,4,gaussian,1.5,3.111469939577902,48,Algorithm 1,3.157226551116103
1000,4,gaussian,1.5,3.111469939577902,48,BGS25,3.5239257938935706
1000,4,gaussian,1.5,3.111469939577902,48,BGN11,3.362524999818612
1000,4,gaussian,1.5,3.111469939577902,49,Algorithm 1,3.0599643667602696
1000,4,gaussian,1.5,3.111469939577902,49,BGS25,3.4329527345237008
1000,4,gaussian,1.5,3.111469939577902,49,BGN11,3.263609832671965
1000,4,gaussian,1.5,3.111469939577902,50,Algorithm 1,3.31257226976595
1000,4,gaussian,1.5,3.111469939577902,50,BGS25,3.5600198738430366
1000,4,gaussian,1.5,3.111469939577902,50,BGN11,3.4032984239775534
1000,4,gaussian,1.5,3.111469939577902,51,Algorithm 1,3.1699704883362227
1000,4,gaussian,1.5,3.111469939577902,51,BGS25,3.523259215711698
1000,4,gaussian,1.5,3.111469939577902,51,BGN11,3.3606528174064483
1000,4,gaussian,1.5,3.111469939577902,52,Algorithm 1,3.1473823990168914
1000,4,gaussian,1.5,3.111469939577902,52,BGS25,3.475303871945279
1000,4,gaussian,1.5,3.111469939577902,52,BGN11,3.3111426577364798
1000,4,gaussian,1.5,3.111469939577902,53,Algorithm 1,3.1879165837018792
1000,4,gaussian,1.5,3.111469939577902,53,BGS25,3.5055992799311175
1000,4,gaussian,1.5,3.111469939577902,53,BGN11,3.34165116760494
1000,4,gaussian,1.5,3.111469939577902,54,Algorithm 1,2.9824774424003255
1000,4,gaussian,1.5,3.111469939577902,54,BGS25,3.3658299051602434
1000,4,gaussian,1.5,3.111469939577902,54,BGN11,3.182207714587788
1000,4,gaussian,1.5,3.111469939577902,55,Algorithm 1,3.408712394879178
1000,4,gaussian,1.5,3.111469939577902,55,BGS25,3.6937523240471926
1000,4,gaussian,1.5,3.111469939577902,55,BGN11,3.5451932131878645
1000,4,gaussian,1.5,3.111469939577902,56,Algorithm 1,3.151216757237916
1000,4,gaussian,1.5,3.111469939577902,56,BGS25,3.4941937869018185
1000,4,gaussian,1.5,3.111469939577902,56,BGN11,3.3288629587561465
1000,4,gaussian,1.5,3.111469939577902,57,Algorithm 1,3.078856723586383
1000,4,gaussian,1.5,3.111469939577902,57,BGS25,3.4306627456773944
1000,4,gaussian,1.5,3.111469939577902,57,BGN11,3.261549132413071
1000,4,gaussian,1.5,3.111469939577902,58,Algorithm 1,3.2484938788595823
1000,4,gaussian,1.5,3.111469939577902,58,BGS25,3.5660634710689814
1000,4,gaussian,1.5,3.111469939577902,58,BGN11,3.4063426898298146
1000,4,gaussian,1.5,3.111469939577902,59,Algorithm 1,3.016227563188748
1000,4,gaussian,1.5,3.111469939577902,59,BGS25,3.3747157432543977
1000,4,gaussian,1.5,3.111469939577902,59,BGN11,3.1943671895680175
1000,4,gaussian,1.5,3.111469939577902,60,Algorithm 1,3.0855956461410514
1000,4,gaussian,1.5,3.111469939577902,60,BGS25,3.38499241028736
1000,4,gaussian,1.5,3.111469939577902,60,BGN11,3.2093506418921973
1000,4,gaussian,1.5,3.111469939577902,61,Algorithm 1,3.048145779105692
1000,4,gaussian,1.5,3.111469939577902,61,BGS25,3.4765636142672607
1000,4,gaussian,1.5,3.111469939577902,61,BGN11,3.30955668954635
1000,4,gaussian,1.5,3.111469939577902,62,Algorithm 1,3.0579481720430643
1000,4,gaussian,1.5,3.111469939577902,62,BGS25,3.443060017355895
1000,4,gaussian,1.5,3.111469939577902,62,BGN11,3.2711140780667622
1000,4,gaussian,1.5,3.111469939577902,63,Algorithm 1,3.1783518623140483
1000,4,gaussian,1.5,3.111469939577902,63,BGS25,3.4438186416291257
1000,4,gaussian,1.5,3.111469939577902,63,BGN11,3.2754494865939336
1000,4,gaussian,1.5,3.111469939577902,64,Algorithm 1,2.704100299376617
1000,4,gaussian,1.5,3.111469939577902,64,BGS25,3.2659684169422
1000,4,gaussian,1.5,3.111469939577902,64,BGN11,3.0795549064815573
1000,4,gaussian,1.5,3.111469939577902,65,Algorithm 1,3.0573185548518436
1000,4,gaussian,1.5,3.111469939577902,65,BGS25,3.463452316629315
1000,4,gaussian,1.5,3.111469939577902,65,BGN11,3.300064267306678
1000,4,gaussian,1.5,3.111469939577902,66,Algorithm 1,3.005750997043519
1000,4,gaussian,1.5,3.111469939577902,66,BGS25,3.4022254590133354
1000,4,gaussian,1.5,3.111469939577902,66,BGN11,3.237199493555517
1000,4,gaussian,1.5,3.111469939577902,67,Algorithm 1,3.109064804276125
1000,4,gaussian,1.5,3.111469939577902,67,BGS25,3.523534649087784
1000,4,gaussian,1.5,3.111469939577902,67,BGN11,3.3631079033154077
1000,4,gaussian,1.5,3.111469939577902,68,Algorithm 1,3.042408755384581
1000,4,gaussian,1.5,3.111469939577902,68,BGS25,3.420680675755942
1000,4,gaussian,1.5,3.111469939577902,68,BGN11,3.2476409600761995
1000,4,gaussian,1.5,3.111469939577902,69,Algorithm 1,3.244767671904333
1000,4,gaussian,1.5,3.111469939577902,69,BGS25,3.5277640776877353
1000,4,gaussian,1.5,3.111469939577902,69,BGN11,3.366592065639422
1000,4,gaussian,1.5,3.111469939577902,70,Algorithm 1,2.9594422438801575
1000,4,gaussian,1.5,3.111469939577902,70,BGS25,3.3400049028699743
1000,4,gaussian,1.5,3.111469939577902,70,BGN11,3.1633301991055514
1000,4,gaussian,1.5,3.111469939577902,71,Algorithm 1,3.202081728270362
1000,4,gaussian,1.5,3.111469939577902,71,BGS25,3.5620501245560536
1000,4,gaussian,1.5,3.111469939577902,71,BGN11,3.4019703516315407
1000,4,gaussian,1.5,3.111469939577902,72,Algorithm 1,3.029612190711898
1000,4,gaussian,1.5,3.111469939577902,72,BGS25,3.3337742404535518
1000,4,gaussian,1.5,3.111469939577902,72,BGN11,3.1567141445001834
1000,4,gaussian,1.5,3.111469939577902,73,Algorithm 1,3.152381979892175
1000,4,gaussian,1.5,3.111469939577902,73,BGS25,3.5516169861412017
1000,4,gaussian,1.5,3.111469939577902,73,BGN11,3.388437866476213
1000,4,gaussian,1.5,3.111469939577902,74,Algorithm 1,3.0744576095827196
1000,4,gaussian,1.5,3.111469939577902,74,BGS25,3.462197590838901
1000,4,gaussian,1.5,3.111469939577902,74,BGN11,3.2972676076280276
1000,4,gaussian,1.5,3.111469939577902,75,Algorithm 1,2.902845779685648
1000,4,gaussian,1.5,3.111469939577902,75,BGS25,3.374788328228815
1000,4,gaussian,1.5,3.111469939577902,75,BGN11,3.1973110608766624
1000,4,gaussian,1.5,3.111469939577902,76,Algorithm 1,3.0903522555441683
1000,4,gaussian,1.5,3.111469939577902,76,BGS25,3.378984388512306
1000,4,gaussian,1.5,3.111469939577902,76,BGN11,3.2004130814051552
1000,4,gaussian,1.5,3.111469939577902,77,Algorithm 1,3.149118839877489
1000,4,gaussian,1.5,3.111469939577902,77,BGS25,3.491714363133412
1000,4,gaussian,1.5,3.111469939577902,77,BGN11,3.3208356724732195
1000,4,gaussian,1.5,3.111469939577902,78,Algorithm 1,3.2044449923988516
1000,4,gaussian,1.5,3.111469939577902,78,BGS25,3.483551067389551
1000,4,gaussian,1.5,3.111469939577902,78,BGN11,3.31709435358104
1000,4,gaussian,1.5,3.111469939577902,79,Algorithm 1,2.793255880737722
1000,4,gaussian,1.5,3.111469939577902,79,BGS25,3.260134127900635
1000,4,gaussian,1.5,3.111469939577902,79,BGN11,3.063135574964242
1000,4,gaussian,1.5,3.111469939577902,80,Algorithm 1,3.2062431386347523
1000,4,gaussian,1.5,3.111469939577902,80,BGS25,3.5301571345883813
1000,4,gaussian,1.5,3.111469939577902,80,BGN11,3.370825173041573
1000,4,gaussian,1.5,3.111469939577902,81,Algorithm 1,3.1362046245092468
1000,4,gaussian,1.5,3.111469939577902,81,BGS25,3.5029411318449686
1000,4,gaussian,1.5,3.111469939577902,81,BGN11,3.342474126218858
1000,4,gaussian,1.5,3.111469939577902,82,Algorithm 1,3.0621046413483715
1000,4,gaussian,1.5,3.111469939577902,82,BGS25,3.3890343862825034
1000,4,gaussian,1.5,3.111469939577902,82,BGN11,3.210796119391855
1000,4,gaussian,1.5,3.111469939577902,83,Algorithm 1,3.1699871375347732
1000,4,gaussian,1.5,3.111469939577902,83,BGS25,3.4589151862655196
1000,4,gaussian,1.5,3.111469939577902,83,BGN11,3.2941131055463697
1000,4,gaussian,1.5,3.111469939577902,84,Algorithm 1,3.2422968818144255
1000,4,gaussian,1.5,3.111469939577902,84,BGS25,3.577345301790138
1000,4,gaussian,1.5,3.111469939577902,84,BGN11,3.4234817142638465
1000,4,gaussian,1.5,3.111469939577902,85,Algorithm 1,3.2060569080731973
1000,4,gaussian,1.5,3.111469939577902,85,BGS25,3.5322964395470233
1000,4,gaussian,1.5,3.111469939577902,85,BGN11,3.3727457174398254
1000,4,gaussian,1.5,3.111469939577902,86,Algorithm 1,2.983121071758102
1000,4,gaussian,1.5,3.111469939577902,86,BGS25,3.4022786505717666
1000,4,gaussian,1.5,3.111469939577902,86,BGN11,3.2231200861301863
1000,4,gaussian,1.5,3.111469939577902,87,Algorithm 1,3.1405843738553227
1000,4,gaussian,1.5,3.111469939577902,87,BGS25,3.5511868191831217
1000,4,gaussian,1.5,3.111469939577902,87,BGN11,3.3949182645914227
1000,4,gaussian,1.5,3.111469939577902,88,Algorithm 1,3.2776750705263815
1000,4,gaussian,1.5,3.111469939577902,88,BGS25,3.55265954783603
1000,4,gaussian,1.5,3.111469939577902,88,BGN11,3.393507650318243
1000,4,gaussian,1.5,3.111469939577902,89,Algorithm 1,2.9631884807519424
1000,4,gaussian,1.5,3.111469939577902,89,BGS25,3.4510201892590597
1000,4,gaussian,1.5,3.111469939577902,89,BGN11,3.2853786062632304
1000,4,gaussian,1.5,3.111469939577902,90,Algorithm 1,2.9741193686759915
1000,4,gaussian,1.5,3.111469939577902,90,BGS25,3.40834885691514
1000,4,gaussian,1.5,3.111469939577902,90,BGN11,3.2328458012812833
1000,4,gaussian,1.5,3.111469939577902,91,Algorithm 1,3.143574487381065
1000,4,gaussian,1.5,3.111469939577902,91,BGS25,3.595165714090462
1000,4,gaussian,1.5,3.111469939577902,91,BGN11,3.440549070967423
1000,4,gaussian,1.5,3.111469939577902,92,Algorithm 1,3.080635764463066
1000,4,gaussian,1.5,3.111469939577902,92,BGS25,3.479758317689841
1000,4,gaussian,1.5,3.111469939577902,92,BGN11,3.3186771881820563
1000,4,gaussian,1.5,3.111469939577902,93,Algorithm 1,3.171623096240536
1000,4,gaussian,1.5,3.111469939577902,93,BGS25,3.5297303321032536
1000,4,gaussian,1.5,3.111469939577902,93,BGN11,3.3693336892743324
1000,4,gaussian,1.5,3.111469939577902,94,Algorithm 1,3.1997146043557962
1000,4,gaussian,1.5,3.111469939577902,94,BGS25,3.4836535524214876
1000,4,gaussian,1.5,3.111469939577902,94,BGN11,3.316988455817097
1000,4,gaussian,1.5,3.111469939577902,95,Algorithm 1,3.084083714667637
1000,4,gaussian,1.5,3.111469939577902,95,BGS25,3.4517395589322604
1000,4,gaussian,1.5,3.111469939577902,95,BGN11,3.2924345269051254
1000,4,gaussian,1.5,3.111469939577902,96,Algorithm 1,2.972725812398198
1000,4,gaussian,1.5,3.111469939577902,96,BGS25,3.46387690354997
1000,4,gaussian,1.5,3.111469939577902,96,BGN11,3.294203679085947
1000,4,gaussian,1.5,3.111469939577902,97,Algorithm 1,3.0642518360786317
1000,4,gaussian,1.5,3.111469939577902,97,BGS25,3.4289369968327525
1000,4,gaussian,1.5,3.111469939577902,97,BGN11,3.259471035913439
1000,4,gaussian,1.5,3.111469939577902,98,Algorithm 1,2.9653314207470185
1000,4,gaussian,1.5,3.111469939577902,98,BGS25,3.417320996520764
1000,4,gaussian,1.5,3.111469939577902,98,BGN11,3.2457392287621603
1000,4,gaussian,1.5,3.111469939577902,99,Algorithm 1,3.1150040822475615
1000,4,gaussian,1.5,3.111469939577902,99,BGS25,3.434295247534977
1000,4,gaussian,1.5,3.111469939577902,99,BGN11,3.2605660186284187
1000,4,gaussian,1.5,3.111469939577902,100,Algorithm 1,3.1345721751817353
1000,4,gaussian,1.5,3.111469939577902,100,BGS25,3.4405950391625035
1000,4,gaussian,1.5,3.111469939577902,100,BGN11,3.2781874739882304
1000,4,gaussian,1.5,3.111469939577902,101,Algorithm 1,3.3018752436299272
1000,4,gaussian,1.5,3.111469939577902,101,BGS25,3.6387229532619116
1000,4,gaussian,1.5,3.111469939577902,101,BGN11,3.482955425688729
1000,4,gaussian,1.5,3.111469939577902,102,Algorithm 1,2.8982351708798735
1000,4,gaussian,1.5,3.111469939577902,102,BGS25,3.2773442167787508
1000,4,gaussian,1.5,3.111469939577902,102,BGN11,3.0888687889689486
1000,4,gaussian,1.5,3.111469939577902,103,Algorithm 1,3.076976662677895
1000,4,gaussian,1.5,3.111469939577902,103,BGS25,3.3664438287698966
1000,4,gaussian,1.5,3.111469939577902,103,BGN11,3.1889109007354572
1000,4,gaussian,1.5,3.111469939577902,104,Algorithm 1,3.1524076930087426
1000,4,gaussian,1.5,3.111469939577902,104,BGS25,3.514352460764398
1000,4,gaussian,1.5,3.111469939577902,104,BGN11,3.347733098737399
1000,4,gaussian,1.5,3.111469939577902,105,Algorithm 1,3.1332171614230937
1000,4,gaussian,1.5,3.111469939577902,105,BGS25,3.4183696407093613
1000,4,gaussian,1.5,3.111469939577902,105,BGN11,3.2407160947645486
1000,4,gaussian,1.5,3.111469939577902,106,Algorithm 1,3.1137481881759355
1000,4,gaussian,1.5,3.111469939577902,106,BGS25,3.4831492012732466
1000,4,gaussian,1.5,3.111469939577902,106,BGN11,3.3170829377080153
1000,4,gaussian,1.5,3.111469939577902,107,Algorithm 1,3.217775271611053
1000,4,gaussian,1.5,3.111469939577902,107,BGS25,3.5750694519611415
1000,4,gaussian,1.5,3.111469939577902,107,BGN11,3.4141906302801135
1000,4,gaussian,1.5,3.111469939577902,108,Algorithm 1,3.265308123579765
1000,4,gaussian,1.5,3.111469939577902,108,BGS25,3.5686505678874805
1000,4,gaussian,1.5,3.111469939577902,108,BGN11,3.4114850698520676
1000,4,gaussian,1.5,3.111469939577902,109,Algorithm 1,3.273906605109759
1000,4,gaussian,1.5,3.111469939577902,109,BGS25,3.5669186273627913
1000,4,gaussian,1.5,3.111469939577902,109,BGN11,3.4076941097104405
1000,4,gaussian,1.5,3.111469939577902,110,Algorithm 1,3.212332459533784
1000,4,gaussian,1.5,3.111469939577902,110,BGS25,3.4678352318029564
1000,4,gaussian,1.5,3.111469939577902,110,BGN11,3.3020620306774893
1000,4,gaussian,1.5,3.111469939577902,111,Algorithm 1,2.809508546717604
1000,4,gaussian,1.5,3.111469939577902,111,BGS25,3.2176963230412285
1000,4,gaussian,1.5,3.111469939577902,111,BGN11,3.0237713045789616
1000,4,gaussian,1.5,3.111469939577902,112,Algorithm 1,2.887977314587422
1000,4,gaussian,1.5,3.111469939577902,112,BGS25,3.336117645034826
1000,4,gaussian,1.5,3.111469939577902,112,BGN11,3.14917089126085
1000,4,gaussian,1.5,3.111469939577902,113,Algorithm 1,3.2078871403642752
1000,4,gaussian,1.5,3.111469939577902,113,BGS25,3.5659130090957225
1000,4,gaussian,1.5,3.111469939577902,113,BGN11,3.404580364354506
1000,4,gaussian,1.5,3.111469939577902,114,Algorithm 1,3.0643608644085276
1000,4,gaussian,1.5,3.111469939577902,114,BGS25,3.442950199366905
1000,4,gaussian,1.5,3.111469939577902,114,BGN11,3.271897911580965
1000,4,gaussian,1.5,3.111469939577902,115,Algorithm 1,3.117587329138225
1000,4,gaussian,1.5,3.111469939577902,115,BGS25,3.5433090876459796
1000,4,gaussian,1.5,3.111469939577902,115,BGN11,3.3831681699228024
1000,4,gaussian,1.5,3.111469939577902,116,Algorithm 1,3.105890704046882
1000,4,gaussian,1.5,3.111469939577902,116,BGS25,3.443071656999014
1000,4,gaussian,1.5,3.111469939577902,116,BGN11,3.265925316299358
1000,4,gaussian,1.5,3.111469939577902,117,Algorithm 1,3.282779856672318
1000,4,gaussian,1.5,3.111469939577902,117,BGS25,3.603288979224959
1000,4,gaussian,1.5,3.111469939577902,117,BGN11,3.445738121622431
1000,4,gaussian,1.5,3.111469939577902,118,Algorithm 1,3.140940027390857
1000,4,gaussian,1.5,3.111469939577902,118,BGS25,3.506700566286129
1000,4,gaussian,1.5,3.111469939577902,118,BGN11,3.3390167318687554
1000,4,gaussian,1.5,3.111469939577902,119,Algorithm 1,3.0792060974058644
1000,4,gaussian,1.5,3.111469939577902,119,BGS25,3.4536692430443816
1000,4,gaussian,1.5,3.111469939577902,119,BGN11,3.288239357865659
1000,4,gaussian,1.5,3.111469939577902,120,Algorithm 1,3.1595161439391957
1000,4,gaussian,1.5,3.111469939577902,120,BGS25,3.4476684499364394
1000,4,gaussian,1.5,3.111469939577902,120,BGN11,3.276094596670213
1000,4,gaussian,1.5,3.111469939577902,121,Algorithm 1,3.071250646182813
1000,4,gaussian,1.5,3.111469939577902,121,BGS25,3.382492561246739
1000,4,gaussian,1.5,3.111469939577902,121,BGN11,3.2097238715456395
1000,4,gaussian,1.5,3.111469939577902,122,Algorithm 1,3.2100963121071895
1000,4,gaussian,1.5,3.111469939577902,122,BGS25,3.490221962802426
1000,4,gaussian,1.5,3.111469939577902,122,BGN11,3.326170546884125
1000,4,gaussian,1.5,3.111469939577902,123,Algorithm 1,2.9664930571752435
1000,4,gaussian,1.5,3.111469939577902,123,BGS25,3.343065376093219
1000,4,gaussian,1.5,3.111469939577902,123,BGN11,3.155918794235731
1000,4,gaussian,1.5,3.111469939577902,124,Algorithm 1,3.176928907587555
1000,4,gaussian,1.5,3.111469939577902,124,BGS25,3.5710732699747334
1000,4,gaussian,1.5,3.111469939577902,124,BGN11,3.414128713550117
1000,4,gaussian,1.5,3.111469939577902,125,Algorithm 1,2.9101845585972104
1000,4,gaussian,1.5,3.111469939577902,125,BGS25,3.2883638339953034
1000,4,gaussian,1.5,3.111469939577902,125,BGN11,3.0985796676179684
1000,4,gaussian,1.5,3.111469939577902,126,Algorithm 1,2.7935664203993307
1000,4,gaussian,1.5,3.111469939577902,126,BGS25,3.241978265609052
1000,4,gaussian,1.5,3.111469939577902,126,BGN11,3.0484629417935243
1000,4,gaussian,1.5,3.111469939577902,127,Algorithm 1,3.067074610949725
1000,4,gaussian,1.5,3.111469939577902,127,BGS25,3.3333031383042577
1000,4,gaussian,1.5,3.111469939577902,127,BGN11,3.1497750798760964
1000,4,gaussian,1.5,3.111469939577902,128,Algorithm 1,2.913129409918478
1000,4,gaussian,1.5,3.111469939577902,128,BGS25,3.294443018159437
1000,4,gaussian,1.5,3.111469939577902,128,BGN11,3.1128465321514387
1000,4,gaussian,1.5,3.111469939577902,129,Algorithm 1,3.233363564116672
1000,4,gaussian,1.5,3.111469939577902,129,BGS25,3.5636745673868298
1000,4,gaussian,1.5,3.111469939577902,129,BGN11,3.4051608965055076
1000,4,gaussian,1.5,3.111469939577902,130,Algorithm 1,3.329324570205338
1000,4,gaussian,1.5,3.111469939577902,130,BGS25,3.593978435783627
1000,4,gaussian,1.5,3.111469939577902,130,BGN11,3.4413636097765297
1000,4,gaussian,1.5,3.111469939577902,131,Algorithm 1,3.0372915275435317
1000,4,gaussian,1.5,3.111469939577902,131,BGS25,3.461840948134836
1000,4,gaussian,1.5,3.111469939577902,131,BGN11,3.2979134228447204
1000,4,gaussian,1.5,3.111469939577902,132,Algorithm 1,3.2202996103002
1000,4,gaussian,1.5,3.111469939577902,132,BGS25,3.514773849741979
1000,4,gaussian,1.5,3.111469939577902,132,BGN11,3.3548229627227744
1000,4,gaussian,1.5,3.111469939577902,133,Algorithm 1,3.2269160934687924
1000,4,gaussian,1.5,3.111469939577902,133,BGS25,3.558933372166842
1000,4,gaussian,1.5,3.111469939577902,133,BGN11,3.3989701318328525
1000,4,gaussian,1.5,3.111469939577902,134,Algorithm 1,3.0926018960485773
1000,4,gaussian,1.5,3.111469939577902,134,BGS25,3.3865197146380983
1000,4,gaussian,1.5,3.111469939577902,134,BGN11,3.211495767028724
1000,4,gaussian,1.5,3.111469939577902,135,Algorithm 1,3.223761326213302
1000,4,gaussian,1.5,3.111469939577902,135,BGS25,3.5132926131341167
1000,4,gaussian,1.5,3.111469939577902,135,BGN11,3.3448076658631747
1000,4,gaussian,1.5,3.111469939577902,136,Algorithm 1,3.1759320305014818
1000,4,gaussian,1.5,3.111469939577902,136,BGS25,3.614947131058182
1000,4,gaussian,1.5,3.111469939577902,136,BGN11,3.4566482337463675
1000,4,gaussian,1.5,3.111469939577902,137,Algorithm 1,3.200712066414972
1000,4,gaussian,1.5,3.111469939577902,137,BGS25,3.583800767821991
1000,4,gaussian,1.5,3.111469939577902,137,BGN11,3.4297241887853374
1000,4,gaussian,1.5,3.111469939577902,138,Algorithm 1,3.1503131204415045
1000,4,gaussian,1.5,3.111469939577902,138,BGS25,3.5074235988966795
1000,4,gaussian,1.5,3.111469939577902,138,BGN11,3.339187832300079
1000,4,gaussian,1.5,3.111469939577902,139,Algorithm 1,3.293403125754689
1000,4,gaussian,1.5,3.111469939577902,139,BGS25,3.6377390874315596
1000,4,gaussian,1.5,3.111469939577902,139,BGN11,3.4871913583874043
1000,4,gaussian,1.5,3.111469939577902,140,Algorithm 1,3.18146087310748
1000,4,gaussian,1.5,3.111469939577902,140,BGS25,3.4870450894249965
1000,4,gaussian,1.5,3.111469939577902,140,BGN11,3.3250165954616597
1000,4,gaussian,1.5,3.111469939577902,141,Algorithm 1,2.950643083667151
1000,4,gaussian,1.5,3.111469939577902,141,BGS25,3.360641147454848
1000,4,gaussian,1.5,3.111469939577902,141,BGN11,3.1841842513670473
1000,4,gaussian,1.5,3.111469939577902,142,Algorithm 1,3.127120873434802
1000,4,gaussian,1.5,3.111469939577902,142,BGS25,3.419687946325621
1000,4,gaussian,1.5,3.111469939577902,142,BGN11,3.2478769533492695
1000,4,gaussian,1.5,3.111469939577902,143,Algorithm 1,3.1824764904441945
1000,4,gaussian,1.5,3.111469939577902,143,BGS25,3.6052766332353983
1000,4,gaussian,1.5,3.111469939577902,143,BGN11,3.452829895651537
1000,4,gaussian,1.5,3.111469939577902,144,Algorithm 1,3.133793867756501
1000,4,gaussian,1.5,3.111469939577902,144,BGS25,3.4368601187375605
1000,4,gaussian,1.5,3.111469939577902,144,BGN11,3.265454510980053
1000,4,gaussian,1.5,3.111469939577902,145,Algorithm 1,2.941342624920968
1000,4,gaussian,1.5,3.111469939577902,145,BGS25,3.393583183305358
1000,4,gaussian,1.5,3.111469939577902,145,BGN11,3.217920592288579
1000,4,gaussian,1.5,3.111469939577902,146,Algorithm 1,3.1272472204879405
1000,4,gaussian,1.5,3.111469939577902,146,BGS25,3.4862635741481762
1000,4,gaussian,1.5,3.111469939577902,146,BGN11,3.3218876379907805
1000,4,gaussian,1.5,3.111469939577902,147,Algorithm 1,2.9974352513205202
1000,4,gaussian,1.5,3.111469939577902,147,BGS25,3.4630693816112217
1000,4,gaussian,1.5,3.111469939577902,147,BGN11,3.2919132466951635
1000,4,gaussian,1.5,3.111469939577902,148,Algorithm 1,3.167798586111959
1000,4,gaussian,1.5,3.111469939577902,148,BGS25,3.452102156525566
1000,4,gaussian,1.5,3.111469939577902,148,BGN11,3.28443295963018
1000,4,gaussian,1.5,3.111469939577902,149,Algorithm 1,2.8056728085522886
1000,4,gaussian,1.5,3.111469939577902,149,BGS25,3.2695830588727697
1000,4,gaussian,1.5,3.111469939577902,149,BGN11,3.0841725568779346
1000,4,gaussian,1.5,3.111469939577902,150,Algorithm 1,3.20779099622724
1000,4,gaussian,1.5,3.111469939577902,150,BGS25,3.556337079485875
1000,4,gaussian,1.5,3.111469939577902,150,BGN11,3.398810115298838
1000,4,gaussian,1.5,3.111469939577902,151,Algorithm 1,2.9675616519044334
1000,4,gaussian,1.5,3.111469939577902,151,BGS25,3.400623997142399
1000,4,gaussian,1.5,3.111469939577902,151,BGN11,3.2307376225291837
1000,4,gaussian,1.5,3.111469939577902,152,Algorithm 1,2.8927114734158064
1000,4,gaussian,1.5,3.111469939577902,152,BGS25,3.2507709314128994
1000,4,gaussian,1.5,3.111469939577902,152,BGN11,3.0574892421410698
1000,4,gaussian,1.5,3.111469939577902,153,Algorithm 1,3.0287183483614006
1000,4,gaussian,1.5,3.111469939577902,153,BGS25,3.3753375374778383
1000,4,gaussian,1.5,3.111469939577902,153,BGN11,3.2016053987933235
1000,4,gaussian,1.5,3.111469939577902,154,Algorithm 1,3.1398204558411535
1000,4,gaussian,1.5,3.111469939577902,154,BGS25,3.5477754456935653
1000,4,gaussian,1.5,3.111469939577902,154,BGN11,3.3918208073289087
1000,4,gaussian,1.5,3.111469939577902,155,Algorithm 1,3.185507046030516
1000,4,gaussian,1.5,3.111469939577902,155,BGS25,3.439703165119651
1000,4,gaussian,1.5,3.111469939577902,155,BGN11,3.2721051226234903
1000,4,gaussian,1.5,3.111469939577902,156,Algorithm 1,2.9622312028807736
1000,4,gaussian,1.5,3.111469939577902,156,BGS25,3.411493029062977
1000,4,gaussian,1.5,3.111469939577902,156,BGN11,3.2417308608904705
1000,4,gaussian,1.5,3.111469939577902,157,Algorithm 1,3.0557369986721428
1000,4,gaussian,1.5,3.111469939577902,157,BGS25,3.4448456513266805
1000,4,gaussian,1.5,3.111469939577902,157,BGN11,3.272397733305894
1000,4,gaussian,1.5,3.111469939577902,158,Algorithm 1,3.1111067303325264
1000,4,gaussian,1.5,3.111469939577902,158,BGS25,3.447600948699008
1000,4,gaussian,1.5,3.111469939577902,158,BGN11,3.2760584370692825
1000,4,gaussian,1.5,3.111469939577902,159,Algorithm 1,3.2054314274912055
1000,4,gaussian,1.5,3.111469939577902,159,BGS25,3.5483427970526504
1000,4,gaussian,1.5,3.111469939577902,159,BGN11,3.3919338702484425
1000,4,gaussian,1.5,3.111469939577902,160,Algorithm 1,3.1623113012757766
1000,4,gaussian,1.5,3.111469939577902,160,BGS25,3.4819608197478216
1000,4,gaussian,1.5,3.111469939577902,160,BGN11,3.3172663096028625
1000,4,gaussian,1.5,3.111469939577902,161,Algorithm 1,3.1648621934099492
1000,4,gaussian,1.5,3.111469939577902,161,BGS25,3.4971665145607194
1000,4,gaussian,1.5,3.111469939577902,161,BGN11,3.3311929522609676
1000,4,gaussian,1.5,3.111469939577902,162,Algorithm 1,3.041135585089329
1000,4,gaussian,1.5,3.111469939577902,162,BGS25,3.4563786072776255
1000,4,gaussian,1.5,3.111469939577902,162,BGN11,3.286908502504795
1000,4,gaussian,1.5,3.111469939577902,163,Algorithm 1,3.0230061891685494
1000,4,gaussian,1.5,3.111469939577902,163,BGS25,3.4667263752863215
1000,4,gaussian,1.5,3.111469939577902,163,BGN11,3.298527260961649
1000,4,gaussian,1.5,3.111469939577902,164,Algorithm 1,3.0727835375105044
1000,4,gaussian,1.5,3.111469939577902,164,BGS25,3.499391192570959
1000,4,gaussian,1.5,3.111469939577902,164,BGN11,3.3335145767537546
1000,4,gaussian,1.5,3.111469939577902,165,Algorithm 1,3.004597055702569
1000,4,gaussian,1.5,3.111469939577902,165,BGS25,3.3901093802515283
1000,4,gaussian,1.5,3.111469939577902,165,BGN11,3.2194070655190683
1000,4,gaussian,1.5,3.111469939577902,166,Algorithm 1,3.126637293600354
1000,4,gaussian,1.5,3.111469939577902,166,BGS25,3.47268568434927
1000,4,gaussian,1.5,3.111469939577902,166,BGN11,3.306755433842101
1000,4,gaussian,1.5,3.111469939577902,167,Algorithm 1,3.214431093088442
1000,4,gaussian,1.5,3.111469939577902,167,BGS25,3.5543642791980443
1000,4,gaussian,1.5,3.111469939577902,167,BGN11,3.3920931651211497
1000,4,gaussian,1.5,3.111469939577902,168,Algorithm 1,3.0925831822420613
1000,4,gaussian,1.5,3.111469939577902,168,BGS25,3.46692685035796
1000,4,gaussian,1.5,3.111469939577902,168,BGN11,3.2977970498772633
1000,4,gaussian,1.5,3.111469939577902,169,Algorithm 1,2.9543808134014165
1000,4,gaussian,1.5,3.111469939577902,169,BGS25,3.4375142424105696
1000,4,gaussian,1.5,3.111469939577902,169,BGN11,3.2686380987211456
1000,4,gaussian,1.5,3.111469939577902,170,Algorithm 1,3.196899867619216
1000,4,gaussian,1.5,3.111469939577902,170,BGS25,3.5332717048444016
1000,4,gaussian,1.5,3.111469939577902,170,BGN11,3.373565379513682
1000,4,gaussian,1.5,3.111469939577902,171,Algorithm 1,3.0606114665478237
1000,4,gaussian,1.5,3.111469939577902,171,BGS25,3.3854472334620165
1000,4,gaussian,1.5,3.111469939577902,171,BGN11,3.214869995099701
1000,4,gaussian,1.5,3.111469939577902,172,Algorithm 1,3.2098016627870356
1000,4,gaussian,1.5,3.111469939577902,172,BGS25,3.538168588357598
1000,4,gaussian,1.5,3.111469939577902,172,BGN11,3.387339627722378
1000,4,gaussian,1.5,3.111469939577902,173,Algorithm 1,3.058012708186303
1000,4,gaussian,1.5,3.111469939577902,173,BGS25,3.465189285026299
1000,4,gaussian,1.5,3.111469939577902,173,BGN11,3.2941390349510162
1000,4,gaussian,1.5,3.111469939577902,174,Algorithm 1,3.1363100346837927
1000,4,gaussian,1.5,3.111469939577902,174,BGS25,3.45329350692045
1000,4,gaussian,1.5,3.111469939577902,174,BGN11,3.2873626612666813
1000,4,gaussian,1.5,3.111469939577902,175,Algorithm 1,3.263562938595849
1000,4,gaussian,1.5,3.111469939577902,175,BGS25,3.5246685369013955
1000,4,gaussian,1.5,3.111469939577902,175,BGN11,3.3652357213501505
1000,4,gaussian,1.5,3.111469939577902,176,Algorithm 1,3.0482539717743005
1000,4,gaussian,1.5,3.111469939577902,176,BGS25,3.423302701881001
1000,4,gaussian,1.5,3.111469939577902,176,BGN11,3.247133457885087
1000,4,gaussian,1.5,3.111469939577902,177,Algorithm 1,2.9851800691269084
1000,4,gaussian,1.5,3.111469939577902,177,BGS25,3.408297515911327
1000,4,gaussian,1.5,3.111469939577902,177,BGN11,3.2351758540210676
1000,4,gaussian,1.5,3.111469939577902,178,Algorithm 1,3.1183953892424214
1000,4,gaussian,1.5,3.111469939577902,178,BGS25,3.442419457099757
1000,4,gaussian,1.5,3.111469939577902,178,BGN11,3.271540722544059
1000,4,gaussian,1.5,3.111469939577902,179,Algorithm 1,3.2881286562963474
1000,4,gaussian,1.5,3.111469939577902,179,BGS25,3.6076102585533656
1000,4,gaussian,1.5,3.111469939577902,179,BGN11,3.444999237813061
1000,4,gaussian,1.5,3.111469939577902,180,Algorithm 1,3.210697263266364
1000,4,gaussian,1.5,3.111469939577902,180,BGS25,3.5604285193445833
1000,4,gaussian,1.5,3.111469939577902,180,BGN11,3.4029975791364584
1000,4,gaussian,1.5,3.111469939577902,181,Algorithm 1,3.148600466471717
1000,4,gaussian,1.5,3.111469939577902,181,BGS25,3.472811625803737
1000,4,gaussian,1.5,3.111469939577902,181,BGN11,3.3048363520366837
1000,4,gaussian,1.5,3.111469939577902,182,Algorithm 1,2.9986497790382667
1000,4,gaussian,1.5,3.111469939577902,182,BGS25,3.399717099078046
1000,4,gaussian,1.5,3.111469939577902,182,BGN11,3.2233792885493178
1000,4,gaussian,1.5,3.111469939577902,183,Algorithm 1,3.142684769572236
1000,4,gaussian,1.5,3.111469939577902,183,BGS25,3.4748605549375657
1000,4,gaussian,1.5,3.111469939577902,183,BGN11,3.306563133676992
1000,4,gaussian,1.5,3.111469939577902,184,Algorithm 1,3.2474331617232837
1000,4,gaussian,1.5,3.111469939577902,184,BGS25,3.6353982890053045
1000,4,gaussian,1.5,3.111469939577902,184,BGN11,3.487319376055461
1000,4,gaussian,1.5,3.111469939577902,185,Algorithm 1,2.915830240143255
1000,4,gaussian,1.5,3.111469939577902,185,BGS25,3.364578137715471
1000,4,gaussian,1.5,3.111469939577902,185,BGN11,3.184508313582737
1000,4,gaussian,1.5,3.111469939577902,186,Algorithm 1,3.0611851056418
1000,4,gaussian,1.5,3.111469939577902,186,BGS25,3.483488052362806
1000,4,gaussian,1.5,3.111469939577902,186,BGN11,3.3226238821021292
1000,4,gaussian,1.5,3.111469939577902,187,Algorithm 1,3.0863803905847536
1000,4,gaussian,1.5,3.111469939577902,187,BGS25,3.506589290639531
1000,4,gaussian,1.5,3.111469939577902,187,BGN11,3.3330726162026068
1000,4,gaussian,1.5,3.111469939577902,188,Algorithm 1,3.325887634233614
1000,4,gaussian,1.5,3.111469939577902,188,BGS25,3.6540972082106906
1000,4,gaussian,1.5,3.111469939577902,188,BGN11,3.5033938519518437
1000,4,gaussian,1.5,3.111469939577902,189,Algorithm 1,3.0658659693507264
1000,4,gaussian,1.5,3.111469939577902,189,BGS25,3.4081318732439136
1000,4,gaussian,1.5,3.111469939577902,189,BGN11,3.2351967055572652
1000,4,gaussian,1.5,3.111469939577902,190,Algorithm 1,3.060806997070998
1000,4,gaussian,1.5,3.111469939577902,190,BGS25,3.469596819161497
1000,4,gaussian,1.5,3.111469939577902,190,BGN11,3.297201674226568
1000,4,gaussian,1.5,3.111469939577902,191,Algorithm 1,3.1930147683854986
1000,4,gaussian,1.5,3.111469939577902,191,BGS25,3.4843899184667144
1000,4,gaussian,1.5,3.111469939577902,191,BGN11,3.3166526852564697
1000,4,gaussian,1.5,3.111469939577902,192,Algorithm 1,3.146259111824581
1000,4,gaussian,1.5,3.111469939577902,192,BGS25,3.5258352708586482
1000,4,gaussian,1.5,3.111469939577902,192,BGN11,3.3626258301750744
1000,4,gaussian,1.5,3.111469939577902,193,Algorithm 1,3.1081960754268136
1000,4,gaussian,1.5,3.111469939577902,193,BGS25,3.4238023436734224
1000,4,gaussian,1.5,3.111469939577902,193,BGN11,3.2469070538106095
1000,4,gaussian,1.5,3.111469939577902,194,Algorithm 1,3.202856786377543
1000,4,gaussian,1.5,3.111469939577902,194,BGS25,3.501435339626476
1000,4,gaussian,1.5,3.111469939577902,194,BGN11,3.335977228711699
1000,4,gaussian,1.5,3.111469939577902,195,Algorithm 1,2.985357345932261
1000,4,gaussian,1.5,3.111469939577902,195,BGS25,3.4267252772727446
1000,4,gaussian,1.5,3.111469939577902,195,BGN11,3.253068101821382
1000,4,gaussian,1.5,3.111469939577902,196,Algorithm 1,3.1022399235987286
1000,4,gaussian,1.5,3.111469939577902,196,BGS25,3.4970007867282944
1000,4,gaussian,1.5,3.111469939577902,196,BGN11,3.3330792819627857
1000,4,gaussian,1.5,3.111469939577902,197,Algorithm 1,3.1021132704522407
1000,4,gaussian,1.5,3.111469939577902,197,BGS25,3.553968485181997
1000,4,gaussian,1.5,3.111469939577902,197,BGN11,3.3931222872146662
1000,4,gaussian,1.5,3.111469939577902,198,Algorithm 1,3.037693639613502
1000,4,gaussian,1.5,3.111469939577902,198,BGS25,3.4004604554937146
1000,4,gaussian,1.5,3.111469939577902,198,BGN11,3.22643817325354
1000,4,gaussian,1.5,3.111469939577902,199,Algorithm 1,3.043474781920096
1000,4,gaussian,1.5,3.111469939577902,199,BGS25,3.442112959780935
1000,4,gaussian,1.5,3.111469939577902,199,BGN11,3.276938067326563
1000,4,gaussian,1.5,3.111469939577902,200,Algorithm 1,3.261197502440476
1000,4,gaussian,1.5,3.111469939577902,200,BGS25,3.506609866631627
1000,4,gaussian,1.5,3.111469939577902,200,BGN11,3.34045733839895
1000,4,gaussian,1.5,3.111469939577902,201,Algorithm 1,3.203818044796113
1000,4,gaussian,1.5,3.111469939577902,201,BGS25,3.503645288510404
1000,4,gaussian,1.5,3.111469939577902,201,BGN11,3.3427604458131284
1000,4,gaussian,1.5,3.111469939577902,202,Algorithm 1,2.9065863403538503
1000,4,gaussian,1.5,3.111469939577902,202,BGS25,3.3767243150306365
1000,4,gaussian,1.5,3.111469939577902,202,BGN11,3.1966152412731685
1000,4,gaussian,1.5,3.111469939577902,203,Algorithm 1,3.1353844730021616
1000,4,gaussian,1.5,3.111469939577902,203,BGS25,3.4997092919048116
1000,4,gaussian,1.5,3.111469939577902,203,BGN11,3.3388049560147857
1000,4,gaussian,1.5,3.111469939577902,204,Algorithm 1,3.0762785029943034
1000,4,gaussian,1.5,3.111469939577902,204,BGS25,3.5021836930770505
1000,4,gaussian,1.5,3.111469939577902,204,BGN11,3.3365338916945606
1000,4,gaussian,1.5,3.111469939577902,205,Algorithm 1,3.0722665638197952
1000,4,gaussian,1.5,3.111469939577902,205,BGS25,3.37591730204736
1000,4,gaussian,1.5,3.111469939577902,205,BGN11,3.205301103379358
1000,4,gaussian,1.5,3.111469939577902,206,Algorithm 1,2.8438296547083266
1000,4,gaussian,1.5,3.111469939577902,206,BGS25,3.306969496167497
1000,4,gaussian,1.5,3.111469939577902,206,BGN11,3.122464794990142
1000,4,gaussian,1.5,3.111469939577902,207,Algorithm 1,2.8168808595461963
1000,4,gaussian,1.5,3.111469939577902,207,BGS25,3.3675807921174785
1000,4,gaussian,1.5,3.111469939577902,207,BGN11,3.1945221740730503
1000,4,gaussian,1.5,3.111469939577902,208,Algorithm 1,3.213765787606505
1000,4,gaussian,1.5,3.111469939577902,208,BGS25,3.5391275279905674
1000,4,gaussian,1.5,3.111469939577902,208,BGN11,3.379936813714991
1000,4,gaussian,1.5,3.111469939577902,209,Algorithm 1,3.1743968554156496
1000,4,gaussian,1.5,3.111469939577902,209,BGS25,3.540319765661858
1000,4,gaussian,1.5,3.111469939577902,209,BGN11,3.380631327108532
1000,4,gaussian,1.5,3.111469939577902,210,Algorithm 1,3.0181178414747967
1000,4,gaussian,1.5,3.111469939577902,210,BGS25,3.382014437677628
1000,4,gaussian,1.5,3.111469939577902,210,BGN11,3.201356975042894
1000,4,gaussian,1.5,3.111469939577902,211,Algorithm 1,3.2484317949136505
1000,4,gaussian,1.5,3.111469939577902,211,BGS25,3.5232784414659957
1000,4,gaussian,1.5,3.111469939577902,211,BGN11,3.3568030830758215
1000,4,gaussian,1.5,3.111469939577902,212,Algorithm 1,3.182419394507288
1000,4,gaussian,1.5,3.111469939577902,212,BGS25,3.4975626784399916
1000,4,gaussian,1.5,3.111469939577902,212,BGN11,3.3303563187375365
1000,4,gaussian,1.5,3.111469939577902,213,Algorithm 1,3.1675998062038455
1000,4,gaussian,1.5,3.111469939577902,213,BGS25,3.5445176882114486
1000,4,gaussian,1.5,3.111469939577902,213,BGN11,3.3879440937579735
1000,4,gaussian,1.5,3.111469939577902,214,Algorithm 1,3.288862623163455
1000,4,gaussian,1.5,3.111469939577902,214,BGS25,3.6717687515168724
1000,4,gaussian,1.5,3.111469939577902,214,BGN11,3.5217732114844718
1000,4,gaussian,1.5,3.111469939577902,215,Algorithm 1,3.0845281093123496
1000,4,gaussian,1.5,3.111469939577902,215,BGS25,3.4787067711663004
1000,4,gaussian,1.5,3.111469939577902,215,BGN11,3.3163706207758983
1000,4,gaussian,1.5,3.111469939577902,216,Algorithm 1,3.314242498294449
1000,4,gaussian,1.5,3.111469939577902,216,BGS25,3.5537315669954337
1000,4,gaussian,1.5,3.111469939577902,216,BGN11,3.392625930633556
1000,4,gaussian,1.5,3.111469939577902,217,Algorithm 1,3.1732285141930587
1000,4,gaussian,1.5,3.111469939577902,217,BGS25,3.3944808802626376
1000,4,gaussian,1.5,3.111469939577902,217,BGN11,3.216950534895442
1000,4,gaussian,1.5,3.111469939577902,218,Algorithm 1,3.323468431726194
1000,4,gaussian,1.5,3.111469939577902,218,BGS25,3.6557459629274014
1000,4,gaussian,1.5,3.111469939577902,218,BGN11,3.504340290593656
1000,4,gaussian,1.5,3.111469939577902,219,Algorithm 1,3.072728274067897
1000,4,gaussian,1.5,3.111469939577902,219,BGS25,3.488152317857013
1000,4,gaussian,1.5,3.111469939577902,219,BGN11,3.3185624902525412
1000,4,gaussian,1.5,3.111469939577902,220,Algorithm 1,3.1263360373547306
1000,4,gaussian,1.5,3.111469939577902,220,BGS25,3.4223948758808787
1000,4,gaussian,1.5,3.111469939577902,220,BGN11,3.248466295224544
1000,4,gaussian,1.5,3.111469939577902,221,Algorithm 1,3.115068258824432
1000,4,gaussian,1.5,3.111469939577902,221,BGS25,3.390258450067824
1000,4,gaussian,1.5,3.111469939577902,221,BGN11,3.212762515252414
1000,4,gaussian,1.5,3.111469939577902,222,Algorithm 1,2.9482207613245244
1000,4,gaussian,1.5,3.111469939577902,222,BGS25,3.3602125923704644
1000,4,gaussian,1.5,3.111469939577902,222,BGN11,3.177821976274823
1000,4,gaussian,1.5,3.111469939577902,223,Algorithm 1,3.171683338217662
1000,4,gaussian,1.5,3.111469939577902,223,BGS25,3.5515127932791666
1000,4,gaussian,1.5,3.111469939577902,223,BGN11,3.398340810098749
1000,4,gaussian,1.5,3.111469939577902,224,Algorithm 1,2.9971073791791802
1000,4,gaussian,1.5,3.111469939577902,224,BGS25,3.4819558086150573
1000,4,gaussian,1.5,3.111469939577902,224,BGN11,3.314815236940232
1000,4,gaussian,1.5,3.111469939577902,225,Algorithm 1,2.8527887151458833
1000,4,gaussian,1.5,3.111469939577902,225,BGS25,3.3980557693979625
1000,4,gaussian,1.5,3.111469939577902,225,BGN11,3.226730058403793
1000,4,gaussian,1.5,3.111469939577902,226,Algorithm 1,3.049646619284151
1000,4,gaussian,1.5,3.111469939577902,226,BGS25,3.4320979403806966
1000,4,gaussian,1.5,3.111469939577902,226,BGN11,3.255301511579623
1000,4,gaussian,1.5,3.111469939577902,227,Algorithm 1,3.183494149531886
1000,4,gaussian,1.5,3.111469939577902,227,BGS25,3.5401232245889167
1000,4,gaussian,1.5,3.111469939577902,227,BGN11,3.3746526746000858
1000,4,gaussian,1.5,3.111469939577902,228,Algorithm 1,3.084418408139865
1000,4,gaussian,1.5,3.111469939577902,228,BGS25,3.452169573001739
1000,4,gaussian,1.5,3.111469939577902,228,BGN11,3.285072969394248
1000,4,gaussian,1.5,3.111469939577902,229,Algorithm 1,3.1897273285580194
1000,4,gaussian,1.5,3.111469939577902,229,BGS25,3.467063008991416
1000,4,gaussian,1.5,3.111469939577902,229,BGN11,3.2973742356774944
1000,4,gaussian,1.5,3.111469939577902,230,Algorithm 1,3.214657009786763
1000,4,gaussian,1.5,3.111469939577902,230,BGS25,3.4745518245633216
1000,4,gaussian,1.5,3.111469939577902,230,BGN11,3.2993689982658387
1000,4,gaussian,1.5,3.111469939577902,231,Algorithm 1,3.09021811379061
1000,4,gaussian,1.5,3.111469939577902,231,BGS25,3.4153787689582833
1000,4,gaussian,1.5,3.111469939577902,231,BGN11,3.2370478666784064
1000,4,gaussian,1.5,3.111469939577902,232,Algorithm 1,3.0985511591488915
1000,4,gaussian,1.5,3.111469939577902,232,BGS25,3.3886187600646265
1000,4,gaussian,1.5,3.111469939577902,232,BGN11,3.2123707884944475
1000,4,gaussian,1.5,3.111469939577902,233,Algorithm 1,3.0033427685342127
1000,4,gaussian,1.5,3.111469939577902,233,BGS25,3.4713445016571125
1000,4,gaussian,1.5,3.111469939577902,233,BGN11,3.3095608522607542
1000,4,gaussian,1.5,3.111469939577902,234,Algorithm 1,3.0850946574209144
1000,4,gaussian,1.5,3.111469939577902,234,BGS25,3.466959726014692
1000,4,gaussian,1.5,3.111469939577902,234,BGN11,3.297366692636625
1000,4,gaussian,1.5,3.111469939577902,235,Algorithm 1,3.0314151420880764
1000,4,gaussian,1.5,3.111469939577902,235,BGS25,3.4127161033465225
1000,4,gaussian,1.5,3.111469939577902,235,BGN11,3.2358510284627298
1000,4,gaussian,1.5,3.111469939577902,236,Algorithm 1,3.15948851260948
1000,4,gaussian,1.5,3.111469939577902,236,BGS25,3.555361355956099
1000,4,gaussian,1.5,3.111469939577902,236,BGN11,3.3979307318061465
1000,4,gaussian,1.5,3.111469939577902,237,Algorithm 1,3.1655747750115295
1000,4,gaussian,1.5,3.111469939577902,237,BGS25,3.5594381940747066
1000,4,gaussian,1.5,3.111469939577902,237,BGN11,3.3987512053382396
1000,4,gaussian,1.5,3.111469939577902,238,Algorithm 1,3.137944005387662
1000,4,gaussian,1.5,3.111469939577902,238,BGS25,3.432967355749448
1000,4,gaussian,1.5,3.111469939577902,238,BGN11,3.2562870737440583
1000,4,gaussian,1.5,3.111469939577902,239,Algorithm 1,3.1426474628206726
1000,4,gaussian,1.5,3.111469939577902,239,BGS25,3.4949013246144567
1000,4,gaussian,1.5,3.111469939577902,239,BGN11,3.3265926771287453
1000,4,gaussian,1.5,3.111469939577902,240,Algorithm 1,3.3566065475842435
1000,4,gaussian,1.5,3.111469939577902,240,BGS25,3.7088630971223484
1000,4,gaussian,1.5,3.111469939577902,240,BGN11,3.5637894148385834
1000,4,gaussian,1.5,3.111469939577902,241,Algorithm 1,3.0516113005704844
1000,4,gaussian,1.5,3.111469939577902,241,BGS25,3.4347266873034643
1000,4,gaussian,1.5,3.111469939577902,241,BGN11,3.2612509210540583
1000,4,gaussian,1.5,3.111469939577902,242,Algorithm 1,3.3185942904259242
1000,4,gaussian,1.5,3.111469939577902,242,BGS25,3.6582613479437716
1000,4,gaussian,1.5,3.111469939577902,242,BGN11,3.5045425232316187
1000,4,gaussian,1.5,3.111469939577902,243,Algorithm 1,3.0025356887347967
1000,4,gaussian,1.5,3.111469939577902,243,BGS25,3.3729440472541667
1000,4,gaussian,1.5,3.111469939577902,243,BGN11,3.1943618551921555
1000,4,gaussian,1.5,3.111469939577902,244,Algorithm 1,2.960445576921904
1000,4,gaussian,1.5,3.111469939577902,244,BGS25,3.3243491641950316
1000,4,gaussian,1.5,3.111469939577902,244,BGN11,3.1479210563111804
1000,4,gaussian,1.5,3.111469939577902,245,Algorithm 1,3.248905130205106
1000,4,gaussian,1.5,3.111469939577902,245,BGS25,3.5334944537657043
1000,4,gaussian,1.5,3.111469939577902,245,BGN11,3.3747349552993553
1000,4,gaussian,1.5,3.111469939577902,246,Algorithm 1,3.085070249707233
1000,4,gaussian,1.5,3.111469939577902,246,BGS25,3.471606118089465
1000,4,gaussian,1.5,3.111469939577902,246,BGN11,3.3052954192662862
1000,4,gaussian,1.5,3.111469939577902,247,Algorithm 1,3.1297725206459703
1000,4,gaussian,1.5,3.111469939577902,247,BGS25,3.566759087307555
1000,4,gaussian,1.5,3.111469939577902,247,BGN11,3.4108784511388888
1000,4,gaussian,1.5,3.111469939577902,248,Algorithm 1,3.0551402442046487
1000,4,gaussian,1.5,3.111469939577902,248,BGS25,3.480520715661612
1000,4,gaussian,1.5,3.111469939577902,248,BGN11,3.31292558945534
1000,4,gaussian,1.5,3.111469939577902,249,Algorithm 1,3.094698483409947
1000,4,gaussian,1.5,3.111469939577902,249,BGS25,3.479782328914904
1000,4,gaussian,1.5,3.111469939577902,249,BGN11,3.3105339256327753
1000,4,gaussian,1.5,3.111469939577902,250,Algorithm 1,3.230385282230986
1000,4,gaussian,1.5,3.111469939577902,250,BGS25,3.518381788360716
1000,4,gaussian,1.5,3.111469939577902,250,BGN11,3.3609496497211087
1000,4,gaussian,1.5,3.111469939577902,251,Algorithm 1,2.9660564511574417
1000,4,gaussian,1.5,3.111469939577902,251,BGS25,3.3805261080240294
1000,4,gaussian,1.5,3.111469939577902,251,BGN11,3.201784766839259
1000,4,gaussian,1.5,3.111469939577902,252,Algorithm 1,3.2274317400470864
1000,4,gaussian,1.5,3.111469939577902,252,BGS25,3.5636745654333843
1000,4,gaussian,1.5,3.111469939577902,252,BGN11,3.4044851045990554
1000,4,gaussian,1.5,3.111469939577902,253,Algorithm 1,2.9961327391876083
1000,4,gaussian,1.5,3.111469939577902,253,BGS25,3.3978674507325906
1000,4,gaussian,1.5,3.111469939577902,253,BGN11,3.22846964881414
1000,4,gaussian,1.5,3.111469939577902,254,Algorithm 1,3.0059119409242543
1000,4,gaussian,1.5,3.111469939577902,254,BGS25,3.475694090651546
1000,4,gaussian,1.5,3.111469939577902,254,BGN11,3.3080719953619586
1000,4,gaussian,1.5,3.111469939577902,255,Algorithm 1,3.037071045082542
1000,4,gaussian,1.5,3.111469939577902,255,BGS25,3.4445724817264507
1000,4,gaussian,1.5,3.111469939577902,255,BGN11,3.2767182344800085
1000,4,gaussian,1.5,3.111469939577902,256,Algorithm 1,2.9195879751959457
1000,4,gaussian,1.5,3.111469939577902,256,BGS25,3.360050729626483
1000,4,gaussian,1.5,3.111469939577902,256,BGN11,3.176500081438746
1000,4,gaussian,1.5,3.111469939577902,257,Algorithm 1,3.118172067169045
1000,4,gaussian,1.5,3.111469939577902,257,BGS25,3.4515489945844666
1000,4,gaussian,1.5,3.111469939577902,257,BGN11,3.2840004432071224
1000,4,gaussian,1.5,3.111469939577902,258,Algorithm 1,2.933055678134652
1000,4,gaussian,1.5,3.111469939577902,258,BGS25,3.3977273961852132
1000,4,gaussian,1.5,3.111469939577902,258,BGN11,3.220997458087943
1000,4,gaussian,1.5,3.111469939577902,259,Algorithm 1,3.1195155527952023
1000,4,gaussian,1.5,3.111469939577902,259,BGS25,3.4572245187443977
1000,4,gaussian,1.5,3.111469939577902,259,BGN11,3.2839152141550794
1000,4,gaussian,1.5,3.111469939577902,260,Algorithm 1,3.141137218195223
1000,4,gaussian,1.5,3.111469939577902,260,BGS25,3.482148456420793
1000,4,gaussian,1.5,3.111469939577902,260,BGN11,3.3202238346579063
1000,4,gaussian,1.5,3.111469939577902,261,Algorithm 1,2.8702482098083406
1000,4,gaussian,1.5,3.111469939577902,261,BGS25,3.3369479525211543
1000,4,gaussian,1.5,3.111469939577902,261,BGN11,3.157248345695772
1000,4,gaussian,1.5,3.111469939577902,262,Algorithm 1,3.1725924015029925
1000,4,gaussian,1.5,3.111469939577902,262,BGS25,3.572254268677974
1000,4,gaussian,1.5,3.111469939577902,262,BGN11,3.4103597869174487
1000,4,gaussian,1.5,3.111469939577902,263,Algorithm 1,3.175570542723892
1000,4,gaussian,1.5,3.111469939577902,263,BGS25,3.5357957003939475
1000,4,gaussian,1.5,3.111469939577902,263,BGN11,3.373036414490995
1000,4,gaussian,1.5,3.111469939577902,264,Algorithm 1,3.1253600773522874
1000,4,gaussian,1.5,3.111469939577902,264,BGS25,3.472987929511655
1000,4,gaussian,1.5,3.111469939577902,264,BGN11,3.3080584389296224
1000,4,gaussian,1.5,3.111469939577902,265,Algorithm 1,2.908814890524141
1000,4,gaussian,1.5,3.111469939577902,265,BGS25,3.4511211012899357
1000,4,gaussian,1.5,3.111469939577902,265,BGN11,3.279214577379518
1000,4,gaussian,1.5,3.111469939577902,266,Algorithm 1,3.1742303839752535
1000,4,gaussian,1.5,3.111469939577902,266,BGS25,3.490640611458265
1000,4,gaussian,1.5,3.111469939577902,266,BGN11,3.3363702029352322
1000,4,gaussian,1.5,3.111469939577902,267,Algorithm 1,3.219533438220902
1000,4,gaussian,1.5,3.111469939577902,267,BGS25,3.466100496738825
1000,4,gaussian,1.5,3.111469939577902,267,BGN11,3.301129604602636
1000,4,gaussian,1.5,3.111469939577902,268,Algorithm 1,2.9779662865258247
1000,4,gaussian,1.5,3.111469939577902,268,BGS25,3.45348621918488
1000,4,gaussian,1.5,3.111469939577902,268,BGN11,3.287436011924003
1000,4,gaussian,1.5,3.111469939577902,269,Algorithm 1,2.968908344536817
1000,4,gaussian,1.5,3.111469939577902,269,BGS25,3.4789905957034675
1000,4,gaussian,1.5,3.111469939577902,269,BGN11,3.30525628042063
1000,4,gaussian,1.5,3.111469939577902,270,Algorithm 1,3.1451922871720424
1000,4,gaussian,1.5,3.111469939577902,270,BGS25,3.460014582375906
1000,4,gaussian,1.5,3.111469939577902,270,BGN11,3.290109412378232
1000,4,gaussian,1.5,3.111469939577902,271,Algorithm 1,3.007378925469703
1000,4,gaussian,1.5,3.111469939577902,271,BGS25,3.3478881349545246
1000,4,gaussian,1.5,3.111469939577902,271,BGN11,3.1719809635252445
1000,4,gaussian,1.5,3.111469939577902,272,Algorithm 1,3.0616129024795415
1000,4,gaussian,1.5,3.111469939577902,272,BGS25,3.5090533314680608
1000,4,gaussian,1.5,3.111469939577902,272,BGN11,3.3500788691826306
1000,4,gaussian,1.5,3.111469939577902,273,Algorithm 1,3.2606887642047053
1000,4,gaussian,1.5,3.111469939577902,273,BGS25,3.605285628183549
1000,4,gaussian,1.5,3.111469939577902,273,BGN11,3.454327728468778
1000,4,gaussian,1.5,3.111469939577902,274,Algorithm 1,3.034562209784125
1000,4,gaussian,1.5,3.111469939577902,274,BGS25,3.4015559469232786
1000,4,gaussian,1.5,3.111469939577902,274,BGN11,3.2286626954716104
1000,4,gaussian,1.5,3.111469939577902,275,Algorithm 1,3.0816941678887577
1000,4,gaussian,1.5,3.111469939577902,275,BGS25,3.447310664432132
1000,4,gaussian,1.5,3.111469939577902,275,BGN11,3.2801434348867247
1000,4,gaussian,1.5,3.111469939577902,276,Algorithm 1,3.035653696010917
1000,4,gaussian,1.5,3.111469939577902,276,BGS25,3.446321875194288
1000,4,gaussian,1.5,3.111469939577902,276,BGN11,3.2732169841433643
1000,4,gaussian,1.5,3.111469939577902,277,Algorithm 1,3.2999274289557796
1000,4,gaussian,1.5,3.111469939577902,277,BGS25,3.5342989927007804
1000,4,gaussian,1.5,3.111469939577902,277,BGN11,3.3760697735422505
1000,4,gaussian,1.5,3.111469939577902,278,Algorithm 1,3.024028156357662
1000,4,gaussian,1.5,3.111469939577902,278,BGS25,3.499904790492465
1000,4,gaussian,1.5,3.111469939577902,278,BGN11,3.332293164790853
1000,4,gaussian,1.5,3.111469939577902,279,Algorithm 1,3.137420587606506
1000,4,gaussian,1.5,3.111469939577902,279,BGS25,3.4739859277468588
1000,4,gaussian,1.5,3.111469939577902,279,BGN11,3.3071878655662466
1000,4,gaussian,1.5,3.111469939577902,280,Algorithm 1,3.118422477631924
1000,4,gaussian,1.5,3.111469939577902,280,BGS25,3.4729540942093293
1000,4,gaussian,1.5,3.111469939577902,280,BGN11,3.3040121089944208
1000,4,gaussian,1.5,3.111469939577902,281,Algorithm 1,3.0371399093393134
1000,4,gaussian,1.5,3.111469939577902,281,BGS25,3.3935735302915417
1000,4,gaussian,1.5,3.111469939577902,281,BGN11,3.212310039642531
1000,4,gaussian,1.5,3.111469939577902,282,Algorithm 1,3.119255284444025
1000,4,gaussian,1.5,3.111469939577902,282,BGS25,3.4974550921851866
1000,4,gaussian,1.5,3.111469939577902,282,BGN11,3.3358493192112775
1000,4,gaussian,1.5,3.111469939577902,283,Algorithm 1,3.0477368287975026
1000,4,gaussian,1.5,3.111469939577902,283,BGS25,3.421418563606438
1000,4,gaussian,1.5,3.111469939577902,283,BGN11,3.245118966364289
1000,4,gaussian,1.5,3.111469939577902,284,Algorithm 1,3.2886381358001664
1000,4,gaussian,1.5,3.111469939577902,284,BGS25,3.5669897329430755
1000,4,gaussian,1.5,3.111469939577902,284,BGN11,3.4121167799400984
1000,4,gaussian,1.5,3.111469939577902,285,Algorithm 1,3.0947004287526223
1000,4,gaussian,1.5,3.111469939577902,285,BGS25,3.4163570382436426
1000,4,gaussian,1.5,3.111469939577902,285,BGN11,3.244736184054906
1000,4,gaussian,1.5,3.111469939577902,286,Algorithm 1,3.1990455074676682
1000,4,gaussian,1.5,3.111469939577902,286,BGS25,3.562076871032141
1000,4,gaussian,1.5,3.111469939577902,286,BGN11,3.40201055793382
1000,4,gaussian,1.5,3.111469939577902,287,Algorithm 1,3.072134512184889
1000,4,gaussian,1.5,3.111469939577902,287,BGS25,3.4232788875234146
1000,4,gaussian,1.5,3.111469939577902,287,BGN11,3.2480348437598034
1000,4,gaussian,1.5,3.111469939577902,288,Algorithm 1,3.1631092652940223
1000,4,gaussian,1.5,3.111469939577902,288,BGS25,3.499540550553238
1000,4,gaussian,1.5,3.111469939577902,288,BGN11,3.33614406813304
1000,4,gaussian,1.5,3.111469939577902,289,Algorithm 1,3.2208960985547113
1000,4,gaussian,1.5,3.111469939577902,289,BGS25,3.5480926781119884
1000,4,gaussian,1.5,3.111469939577902,289,BGN11,3.3908741376251896
1000,4,gaussian,1.5,3.111469939577902,290,Algorithm 1,3.004199063269957
1000,4,gaussian,1.5,3.111469939577902,290,BGS25,3.459787169121495
1000,4,gaussian,1.5,3.111469939577902,290,BGN11,3.2925006908616696
1000,4,gaussian,1.5,3.111469939577902,291,Algorithm 1,3.1000166905139137
1000,4,gaussian,1.5,3.111469939577902,291,BGS25,3.559740243993893
1000,4,gaussian,1.5,3.111469939577902,291,BGN11,3.3980352147550974
1000,4,gaussian,1.5,3.111469939577902,292,Algorithm 1,3.059772913694947
1000,4,gaussian,1.5,3.111469939577902,292,BGS25,3.433546716477898
1000,4,gaussian,1.5,3.111469939577902,292,BGN11,3.266054463323257
1000,4,gaussian,1.5,3.111469939577902,293,Algorithm 1,3.258074772635461
1000,4,gaussian,1.5,3.111469939577902,293,BGS25,3.5196892604909022
1000,4,gaussian,1.5,3.111469939577902,293,BGN11,3.3544658794316358
1000,4,gaussian,1.5,3.111469939577902,294,Algorithm 1,3.176619941431826
1000,4,gaussian,1.5,3.111469939577902,294,BGS25,3.481904183501539
1000,4,gaussian,1.5,3.111469939577902,294,BGN11,3.319195410209866
1000,4,gaussian,1.5,3.111469939577902,295,Algorithm 1,3.1308570659179167
1000,4,gaussian,1.5,3.111469939577902,295,BGS25,3.5123270877884436
1000,4,gaussian,1.5,3.111469939577902,295,BGN11,3.3494343520069507
1000,4,gaussian,1.5,3.111469939577902,296,Algorithm 1,2.9177227072043785
1000,4,gaussian,1.5,3.111469939577902,296,BGS25,3.385152839375851
1000,4,gaussian,1.5,3.111469939577902,296,BGN11,3.2096742340180704
1000,4,gaussian,1.5,3.111469939577902,297,Algorithm 1,3.027863218358081
1000,4,gaussian,1.5,3.111469939577902,297,BGS25,3.4319524098866094
1000,4,gaussian,1.5,3.111469939577902,297,BGN11,3.27121830112335
1000,4,gaussian,1.5,3.111469939577902,298,Algorithm 1,3.011726552071738
1000,4,gaussian,1.5,3.111469939577902,298,BGS25,3.434616887822262
1000,4,gaussian,1.5,3.111469939577902,298,BGN11,3.262410010175306
1000,4,gaussian,1.5,3.111469939577902,299,Algorithm 1,3.0634307772030613
1000,4,gaussian,1.5,3.111469939577902,299,BGS25,3.4873325786575013
1000,4,gaussian,1.5,3.111469939577902,299,BGN11,3.319907986891399
1000,4,gaussian,1.5,3.111469939577902,300,Algorithm 1,3.065944676572367
1000,4,gaussian,1.5,3.111469939577902,300,BGS25,3.4103280535910163
1000,4,gaussian,1.5,3.111469939577902,300,BGN11,3.2441366426676415
1000,4,gaussian,1.5,3.111469939577902,301,Algorithm 1,3.211225522469649
1000,4,gaussian,1.5,3.111469939577902,301,BGS25,3.5174434945937
1000,4,gaussian,1.5,3.111469939577902,301,BGN11,3.3520084107988173
1000,4,gaussian,1.5,3.111469939577902,302,Algorithm 1,3.019424904607548
1000,4,gaussian,1.5,3.111469939577902,302,BGS25,3.43623613971173
1000,4,gaussian,1.5,3.111469939577902,302,BGN11,3.2627929521181582
1000,4,gaussian,1.5,3.111469939577902,303,Algorithm 1,2.9214946070317263
1000,4,gaussian,1.5,3.111469939577902,303,BGS25,3.3395554471216995
1000,4,gaussian,1.5,3.111469939577902,303,BGN11,3.1580306595217102
1000,4,gaussian,1.5,3.111469939577902,304,Algorithm 1,3.2147432829707645
1000,4,gaussian,1.5,3.111469939577902,304,BGS25,3.4824869140984136
1000,4,gaussian,1.5,3.111469939577902,304,BGN11,3.321023306778019
1000,4,gaussian,1.5,3.111469939577902,305,Algorithm 1,3.0504216341312347
1000,4,gaussian,1.5,3.111469939577902,305,BGS25,3.4524685333124174
1000,4,gaussian,1.5,3.111469939577902,305,BGN11,3.281400463981981
1000,4,gaussian,1.5,3.111469939577902,306,Algorithm 1,3.125706999308583
1000,4,gaussian,1.5,3.111469939577902,306,BGS25,3.537996114398701
1000,4,gaussian,1.5,3.111469939577902,306,BGN11,3.3780035350803423
1000,4,gaussian,1.5,3.111469939577902,307,Algorithm 1,3.0765075059695746
1000,4,gaussian,1.5,3.111469939577902,307,BGS25,3.441577749697382
1000,4,gaussian,1.5,3.111469939577902,307,BGN11,3.2690036622995895
1000,4,gaussian,1.5,3.111469939577902,308,Algorithm 1,3.144740290104672
1000,4,gaussian,1.5,3.111469939577902,308,BGS25,3.4650270024583136
1000,4,gaussian,1.5,3.111469939577902,308,BGN11,3.291721164631098
1000,4,gaussian,1.5,3.111469939577902,309,Algorithm 1,3.099283382985302
1000,4,gaussian,1.5,3.111469939577902,309,BGS25,3.4289749621747054
1000,4,gaussian,1.5,3.111469939577902,309,BGN11,3.2567258075906915
1000,4,gaussian,1.5,3.111469939577902,310,Algorithm 1,3.2052466162943842
1000,4,gaussian,1.5,3.111469939577902,310,BGS25,3.5236853815161693
1000,4,gaussian,1.5,3.111469939577902,310,BGN11,3.361851233501922
1000,4,gaussian,1.5,3.111469939577902,311,Algorithm 1,2.8303069196245683
1000,4,gaussian,1.5,3.111469939577902,311,BGS25,3.2628526569999607
1000,4,gaussian,1.5,3.111469939577902,311,BGN11,3.0686975494564406
1000,4,gaussian,1.5,3.111469939577902,312,Algorithm 1,3.0045672898178486
1000,4,gaussian,1.5,3.111469939577902,312,BGS25,3.404875919772791
1000,4,gaussian,1.5,3.111469939577902,312,BGN11,3.229086755722394
1000,4,gaussian,1.5,3.111469939577902,313,Algorithm 1,3.0721220593229837
1000,4,gaussian,1.5,3.111469939577902,313,BGS25,3.3444532201426815
1000,4,gaussian,1.5,3.111469939577902,313,BGN11,3.1591476502149627
1000,4,gaussian,1.5,3.111469939577902,314,Algorithm 1,3.189008563547089
1000,4,gaussian,1.5,3.111469939577902,314,BGS25,3.573769388474921
1000,4,gaussian,1.5,3.111469939577902,314,BGN11,3.422255723514751
1000,4,gaussian,1.5,3.111469939577902,315,Algorithm 1,3.197484929583754
1000,4,gaussian,1.5,3.111469939577902,315,BGS25,3.502377685973956
1000,4,gaussian,1.5,3.111469939577902,315,BGN11,3.3370401343706293
1000,4,gaussian,1.5,3.111469939577902,316,Algorithm 1,2.9962009943296364
1000,4,gaussian,1.5,3.111469939577902,316,BGS25,3.375911089201981
1000,4,gaussian,1.5,3.111469939577902,316,BGN11,3.2014336502611944
1000,4,gaussian,1.5,3.111469939577902,317,Algorithm 1,3.2705428470613223
1000,4,gaussian,1.5,3.111469939577902,317,BGS25,3.5915809708505115
1000,4,gaussian,1.5,3.111469939577902,317,BGN11,3.4366201141002732
1000,4,gaussian,1.5,3.111469939577902,318,Algorithm 1,3.0179952086655404
1000,4,gaussian,1.5,3.111469939577902,318,BGS25,3.407584853409145
1000,4,gaussian,1.5,3.111469939577902,318,BGN11,3.233979424608139
1000,4,gaussian,1.5,3.111469939577902,319,Algorithm 1,3.0776916142405972
1000,4,gaussian,1.5,3.111469939577902,319,BGS25,3.4296143343906165
1000,4,gaussian,1.5,3.111469939577902,319,BGN11,3.2591457322281028
1000,4,gaussian,1.5,3.111469939577902,320,Algorithm 1,2.9818487992630884
1000,4,gaussian,1.5,3.111469939577902,320,BGS25,3.421925810985857
1000,4,gaussian,1.5,3.111469939577902,320,BGN11,3.250396062505586
1000,4,gaussian,1.5,3.111469939577902,321,Algorithm 1,3.2335321220771003
1000,4,gaussian,1.5,3.111469939577902,321,BGS25,3.5131497949659543
1000,4,gaussian,1.5,3.111469939577902,321,BGN11,3.3503143729511895
1000,4,gaussian,1.5,3.111469939577902,322,Algorithm 1,3.065239904979244
1000,4,gaussian,1.5,3.111469939577902,322,BGS25,3.473024361683821
1000,4,gaussian,1.5,3.111469939577902,322,BGN11,3.300446410757615
1000,4,gaussian,1.5,3.111469939577902,323,Algorithm 1,2.891154021509898
1000,4,gaussian,1.5,3.111469939577902,323,BGS25,3.434465845501444
1000,4,gaussian,1.5,3.111469939577902,323,BGN11,3.259297334323458
1000,4,gaussian,1.5,3.111469939577902,324,Algorithm 1,3.0079257348632313
1000,4,gaussian,1.5,3.111469939577902,324,BGS25,3.3287268606513822
1000,4,gaussian,1.5,3.111469939577902,324,BGN11,3.145600549849665
1000,4,gaussian,1.5,3.111469939577902,325,Algorithm 1,3.137252532435799
1000,4,gaussian,1.5,3.111469939577902,325,BGS25,3.45002615312247
1000,4,gaussian,1.5,3.111469939577902,325,BGN11,3.2771907887524843
1000,4,gaussian,1.5,3.111469939577902,326,Algorithm 1,3.0171375076907596
1000,4,gaussian,1.5,3.111469939577902,326,BGS25,3.4115721125754286
1000,4,gaussian,1.5,3.111469939577902,326,BGN11,3.240916505914855
1000,4,gaussian,1.5,3.111469939577902,327,Algorithm 1,3.102048592506961
1000,4,gaussian,1.5,3.111469939577902,327,BGS25,3.534340501621748
1000,4,gaussian,1.5,3.111469939577902,327,BGN11,3.3696035345984248
1000,4,gaussian,1.5,3.111469939577902,328,Algorithm 1,3.0230355670895745
1000,4,gaussian,1.5,3.111469939577902,328,BGS25,3.401277960417438
1000,4,gaussian,1.5,3.111469939577902,328,BGN11,3.2291249666184454
1000,4,gaussian,1.5,3.111469939577902,329,Algorithm 1,3.090146970509479
1000,4,gaussian,1.5,3.111469939577902,329,BGS25,3.4559975378128955
1000,4,gaussian,1.5,3.111469939577902,329,BGN11,3.2873768714638802
1000,4,gaussian,1.5,3.111469939577902,330,Algorithm 1,3.200478780907756
1000,4,gaussian,1.5,3.111469939577902,330,BGS25,3.4716809624775253
1000,4,gaussian,1.5,3.111469939577902,330,BGN11,3.3044708117962895
1000,4,gaussian,1.5,3.111469939577902,331,Algorithm 1,3.030727469983173
1000,4,gaussian,1.5,3.111469939577902,331,BGS25,3.442642542594495
1000,4,gaussian,1.5,3.111469939577902,331,BGN11,3.2752068437797934
1000,4,gaussian,1.5,3.111469939577902,332,Algorithm 1,3.1305573818093686
1000,4,gaussian,1.5,3.111469939577902,332,BGS25,3.49804499520448
1000,4,gaussian,1.5,3.111469939577902,332,BGN11,3.335286132021336
1000,4,gaussian,1.5,3.111469939577902,333,Algorithm 1,2.982490362695249
1000,4,gaussian,1.5,3.111469939577902,333,BGS25,3.463895265338631
1000,4,gaussian,1.5,3.111469939577902,333,BGN11,3.301888989246741
1000,4,gaussian,1.5,3.111469939577902,334,Algorithm 1,3.054863630238511
1000,4,gaussian,1.5,3.111469939577902,334,BGS25,3.3990740027603366
1000,4,gaussian,1.5,3.111469939577902,334,BGN11,3.228407806769513
1000,4,gaussian,1.5,3.111469939577902,335,Algorithm 1,2.975211501174416
1000,4,gaussian,1.5,3.111469939577902,335,BGS25,3.39770423174242
1000,4,gaussian,1.5,3.111469939577902,335,BGN11,3.220151427715282
1000,4,gaussian,1.5,3.111469939577902,336,Algorithm 1,2.9938455214086166
1000,4,gaussian,1.5,3.111469939577902,336,BGS25,3.390060999960019
1000,4,gaussian,1.5,3.111469939577902,336,BGN11,3.210355460251977
1000,4,gaussian,1.5,3.111469939577902,337,Algorithm 1,2.9832296768146636
1000,4,gaussian,1.5,3.111469939577902,337,BGS25,3.3683835875003165
1000,4,gaussian,1.5,3.111469939577902,337,BGN11,3.1881980271680184
1000,4,gaussian,1.5,3.111469939577902,338,Algorithm 1,3.258903592540503
1000,4,gaussian,1.5,3.111469939577902,338,BGS25,3.5838829682084272
1000,4,gaussian,1.5,3.111469939577902,338,BGN11,3.427405856455345
1000,4,gaussian,1.5,3.111469939577902,339,Algorithm 1,2.9526110939040766
1000,4,gaussian,1.5,3.111469939577902,339,BGS25,3.354246411484228
1000,4,gaussian,1.5,3.111469939577902,339,BGN11,3.1704789355119707
1000,4,gaussian,1.5,3.111469939577902,340,Algorithm 1,2.799410500237036
1000,4,gaussian,1.5,3.111469939577902,340,BGS25,3.2610362736722744
1000,4,gaussian,1.5,3.111469939577902,340,BGN11,3.0768515809278094
1000,4,gaussian,1.5,3.111469939577902,341,Algorithm 1,3.0104016992322995
1000,4,gaussian,1.5,3.111469939577902,341,BGS25,3.372772265609499
1000,4,gaussian,1.5,3.111469939577902,341,BGN11,3.192100704058132
1000,4,gaussian,1.5,3.111469939577902,342,Algorithm 1,2.8985941538722932
1000,4,gaussian,1.5,3.111469939577902,342,BGS25,3.2813271259532573
1000,4,gaussian,1.5,3.111469939577902,342,BGN11,3.0923574507569067
1000,4,gaussian,1.5,3.111469939577902,343,Algorithm 1,3.2600966079216813
1000,4,gaussian,1.5,3.111469939577902,343,BGS25,3.5578485941609603
1000,4,gaussian,1.5,3.111469939577902,343,BGN11,3.3975379447121172
1000,4,gaussian,1.5,3.111469939577902,344,Algorithm 1,3.2523361213601443
1000,4,gaussian,1.5,3.111469939577902,344,BGS25,3.501598915294358
1000,4,gaussian,1.5,3.111469939577902,344,BGN11,3.331867802859155
1000,4,gaussian,1.5,3.111469939577902,345,Algorithm 1,3.0778749271610253
1000,4,gaussian,1.5,3.111469939577902,345,BGS25,3.351901008240411
1000,4,gaussian,1.5,3.111469939577902,345,BGN11,3.1764759333590957
1000,4,gaussian,1.5,3.111469939577902,346,Algorithm 1,3.1537132718932415
1000,4,gaussian,1.5,3.111469939577902,346,BGS25,3.4528904203545103
1000,4,gaussian,1.5,3.111469939577902,346,BGN11,3.284001114436138
1000,4,gaussian,1.5,3.111469939577902,347,Algorithm 1,2.931168201888016
1000,4,gaussian,1.5,3.111469939577902,347,BGS25,3.357422879673888
1000,4,gaussian,1.5,3.111469939577902,347,BGN11,3.1805422432124555
1000,4,gaussian,1.5,3.111469939577902,348,Algorithm 1,3.1068490323821374
1000,4,gaussian,1.5,3.111469939577902,348,BGS25,3.453681512974912
1000,4,gaussian,1.5,3.111469939577902,348,BGN11,3.2844399791257985
1000,4,gaussian,1.5,3.111469939577902,349,Algorithm 1,3.1503030203236126
1000,4,gaussian,1.5,3.111469939577902,349,BGS25,3.5486815382087915
1000,4,gaussian,1.5,3.111469939577902,349,BGN11,3.3902345932605766
1000,4,gaussian,1.5,3.111469939577902,350,Algorithm 1,3.1028828413794276
1000,4,gaussian,1.5,3.111469939577902,350,BGS25,3.4339000151651766
1000,4,gaussian,1.5,3.111469939577902,350,BGN11,3.2576884071403045
1000,4,gaussian,1.5,3.111469939577902,351,Algorithm 1,2.9608733755091685
1000,4,gaussian,1.5,3.111469939577902,351,BGS25,3.3971332299924315
1000,4,gaussian,1.5,3.111469939577902,351,BGN11,3.2161500276760218
1000,4,gaussian,1.5,3.111469939577902,352,Algorithm 1,3.017927714803074
1000,4,gaussian,1.5,3.111469939577902,352,BGS25,3.3433042857293405
1000,4,gaussian,1.5,3.111469939577902,352,BGN11,3.150116278972476
1000,4,gaussian,1.5,3.111469939577902,353,Algorithm 1,3.165296473632358
1000,4,gaussian,1.5,3.111469939577902,353,BGS25,3.6083101098436003
1000,4,gaussian,1.5,3.111469939577902,353,BGN11,3.4464120945517673
1000,4,gaussian,1.5,3.111469939577902,354,Algorithm 1,2.8936963533751068
1000,4,gaussian,1.5,3.111469939577902,354,BGS25,3.3435089926836783
1000,4,gaussian,1.5,3.111469939577902,354,BGN11,3.167491621210356
1000,4,gaussian,1.5,3.111469939577902,355,Algorithm 1,3.232224624164144
1000,4,gaussian,1.5,3.111469939577902,355,BGS25,3.5540958949481047
1000,4,gaussian,1.5,3.111469939577902,355,BGN11,3.3945281505027154
1000,4,gaussian,1.5,3.111469939577902,356,Algorithm 1,3.229771999957539
1000,4,gaussian,1.5,3.111469939577902,356,BGS25,3.5723517490994956
1000,4,gaussian,1.5,3.111469939577902,356,BGN11,3.412501618092649
1000,4,gaussian,1.5,3.111469939577902,357,Algorithm 1,3.066557184250788
1000,4,gaussian,1.5,3.111469939577902,357,BGS25,3.434511339374402
1000,4,gaussian,1.5,3.111469939577902,357,BGN11,3.260382622891437
1000,4,gaussian,1.5,3.111469939577902,358,Algorithm 1,3.0849853750507434
1000,4,gaussian,1.5,3.111469939577902,358,BGS25,3.4273156770978592
1000,4,gaussian,1.5,3.111469939577902,358,BGN11,3.2599619035906016
1000,4,gaussian,1.5,3.111469939577902,359,Algorithm 1,3.157730809724766
1000,4,gaussian,1.5,3.111469939577902,359,BGS25,3.4800717343576917
1000,4,gaussian,1.5,3.111469939577902,359,BGN11,3.31272050280696
1000,4,gaussian,1.5,3.111469939577902,360,Algorithm 1,3.1917636970432954
1000,4,gaussian,1.5,3.111469939577902,360,BGS25,3.4652498255206345
1000,4,gaussian,1.5,3.111469939577902,360,BGN11,3.29459160784972
1000,4,gaussian,1.5,3.111469939577902,361,Algorithm 1,3.0281673898003247
1000,4,gaussian,1.5,3.111469939577902,361,BGS25,3.43900264417997
1000,4,gaussian,1.5,3.111469939577902,361,BGN11,3.272188960264212
1000,4,gaussian,1.5,3.111469939577902,362,Algorithm 1,2.9848057621746378
1000,4,gaussian,1.5,3.111469939577902,362,BGS25,3.414701645318977
1000,4,gaussian,1.5,3.111469939577902,362,BGN11,3.2440787378740032
1000,4,gaussian,1.5,3.111469939577902,363,Algorithm 1,3.1411909485295633
1000,4,gaussian,1.5,3.111469939577902,363,BGS25,3.523383539789753
1000,4,gaussian,1.5,3.111469939577902,363,BGN11,3.3559868159280635
1000,4,gaussian,1.5,3.111469939577902,364,Algorithm 1,3.2510854432513563
1000,4,gaussian,1.5,3.111469939577902,364,BGS25,3.53747565364778
1000,4,gaussian,1.5,3.111469939577902,364,BGN11,3.3779254402915058
1000,4,gaussian,1.5,3.111469939577902,365,Algorithm 1,2.9822274074644968
1000,4,gaussian,1.5,3.111469939577902,365,BGS25,3.389231766485028
1000,4,gaussian,1.5,3.111469939577902,365,BGN11,3.208556624793091
1000,4,gaussian,1.5,3.111469939577902,366,Algorithm 1,3.0194286049095616
1000,4,gaussian,1.5,3.111469939577902,366,BGS25,3.387838515415663
1000,4,gaussian,1.5,3.111469939577902,366,BGN11,3.211809121125119
1000,4,gaussian,1.5,3.111469939577902,367,Algorithm 1,3.127721220777485
1000,4,gaussian,1.5,3.111469939577902,367,BGS25,3.4659176280223107
1000,4,gaussian,1.5,3.111469939577902,367,BGN11,3.301134377558423
1000,4,gaussian,1.5,3.111469939577902,368,Algorithm 1,3.2722502137133627
1000,4,gaussian,1.5,3.111469939577902,368,BGS25,3.568828081375698
1000,4,gaussian,1.5,3.111469939577902,368,BGN11,3.4058726421654604
1000,4,gaussian,1.5,3.111469939577902,369,Algorithm 1,3.1733384416126134
1000,4,gaussian,1.5,3.111469939577902,369,BGS25,3.559930462043113
1000,4,gaussian,1.5,3.111469939577902,369,BGN11,3.397965051759164
1000,4,gaussian,1.5,3.111469939577902,370,Algorithm 1,2.971482268466213
1000,4,gaussian,1.5,3.111469939577902,370,BGS25,3.3004272328351685
1000,4,gaussian,1.5,3.111469939577902,370,BGN11,3.1150425197760763
1000,4,gaussian,1.5,3.111469939577902,371,Algorithm 1,3.2212161883159522
1000,4,gaussian,1.5,3.111469939577902,371,BGS25,3.507566605173579
1000,4,gaussian,1.5,3.111469939577902,371,BGN11,3.341776094748482
1000,4,gaussian,1.5,3.111469939577902,372,Algorithm 1,3.022530245089497
1000,4,gaussian,1.5,3.111469939577902,372,BGS25,3.4216992205601633
1000,4,gaussian,1.5,3.111469939577902,372,BGN11,3.248759838716096
1000,4,gaussian,1.5,3.111469939577902,373,Algorithm 1,3.1369351583339085
1000,4,gaussian,1.5,3.111469939577902,373,BGS25,3.467341290524644
1000,4,gaussian,1.5,3.111469939577902,373,BGN11,3.298563543605484
1000,4,gaussian,1.5,3.111469939577902,374,Algorithm 1,3.1719776956026067
1000,4,gaussian,1.5,3.111469939577902,374,BGS25,3.501653369163563
1000,4,gaussian,1.5,3.111469939577902,374,BGN11,3.3371694986975777
1000,4,gaussian,1.5,3.111469939577902,375,Algorithm 1,3.0707823112099724
1000,4,gaussian,1.5,3.111469939577902,375,BGS25,3.4847965500541074
1000,4,gaussian,1.5,3.111469939577902,375,BGN11,3.31555097907416
1000,4,gaussian,1.5,3.111469939577902,376,Algorithm 1,3.0375919887181104
1000,4,gaussian,1.5,3.111469939577902,376,BGS25,3.479737804509057
1000,4,gaussian,1.5,3.111469939577902,376,BGN11,3.309961518485417
1000,4,gaussian,1.5,3.111469939577902,377,Algorithm 1,3.113204480786841
1000,4,gaussian,1.5,3.111469939577902,377,BGS25,3.4188643674351296
1000,4,gaussian,1.5,3.111469939577902,377,BGN11,3.250940860161824
1000,4,gaussian,1.5,3.111469939577902,378,Algorithm 1,3.0785640379368155
1000,4,gaussian,1.5,3.111469939577902,378,BGS25,3.3853010344243053
1000,4,gaussian,1.5,3.111469939577902,378,BGN11,3.2056232454394813
1000,4,gaussian,1.5,3.111469939577902,379,Algorithm 1,3.1971403660277797
1000,4,gaussian,1.5,3.111469939577902,379,BGS25,3.4880766169844444
1000,4,gaussian,1.5,3.111469939577902,379,BGN11,3.3262588701251525
1000,4,gaussian,1.5,3.111469939577902,380,Algorithm 1,3.0381379825313517
1000,4,gaussian,1.5,3.111469939577902,380,BGS25,3.4581140480360997
1000,4,gaussian,1.5,3.111469939577902,380,BGN11,3.291361302994119
1000,4,gaussian,1.5,3.111469939577902,381,Algorithm 1,3.1059974038492113
1000,4,gaussian,1.5,3.111469939577902,381,BGS25,3.3804760134381144
1000,4,gaussian,1.5,3.111469939577902,381,BGN11,3.2088866719772597
1000,4,gaussian,1.5,3.111469939577902,382,Algorithm 1,3.0463791555847775
1000,4,gaussian,1.5,3.111469939577902,382,BGS25,3.4688588361202752
1000,4,gaussian,1.5,3.111469939577902,382,BGN11,3.304216848234263
1000,4,gaussian,1.5,3.111469939577902,383,Algorithm 1,3.2071062969797373
1000,4,gaussian,1.5,3.111469939577902,383,BGS25,3.468876262487145
1000,4,gaussian,1.5,3.111469939577902,383,BGN11,3.2976054713406566
1000,4,gaussian,1.5,3.111469939577902,384,Algorithm 1,3.027305795887252
1000,4,gaussian,1.5,3.111469939577902,384,BGS25,3.4198205831139887
1000,4,gaussian,1.5,3.111469939577902,384,BGN11,3.2463519606476754
1000,4,gaussian,1.5,3.111469939577902,385,Algorithm 1,2.97764292150704
1000,4,gaussian,1.5,3.111469939577902,385,BGS25,3.4247308634095397
1000,4,gaussian,1.5,3.111469939577902,385,BGN11,3.2504553098576077
1000,4,gaussian,1.5,3.111469939577902,386,Algorithm 1,2.985268348798379
1000,4,gaussian,1.5,3.111469939577902,386,BGS25,3.4477964279935778
1000,4,gaussian,1.5,3.111469939577902,386,BGN11,3.279503786920479
1000,4,gaussian,1.5,3.111469939577902,387,Algorithm 1,3.162759546505308
1000,4,gaussian,1.5,3.111469939577902,387,BGS25,3.463927529129892
1000,4,gaussian,1.5,3.111469939577902,387,BGN11,3.2985968432535917
1000,4,gaussian,1.5,3.111469939577902,388,Algorithm 1,3.0704068546820737
1000,4,gaussian,1.5,3.111469939577902,388,BGS25,3.44838796370236
1000,4,gaussian,1.5,3.111469939577902,388,BGN11,3.276306332401981
1000,4,gaussian,1.5,3.111469939577902,389,Algorithm 1,2.971966631963434
1000,4,gaussian,1.5,3.111469939577902,389,BGS25,3.404457576149177
1000,4,gaussian,1.5,3.111469939577902,389,BGN11,3.2321300475491466
1000,4,gaussian,1.5,3.111469939577902,390,Algorithm 1,3.2157897271099047
1000,4,gaussian,1.5,3.111469939577902,390,BGS25,3.493843434793637
1000,4,gaussian,1.5,3.111469939577902,390,BGN11,3.328841903861181
1000,4,gaussian,1.5,3.111469939577902,391,Algorithm 1,3.0101907200838305
1000,4,gaussian,1.5,3.111469939577902,391,BGS25,3.3170996589553488
1000,4,gaussian,1.5,3.111469939577902,391,BGN11,3.1345755786052805
1000,4,gaussian,1.5,3.111469939577902,392,Algorithm 1,3.1768764955330355
1000,4,gaussian,1.5,3.111469939577902,392,BGS25,3.501672828356606
1000,4,gaussian,1.5,3.111469939577902,392,BGN11,3.3383918188033186
1000,4,gaussian,1.5,3.111469939577902,393,Algorithm 1,2.996421253176931
1000,4,gaussian,1.5,3.111469939577902,393,BGS25,3.363215304766821
1000,4,gaussian,1.5,3.111469939577902,393,BGN11,3.1862746057066946
1000,4,gaussian,1.5,3.111469939577902,394,Algorithm 1,2.908596734100182
1000,4,gaussian,1.5,3.111469939577902,394,BGS25,3.2775504681729855
1000,4,gaussian,1.5,3.111469939577902,394,BGN11,3.088232547851419
1000,4,gaussian,1.5,3.111469939577902,395,Algorithm 1,2.9152737151348656
1000,4,gaussian,1.5,3.111469939577902,395,BGS25,3.3279108827493875
1000,4,gaussian,1.5,3.111469939577902,395,BGN11,3.1415741918147586
1000,4,gaussian,1.5,3.111469939577902,396,Algorithm 1,3.2484536172649094
1000,4,gaussian,1.5,3.111469939577902,396,BGS25,3.56954345438657
1000,4,gaussian,1.5,3.111469939577902,396,BGN11,3.4108408632580094
1000,4,gaussian,1.5,3.111469939577902,397,Algorithm 1,3.12619594636433
1000,4,gaussian,1.5,3.111469939577902,397,BGS25,3.4493907026275625
1000,4,gaussian,1.5,3.111469939577902,397,BGN11,3.275638445755532
1000,4,gaussian,1.5,3.111469939577902,398,Algorithm 1,2.9611831060985896
1000,4,gaussian,1.5,3.111469939577902,398,BGS25,3.3093193087807684
1000,4,gaussian,1.5,3.111469939577902,398,BGN11,3.1184346069723636
1000,4,gaussian,1.5,3.111469939577902,399,Algorithm 1,2.860977986272843
1000,4,gaussian,1.5,3.111469939577902,399,BGS25,3.3759364047689804
1000,4,gaussian,1.5,3.111469939577902,399,BGN11,3.202574906015874
1000,4,gaussian,1.5,3.111469939577902,400,Algorithm 1,2.9150820069076864
1000,4,gaussian,1.5,3.111469939577902,400,BGS25,3.2927420484615553
1000,4,gaussian,1.5,3.111469939577902,400,BGN11,3.1052113112821766
1000,4,gaussian,1.5,3.111469939577902,401,Algorithm 1,2.978965061924769
1000,4,gaussian,1.5,3.111469939577902,401,BGS25,3.372620562230309
1000,4,gaussian,1.5,3.111469939577902,401,BGN11,3.196189627053984
1000,4,gaussian,1.5,3.111469939577902,402,Algorithm 1,3.2160069233725284
1000,4,gaussian,1.5,3.111469939577902,402,BGS25,3.529684554537707
1000,4,gaussian,1.5,3.111469939577902,402,BGN11,3.3669437871274375
1000,4,gaussian,1.5,3.111469939577902,403,Algorithm 1,3.250618771618775
1000,4,gaussian,1.5,3.111469939577902,403,BGS25,3.5373601778447585
1000,4,gaussian,1.5,3.111469939577902,403,BGN11,3.3752320118006027
1000,4,gaussian,1.5,3.111469939577902,404,Algorithm 1,3.1332622096710026
1000,4,gaussian,1.5,3.111469939577902,404,BGS25,3.4702183765844232
1000,4,gaussian,1.5,3.111469939577902,404,BGN11,3.3014650416986857
1000,4,gaussian,1.5,3.111469939577902,405,Algorithm 1,3.132751322354571
1000,4,gaussian,1.5,3.111469939577902,405,BGS25,3.50240591545084
1000,4,gaussian,1.5,3.111469939577902,405,BGN11,3.334197159118628
1000,4,gaussian,1.5,3.111469939577902,406,Algorithm 1,3.0139045282390153
1000,4,gaussian,1.5,3.111469939577902,406,BGS25,3.3408344261563263
1000,4,gaussian,1.5,3.111469939577902,406,BGN11,3.1530250834241462
1000,4,gaussian,1.5,3.111469939577902,407,Algorithm 1,3.1615614469093303
1000,4,gaussian,1.5,3.111469939577902,407,BGS25,3.4949716518368756
1000,4,gaussian,1.5,3.111469939577902,407,BGN11,3.3351741614939994
1000,4,gaussian,1.5,3.111469939577902,408,Algorithm 1,3.1130309633769238
1000,4,gaussian,1.5,3.111469939577902,408,BGS25,3.4779773559539118
1000,4,gaussian,1.5,3.111469939577902,408,BGN11,3.3142797209197594
1000,4,gaussian,1.5,3.111469939577902,409,Algorithm 1,3.0523891438032016
1000,4,gaussian,1.5,3.111469939577902,409,BGS25,3.465094529320086
1000,4,gaussian,1.5,3.111469939577902,409,BGN11,3.2951771243667682
1000,4,gaussian,1.5,3.111469939577902,410,Algorithm 1,3.0733523260098043
1000,4,gaussian,1.5,3.111469939577902,410,BGS25,3.4371524996031493
1000,4,gaussian,1.5,3.111469939577902,410,BGN11,3.2629134880534107
1000,4,gaussian,1.5,3.111469939577902,411,Algorithm 1,2.9064187274183713
1000,4,gaussian,1.5,3.111469939577902,411,BGS25,3.452742832700038
1000,4,gaussian,1.5,3.111469939577902,411,BGN11,3.282599486425434
1000,4,gaussian,1.5,3.111469939577902,412,Algorithm 1,3.048963678409128
1000,4,gaussian,1.5,3.111469939577902,412,BGS25,3.4470158003339426
1000,4,gaussian,1.5,3.111469939577902,412,BGN11,3.280218940244304
1000,4,gaussian,1.5,3.111469939577902,413,Algorithm 1,2.9546842347738522
1000,4,gaussian,1.5,3.111469939577902,413,BGS25,3.385425986877908
1000,4,gaussian,1.5,3.111469939577902,413,BGN11,3.207197760762911
1000,4,gaussian,1.5,3.111469939577902,414,Algorithm 1,3.0816286137290327
1000,4,gaussian,1.5,3.111469939577902,414,BGS25,3.390329503142741
1000,4,gaussian,1.5,3.111469939577902,414,BGN11,3.218564664669784
1000,4,gaussian,1.5,3.111469939577902,415,Algorithm 1,2.954166713904809
1000,4,gaussian,1.5,3.111469939577902,415,BGS25,3.3417120540494336
1000,4,gaussian,1.5,3.111469939577902,415,BGN11,3.164812802063844
1000,4,gaussian,1.5,3.111469939577902,416,Algorithm 1,3.2515921049603222
1000,4,gaussian,1.5,3.111469939577902,416,BGS25,3.5851936522678054
1000,4,gaussian,1.5,3.111469939577902,416,BGN11,3.4316650708589655
1000,4,gaussian,1.5,3.111469939577902,417,Algorithm 1,3.1766153283623586
1000,4,gaussian,1.5,3.111469939577902,417,BGS25,3.4856706136231983
1000,4,gaussian,1.5,3.111469939577902,417,BGN11,3.312559706302464
1000,4,gaussian,1.5,3.111469939577902,418,Algorithm 1,3.0262408624584913
1000,4,gaussian,1.5,3.111469939577902,418,BGS25,3.4476533981596287
1000,4,gaussian,1.5,3.111469939577902,418,BGN11,3.277905591993367
1000,4,gaussian,1.5,3.111469939577902,419,Algorithm 1,3.072127108261994
1000,4,gaussian,1.5,3.111469939577902,419,BGS25,3.4004817554447424
1000,4,gaussian,1.5,3.111469939577902,419,BGN11,3.22863048194176
1000,4,gaussian,1.5,3.111469939577902,420,Algorithm 1,3.119031038821961
1000,4,gaussian,1.5,3.111469939577902,420,BGS25,3.5517675501581825
1000,4,gaussian,1.5,3.111469939577902,420,BGN11,3.3910747927707807
1000,4,gaussian,1.5,3.111469939577902,421,Algorithm 1,2.8640564390709318
1000,4,gaussian,1.5,3.111469939577902,421,BGS25,3.277502784166039
1000,4,gaussian,1.5,3.111469939577902,421,BGN11,3.086996664636208
1000,4,gaussian,1.5,3.111469939577902,422,Algorithm 1,3.1005456365157227
1000,4,gaussian,1.5,3.111469939577902,422,BGS25,3.4722107206536745
1000,4,gaussian,1.5,3.111469939577902,422,BGN11,3.3089839593877466
1000,4,gaussian,1.5,3.111469939577902,423,Algorithm 1,3.2022008792550984
1000,4,gaussian,1.5,3.111469939577902,423,BGS25,3.524107091208549
1000,4,gaussian,1.5,3.111469939577902,423,BGN11,3.369719020372682
1000,4,gaussian,1.5,3.111469939577902,424,Algorithm 1,3.1899255340935753
1000,4,gaussian,1.5,3.111469939577902,424,BGS25,3.4902573060951405
1000,4,gaussian,1.5,3.111469939577902,424,BGN11,3.3265036047745515
1000,4,gaussian,1.5,3.111469939577902,425,Algorithm 1,3.215007689857382
1000,4,gaussian,1.5,3.111469939577902,425,BGS25,3.532129905776198
1000,4,gaussian,1.5,3.111469939577902,425,BGN11,3.367018667762459
1000,4,gaussian,1.5,3.111469939577902,426,Algorithm 1,3.1426940335604554
1000,4,gaussian,1.5,3.111469939577902,426,BGS25,3.535531476174927
1000,4,gaussian,1.5,3.111469939577902,426,BGN11,3.3788149468468482
1000,4,gaussian,1.5,3.111469939577902,427,Algorithm 1,3.0307046366268287
1000,4,gaussian,1.5,3.111469939577902,427,BGS25,3.4645246367679476
1000,4,gaussian,1.5,3.111469939577902,427,BGN11,3.3007389293404317
1000,4,gaussian,1.5,3.111469939577902,428,Algorithm 1,2.96247042315139
1000,4,gaussian,1.5,3.111469939577902,428,BGS25,3.436301135077579
1000,4,gaussian,1.5,3.111469939577902,428,BGN11,3.2697403278135213
1000,4,gaussian,1.5,3.111469939577902,429,Algorithm 1,3.289564536287992
1000,4,gaussian,1.5,3.111469939577902,429,BGS25,3.522382537275826
1000,4,gaussian,1.5,3.111469939577902,429,BGN11,3.356503833238578
1000,4,gaussian,1.5,3.111469939577902,430,Algorithm 1,3.006896542677339
1000,4,gaussian,1.5,3.111469939577902,430,BGS25,3.4928455698423484
1000,4,gaussian,1.5,3.111469939577902,430,BGN11,3.3192622756991876
1000,4,gaussian,1.5,3.111469939577902,431,Algorithm 1,3.1022684271358756
1000,4,gaussian,1.5,3.111469939577902,431,BGS25,3.412123027132317
1000,4,gaussian,1.5,3.111469939577902,431,BGN11,3.2354691613783535
1000,4,gaussian,1.5,3.111469939577902,432,Algorithm 1,2.9960103539846026
1000,4,gaussian,1.5,3.111469939577902,432,BGS25,3.3877439320875418
1000,4,gaussian,1.5,3.111469939577902,432,BGN11,3.210387331164764
1000,4,gaussian,1.5,3.111469939577902,433,Algorithm 1,3.1334571108406886
1000,4,gaussian,1.5,3.111469939577902,433,BGS25,3.5626660688235035
1000,4,gaussian,1.5,3.111469939577902,433,BGN11,3.4028100316906813
1000,4,gaussian,1.5,3.111469939577902,434,Algorithm 1,3.138925476338721
1000,4,gaussian,1.5,3.111469939577902,434,BGS25,3.4386552261084233
1000,4,gaussian,1.5,3.111469939577902,434,BGN11,3.26449584365713
1000,4,gaussian,1.5,3.111469939577902,435,Algorithm 1,3.0332267275364626
1000,4,gaussian,1.5,3.111469939577902,435,BGS25,3.4154737695510864
1000,4,gaussian,1.5,3.111469939577902,435,BGN11,3.2425950086442272
1000,4,gaussian,1.5,3.111469939577902,436,Algorithm 1,3.219163965225873
1000,4,gaussian,1.5,3.111469939577902,436,BGS25,3.5058305938387577
1000,4,gaussian,1.5,3.111469939577902,436,BGN11,3.342738594103096
1000,4,gaussian,1.5,3.111469939577902,437,Algorithm 1,3.2167023033899524
1000,4,gaussian,1.5,3.111469939577902,437,BGS25,3.511086466791678
1000,4,gaussian,1.5,3.111469939577902,437,BGN11,3.3564636590699517
1000,4,gaussian,1.5,3.111469939577902,438,Algorithm 1,3.102406465981167
1000,4,gaussian,1.5,3.111469939577902,438,BGS25,3.5528575143360013
1000,4,gaussian,1.5,3.111469939577902,438,BGN11,3.3898043701394913
1000,4,gaussian,1.5,3.111469939577902,439,Algorithm 1,3.1529517555847346
1000,4,gaussian,1.5,3.111469939577902,439,BGS25,3.426018326349971
1000,4,gaussian,1.5,3.111469939577902,439,BGN11,3.2514098839812973
1000,4,gaussian,1.5,3.111469939577902,440,Algorithm 1,3.0666063239065084
1000,4,gaussian,1.5,3.111469939577902,440,BGS25,3.3885068216415
1000,4,gaussian,1.5,3.111469939577902,440,BGN11,3.2089163872738995
1000,4,gaussian,1.5,3.111469939577902,441,Algorithm 1,3.0753639010197302
1000,4,gaussian,1.5,3.111469939577902,441,BGS25,3.5008642646767836
1000,4,gaussian,1.5,3.111469939577902,441,BGN11,3.337027018868642
1000,4,gaussian,1.5,3.111469939577902,442,Algorithm 1,3.1628791256454596
1000,4,gaussian,1.5,3.111469939577902,442,BGS25,3.581791554427772
1000,4,gaussian,1.5,3.111469939577902,442,BGN11,3.4239173421363067
1000,4,gaussian,1.5,3.111469939577902,443,Algorithm 1,3.159517981381025
1000,4,gaussian,1.5,3.111469939577902,443,BGS25,3.392097024948854
1000,4,gaussian,1.5,3.111469939577902,443,BGN11,3.21301100135706
1000,4,gaussian,1.5,3.111469939577902,444,Algorithm 1,3.0685830647507153
1000,4,gaussian,1.5,3.111469939577902,444,BGS25,3.5026369928758787
1000,4,gaussian,1.5,3.111469939577902,444,BGN11,3.3330031472162216
1000,4,gaussian,1.5,3.111469939577902,445,Algorithm 1,2.9575797560067256
1000,4,gaussian,1.5,3.111469939577902,445,BGS25,3.453138912249169
1000,4,gaussian,1.5,3.111469939577902,445,BGN11,3.283630662908787
1000,4,gaussian,1.5,3.111469939577902,446,Algorithm 1,3.143198878298652
1000,4,gaussian,1.5,3.111469939577902,446,BGS25,3.435593242601782
1000,4,gaussian,1.5,3.111469939577902,446,BGN11,3.266473260026094
1000,4,gaussian,1.5,3.111469939577902,447,Algorithm 1,3.065223863205061
1000,4,gaussian,1.5,3.111469939577902,447,BGS25,3.4680674009964445
1000,4,gaussian,1.5,3.111469939577902,447,BGN11,3.2961319579391035
1000,4,gaussian,1.5,3.111469939577902,448,Algorithm 1,3.137825465958056
1000,4,gaussian,1.5,3.111469939577902,448,BGS25,3.554678854670488
1000,4,gaussian,1.5,3.111469939577902,448,BGN11,3.393723028314664
1000,4,gaussian,1.5,3.111469939577902,449,Algorithm 1,3.034516551100147
1000,4,gaussian,1.5,3.111469939577902,449,BGS25,3.3197824669951963
1000,4,gaussian,1.5,3.111469939577902,449,BGN11,3.137484736865408
1000,4,gaussian,1.5,3.111469939577902,450,Algorithm 1,3.1506999653679246
1000,4,gaussian,1.5,3.111469939577902,450,BGS25,3.4995667036386853
1000,4,gaussian,1.5,3.111469939577902,450,BGN11,3.3379896026528058
1000,4,gaussian,1.5,3.111469939577902,451,Algorithm 1,2.9629838398534836
1000,4,gaussian,1.5,3.111469939577902,451,BGS25,3.37531128094637
1000,4,gaussian,1.5,3.111469939577902,451,BGN11,3.196850502626564
1000,4,gaussian,1.5,3.111469939577902,452,Algorithm 1,2.925470884079301
1000,4,gaussian,1.5,3.111469939577902,452,BGS25,3.325730198356486
1000,4,gaussian,1.5,3.111469939577902,452,BGN11,3.140275457001511
1000,4,gaussian,1.5,3.111469939577902,453,Algorithm 1,3.2126193726549466
1000,4,gaussian,1.5,3.111469939577902,453,BGS25,3.521548679569073
1000,4,gaussian,1.5,3.111469939577902,453,BGN11,3.3632208228562237
1000,4,gaussian,1.5,3.111469939577902,454,Algorithm 1,3.204365871898566
1000,4,gaussian,1.5,3.111469939577902,454,BGS25,3.387306773006971
1000,4,gaussian,1.5,3.111469939577902,454,BGN11,3.212502839325917
1000,4,gaussian,1.5,3.111469939577902,455,Algorithm 1,3.0843039346906074
1000,4,gaussian,1.5,3.111469939577902,455,BGS25,3.4604560340461505
1000,4,gaussian,1.5,3.111469939577902,455,BGN11,3.2919854702686657
1000,4,gaussian,1.5,3.111469939577902,456,Algorithm 1,3.281395568365477
1000,4,gaussian,1.5,3.111469939577902,456,BGS25,3.6527874275997836
1000,4,gaussian,1.5,3.111469939577902,456,BGN11,3.5001461493690407
1000,4,gaussian,1.5,3.111469939577902,457,Algorithm 1,3.28007185606204
1000,4,gaussian,1.5,3.111469939577902,457,BGS25,3.571193844031381
1000,4,gaussian,1.5,3.111469939577902,457,BGN11,3.412997450238803
1000,4,gaussian,1.5,3.111469939577902,458,Algorithm 1,2.980490824538228
1000,4,gaussian,1.5,3.111469939577902,458,BGS25,3.3914257276901987
1000,4,gaussian,1.5,3.111469939577902,458,BGN11,3.212847234998365
1000,4,gaussian,1.5,3.111469939577902,459,Algorithm 1,3.1872396582662605
1000,4,gaussian,1.5,3.111469939577902,459,BGS25,3.590575774913412
1000,4,gaussian,1.5,3.111469939577902,459,BGN11,3.4350153777557524
1000,4,gaussian,1.5,3.111469939577902,460,Algorithm 1,3.1825547922827866
1000,4,gaussian,1.5,3.111469939577902,460,BGS25,3.5478077429624513
1000,4,gaussian,1.5,3.111469939577902,460,BGN11,3.387766675279117
1000,4,gaussian,1.5,3.111469939577902,461,Algorithm 1,2.8866791355316925
1000,4,gaussian,1.5,3.111469939577902,461,BGS25,3.2977611304188637
1000,4,gaussian,1.5,3.111469939577902,461,BGN11,3.1082693077450867
1000,4,gaussian,1.5,3.111469939577902,462,Algorithm 1,3.051880680640979
1000,4,gaussian,1.5,3.111469939577902,462,BGS25,3.497416729402711
1000,4,gaussian,1.5,3.111469939577902,462,BGN11,3.3336562661053852
1000,4,gaussian,1.5,3.111469939577902,463,Algorithm 1,3.099484621029406
1000,4,gaussian,1.5,3.111469939577902,463,BGS25,3.3938553943429333
1000,4,gaussian,1.5,3.111469939577902,463,BGN11,3.2180769693641786
1000,4,gaussian,1.5,3.111469939577902,464,Algorithm 1,3.01743434152028
1000,4,gaussian,1.5,3.111469939577902,464,BGS25,3.485594410856975
1000,4,gaussian,1.5,3.111469939577902,464,BGN11,3.3153187565395856
1000,4,gaussian,1.5,3.111469939577902,465,Algorithm 1,3.1086247389515114
1000,4,gaussian,1.5,3.111469939577902,465,BGS25,3.5319079292909183
1000,4,gaussian,1.5,3.111469939577902,465,BGN11,3.3671212644157027
1000,4,gaussian,1.5,3.111469939577902,466,Algorithm 1,3.045851839136391
1000,4,gaussian,1.5,3.111469939577902,466,BGS25,3.4301179087996756
1000,4,gaussian,1.5,3.111469939577902,466,BGN11,3.26465925235056
1000,4,gaussian,1.5,3.111469939577902,467,Algorithm 1,3.090402292297553
1000,4,gaussian,1.5,3.111469939577902,467,BGS25,3.4740544440260304
1000,4,gaussian,1.5,3.111469939577902,467,BGN11,3.3086215889006225
1000,4,gaussian,1.5,3.111469939577902,468,Algorithm 1,3.003821553102723
1000,4,gaussian,1.5,3.111469939577902,468,BGS25,3.384316362150202
1000,4,gaussian,1.5,3.111469939577902,468,BGN11,3.202681797694782
1000,4,gaussian,1.5,3.111469939577902,469,Algorithm 1,3.296441702946686
1000,4,gaussian,1.5,3.111469939577902,469,BGS25,3.515758439083042
1000,4,gaussian,1.5,3.111469939577902,469,BGN11,3.347962141167267
1000,4,gaussian,1.5,3.111469939577902,470,Algorithm 1,2.940228103105934
1000,4,gaussian,1.5,3.111469939577902,470,BGS25,3.334286840099785
1000,4,gaussian,1.5,3.111469939577902,470,BGN11,3.1502144073078617
1000,4,gaussian,1.5,3.111469939577902,471,Algorithm 1,3.1160950807008483
1000,4,gaussian,1.5,3.111469939577902,471,BGS25,3.4306055804545235
1000,4,gaussian,1.5,3.111469939577902,471,BGN11,3.2578415139557637
1000,4,gaussian,1.5,3.111469939577902,472,Algorithm 1,3.1224890582276914
1000,4,gaussian,1.5,3.111469939577902,472,BGS25,3.424266552220266
1000,4,gaussian,1.5,3.111469939577902,472,BGN11,3.2539305599344233
1000,4,gaussian,1.5,3.111469939577902,473,Algorithm 1,3.242192508264871
1000,4,gaussian,1.5,3.111469939577902,473,BGS25,3.521271133415982
1000,4,gaussian,1.5,3.111469939577902,473,BGN11,3.3588772038873174
1000,4,gaussian,1.5,3.111469939577902,474,Algorithm 1,3.311089507953491
1000,4,gaussian,1.5,3.111469939577902,474,BGS25,3.648619932318754
1000,4,gaussian,1.5,3.111469939577902,474,BGN11,3.5018786160793556
1000,4,gaussian,1.5,3.111469939577902,475,Algorithm 1,3.278950584606701
1000,4,gaussian,1.5,3.111469939577902,475,BGS25,3.553436546220788
1000,4,gaussian,1.5,3.111469939577902,475,BGN11,3.394501949740989
1000,4,gaussian,1.5,3.111469939577902,476,Algorithm 1,3.063678304776479
1000,4,gaussian,1.5,3.111469939577902,476,BGS25,3.415161504508038
1000,4,gaussian,1.5,3.111469939577902,476,BGN11,3.239404136054453
1000,4,gaussian,1.5,3.111469939577902,477,Algorithm 1,3.0786129432397593
1000,4,gaussian,1.5,3.111469939577902,477,BGS25,3.4488521335979074
1000,4,gaussian,1.5,3.111469939577902,477,BGN11,3.2764249341095026
1000,4,gaussian,1.5,3.111469939577902,478,Algorithm 1,3.162604757206577
1000,4,gaussian,1.5,3.111469939577902,478,BGS25,3.4916659100198846
1000,4,gaussian,1.5,3.111469939577902,478,BGN11,3.325477246974832
1000,4,gaussian,1.5,3.111469939577902,479,Algorithm 1,3.2199983464005895
1000,4,gaussian,1.5,3.111469939577902,479,BGS25,3.457024014755094
1000,4,gaussian,1.5,3.111469939577902,479,BGN11,3.287173413218153
1000,4,gaussian,1.5,3.111469939577902,480,Algorithm 1,3.0360796315213125
1000,4,gaussian,1.5,3.111469939577902,480,BGS25,3.4282381051889823
1000,4,gaussian,1.5,3.111469939577902,480,BGN11,3.25646841416592
1000,4,gaussian,1.5,3.111469939577902,481,Algorithm 1,3.1021665074563467
1000,4,gaussian,1.5,3.111469939577902,481,BGS25,3.4651468189503536
1000,4,gaussian,1.5,3.111469939577902,481,BGN11,3.2944488013099122
1000,4,gaussian,1.5,3.111469939577902,482,Algorithm 1,2.9246172740556777
1000,4,gaussian,1.5,3.111469939577902,482,BGS25,3.322517579411649
1000,4,gaussian,1.5,3.111469939577902,482,BGN11,3.1390607934693406
1000,4,gaussian,1.5,3.111469939577902,483,Algorithm 1,3.1507476524752223
1000,4,gaussian,1.5,3.111469939577902,483,BGS25,3.451902584789721
1000,4,gaussian,1.5,3.111469939577902,483,BGN11,3.285478646905041
1000,4,gaussian,1.5,3.111469939577902,484,Algorithm 1,3.1824572453834907
1000,4,gaussian,1.5,3.111469939577902,484,BGS25,3.5375478674620435
1000,4,gaussian,1.5,3.111469939577902,484,BGN11,3.381421471078269
1000,4,gaussian,1.5,3.111469939577902,485,Algorithm 1,3.197148661521564
1000,4,gaussian,1.5,3.111469939577902,485,BGS25,3.5439915253890213
1000,4,gaussian,1.5,3.111469939577902,485,BGN11,3.383387881115198
1000,4,gaussian,1.5,3.111469939577902,486,Algorithm 1,3.2081601127462682
1000,4,gaussian,1.5,3.111469939577902,486,BGS25,3.580813057344215
1000,4,gaussian,1.5,3.111469939577902,486,BGN11,3.425849938470246
1000,4,gaussian,1.5,3.111469939577902,487,Algorithm 1,3.071358004917166
1000,4,gaussian,1.5,3.111469939577902,487,BGS25,3.4808025595170857
1000,4,gaussian,1.5,3.111469939577902,487,BGN11,3.3172893050814527
1000,4,gaussian,1.5,3.111469939577902,488,Algorithm 1,3.1095152149626486
1000,4,gaussian,1.5,3.111469939577902,488,BGS25,3.458668005671246
1000,4,gaussian,1.5,3.111469939577902,488,BGN11,3.2916810183837906
1000,4,gaussian,1.5,3.111469939577902,489,Algorithm 1,3.1524801015728743
1000,4,gaussian,1.5,3.111469939577902,489,BGS25,3.57180791809887
1000,4,gaussian,1.5,3.111469939577902,489,BGN11,3.4166313981155594
1000,4,gaussian,1.5,3.111469939577902,490,Algorithm 1,3.0081218442298048
1000,4,gaussian,1.5,3.111469939577902,490,BGS25,3.294596639538931
1000,4,gaussian,1.5,3.111469939577902,490,BGN11,3.1062605399698247
1000,4,gaussian,1.5,3.111469939577902,491,Algorithm 1,3.050126616217942
1000,4,gaussian,1.5,3.111469939577902,491,BGS25,3.406941889490014
1000,4,gaussian,1.5,3.111469939577902,491,BGN11,3.2242056962551287
1000,4,gaussian,1.5,3.111469939577902,492,Algorithm 1,2.9706970000398205
1000,4,gaussian,1.5,3.111469939577902,492,BGS25,3.454400525090322
1000,4,gaussian,1.5,3.111469939577902,492,BGN11,3.280670862749278
1000,4,gaussian,1.5,3.111469939577902,493,Algorithm 1,3.0508360377595896
1000,4,gaussian,1.5,3.111469939577902,493,BGS25,3.436936986728838
1000,4,gaussian,1.5,3.111469939577902,493,BGN11,3.2566333711200697
1000,4,gaussian,1.5,3.111469939577902,494,Algorithm 1,3.1599116033916075
1000,4,gaussian,1.5,3.111469939577902,494,BGS25,3.4959381198524704
1000,4,gaussian,1.5,3.111469939577902,494,BGN11,3.3277262060292605
1000,4,gaussian,1.5,3.111469939577902,495,Algorithm 1,3.1490866989981923
1000,4,gaussian,1.5,3.111469939577902,495,BGS25,3.4736458962734016
1000,4,gaussian,1.5,3.111469939577902,495,BGN11,3.302814291471229
1000,4,gaussian,1.5,3.111469939577902,496,Algorithm 1,3.2358938734128113
1000,4,gaussian,1.5,3.111469939577902,496,BGS25,3.540859209560737
1000,4,gaussian,1.5,3.111469939577902,496,BGN11,3.37261307752987
1000,4,gaussian,1.5,3.111469939577902,497,Algorithm 1,2.959228195338526
1000,4,gaussian,1.5,3.111469939577902,497,BGS25,3.3989902274899633
1000,4,gaussian,1.5,3.111469939577902,497,BGN11,3.221017092258074
1000,4,gaussian,1.5,3.111469939577902,498,Algorithm 1,2.9908545833867293
1000,4,gaussian,1.5,3.111469939577902,498,BGS25,3.409424271594501
1000,4,gaussian,1.5,3.111469939577902,498,BGN11,3.244982023925713
1000,4,gaussian,1.5,3.111469939577902,499,Algorithm 1,3.1549393453964396
1000,4,gaussian,1.5,3.111469939577902,499,BGS25,3.570612813811587
1000,4,gaussian,1.5,3.111469939577902,499,BGN11,3.414050806880046
1000,4,gaussian,1.5,3.111469939577902,500,Algorithm 1,3.0541190947447454
1000,4,gaussian,1.5,3.111469939577902,500,BGS25,3.4767721626332593
1000,4,gaussian,1.5,3.111469939577902,500,BGN11,3.315482724107561
1000,4,rademacher,1.5,3.111469939577902,1,Algorithm 1,3.211754348045348
1000,4,rademacher,1.5,3.111469939577902,1,BGS25,3.555447282770557
1000,4,rademacher,1.5,3.111469939577902,1,BGN11,3.4010068323749905
1000,4,rademacher,1.5,3.111469939577902,2,Algorithm 1,3.1348620169068773
1000,4,rademacher,1.5,3.111469939577902,2,BGS25,3.5589611646158095
1000,4,rademacher,1.5,3.111469939577902,2,BGN11,3.400689248794213
1000,4,rademacher,1.5,3.111469939577902,3,Algorithm 1,3.1692785684316895
1000,4,rademacher,1.5,3.111469939577902,3,BGS25,3.484467721406674
1000,4,rademacher,1.5,3.111469939577902,3,BGN11,3.3183124145845935
1000,4,rademacher,1.5,3.111469939577902,4,Algorithm 1,3.0079522682911355
1000,4,rademacher,1.5,3.111469939577902,4,BGS25,3.3682831762026604
1000,4,rademacher,1.5,3.111469939577902,4,BGN11,3.1970031049780814
1000,4,rademacher,1.5,3.111469939577902,5,Algorithm 1,3.103430998340628
1000,4,rademacher,1.5,3.111469939577902,5,BGS25,3.3970666605094246
1000,4,rademacher,1.5,3.111469939577902,5,BGN11,3.226515823664749
1000,4,rademacher,1.5,3.111469939577902,6,Algorithm 1,2.9034386826635377
1000,4,rademacher,1.5,3.111469939577902,6,BGS25,3.46098076553496
1000,4,rademacher,1.5,3.111469939577902,6,BGN11,3.2925773911948957
1000,4,rademacher,1.5,3.111469939577902,7,Algorithm 1,3.142613983110721
1000,4,rademacher,1.5,3.111469939577902,7,BGS25,3.5437991264087234
1000,4,rademacher,1.5,3.111469939577902,7,BGN11,3.3851387188009983
1000,4,rademacher,1.5,3.111469939577902,8,Algorithm 1,3.112973002237421
1000,4,rademacher,1.5,3.111469939577902,8,BGS25,3.4042403200389435
1000,4,rademacher,1.5,3.111469939577902,8,BGN11,3.2283668295861707
1000,4,rademacher,1.5,3.111469939577902,9,Algorithm 1,3.080241014350684
1000,4,rademacher,1.5,3.111469939577902,9,BGS25,3.406921213703548
1000,4,rademacher,1.5,3.111469939577902,9,BGN11,3.2307929128533495
1000,4,rademacher,1.5,3.111469939577902,10,Algorithm 1,2.945317296852914
1000,4,rademacher,1.5,3.111469939577902,10,BGS25,3.4185229755365105
1000,4,rademacher,1.5,3.111469939577902,10,BGN11,3.2493790805319516
1000,4,rademacher,1.5,3.111469939577902,11,Algorithm 1,3.159625949585785
1000,4,rademacher,1.5,3.111469939577902,11,BGS25,3.463420007701143
1000,4,rademacher,1.5,3.111469939577902,11,BGN11,3.297170769934392
1000,4,rademacher,1.5,3.111469939577902,12,Algorithm 1,3.0027148536262493
1000,4,rademacher,1.5,3.111469939577902,12,BGS25,3.4775795241635175
1000,4,rademacher,1.5,3.111469939577902,12,BGN11,3.31425826543956
1000,4,rademacher,1.5,3.111469939577902,13,Algorithm 1,3.0479473156317947
1000,4,rademacher,1.5,3.111469939577902,13,BGS25,3.479035972585117
1000,4,rademacher,1.5,3.111469939577902,13,BGN11,3.3110958128744636
1000,4,rademacher,1.5,3.111469939577902,14,Algorithm 1,2.860540819021955
1000,4,rademacher,1.5,3.111469939577902,14,BGS25,3.4115890307590178
1000,4,rademacher,1.5,3.111469939577902,14,BGN11,3.242766984207644
1000,4,rademacher,1.5,3.111469939577902,15,Algorithm 1,3.3394787202549456
1000,4,rademacher,1.5,3.111469939577902,15,BGS25,3.588800392930972
1000,4,rademacher,1.5,3.111469939577902,15,BGN11,3.4349291673208038
1000,4,rademacher,1.5,3.111469939577902,16,Algorithm 1,3.0820988878091304
1000,4,rademacher,1.5,3.111469939577902,16,BGS25,3.4499072088720384
1000,4,rademacher,1.5,3.111469939577902,16,BGN11,3.2855696962171104
1000,4,rademacher,1.5,3.111469939577902,17,Algorithm 1,3.074424878534514
1000,4,rademacher,1.5,3.111469939577902,17,BGS25,3.402532402544322
1000,4,rademacher,1.5,3.111469939577902,17,BGN11,3.230934366845205
1000,4,rademacher,1.5,3.111469939577902,18,Algorithm 1,3.087011757654966
1000,4,rademacher,1.5,3.111469939577902,18,BGS25,3.407403346686067
1000,4,rademacher,1.5,3.111469939577902,18,BGN11,3.238141206650671
1000,4,rademacher,1.5,3.111469939577902,19,Algorithm 1,3.1842068333263605
1000,4,rademacher,1.5,3.111469939577902,19,BGS25,3.5787322967543806
1000,4,rademacher,1.5,3.111469939577902,19,BGN11,3.420871729190844
1000,4,rademacher,1.5,3.111469939577902,20,Algorithm 1,2.909247606561803
1000,4,rademacher,1.5,3.111469939577902,20,BGS25,3.401086287965251
1000,4,rademacher,1.5,3.111469939577902,20,BGN11,3.2267363433972927
1000,4,rademacher,1.5,3.111469939577902,21,Algorithm 1,2.8961335293514607
1000,4,rademacher,1.5,3.111469939577902,21,BGS25,3.4073469714423146
1000,4,rademacher,1.5,3.111469939577902,21,BGN11,3.2397353172489076
1000,4,rademacher,1.5,3.111469939577902,22,Algorithm 1,3.1002260560626014
1000,4,rademacher,1.5,3.111469939577902,22,BGS25,3.4016134240051303
1000,4,rademacher,1.5,3.111469939577902,22,BGN11,3.225487021267359
1000,4,rademacher,1.5,3.111469939577902,23,Algorithm 1,3.064205796020557
1000,4,rademacher,1.5,3.111469939577902,23,BGS25,3.50839287251118
1000,4,rademacher,1.5,3.111469939577902,23,BGN11,3.343847305435917
1000,4,rademacher,1.5,3.111469939577902,24,Algorithm 1,3.201695204525819
1000,4,rademacher,1.5,3.111469939577902,24,BGS25,3.578706653197651
1000,4,rademacher,1.5,3.111469939577902,24,BGN11,3.4234098621033904
1000,4,rademacher,1.5,3.111469939577902,25,Algorithm 1,2.8556250608618976
1000,4,rademacher,1.5,3.111469939577902,25,BGS25,3.307520729060207
1000,4,rademacher,1.5,3.111469939577902,25,BGN11,3.125279582082472
1000,4,rademacher,1.5,3.111469939577902,26,Algorithm 1,3.079097879706593
1000,4,rademacher,1.5,3.111469939577902,26,BGS25,3.469892257451516
1000,4,rademacher,1.5,3.111469939577902,26,BGN11,3.3058955930519094
1000,4,rademacher,1.5,3.111469939577902,27,Algorithm 1,3.1432219928601666
1000,4,rademacher,1.5,3.111469939577902,27,BGS25,3.4848907132919127
1000,4,rademacher,1.5,3.111469939577902,27,BGN11,3.3217391837613834
1000,4,rademacher,1.5,3.111469939577902,28,Algorithm 1,3.227283523514965
1000,4,rademacher,1.5,3.111469939577902,28,BGS25,3.496375312015102
1000,4,rademacher,1.5,3.111469939577902,28,BGN11,3.332441169556118
1000,4,rademacher,1.5,3.111469939577902,29,Algorithm 1,3.0623844103450697
1000,4,rademacher,1.5,3.111469939577902,29,BGS25,3.4517399482684796
1000,4,rademacher,1.5,3.111469939577902,29,BGN11,3.2780997011170894
1000,4,rademacher,1.5,3.111469939577902,30,Algorithm 1,3.0936523711379946
1000,4,rademacher,1.5,3.111469939577902,30,BGS25,3.453276508371064
1000,4,rademacher,1.5,3.111469939577902,30,BGN11,3.2869475782272164
1000,4,rademacher,1.5,3.111469939577902,31,Algorithm 1,3.0855433109339447
1000,4,rademacher,1.5,3.111469939577902,31,BGS25,3.481124916797799
1000,4,rademacher,1.5,3.111469939577902,31,BGN11,3.3157149232297054
1000,4,rademacher,1.5,3.111469939577902,32,Algorithm 1,3.1598428634581257
1000,4,rademacher,1.5,3.111469939577902,32,BGS25,3.5804888871507927
1000,4,rademacher,1.5,3.111469939577902,32,BGN11,3.4188499088043103
1000,4,rademacher,1.5,3.111469939577902,33,Algorithm 1,2.97494886151175
1000,4,rademacher,1.5,3.111469939577902,33,BGS25,3.399108403149572
1000,4,rademacher,1.5,3.111469939577902,33,BGN11,3.230574245902823
1000,4,rademacher,1.5,3.111469939577902,34,Algorithm 1,3.085607573140125
1000,4,rademacher,1.5,3.111469939577902,34,BGS25,3.433087951966993
1000,4,rademacher,1.5,3.111469939577902,34,BGN11,3.2576574511780976
1000,4,rademacher,1.5,3.111469939577902,35,Algorithm 1,3.2108771543700514
1000,4,rademacher,1.5,3.111469939577902,35,BGS25,3.527564720179371
1000,4,rademacher,1.5,3.111469939577902,35,BGN11,3.3673779286320356
1000,4,rademacher,1.5,3.111469939577902,36,Algorithm 1,3.0236436122340753
1000,4,rademacher,1.5,3.111469939577902,36,BGS25,3.4426551873767908
1000,4,rademacher,1.5,3.111469939577902,36,BGN11,3.2800239259534916
1000,4,rademacher,1.5,3.111469939577902,37,Algorithm 1,3.0978812951916015
1000,4,rademacher,1.5,3.111469939577902,37,BGS25,3.455912497528609
1000,4,rademacher,1.5,3.111469939577902,37,BGN11,3.2880618447937926
1000,4,rademacher,1.5,3.111469939577902,38,Algorithm 1,2.993477128359817
1000,4,rademacher,1.5,3.111469939577902,38,BGS25,3.445683854597435
1000,4,rademacher,1.5,3.111469939577902,38,BGN11,3.275277999102096
1000,4,rademacher,1.5,3.111469939577902,39,Algorithm 1,3.206716775214684
1000,4,rademacher,1.5,3.111469939577902,39,BGS25,3.5724774689314813
1000,4,rademacher,1.5,3.111469939577902,39,BGN11,3.417448804796435
1000,4,rademacher,1.5,3.111469939577902,40,Algorithm 1,3.1292035458066167
1000,4,rademacher,1.5,3.111469939577902,40,BGS25,3.4796603169800484
1000,4,rademacher,1.5,3.111469939577902,40,BGN11,3.318552948711156
1000,4,rademacher,1.5,3.111469939577902,41,Algorithm 1,3.040001289990492
1000,4,rademacher,1.5,3.111469939577902,41,BGS25,3.4505521499484906
1000,4,rademacher,1.5,3.111469939577902,41,BGN11,3.28267011544217
1000,4,rademacher,1.5,3.111469939577902,42,Algorithm 1,3.211083294020337
1000,4,rademacher,1.5,3.111469939577902,42,BGS25,3.5455158446922397
1000,4,rademacher,1.5,3.111469939577902,42,BGN11,3.387740456621163
1000,4,rademacher,1.5,3.111469939577902,43,Algorithm 1,3.127647979661493
1000,4,rademacher,1.5,3.111469939577902,43,BGS25,3.5449592842157505
1000,4,rademacher,1.5,3.111469939577902,43,BGN11,3.385382243965126
1000,4,rademacher,1.5,3.111469939577902,44,Algorithm 1,3.1813730309351524
1000,4,rademacher,1.5,3.111469939577902,44,BGS25,3.5257922567950004
1000,4,rademacher,1.5,3.111469939577902,44,BGN11,3.3697331638042574
1000,4,rademacher,1.5,3.111469939577902,45,Algorithm 1,3.044860626421467
1000,4,rademacher,1.5,3.111469939577902,45,BGS25,3.359111246659091
1000,4,rademacher,1.5,3.111469939577902,45,BGN11,3.1778040390096085
1000,4,rademacher,1.5,3.111469939577902,46,Algorithm 1,3.0674935022282948
1000,4,rademacher,1.5,3.111469939577902,46,BGS25,3.4216281163546647
1000,4,rademacher,1.5,3.111469939577902,46,BGN11,3.2525168305253738
1000,4,rademacher,1.5,3.111469939577902,47,Algorithm 1,3.195078557270935
1000,4,rademacher,1.5,3.111469939577902,47,BGS25,3.530718940294869
1000,4,rademacher,1.5,3.111469939577902,47,BGN11,3.3703933227659073
1000,4,rademacher,1.5,3.111469939577902,48,Algorithm 1,3.040176914443059
1000,4,rademacher,1.5,3.111469939577902,48,BGS25,3.4656260631617375
1000,4,rademacher,1.5,3.111469939577902,48,BGN11,3.2996503869292613
1000,4,rademacher,1.5,3.111469939577902,49,Algorithm 1,3.151556935139778
1000,4,rademacher,1.5,3.111469939577902,49,BGS25,3.4880743406246992
1000,4,rademacher,1.5,3.111469939577902,49,BGN11,3.3214085306601717
1000,4,rademacher,1.5,3.111469939577902,50,Algorithm 1,3.1872403019326976
1000,4,rademacher,1.5,3.111469939577902,50,BGS25,3.4786527510294896
1000,4,rademacher,1.5,3.111469939577902,50,BGN11,3.316581576962678
1000,4,rademacher,1.5,3.111469939577902,51,Algorithm 1,3.1751950718061654
1000,4,rademacher,1.5,3.111469939577902,51,BGS25,3.5461592495839787
1000,4,rademacher,1.5,3.111469939577902,51,BGN11,3.3878663176178554
1000,4,rademacher,1.5,3.111469939577902,52,Algorithm 1,3.249902156274258
1000,4,rademacher,1.5,3.111469939577902,52,BGS25,3.5713294482994344
1000,4,rademacher,1.5,3.111469939577902,52,BGN11,3.4185691482226055
1000,4,rademacher,1.5,3.111469939577902,53,Algorithm 1,3.0482059875089584
1000,4,rademacher,1.5,3.111469939577902,53,BGS25,3.398624148336375
1000,4,rademacher,1.5,3.111469939577902,53,BGN11,3.223649748909686
1000,4,rademacher,1.5,3.111469939577902,54,Algorithm 1,3.172971495924285
1000,4,rademacher,1.5,3.111469939577902,54,BGS25,3.5532362275169627
1000,4,rademacher,1.5,3.111469939577902,54,BGN11,3.395872234417466
1000,4,rademacher,1.5,3.111469939577902,55,Algorithm 1,3.433715957552402
1000,4,rademacher,1.5,3.111469939577902,55,BGS25,3.63764464529719
1000,4,rademacher,1.5,3.111469939577902,55,BGN11,3.483768107686484
1000,4,rademacher,1.5,3.111469939577902,56,Algorithm 1,3.291420097295798
1000,4,rademacher,1.5,3.111469939577902,56,BGS25,3.608286081077803
1000,4,rademacher,1.5,3.111469939577902,56,BGN11,3.454811805124106
1000,4,rademacher,1.5,3.111469939577902,57,Algorithm 1,3.206370326021831
1000,4,rademacher,1.5,3.111469939577902,57,BGS25,3.5063470064636677
1000,4,rademacher,1.5,3.111469939577902,57,BGN11,3.3450112975986497
1000,4,rademacher,1.5,3.111469939577902,58,Algorithm 1,3.1764078078375486
1000,4,rademacher,1.5,3.111469939577902,58,BGS25,3.5480510636465867
1000,4,rademacher,1.5,3.111469939577902,58,BGN11,3.3910226776171672
1000,4,rademacher,1.5,3.111469939577902,59,Algorithm 1,3.0490002757189
1000,4,rademacher,1.5,3.111469939577902,59,BGS25,3.4272517294837246
1000,4,rademacher,1.5,3.111469939577902,59,BGN11,3.257988667034542
1000,4,rademacher,1.5,3.111469939577902,60,Algorithm 1,2.981394461594428
1000,4,rademacher,1.5,3.111469939577902,60,BGS25,3.444922305094467
1000,4,rademacher,1.5,3.111469939577902,60,BGN11,3.2718475615002354
1000,4,rademacher,1.5,3.111469939577902,61,Algorithm 1,3.183820492991017
1000,4,rademacher,1.5,3.111469939577902,61,BGS25,3.4769966400293804
1000,4,rademacher,1.5,3.111469939577902,61,BGN11,3.3096811773863526
1000,4,rademacher,1.5,3.111469939577902,62,Algorithm 1,3.190064974415139
1000,4,rademacher,1.5,3.111469939577902,62,BGS25,3.5042408698716994
1000,4,rademacher,1.5,3.111469939577902,62,BGN11,3.3429232383101146
1000,4,rademacher,1.5,3.111469939577902,63,Algorithm 1,3.0922257025478372
1000,4,rademacher,1.5,3.111469939577902,63,BGS25,3.370996555892069
1000,4,rademacher,1.5,3.111469939577902,63,BGN11,3.1886181637760718
1000,4,rademacher,1.5,3.111469939577902,64,Algorithm 1,3.1103517613677885
1000,4,rademacher,1.5,3.111469939577902,64,BGS25,3.4744152375154815
1000,4,rademacher,1.5,3.111469939577902,64,BGN11,3.310799379778642
1000,4,rademacher,1.5,3.111469939577902,65,Algorithm 1,3.285261773388949
1000,4,rademacher,1.5,3.111469939577902,65,BGS25,3.549314701168469
1000,4,rademacher,1.5,3.111469939577902,65,BGN11,3.389738966766139
1000,4,rademacher,1.5,3.111469939577902,66,Algorithm 1,3.181706635271796
1000,4,rademacher,1.5,3.111469939577902,66,BGS25,3.501872486947242
1000,4,rademacher,1.5,3.111469939577902,66,BGN11,3.3379314800764917
1000,4,rademacher,1.5,3.111469939577902,67,Algorithm 1,2.914349040622513
1000,4,rademacher,1.5,3.111469939577902,67,BGS25,3.4002107610737347
1000,4,rademacher,1.5,3.111469939577902,67,BGN11,3.227953085504417
1000,4,rademacher,1.5,3.111469939577902,68,Algorithm 1,3.129153371089979
1000,4,rademacher,1.5,3.111469939577902,68,BGS25,3.4754463023300417
1000,4,rademacher,1.5,3.111469939577902,68,BGN11,3.312061842779251
1000,4,rademacher,1.5,3.111469939577902,69,Algorithm 1,3.044144679626492
1000,4,rademacher,1.5,3.111469939577902,69,BGS25,3.3925147364547676
1000,4,rademacher,1.5,3.111469939577902,69,BGN11,3.223712675028299
1000,4,rademacher,1.5,3.111469939577902,70,Algorithm 1,2.8598518702793294
1000,4,rademacher,1.5,3.111469939577902,70,BGS25,3.267174686577712
1000,4,rademacher,1.5,3.111469939577902,70,BGN11,3.0814858120343662
1000,4,rademacher,1.5,3.111469939577902,71,Algorithm 1,3.010286920450964
1000,4,rademacher,1.5,3.111469939577902,71,BGS25,3.3104917593618453
1000,4,rademacher,1.5,3.111469939577902,71,BGN11,3.123869544337525
1000,4,rademacher,1.5,3.111469939577902,72,Algorithm 1,3.261854518566382
1000,4,rademacher,1.5,3.111469939577902,72,BGS25,3.5701996100610645
1000,4,rademacher,1.5,3.111469939577902,72,BGN11,3.4109935293666123
1000,4,rademacher,1.5,3.111469939577902,73,Algorithm 1,3.174201525949698
1000,4,rademacher,1.5,3.111469939577902,73,BGS25,3.585687467631381
1000,4,rademacher,1.5,3.111469939577902,73,BGN11,3.4310520794488757
1000,4,rademacher,1.5,3.111469939577902,74,Algorithm 1,3.1294011496785394
1000,4,rademacher,1.5,3.111469939577902,74,BGS25,3.490067002632369
1000,4,rademacher,1.5,3.111469939577902,74,BGN11,3.321781271534538
1000,4,rademacher,1.5,3.111469939577902,75,Algorithm 1,2.9712958064995316
1000,4,rademacher,1.5,3.111469939577902,75,BGS25,3.3078931824020055
1000,4,rademacher,1.5,3.111469939577902,75,BGN11,3.1219204000412257
1000,4,rademacher,1.5,3.111469939577902,76,Algorithm 1,2.935144938117726
1000,4,rademacher,1.5,3.111469939577902,76,BGS25,3.3718128130865113
1000,4,rademacher,1.5,3.111469939577902,76,BGN11,3.1966560244213125
1000,4,rademacher,1.5,3.111469939577902,77,Algorithm 1,3.151657633380728
1000,4,rademacher,1.5,3.111469939577902,77,BGS25,3.467485178490634
1000,4,rademacher,1.5,3.111469939577902,77,BGN11,3.30126845467613
1000,4,rademacher,1.5,3.111469939577902,78,Algorithm 1,2.9923646191492925
1000,4,rademacher,1.5,3.111469939577902,78,BGS25,3.415369135760831
1000,4,rademacher,1.5,3.111469939577902,78,BGN11,3.2449346793996474
1000,4,rademacher,1.5,3.111469939577902,79,Algorithm 1,3.090131543176372
1000,4,rademacher,1.5,3.111469939577902,79,BGS25,3.4527359183641533
1000,4,rademacher,1.5,3.111469939577902,79,BGN11,3.288506572817555
1000,4,rademacher,1.5,3.111469939577902,80,Algorithm 1,2.976195119214647
1000,4,rademacher,1.5,3.111469939577902,80,BGS25,3.389055275131363
1000,4,rademacher,1.5,3.111469939577902,80,BGN11,3.215673885659415
1000,4,rademacher,1.5,3.111469939577902,81,Algorithm 1,3.0020622696519697
1000,4,rademacher,1.5,3.111469939577902,81,BGS25,3.4206433574216852
1000,4,rademacher,1.5,3.111469939577902,81,BGN11,3.2511548259138077
1000,4,rademacher,1.5,3.111469939577902,82,Algorithm 1,2.9490639958385065
1000,4,rademacher,1.5,3.111469939577902,82,BGS25,3.317555434604209
1000,4,rademacher,1.5,3.111469939577902,82,BGN11,3.1434426833177285
1000,4,rademacher,1.5,3.111469939577902,83,Algorithm 1,3.149898279027786
1000,4,rademacher,1.5,3.111469939577902,83,BGS25,3.4417099273849607
1000,4,rademacher,1.5,3.111469939577902,83,BGN11,3.2668319380137043
1000,4,rademacher,1.5,3.111469939577902,84,Algorithm 1,3.2337666980773423
1000,4,rademacher,1.5,3.111469939577902,84,BGS25,3.525861886442259
1000,4,rademacher,1.5,3.111469939577902,84,BGN11,3.361755832177446
1000,4,rademacher,1.5,3.111469939577902,85,Algorithm 1,3.016150431450635
1000,4,rademacher,1.5,3.111469939577902,85,BGS25,3.4029609177170173
1000,4,rademacher,1.5,3.111469939577902,85,BGN11,3.2304347163109886
1000,4,rademacher,1.5,3.111469939577902,86,Algorithm 1,3.1629298630380993
1000,4,rademacher,1.5,3.111469939577902,86,BGS25,3.515937707794935
1000,4,rademacher,1.5,3.111469939577902,86,BGN11,3.3529065211024225
1000,4,rademacher,1.5,3.111469939577902,87,Algorithm 1,3.274889223223601
1000,4,rademacher,1.5,3.111469939577902,87,BGS25,3.584875737507749
1000,4,rademacher,1.5,3.111469939577902,87,BGN11,3.4317609749148126
1000,4,rademacher,1.5,3.111469939577902,88,Algorithm 1,2.980088073159438
1000,4,rademacher,1.5,3.111469939577902,88,BGS25,3.3980235512472294
1000,4,rademacher,1.5,3.111469939577902,88,BGN11,3.2246567965357236
1000,4,rademacher,1.5,3.111469939577902,89,Algorithm 1,3.0009359842298444
1000,4,rademacher,1.5,3.111469939577902,89,BGS25,3.4189353942696514
1000,4,rademacher,1.5,3.111469939577902,89,BGN11,3.245107426477997
1000,4,rademacher,1.5,3.111469939577902,90,Algorithm 1,3.0794904456943475
1000,4,rademacher,1.5,3.111469939577902,90,BGS25,3.417148467847107
1000,4,rademacher,1.5,3.111469939577902,90,BGN11,3.241322952910311
1000,4,rademacher,1.5,3.111469939577902,91,Algorithm 1,3.1333339444694914
1000,4,rademacher,1.5,3.111469939577902,91,BGS25,3.5334574576830406
1000,4,rademacher,1.5,3.111469939577902,91,BGN11,3.3728215104369874
1000,4,rademacher,1.5,3.111469939577902,92,Algorithm 1,2.971498262781588
1000,4,rademacher,1.5,3.111469939577902,92,BGS25,3.4145634563618406
1000,4,rademacher,1.5,3.111469939577902,92,BGN11,3.23833275401406
1000,4,rademacher,1.5,3.111469939577902,93,Algorithm 1,3.158163567415738
1000,4,rademacher,1.5,3.111469939577902,93,BGS25,3.468152920703029
1000,4,rademacher,1.5,3.111469939577902,93,BGN11,3.3049773595008896
1000,4,rademacher,1.5,3.111469939577902,94,Algorithm 1,3.159965823092764
1000,4,rademacher,1.5,3.111469939577902,94,BGS25,3.4844781774172753
1000,4,rademacher,1.5,3.111469939577902,94,BGN11,3.315309379588451
1000,4,rademacher,1.5,3.111469939577902,95,Algorithm 1,3.0758156745967287
1000,4,rademacher,1.5,3.111469939577902,95,BGS25,3.4078351054462113
1000,4,rademacher,1.5,3.111469939577902,95,BGN11,3.2412304204590168
1000,4,rademacher,1.5,3.111469939577902,96,Algorithm 1,2.983226930381128
1000,4,rademacher,1.5,3.111469939577902,96,BGS25,3.3620551895972253
1000,4,rademacher,1.5,3.111469939577902,96,BGN11,3.1815580089086426
1000,4,rademacher,1.5,3.111469939577902,97,Algorithm 1,3.1283926735380296
1000,4,rademacher,1.5,3.111469939577902,97,BGS25,3.462565095786396
1000,4,rademacher,1.5,3.111469939577902,97,BGN11,3.2948876403788803
1000,4,rademacher,1.5,3.111469939577902,98,Algorithm 1,3.078357601338531
1000,4,rademacher,1.5,3.111469939577902,98,BGS25,3.426823228775865
1000,4,rademacher,1.5,3.111469939577902,98,BGN11,3.2544028617971468
1000,4,rademacher,1.5,3.111469939577902,99,Algorithm 1,3.0847971212163325
1000,4,rademacher,1.5,3.111469939577902,99,BGS25,3.4674599198278595
1000,4,rademacher,1.5,3.111469939577902,99,BGN11,3.297313731952388
1000,4,rademacher,1.5,3.111469939577902,100,Algorithm 1,3.172013990035307
1000,4,rademacher,1.5,3.111469939577902,100,BGS25,3.534853034502288
1000,4,rademacher,1.5,3.111469939577902,100,BGN11,3.3718105076160687
1000,4,rademacher,1.5,3.111469939577902,101,Algorithm 1,3.0942364076452282
1000,4,rademacher,1.5,3.111469939577902,101,BGS25,3.4597575854272207
1000,4,rademacher,1.5,3.111469939577902,101,BGN11,3.2911758679698266
1000,4,rademacher,1.5,3.111469939577902,102,Algorithm 1,3.1884223541760526
1000,4,rademacher,1.5,3.111469939577902,102,BGS25,3.513151146452995
1000,4,rademacher,1.5,3.111469939577902,102,BGN11,3.353578174802223
1000,4,rademacher,1.5,3.111469939577902,103,Algorithm 1,3.0236306318387047
1000,4,rademacher,1.5,3.111469939577902,103,BGS25,3.4640876886368135
1000,4,rademacher,1.5,3.111469939577902,103,BGN11,3.295625412379324
1000,4,rademacher,1.5,3.111469939577902,104,Algorithm 1,3.074018231633544
1000,4,rademacher,1.5,3.111469939577902,104,BGS25,3.40436066559488
1000,4,rademacher,1.5,3.111469939577902,104,BGN11,3.233949963991925
1000,4,rademacher,1.5,3.111469939577902,105,Algorithm 1,3.037303993893756
1000,4,rademacher,1.5,3.111469939577902,105,BGS25,3.4073693844316644
1000,4,rademacher,1.5,3.111469939577902,105,BGN11,3.238664797936901
1000,4,rademacher,1.5,3.111469939577902,106,Algorithm 1,3.0657741109390373
1000,4,rademacher,1.5,3.111469939577902,106,BGS25,3.4266849673449213
1000,4,rademacher,1.5,3.111469939577902,106,BGN11,3.254543976319535
1000,4,rademacher,1.5,3.111469939577902,107,Algorithm 1,3.2355648227333025
1000,4,rademacher,1.5,3.111469939577902,107,BGS25,3.513617968591303
1000,4,rademacher,1.5,3.111469939577902,107,BGN11,3.3551338500399885
1000,4,rademacher,1.5,3.111469939577902,108,Algorithm 1,3.080054498271195
1000,4,rademacher,1.5,3.111469939577902,108,BGS25,3.479383371886339
1000,4,rademacher,1.5,3.111469939577902,108,BGN11,3.3139820887170455
1000,4,rademacher,1.5,3.111469939577902,109,Algorithm 1,3.1291330244026625
1000,4,rademacher,1.5,3.111469939577902,109,BGS25,3.398838009409586
1000,4,rademacher,1.5,3.111469939577902,109,BGN11,3.2250751779777636
1000,4,rademacher,1.5,3.111469939577902,110,Algorithm 1,3.1155723974075813
1000,4,rademacher,1.5,3.111469939577902,110,BGS25,3.4652266179890043
1000,4,rademacher,1.5,3.111469939577902,110,BGN11,3.307132357119559
1000,4,rademacher,1.5,3.111469939577902,111,Algorithm 1,3.196811493817126
1000,4,rademacher,1.5,3.111469939577902,111,BGS25,3.4592459705053225
1000,4,rademacher,1.5,3.111469939577902,111,BGN11,3.296418067662012
1000,4,rademacher,1.5,3.111469939577902,112,Algorithm 1,3.1062739761707103
1000,4,rademacher,1.5,3.111469939577902,112,BGS25,3.4756473072301888
1000,4,rademacher,1.5,3.111469939577902,112,BGN11,3.3131821027423203
1000,4,rademacher,1.5,3.111469939577902,113,Algorithm 1,3.1214415857991225
1000,4,rademacher,1.5,3.111469939577902,113,BGS25,3.4227950806537173
1000,4,rademacher,1.5,3.111469939577902,113,BGN11,3.2530543126030667
1000,4,rademacher,1.5,3.111469939577902,114,Algorithm 1,3.0382593933739805
1000,4,rademacher,1.5,3.111469939577902,114,BGS25,3.4377387625180473
1000,4,rademacher,1.5,3.111469939577902,114,BGN11,3.267991482668426
1000,4,rademacher,1.5,3.111469939577902,115,Algorithm 1,2.9894002662583774
1000,4,rademacher,1.5,3.111469939577902,115,BGS25,3.5260830711821414
1000,4,rademacher,1.5,3.111469939577902,115,BGN11,3.3614893860734214
1000,4,rademacher,1.5,3.111469939577902,116,Algorithm 1,3.167684410642797
1000,4,rademacher,1.5,3.111469939577902,116,BGS25,3.4476004261617863
1000,4,rademacher,1.5,3.111469939577902,116,BGN11,3.275685541502373
1000,4,rademacher,1.5,3.111469939577902,117,Algorithm 1,3.2954665409156716
1000,4,rademacher,1.5,3.111469939577902,117,BGS25,3.595689360790347
1000,4,rademacher,1.5,3.111469939577902,117,BGN11,3.4393696446817326
1000,4,rademacher,1.5,3.111469939577902,118,Algorithm 1,3.095318885914113
1000,4,rademacher,1.5,3.111469939577902,118,BGS25,3.4745703705563074
1000,4,rademacher,1.5,3.111469939577902,118,BGN11,3.309307343690918
1000,4,rademacher,1.5,3.111469939577902,119,Algorithm 1,3.185137323105139
1000,4,rademacher,1.5,3.111469939577902,119,BGS25,3.4654317576112
1000,4,rademacher,1.5,3.111469939577902,119,BGN11,3.3052443069628548
1000,4,rademacher,1.5,3.111469939577902,120,Algorithm 1,3.1338622597477204
1000,4,rademacher,1.5,3.111469939577902,120,BGS25,3.500649682184922
1000,4,rademacher,1.5,3.111469939577902,120,BGN11,3.3310591188171674
1000,4,rademacher,1.5,3.111469939577902,121,Algorithm 1,3.324083418996677
1000,4,rademacher,1.5,3.111469939577902,121,BGS25,3.6110442819928936
1000,4,rademacher,1.5,3.111469939577902,121,BGN11,3.459405161219599
1000,4,rademacher,1.5,3.111469939577902,122,Algorithm 1,3.088633038294296
1000,4,rademacher,1.5,3.111469939577902,122,BGS25,3.4987256102080746
1000,4,rademacher,1.5,3.111469939577902,122,BGN11,3.336444922662268
1000,4,rademacher,1.5,3.111469939577902,123,Algorithm 1,3.050963146621126
1000,4,rademacher,1.5,3.111469939577902,123,BGS25,3.502550872583138
1000,4,rademacher,1.5,3.111469939577902,123,BGN11,3.3388773912138054
1000,4,rademacher,1.5,3.111469939577902,124,Algorithm 1,2.9076058955909234
1000,4,rademacher,1.5,3.111469939577902,124,BGS25,3.3858463117965782
1000,4,rademacher,1.5,3.111469939577902,124,BGN11,3.209606112943737
1000,4,rademacher,1.5,3.111469939577902,125,Algorithm 1,3.013379915081054
1000,4,rademacher,1.5,3.111469939577902,125,BGS25,3.4026468798566114
1000,4,rademacher,1.5,3.111469939577902,125,BGN11,3.2290301634733893
1000,4,rademacher,1.5,3.111469939577902,126,Algorithm 1,3.108329988623007
1000,4,rademacher,1.5,3.111469939577902,126,BGS25,3.4527648027916022
1000,4,rademacher,1.5,3.111469939577902,126,BGN11,3.2831007354335413
1000,4,rademacher,1.5,3.111469939577902,127,Algorithm 1,3.0971169831374104
1000,4,rademacher,1.5,3.111469939577902,127,BGS25,3.4501496258643147
1000,4,rademacher,1.5,3.111469939577902,127,BGN11,3.2837445060582766
1000,4,rademacher,1.5,3.111469939577902,128,Algorithm 1,3.101855494576727
1000,4,rademacher,1.5,3.111469939577902,128,BGS25,3.508402677656127
1000,4,rademacher,1.5,3.111469939577902,128,BGN11,3.350491424381384
1000,4,rademacher,1.5,3.111469939577902,129,Algorithm 1,3.175737257936994
1000,4,rademacher,1.5,3.111469939577902,129,BGS25,3.522533725811435
1000,4,rademacher,1.5,3.111469939577902,129,BGN11,3.3627884684024063
1000,4,rademacher,1.5,3.111469939577902,130,Algorithm 1,3.1749079620138785
1000,4,rademacher,1.5,3.111469939577902,130,BGS25,3.548253020137956
1000,4,rademacher,1.5,3.111469939577902,130,BGN11,3.3823592739980195
1000,4,rademacher,1.5,3.111469939577902,131,Algorithm 1,3.0406255538484857
1000,4,rademacher,1.5,3.111469939577902,131,BGS25,3.321778178578244
1000,4,rademacher,1.5,3.111469939577902,131,BGN11,3.141262711263874
1000,4,rademacher,1.5,3.111469939577902,132,Algorithm 1,3.1517031156837527
1000,4,rademacher,1.5,3.111469939577902,132,BGS25,3.5164018978137284
1000,4,rademacher,1.5,3.111469939577902,132,BGN11,3.3556179636794154
1000,4,rademacher,1.5,3.111469939577902,133,Algorithm 1,3.1283036529600925
1000,4,rademacher,1.5,3.111469939577902,133,BGS25,3.50715935340996
1000,4,rademacher,1.5,3.111469939577902,133,BGN11,3.338583264719698
1000,4,rademacher,1.5,3.111469939577902,134,Algorithm 1,3.1898805395193204
1000,4,rademacher,1.5,3.111469939577902,134,BGS25,3.5655051854838256
1000,4,rademacher,1.5,3.111469939577902,134,BGN11,3.407334820676037
1000,4,rademacher,1.5,3.111469939577902,135,Algorithm 1,3.0486309153847464
1000,4,rademacher,1.5,3.111469939577902,135,BGS25,3.385388649936876
1000,4,rademacher,1.5,3.111469939577902,135,BGN11,3.2121780827297237
1000,4,rademacher,1.5,3.111469939577902,136,Algorithm 1,3.1423893267380665
1000,4,rademacher,1.5,3.111469939577902,136,BGS25,3.497492592200384
1000,4,rademacher,1.5,3.111469939577902,136,BGN11,3.3342501802276265
1000,4,rademacher,1.5,3.111469939577902,137,Algorithm 1,2.983470930361112
1000,4,rademacher,1.5,3.111469939577902,137,BGS25,3.3923006585523554
1000,4,rademacher,1.5,3.111469939577902,137,BGN11,3.219342893544465
1000,4,rademacher,1.5,3.111469939577902,138,Algorithm 1,3.0587744286661342
1000,4,rademacher,1.5,3.111469939577902,138,BGS25,3.38333135440123
1000,4,rademacher,1.5,3.111469939577902,138,BGN11,3.206892544562001
1000,4,rademacher,1.5,3.111469939577902,139,Algorithm 1,2.9648646679944157
1000,4,rademacher,1.5,3.111469939577902,139,BGS25,3.3352408017551154
1000,4,rademacher,1.5,3.111469939577902,139,BGN11,3.155728053912697
1000,4,rademacher,1.5,3.111469939577902,140,Algorithm 1,2.9116898856842064
1000,4,rademacher,1.5,3.111469939577902,140,BGS25,3.423198647228073
1000,4,rademacher,1.5,3.111469939577902,140,BGN11,3.2543707768829164
1000,4,rademacher,1.5,3.111469939577902,141,Algorithm 1,3.1776420794553917
1000,4,rademacher,1.5,3.111469939577902,141,BGS25,3.4855527487618225
1000,4,rademacher,1.5,3.111469939577902,141,BGN11,3.3164068872709347
1000,4,rademacher,1.5,3.111469939577902,142,Algorithm 1,3.113213486820408
1000,4,rademacher,1.5,3.111469939577902,142,BGS25,3.4345255890422175
1000,4,rademacher,1.5,3.111469939577902,142,BGN11,3.2634470425600774
1000,4,rademacher,1.5,3.111469939577902,143,Algorithm 1,2.9872814009150055
1000,4,rademacher,1.5,3.111469939577902,143,BGS25,3.457623731767945
1000,4,rademacher,1.5,3.111469939577902,143,BGN11,3.2948874391132796
1000,4,rademacher,1.5,3.111469939577902,144,Algorithm 1,3.179442129998529
1000,4,rademacher,1.5,3.111469939577902,144,BGS25,3.545192657948319
1000,4,rademacher,1.5,3.111469939577902,144,BGN11,3.3806875099367484
1000,4,rademacher,1.5,3.111469939577902,145,Algorithm 1,2.9341315690905185
1000,4,rademacher,1.5,3.111469939577902,145,BGS25,3.3794474523165317
1000,4,rademacher,1.5,3.111469939577902,145,BGN11,3.202383224486144
1000,4,rademacher,1.5,3.111469939577902,146,Algorithm 1,3.0346587129238856
1000,4,rademacher,1.5,3.111469939577902,146,BGS25,3.408774985742778
1000,4,rademacher,1.5,3.111469939577902,146,BGN11,3.2389499293843786
1000,4,rademacher,1.5,3.111469939577902,147,Algorithm 1,3.1560805034360238
1000,4,rademacher,1.5,3.111469939577902,147,BGS25,3.5330524814405075
1000,4,rademacher,1.5,3.111469939577902,147,BGN11,3.3712198574498817
1000,4,rademacher,1.5,3.111469939577902,148,Algorithm 1,3.2212421435131344
1000,4,rademacher,1.5,3.111469939577902,148,BGS25,3.52832029918157
1000,4,rademacher,1.5,3.111469939577902,148,BGN11,3.3673797049059933
1000,4,rademacher,1.5,3.111469939577902,149,Algorithm 1,3.227419183538723
1000,4,rademacher,1.5,3.111469939577902,149,BGS25,3.5788770594326103
1000,4,rademacher,1.5,3.111469939577902,149,BGN11,3.420746359014477
1000,4,rademacher,1.5,3.111469939577902,150,Algorithm 1,3.057541140016955
1000,4,rademacher,1.5,3.111469939577902,150,BGS25,3.4168618315733617
1000,4,rademacher,1.5,3.111469939577902,150,BGN11,3.2468039397192374
1000,4,rademacher,1.5,3.111469939577902,151,Algorithm 1,3.075011189333021
1000,4,rademacher,1.5,3.111469939577902,151,BGS25,3.516736596278258
1000,4,rademacher,1.5,3.111469939577902,151,BGN11,3.3572188487772405
1000,4,rademacher,1.5,3.111469939577902,152,Algorithm 1,3.002032992478765
1000,4,rademacher,1.5,3.111469939577902,152,BGS25,3.3838980311147275
1000,4,rademacher,1.5,3.111469939577902,152,BGN11,3.2084770264337252
1000,4,rademacher,1.5,3.111469939577902,153,Algorithm 1,3.1322692541493797
1000,4,rademacher,1.5,3.111469939577902,153,BGS25,3.465307292564578
1000,4,rademacher,1.5,3.111469939577902,153,BGN11,3.3008940348362645
1000,4,rademacher,1.5,3.111469939577902,154,Algorithm 1,3.128785108925064
1000,4,rademacher,1.5,3.111469939577902,154,BGS25,3.4594882256198765
1000,4,rademacher,1.5,3.111469939577902,154,BGN11,3.293282088489615
1000,4,rademacher,1.5,3.111469939577902,155,Algorithm 1,3.116352884535586
1000,4,rademacher,1.5,3.111469939577902,155,BGS25,3.35660194408759
1000,4,rademacher,1.5,3.111469939577902,155,BGN11,3.1775634910371346
1000,4,rademacher,1.5,3.111469939577902,156,Algorithm 1,3.1421429911474004
1000,4,rademacher,1.5,3.111469939577902,156,BGS25,3.4900004761833325
1000,4,rademacher,1.5,3.111469939577902,156,BGN11,3.324501696532701
1000,4,rademacher,1.5,3.111469939577902,157,Algorithm 1,3.0127327292393264
1000,4,rademacher,1.5,3.111469939577902,157,BGS25,3.472833861931808
1000,4,rademacher,1.5,3.111469939577902,157,BGN11,3.3076015910713163
1000,4,rademacher,1.5,3.111469939577902,158,Algorithm 1,3.1168531868767775
1000,4,rademacher,1.5,3.111469939577902,158,BGS25,3.471026601712055
1000,4,rademacher,1.5,3.111469939577902,158,BGN11,3.3061389645107226
1000,4,rademacher,1.5,3.111469939577902,159,Algorithm 1,2.9976971532756975
1000,4,rademacher,1.5,3.111469939577902,159,BGS25,3.4819109837085125
1000,4,rademacher,1.5,3.111469939577902,159,BGN11,3.3123659515526023
1000,4,rademacher,1.5,3.111469939577902,160,Algorithm 1,2.9797095542793097
1000,4,rademacher,1.5,3.111469939577902,160,BGS25,3.451639718325896
1000,4,rademacher,1.5,3.111469939577902,160,BGN11,3.2800330255288586
1000,4,rademacher,1.5,3.111469939577902,161,Algorithm 1,3.1644057951244324
1000,4,rademacher,1.5,3.111469939577902,161,BGS25,3.5247423813181333
1000,4,rademacher,1.5,3.111469939577902,161,BGN11,3.3660832692929588
1000,4,rademacher,1.5,3.111469939577902,162,Algorithm 1,3.1267847591638183
1000,4,rademacher,1.5,3.111469939577902,162,BGS25,3.4717222067303135
1000,4,rademacher,1.5,3.111469939577902,162,BGN11,3.309947741846216
1000,4,rademacher,1.5,3.111469939577902,163,Algorithm 1,2.9456089259212916
1000,4,rademacher,1.5,3.111469939577902,163,BGS25,3.4044719878939214
1000,4,rademacher,1.5,3.111469939577902,163,BGN11,3.2380190364456682
1000,4,rademacher,1.5,3.111469939577902,164,Algorithm 1,2.876992924035474
1000,4,rademacher,1.5,3.111469939577902,164,BGS25,3.3148795334324093
1000,4,rademacher,1.5,3.111469939577902,164,BGN11,3.133270089246826
1000,4,rademacher,1.5,3.111469939577902,165,Algorithm 1,3.288450912308901
1000,4,rademacher,1.5,3.111469939577902,165,BGS25,3.5929467509370734
1000,4,rademacher,1.5,3.111469939577902,165,BGN11,3.4375152627394736
1000,4,rademacher,1.5,3.111469939577902,166,Algorithm 1,3.133396520240041
1000,4,rademacher,1.5,3.111469939577902,166,BGS25,3.5469838478040576
1000,4,rademacher,1.5,3.111469939577902,166,BGN11,3.3869716310241755
1000,4,rademacher,1.5,3.111469939577902,167,Algorithm 1,3.260082710831626
1000,4,rademacher,1.5,3.111469939577902,167,BGS25,3.521819889969531
1000,4,rademacher,1.5,3.111469939577902,167,BGN11,3.3641004486897432
1000,4,rademacher,1.5,3.111469939577902,168,Algorithm 1,3.2393192862580724
1000,4,rademacher,1.5,3.111469939577902,168,BGS25,3.5479744189537623
1000,4,rademacher,1.5,3.111469939577902,168,BGN11,3.385551171606943
1000,4,rademacher,1.5,3.111469939577902,169,Algorithm 1,3.2181294330290053
1000,4,rademacher,1.5,3.111469939577902,169,BGS25,3.508774418531395
1000,4,rademacher,1.5,3.111469939577902,169,BGN11,3.3457702036852734
1000,4,rademacher,1.5,3.111469939577902,170,Algorithm 1,3.2504955775333317
1000,4,rademacher,1.5,3.111469939577902,170,BGS25,3.6015477558433107
1000,4,rademacher,1.5,3.111469939577902,170,BGN11,3.447179786931153
1000,4,rademacher,1.5,3.111469939577902,171,Algorithm 1,3.0325012012964048
1000,4,rademacher,1.5,3.111469939577902,171,BGS25,3.474345022830736
1000,4,rademacher,1.5,3.111469939577902,171,BGN11,3.3035016678241167
1000,4,rademacher,1.5,3.111469939577902,172,Algorithm 1,3.0795901518475337
1000,4,rademacher,1.5,3.111469939577902,172,BGS25,3.3691417507051877
1000,4,rademacher,1.5,3.111469939577902,172,BGN11,3.196727125075601
1000,4,rademacher,1.5,3.111469939577902,173,Algorithm 1,3.036007599756711
1000,4,rademacher,1.5,3.111469939577902,173,BGS25,3.441211797816814
1000,4,rademacher,1.5,3.111469939577902,173,BGN11,3.280617002414634
1000,4,rademacher,1.5,3.111469939577902,174,Algorithm 1,2.846706350776442
1000,4,rademacher,1.5,3.111469939577902,174,BGS25,3.2977271696135504
1000,4,rademacher,1.5,3.111469939577902,174,BGN11,3.1130448306995806
1000,4,rademacher,1.5,3.111469939577902,175,Algorithm 1,2.9761334004452213
1000,4,rademacher,1.5,3.111469939577902,175,BGS25,3.426365927224641
1000,4,rademacher,1.5,3.111469939577902,175,BGN11,3.2591344848150445
1000,4,rademacher,1.5,3.111469939577902,176,Algorithm 1,3.224266462407568
1000,4,rademacher,1.5,3.111469939577902,176,BGS25,3.552505309453525
1000,4,rademacher,1.5,3.111469939577902,176,BGN11,3.3918010795450027
1000,4,rademacher,1.5,3.111469939577902,177,Algorithm 1,3.138311192963495
1000,4,rademacher,1.5,3.111469939577902,177,BGS25,3.4472441849700806
1000,4,rademacher,1.5,3.111469939577902,177,BGN11,3.280337079618687
1000,4,rademacher,1.5,3.111469939577902,178,Algorithm 1,3.0457502335628615
1000,4,rademacher,1.5,3.111469939577902,178,BGS25,3.359343479224066
1000,4,rademacher,1.5,3.111469939577902,178,BGN11,3.1819814101964314
1000,4,rademacher,1.5,3.111469939577902,179,Algorithm 1,3.1552583012814712
1000,4,rademacher,1.5,3.111469939577902,179,BGS25,3.459493587231382
1000,4,rademacher,1.5,3.111469939577902,179,BGN11,3.2924858701153625
1000,4,rademacher,1.5,3.111469939577902,180,Algorithm 1,3.0651351808811618
1000,4,rademacher,1.5,3.111469939577902,180,BGS25,3.485084888911439
1000,4,rademacher,1.5,3.111469939577902,180,BGN11,3.3218820021147324
1000,4,rademacher,1.5,3.111469939577902,181,Algorithm 1,3.160918233383055
1000,4,rademacher,1.5,3.111469939577902,181,BGS25,3.4620904439321585
1000,4,rademacher,1.5,3.111469939577902,181,BGN11,3.2924584720178145
1000,4,rademacher,1.5,3.111469939577902,182,Algorithm 1,3.166419760308068
1000,4,rademacher,1.5,3.111469939577902,182,BGS25,3.511057751818778
1000,4,rademacher,1.5,3.111469939577902,182,BGN11,3.347711875026526
1000,4,rademacher,1.5,3.111469939577902,183,Algorithm 1,3.04804579755717
1000,4,rademacher,1.5,3.111469939577902,183,BGS25,3.3817167562151553
1000,4,rademacher,1.5,3.111469939577902,183,BGN11,3.20520426374962
1000,4,rademacher,1.5,3.111469939577902,184,Algorithm 1,3.212930599809059
1000,4,rademacher,1.5,3.111469939577902,184,BGS25,3.5968574010993306
1000,4,rademacher,1.5,3.111469939577902,184,BGN11,3.442668516334793
1000,4,rademacher,1.5,3.111469939577902,185,Algorithm 1,3.017796933205362
1000,4,rademacher,1.5,3.111469939577902,185,BGS25,3.3865926179027572
1000,4,rademacher,1.5,3.111469939577902,185,BGN11,3.2177025974139224
1000,4,rademacher,1.5,3.111469939577902,186,Algorithm 1,3.2211344034983793
1000,4,rademacher,1.5,3.111469939577902,186,BGS25,3.5845931372725297
1000,4,rademacher,1.5,3.111469939577902,186,BGN11,3.428794028569632
1000,4,rademacher,1.5,3.111469939577902,187,Algorithm 1,3.051649109540781
1000,4,rademacher,1.5,3.111469939577902,187,BGS25,3.4297547305113136
1000,4,rademacher,1.5,3.111469939577902,187,BGN11,3.258073651593036
1000,4,rademacher,1.5,3.111469939577902,188,Algorithm 1,3.0195049926373936
1000,4,rademacher,1.5,3.111469939577902,188,BGS25,3.427911257998445
1000,4,rademacher,1.5,3.111469939577902,188,BGN11,3.267695169228459
1000,4,rademacher,1.5,3.111469939577902,189,Algorithm 1,3.1544878381303625
1000,4,rademacher,1.5,3.111469939577902,189,BGS25,3.5028386650506103
1000,4,rademacher,1.5,3.111469939577902,189,BGN11,3.342063599291811
1000,4,rademacher,1.5,3.111469939577902,190,Algorithm 1,3.1674064880362747
1000,4,rademacher,1.5,3.111469939577902,190,BGS25,3.4508950057008816
1000,4,rademacher,1.5,3.111469939577902,190,BGN11,3.2893287163776206
1000,4,rademacher,1.5,3.111469939577902,191,Algorithm 1,3.253408743971859
1000,4,rademacher,1.5,3.111469939577902,191,BGS25,3.5248453245838007
1000,4,rademacher,1.5,3.111469939577902,191,BGN11,3.365985803835531
1000,4,rademacher,1.5,3.111469939577902,192,Algorithm 1,3.115504432412563
1000,4,rademacher,1.5,3.111469939577902,192,BGS25,3.3906148409174746
1000,4,rademacher,1.5,3.111469939577902,192,BGN11,3.2136922221804243
1000,4,rademacher,1.5,3.111469939577902,193,Algorithm 1,3.2696113412126633
1000,4,rademacher,1.5,3.111469939577902,193,BGS25,3.639528497312962
1000,4,rademacher,1.5,3.111469939577902,193,BGN11,3.4873950537390557
1000,4,rademacher,1.5,3.111469939577902,194,Algorithm 1,3.2392647528677845
1000,4,rademacher,1.5,3.111469939577902,194,BGS25,3.580893132214819
1000,4,rademacher,1.5,3.111469939577902,194,BGN11,3.4264248780406295
1000,4,rademacher,1.5,3.111469939577902,195,Algorithm 1,3.1371638648518747
1000,4,rademacher,1.5,3.111469939577902,195,BGS25,3.500389524018491
1000,4,rademacher,1.5,3.111469939577902,195,BGN11,3.3401512692750988
1000,4,rademacher,1.5,3.111469939577902,196,Algorithm 1,3.0600678494843367
1000,4,rademacher,1.5,3.111469939577902,196,BGS25,3.4206443456865125
1000,4,rademacher,1.5,3.111469939577902,196,BGN11,3.252305441291891
1000,4,rademacher,1.5,3.111469939577902,197,Algorithm 1,3.021548653416258
1000,4,rademacher,1.5,3.111469939577902,197,BGS25,3.390849214353917
1000,4,rademacher,1.5,3.111469939577902,197,BGN11,3.2123555829548613
1000,4,rademacher,1.5,3.111469939577902,198,Algorithm 1,3.05776240953388
1000,4,rademacher,1.5,3.111469939577902,198,BGS25,3.4959580643238333
1000,4,rademacher,1.5,3.111469939577902,198,BGN11,3.3345880939537533
1000,4,rademacher,1.5,3.111469939577902,199,Algorithm 1,3.1011062380252556
1000,4,rademacher,1.5,3.111469939577902,199,BGS25,3.4319172971192335
1000,4,rademacher,1.5,3.111469939577902,199,BGN11,3.2619751533937658
1000,4,rademacher,1.5,3.111469939577902,200,Algorithm 1,3.0834651541784273
1000,4,rademacher,1.5,3.111469939577902,200,BGS25,3.4440245108570067
1000,4,rademacher,1.5,3.111469939577902,200,BGN11,3.278133114054725
1000,4,rademacher,1.5,3.111469939577902,201,Algorithm 1,3.2172083037760437
1000,4,rademacher,1.5,3.111469939577902,201,BGS25,3.5012583540257998
1000,4,rademacher,1.5,3.111469939577902,201,BGN11,3.341005439370919
1000,4,rademacher,1.5,3.111469939577902,202,Algorithm 1,2.850577664452498
1000,4,rademacher,1.5,3.111469939577902,202,BGS25,3.3735680305559055
1000,4,rademacher,1.5,3.111469939577902,202,BGN11,3.1860971329025007
1000,4,rademacher,1.5,3.111469939577902,203,Algorithm 1,2.9388376440391184
1000,4,rademacher,1.5,3.111469939577902,203,BGS25,3.270301826861374
1000,4,rademacher,1.5,3.111469939577902,203,BGN11,3.0848924313909047
1000,4,rademacher,1.5,3.111469939577902,204,Algorithm 1,3.0181221054213436
1000,4,rademacher,1.5,3.111469939577902,204,BGS25,3.379930794986665
1000,4,rademacher,1.5,3.111469939577902,204,BGN11,3.2034111668721876
1000,4,rademacher,1.5,3.111469939577902,205,Algorithm 1,3.1240406909156104
1000,4,rademacher,1.5,3.111469939577902,205,BGS25,3.4140952394262607
1000,4,rademacher,1.5,3.111469939577902,205,BGN11,3.2419795160988105
1000,4,rademacher,1.5,3.111469939577902,206,Algorithm 1,3.0872575130030158
1000,4,rademacher,1.5,3.111469939577902,206,BGS25,3.4899514891617223
1000,4,rademacher,1.5,3.111469939577902,206,BGN11,3.328132931781954
1000,4,rademacher,1.5,3.111469939577902,207,Algorithm 1,3.2311730915559536
1000,4,rademacher,1.5,3.111469939577902,207,BGS25,3.581665850682813
1000,4,rademacher,1.5,3.111469939577902,207,BGN11,3.4255745135245452
1000,4,rademacher,1.5,3.111469939577902,208,Algorithm 1,3.170054196343699
1000,4,rademacher,1.5,3.111469939577902,208,BGS25,3.427628228790354
1000,4,rademacher,1.5,3.111469939577902,208,BGN11,3.2683526393621185
1000,4,rademacher,1.5,3.111469939577902,209,Algorithm 1,3.1938337913725134
1000,4,rademacher,1.5,3.111469939577902,209,BGS25,3.5508162083601933
1000,4,rademacher,1.5,3.111469939577902,209,BGN11,3.3895298832453067
1000,4,rademacher,1.5,3.111469939577902,210,Algorithm 1,3.018771916727016
1000,4,rademacher,1.5,3.111469939577902,210,BGS25,3.3925234102169783
1000,4,rademacher,1.5,3.111469939577902,210,BGN11,3.222134707567658
1000,4,rademacher,1.5,3.111469939577902,211,Algorithm 1,3.1046660078104056
1000,4,rademacher,1.5,3.111469939577902,211,BGS25,3.4344881414132917
1000,4,rademacher,1.5,3.111469939577902,211,BGN11,3.2616825835808227
1000,4,rademacher,1.5,3.111469939577902,212,Algorithm 1,3.121527901479801
1000,4,rademacher,1.5,3.111469939577902,212,BGS25,3.467825470666956
1000,4,rademacher,1.5,3.111469939577902,212,BGN11,3.3051364604500004
1000,4,rademacher,1.5,3.111469939577902,213,Algorithm 1,3.038858416893889
1000,4,rademacher,1.5,3.111469939577902,213,BGS25,3.4133186681879684
1000,4,rademacher,1.5,3.111469939577902,213,BGN11,3.241430880937297
1000,4,rademacher,1.5,3.111469939577902,214,Algorithm 1,3.0026379037926403
1000,4,rademacher,1.5,3.111469939577902,214,BGS25,3.345162139878604
1000,4,rademacher,1.5,3.111469939577902,214,BGN11,3.165893814266708
1000,4,rademacher,1.5,3.111469939577902,215,Algorithm 1,2.963988948648151
1000,4,rademacher,1.5,3.111469939577902,215,BGS25,3.369972040802084
1000,4,rademacher,1.5,3.111469939577902,215,BGN11,3.194392323928899
1000,4,rademacher,1.5,3.111469939577902,216,Algorithm 1,3.039312577527898
1000,4,rademacher,1.5,3.111469939577902,216,BGS25,3.4253759297959645
1000,4,rademacher,1.5,3.111469939577902,216,BGN11,3.2563730140778753
1000,4,rademacher,1.5,3.111469939577902,217,Algorithm 1,3.0513405543510923
1000,4,rademacher,1.5,3.111469939577902,217,BGS25,3.3672530195520167
1000,4,rademacher,1.5,3.111469939577902,217,BGN11,3.186847308347905
1000,4,rademacher,1.5,3.111469939577902,218,Algorithm 1,3.1452743287176435
1000,4,rademacher,1.5,3.111469939577902,218,BGS25,3.561598715269403
1000,4,rademacher,1.5,3.111469939577902,218,BGN11,3.402945444423342
1000,4,rademacher,1.5,3.111469939577902,219,Algorithm 1,3.0425141409843186
1000,4,rademacher,1.5,3.111469939577902,219,BGS25,3.4133996219742713
1000,4,rademacher,1.5,3.111469939577902,219,BGN11,3.237995654577617
1000,4,rademacher,1.5,3.111469939577902,220,Algorithm 1,3.335479254286334
1000,4,rademacher,1.5,3.111469939577902,220,BGS25,3.616773758002629
1000,4,rademacher,1.5,3.111469939577902,220,BGN11,3.4687982575850906
1000,4,rademacher,1.5,3.111469939577902,221,Algorithm 1,2.9976789603963163
1000,4,rademacher,1.5,3.111469939577902,221,BGS25,3.417239726982954
1000,4,rademacher,1.5,3.111469939577902,221,BGN11,3.247781673397525
1000,4,rademacher,1.5,3.111469939577902,222,Algorithm 1,2.947377505276195
1000,4,rademacher,1.5,3.111469939577902,222,BGS25,3.34372980269045
1000,4,rademacher,1.5,3.111469939577902,222,BGN11,3.1635167026813127
1000,4,rademacher,1.5,3.111469939577902,223,Algorithm 1,3.2670494757188275
1000,4,rademacher,1.5,3.111469939577902,223,BGS25,3.545563791315069
1000,4,rademacher,1.5,3.111469939577902,223,BGN11,3.3909937787506275
1000,4,rademacher,1.5,3.111469939577902,224,Algorithm 1,2.923011807574675
1000,4,rademacher,1.5,3.111469939577902,224,BGS25,3.324183896930764
1000,4,rademacher,1.5,3.111469939577902,224,BGN11,3.1427488085644155
1000,4,rademacher,1.5,3.111469939577902,225,Algorithm 1,3.0457283233181447
1000,4,rademacher,1.5,3.111469939577902,225,BGS25,3.4468786493244936
1000,4,rademacher,1.5,3.111469939577902,225,BGN11,3.282280267011982
1000,4,rademacher,1.5,3.111469939577902,226,Algorithm 1,3.1355386291307186
1000,4,rademacher,1.5,3.111469939577902,226,BGS25,3.445021814279152
1000,4,rademacher,1.5,3.111469939577902,226,BGN11,3.2749497863032095
1000,4,rademacher,1.5,3.111469939577902,227,Algorithm 1,2.955942737106748
1000,4,rademacher,1.5,3.111469939577902,227,BGS25,3.2893775141007247
1000,4,rademacher,1.5,3.111469939577902,227,BGN11,3.104501909768445
1000,4,rademacher,1.5,3.111469939577902,228,Algorithm 1,3.1623330104242737
1000,4,rademacher,1.5,3.111469939577902,228,BGS25,3.493957919371123
1000,4,rademacher,1.5,3.111469939577902,228,BGN11,3.326166098133499
1000,4,rademacher,1.5,3.111469939577902,229,Algorithm 1,3.052531412233486
1000,4,rademacher,1.5,3.111469939577902,229,BGS25,3.5067160977367315
1000,4,rademacher,1.5,3.111469939577902,229,BGN11,3.348017071173879
1000,4,rademacher,1.5,3.111469939577902,230,Algorithm 1,2.878967075731999
1000,4,rademacher,1.5,3.111469939577902,230,BGS25,3.3523903304777165
1000,4,rademacher,1.5,3.111469939577902,230,BGN11,3.1750520933382047
1000,4,rademacher,1.5,3.111469939577902,231,Algorithm 1,3.135633550981309
1000,4,rademacher,1.5,3.111469939577902,231,BGS25,3.4349977660346207
1000,4,rademacher,1.5,3.111469939577902,231,BGN11,3.260925214274368
1000,4,rademacher,1.5,3.111469939577902,232,Algorithm 1,3.105426203590635
1000,4,rademacher,1.5,3.111469939577902,232,BGS25,3.4242353156337497
1000,4,rademacher,1.5,3.111469939577902,232,BGN11,3.2546672668615804
1000,4,rademacher,1.5,3.111469939577902,233,Algorithm 1,3.218976860518883
1000,4,rademacher,1.5,3.111469939577902,233,BGS25,3.550532349839937
1000,4,rademacher,1.5,3.111469939577902,233,BGN11,3.3892753579277306
1000,4,rademacher,1.5,3.111469939577902,234,Algorithm 1,3.1759663229460364
1000,4,rademacher,1.5,3.111469939577902,234,BGS25,3.4830321289439317
1000,4,rademacher,1.5,3.111469939577902,234,BGN11,3.3183207705808275
1000,4,rademacher,1.5,3.111469939577902,235,Algorithm 1,2.972820200562823
1000,4,rademacher,1.5,3.111469939577902,235,BGS25,3.387309460607317
1000,4,rademacher,1.5,3.111469939577902,235,BGN11,3.217203521005248
1000,4,rademacher,1.5,3.111469939577902,236,Algorithm 1,3.0373279406555658
1000,4,rademacher,1.5,3.111469939577902,236,BGS25,3.35516464979389
1000,4,rademacher,1.5,3.111469939577902,236,BGN11,3.1756830982003383
1000,4,rademacher,1.5,3.111469939577902,237,Algorithm 1,2.9570039635789573
1000,4,rademacher,1.5,3.111469939577902,237,BGS25,3.358486337825683
1000,4,rademacher,1.5,3.111469939577902,237,BGN11,3.1836975775019964
1000,4,rademacher,1.5,3.111469939577902,238,Algorithm 1,3.0814477965500613
1000,4,rademacher,1.5,3.111469939577902,238,BGS25,3.419471261438356
1000,4,rademacher,1.5,3.111469939577902,238,BGN11,3.2464410506499957
1000,4,rademacher,1.5,3.111469939577902,239,Algorithm 1,3.0044780243304654
1000,4,rademacher,1.5,3.111469939577902,239,BGS25,3.4305340533373627
1000,4,rademacher,1.5,3.111469939577902,239,BGN11,3.257699719286156
1000,4,rademacher,1.5,3.111469939577902,240,Algorithm 1,3.16948714743167
1000,4,rademacher,1.5,3.111469939577902,240,BGS25,3.479911515817167
1000,4,rademacher,1.5,3.111469939577902,240,BGN11,3.3198080729936277
1000,4,rademacher,1.5,3.111469939577902,241,Algorithm 1,3.0637450395071384
1000,4,rademacher,1.5,3.111469939577902,241,BGS25,3.476588290638218
1000,4,rademacher,1.5,3.111469939577902,241,BGN11,3.312360282233178
1000,4,rademacher,1.5,3.111469939577902,242,Algorithm 1,2.9947504559237
1000,4,rademacher,1.5,3.111469939577902,242,BGS25,3.38982960201107
1000,4,rademacher,1.5,3.111469939577902,242,BGN11,3.2186837719160692
1000,4,rademacher,1.5,3.111469939577902,243,Algorithm 1,3.2906739499585527
1000,4,rademacher,1.5,3.111469939577902,243,BGS25,3.657450651370887
1000,4,rademacher,1.5,3.111469939577902,243,BGN11,3.509091661777356
1000,4,rademacher,1.5,3.111469939577902,244,Algorithm 1,3.2791877472902784
1000,4,rademacher,1.5,3.111469939577902,244,BGS25,3.580165436471286
1000,4,rademacher,1.5,3.111469939577902,244,BGN11,3.422511058164637
1000,4,rademacher,1.5,3.111469939577902,245,Algorithm 1,3.1169583975374193
1000,4,rademacher,1.5,3.111469939577902,245,BGS25,3.432211944035177
1000,4,rademacher,1.5,3.111469939577902,245,BGN11,3.255979541251587
1000,4,rademacher,1.5,3.111469939577902,246,Algorithm 1,3.0503432868368727
1000,4,rademacher,1.5,3.111469939577902,246,BGS25,3.3979372736507063
1000,4,rademacher,1.5,3.111469939577902,246,BGN11,3.2279111860001377
1000,4,rademacher,1.5,3.111469939577902,247,Algorithm 1,3.1584338999284696
1000,4,rademacher,1.5,3.111469939577902,247,BGS25,3.5199834644699384
1000,4,rademacher,1.5,3.111469939577902,247,BGN11,3.3618881827426597
1000,4,rademacher,1.5,3.111469939577902,248,Algorithm 1,3.3140086438606717
1000,4,rademacher,1.5,3.111469939577902,248,BGS25,3.6509111199996074
1000,4,rademacher,1.5,3.111469939577902,248,BGN11,3.5022472646770715
1000,4,rademacher,1.5,3.111469939577902,249,Algorithm 1,3.127957792838524
1000,4,rademacher,1.5,3.111469939577902,249,BGS25,3.469846666218219
1000,4,rademacher,1.5,3.111469939577902,249,BGN11,3.3004205044665245
1000,4,rademacher,1.5,3.111469939577902,250,Algorithm 1,3.1058581187652727
1000,4,rademacher,1.5,3.111469939577902,250,BGS25,3.4716987485315998
1000,4,rademacher,1.5,3.111469939577902,250,BGN11,3.3065308850860435
1000,4,rademacher,1.5,3.111469939577902,251,Algorithm 1,3.3435872809616236
1000,4,rademacher,1.5,3.111469939577902,251,BGS25,3.549101309226213
1000,4,rademacher,1.5,3.111469939577902,251,BGN11,3.3906639590581045
1000,4,rademacher,1.5,3.111469939577902,252,Algorithm 1,3.0558466924982666
1000,4,rademacher,1.5,3.111469939577902,252,BGS25,3.4161247404751283
1000,4,rademacher,1.5,3.111469939577902,252,BGN11,3.245137678381858
1000,4,rademacher,1.5,3.111469939577902,253,Algorithm 1,3.083903924549774
1000,4,rademacher,1.5,3.111469939577902,253,BGS25,3.4368282777759207
1000,4,rademacher,1.5,3.111469939577902,253,BGN11,3.267457888029976
1000,4,rademacher,1.5,3.111469939577902,254,Algorithm 1,3.1376014198563054
1000,4,rademacher,1.5,3.111469939577902,254,BGS25,3.548112487724372
1000,4,rademacher,1.5,3.111469939577902,254,BGN11,3.3907170422124007
1000,4,rademacher,1.5,3.111469939577902,255,Algorithm 1,3.098839532552976
1000,4,rademacher,1.5,3.111469939577902,255,BGS25,3.466833491946338
1000,4,rademacher,1.5,3.111469939577902,255,BGN11,3.3071818909610324
1000,4,rademacher,1.5,3.111469939577902,256,Algorithm 1,2.9371466270817175
1000,4,rademacher,1.5,3.111469939577902,256,BGS25,3.2724237013480266
1000,4,rademacher,1.5,3.111469939577902,256,BGN11,3.084603551452438
1000,4,rademacher,1.5,3.111469939577902,257,Algorithm 1,3.3855633206467797
1000,4,rademacher,1.5,3.111469939577902,257,BGS25,3.6579528286919065
1000,4,rademacher,1.5,3.111469939577902,257,BGN11,3.5093191391349934
1000,4,rademacher,1.5,3.111469939577902,258,Algorithm 1,3.180199899056573
1000,4,rademacher,1.5,3.111469939577902,258,BGS25,3.453806235151122
1000,4,rademacher,1.5,3.111469939577902,258,BGN11,3.28510001927282
1000,4,rademacher,1.5,3.111469939577902,259,Algorithm 1,3.4397747758321775
1000,4,rademacher,1.5,3.111469939577902,259,BGS25,3.6455336868269512
1000,4,rademacher,1.5,3.111469939577902,259,BGN11,3.490441971787328
1000,4,rademacher,1.5,3.111469939577902,260,Algorithm 1,3.114063521495088
1000,4,rademacher,1.5,3.111469939577902,260,BGS25,3.4669381374593873
1000,4,rademacher,1.5,3.111469939577902,260,BGN11,3.302827033340841
1000,4,rademacher,1.5,3.111469939577902,261,Algorithm 1,3.0440446401253944
1000,4,rademacher,1.5,3.111469939577902,261,BGS25,3.402317907117783
1000,4,rademacher,1.5,3.111469939577902,261,BGN11,3.2330146193821085
1000,4,rademacher,1.5,3.111469939577902,262,Algorithm 1,2.8769383814500653
1000,4,rademacher,1.5,3.111469939577902,262,BGS25,3.404130599137454
1000,4,rademacher,1.5,3.111469939577902,262,BGN11,3.2286318689208087
1000,4,rademacher,1.5,3.111469939577902,263,Algorithm 1,2.9799183158069327
1000,4,rademacher,1.5,3.111469939577902,263,BGS25,3.4663833225419705
1000,4,rademacher,1.5,3.111469939577902,263,BGN11,3.3036356103789175
1000,4,rademacher,1.5,3.111469939577902,264,Algorithm 1,3.130609126486303
1000,4,rademacher,1.5,3.111469939577902,264,BGS25,3.455796456293357
1000,4,rademacher,1.5,3.111469939577902,264,BGN11,3.2861257906477968
1000,4,rademacher,1.5,3.111469939577902,265,Algorithm 1,3.0104033401089523
1000,4,rademacher,1.5,3.111469939577902,265,BGS25,3.374828307637493
1000,4,rademacher,1.5,3.111469939577902,265,BGN11,3.197503707457654
1000,4,rademacher,1.5,3.111469939577902,266,Algorithm 1,3.461478888278704
1000,4,rademacher,1.5,3.111469939577902,266,BGS25,3.7326835901761632
1000,4,rademacher,1.5,3.111469939577902,266,BGN11,3.5945046027380965
1000,4,rademacher,1.5,3.111469939577902,267,Algorithm 1,3.264827134050419
1000,4,rademacher,1.5,3.111469939577902,267,BGS25,3.484409114248284
1000,4,rademacher,1.5,3.111469939577902,267,BGN11,3.3228690716332894
1000,4,rademacher,1.5,3.111469939577902,268,Algorithm 1,3.0941432215917604
1000,4,rademacher,1.5,3.111469939577902,268,BGS25,3.4244977975048294
1000,4,rademacher,1.5,3.111469939577902,268,BGN11,3.2475799832267636
1000,4,rademacher,1.5,3.111469939577902,269,Algorithm 1,2.994136855055829
1000,4,rademacher,1.5,3.111469939577902,269,BGS25,3.4032300730014162
1000,4,rademacher,1.5,3.111469939577902,269,BGN11,3.2304851732460147
1000,4,rademacher,1.5,3.111469939577902,270,Algorithm 1,3.1611244184605694
1000,4,rademacher,1.5,3.111469939577902,270,BGS25,3.5145932195728524
1000,4,rademacher,1.5,3.111469939577902,270,BGN11,3.349768275839039
1000,4,rademacher,1.5,3.111469939577902,271,Algorithm 1,3.072667957915601
1000,4,rademacher,1.5,3.111469939577902,271,BGS25,3.4097151819157685
1000,4,rademacher,1.5,3.111469939577902,271,BGN11,3.2428726338438327
1000,4,rademacher,1.5,3.111469939577902,272,Algorithm 1,2.9799891787092125
1000,4,rademacher,1.5,3.111469939577902,272,BGS25,3.4181300277203372
1000,4,rademacher,1.5,3.111469939577902,272,BGN11,3.2451727025067805
1000,4,rademacher,1.5,3.111469939577902,273,Algorithm 1,3.121609807132831
1000,4,rademacher,1.5,3.111469939577902,273,BGS25,3.4354724886852654
1000,4,rademacher,1.5,3.111469939577902,273,BGN11,3.264263486730929
1000,4,rademacher,1.5,3.111469939577902,274,Algorithm 1,3.329685382684344
1000,4,rademacher,1.5,3.111469939577902,274,BGS25,3.6067000020892674
1000,4,rademacher,1.5,3.111469939577902,274,BGN11,3.4511740628612375
1000,4,rademacher,1.5,3.111469939577902,275,Algorithm 1,3.039366563259409
1000,4,rademacher,1.5,3.111469939577902,275,BGS25,3.440699103993258
1000,4,rademacher,1.5,3.111469939577902,275,BGN11,3.2745375409904125
1000,4,rademacher,1.5,3.111469939577902,276,Algorithm 1,3.2484665639355037
1000,4,rademacher,1.5,3.111469939577902,276,BGS25,3.552759823294916
1000,4,rademacher,1.5,3.111469939577902,276,BGN11,3.396746953206958
1000,4,rademacher,1.5,3.111469939577902,277,Algorithm 1,3.0932054062615255
1000,4,rademacher,1.5,3.111469939577902,277,BGS25,3.485656032185697
1000,4,rademacher,1.5,3.111469939577902,277,BGN11,3.319250762854057
1000,4,rademacher,1.5,3.111469939577902,278,Algorithm 1,3.1027960085962243
1000,4,rademacher,1.5,3.111469939577902,278,BGS25,3.426262531721771
1000,4,rademacher,1.5,3.111469939577902,278,BGN11,3.2548735722902746
1000,4,rademacher,1.5,3.111469939577902,279,Algorithm 1,3.167010053462868
1000,4,rademacher,1.5,3.111469939577902,279,BGS25,3.506075091498559
1000,4,rademacher,1.5,3.111469939577902,279,BGN11,3.346346464779428
1000,4,rademacher,1.5,3.111469939577902,280,Algorithm 1,3.048506120225962
1000,4,rademacher,1.5,3.111469939577902,280,BGS25,3.371988140304931
1000,4,rademacher,1.5,3.111469939577902,280,BGN11,3.1974985185556486
1000,4,rademacher,1.5,3.111469939577902,281,Algorithm 1,3.2368431588410402
1000,4,rademacher,1.5,3.111469939577902,281,BGS25,3.550747255554895
1000,4,rademacher,1.5,3.111469939577902,281,BGN11,3.3909013979931237
1000,4,rademacher,1.5,3.111469939577902,282,Algorithm 1,3.2003652688712365
1000,4,rademacher,1.5,3.111469939577902,282,BGS25,3.473335006571417
1000,4,rademacher,1.5,3.111469939577902,282,BGN11,3.3097612533494543
1000,4,rademacher,1.5,3.111469939577902,283,Algorithm 1,3.4154521342784596
1000,4,rademacher,1.5,3.111469939577902,283,BGS25,3.7362729812720605
1000,4,rademacher,1.5,3.111469939577902,283,BGN11,3.5872425131325367
1000,4,rademacher,1.5,3.111469939577902,284,Algorithm 1,2.9977283357777234
1000,4,rademacher,1.5,3.111469939577902,284,BGS25,3.3420514485142996
1000,4,rademacher,1.5,3.111469939577902,284,BGN11,3.1667068800890448
1000,4,rademacher,1.5,3.111469939577902,285,Algorithm 1,3.183225315708526
1000,4,rademacher,1.5,3.111469939577902,285,BGS25,3.5725409424309067
1000,4,rademacher,1.5,3.111469939577902,285,BGN11,3.4132172161399854
1000,4,rademacher,1.5,3.111469939577902,286,Algorithm 1,3.061989233349293
1000,4,rademacher,1.5,3.111469939577902,286,BGS25,3.3541192018646147
1000,4,rademacher,1.5,3.111469939577902,286,BGN11,3.1774672424326194
1000,4,rademacher,1.5,3.111469939577902,287,Algorithm 1,3.232076500178109
1000,4,rademacher,1.5,3.111469939577902,287,BGS25,3.471625976155188
1000,4,rademacher,1.5,3.111469939577902,287,BGN11,3.3083133961031046
1000,4,rademacher,1.5,3.111469939577902,288,Algorithm 1,3.0879685985688154
1000,4,rademacher,1.5,3.111469939577902,288,BGS25,3.4560417175996934
1000,4,rademacher,1.5,3.111469939577902,288,BGN11,3.28785101952187
1000,4,rademacher,1.5,3.111469939577902,289,Algorithm 1,2.9967179886219117
1000,4,rademacher,1.5,3.111469939577902,289,BGS25,3.3976441733686142
1000,4,rademacher,1.5,3.111469939577902,289,BGN11,3.218902489890376
1000,4,rademacher,1.5,3.111469939577902,290,Algorithm 1,3.002202166460067
1000,4,rademacher,1.5,3.111469939577902,290,BGS25,3.4227133440119415
1000,4,rademacher,1.5,3.111469939577902,290,BGN11,3.2491742269943082
1000,4,rademacher,1.5,3.111469939577902,291,Algorithm 1,3.1375582442327405
1000,4,rademacher,1.5,3.111469939577902,291,BGS25,3.4154401998627772
1000,4,rademacher,1.5,3.111469939577902,291,BGN11,3.239147197323341
1000,4,rademacher,1.5,3.111469939577902,292,Algorithm 1,3.1091343232191635
1000,4,rademacher,1.5,3.111469939577902,292,BGS25,3.482232360442425
1000,4,rademacher,1.5,3.111469939577902,292,BGN11,3.3218118804718086
1000,4,rademacher,1.5,3.111469939577902,293,Algorithm 1,3.2374799937123013
1000,4,rademacher,1.5,3.111469939577902,293,BGS25,3.590270791060231
1000,4,rademacher,1.5,3.111469939577902,293,BGN11,3.4385745014184446
1000,4,rademacher,1.5,3.111469939577902,294,Algorithm 1,3.1518005792314847
1000,4,rademacher,1.5,3.111469939577902,294,BGS25,3.422006388970437
1000,4,rademacher,1.5,3.111469939577902,294,BGN11,3.2529325553630306
1000,4,rademacher,1.5,3.111469939577902,295,Algorithm 1,3.1583647568711353
1000,4,rademacher,1.5,3.111469939577902,295,BGS25,3.578515444349633
1000,4,rademacher,1.5,3.111469939577902,295,BGN11,3.418971097246234
1000,4,rademacher,1.5,3.111469939577902,296,Algorithm 1,3.222271472673347
1000,4,rademacher,1.5,3.111469939577902,296,BGS25,3.55676450714968
1000,4,rademacher,1.5,3.111469939577902,296,BGN11,3.3968229592693455
1000,4,rademacher,1.5,3.111469939577902,297,Algorithm 1,3.3585239524195827
1000,4,rademacher,1.5,3.111469939577902,297,BGS25,3.597652629743105
1000,4,rademacher,1.5,3.111469939577902,297,BGN11,3.442109168027073
1000,4,rademacher,1.5,3.111469939577902,298,Algorithm 1,3.2458971115761694
1000,4,rademacher,1.5,3.111469939577902,298,BGS25,3.5162286476061606
1000,4,rademacher,1.5,3.111469939577902,298,BGN11,3.3530835784818693
1000,4,rademacher,1.5,3.111469939577902,299,Algorithm 1,2.9399969324435857
1000,4,rademacher,1.5,3.111469939577902,299,BGS25,3.319252530010152
1000,4,rademacher,1.5,3.111469939577902,299,BGN11,3.139682181386065
1000,4,rademacher,1.5,3.111469939577902,300,Algorithm 1,2.9623069750066784
1000,4,rademacher,1.5,3.111469939577902,300,BGS25,3.3985618423654804
1000,4,rademacher,1.5,3.111469939577902,300,BGN11,3.227362558675402
1000,4,rademacher,1.5,3.111469939577902,301,Algorithm 1,3.1034404104271847
1000,4,rademacher,1.5,3.111469939577902,301,BGS25,3.4762883196300614
1000,4,rademacher,1.5,3.111469939577902,301,BGN11,3.306281818899376
1000,4,rademacher,1.5,3.111469939577902,302,Algorithm 1,2.9469597968925414
1000,4,rademacher,1.5,3.111469939577902,302,BGS25,3.3993986859744516
1000,4,rademacher,1.5,3.111469939577902,302,BGN11,3.2263856446949495
1000,4,rademacher,1.5,3.111469939577902,303,Algorithm 1,3.248815370926035
1000,4,rademacher,1.5,3.111469939577902,303,BGS25,3.5109588756585843
1000,4,rademacher,1.5,3.111469939577902,303,BGN11,3.3526367343448933
1000,4,rademacher,1.5,3.111469939577902,304,Algorithm 1,3.199141912033186
1000,4,rademacher,1.5,3.111469939577902,304,BGS25,3.554442947568516
1000,4,rademacher,1.5,3.111469939577902,304,BGN11,3.3976186555696475
1000,4,rademacher,1.5,3.111469939577902,305,Algorithm 1,3.007090459536479
1000,4,rademacher,1.5,3.111469939577902,305,BGS25,3.386306755939973
1000,4,rademacher,1.5,3.111469939577902,305,BGN11,3.211310225585236
1000,4,rademacher,1.5,3.111469939577902,306,Algorithm 1,2.9683653702349044
1000,4,rademacher,1.5,3.111469939577902,306,BGS25,3.4028573706051324
1000,4,rademacher,1.5,3.111469939577902,306,BGN11,3.2371183100279177
1000,4,rademacher,1.5,3.111469939577902,307,Algorithm 1,3.2687408898642483
1000,4,rademacher,1.5,3.111469939577902,307,BGS25,3.5381125245906375
1000,4,rademacher,1.5,3.111469939577902,307,BGN11,3.3758952578220884
1000,4,rademacher,1.5,3.111469939577902,308,Algorithm 1,2.6931955344083693
1000,4,rademacher,1.5,3.111469939577902,308,BGS25,3.3513873136374457
1000,4,rademacher,1.5,3.111469939577902,308,BGN11,3.1741987495361754
1000,4,rademacher,1.5,3.111469939577902,309,Algorithm 1,3.0986666503860705
1000,4,rademacher,1.5,3.111469939577902,309,BGS25,3.5062637902274334
1000,4,rademacher,1.5,3.111469939577902,309,BGN11,3.3375049822792153
1000,4,rademacher,1.5,3.111469939577902,310,Algorithm 1,3.135033604142877
1000,4,rademacher,1.5,3.111469939577902,310,BGS25,3.5739679476963904
1000,4,rademacher,1.5,3.111469939577902,310,BGN11,3.41685307770763
1000,4,rademacher,1.5,3.111469939577902,311,Algorithm 1,3.2081052077260823
1000,4,rademacher,1.5,3.111469939577902,311,BGS25,3.5851031902418784
1000,4,rademacher,1.5,3.111469939577902,311,BGN11,3.425797592081983
1000,4,rademacher,1.5,3.111469939577902,312,Algorithm 1,3.1574723704601326
1000,4,rademacher,1.5,3.111469939577902,312,BGS25,3.465619092959663
1000,4,rademacher,1.5,3.111469939577902,312,BGN11,3.2980382993162243
1000,4,rademacher,1.5,3.111469939577902,313,Algorithm 1,3.2160027981721253
1000,4,rademacher,1.5,3.111469939577902,313,BGS25,3.4540878502213284
1000,4,rademacher,1.5,3.111469939577902,313,BGN11,3.286675552446786
1000,4,rademacher,1.5,3.111469939577902,314,Algorithm 1,3.1672341435146887
1000,4,rademacher,1.5,3.111469939577902,314,BGS25,3.47664624548968
1000,4,rademacher,1.5,3.111469939577902,314,BGN11,3.3130863632207825
1000,4,rademacher,1.5,3.111469939577902,315,Algorithm 1,2.877331884732808
1000,4,rademacher,1.5,3.111469939577902,315,BGS25,3.2864901121194183
1000,4,rademacher,1.5,3.111469939577902,315,BGN11,3.104167588153922
1000,4,rademacher,1.5,3.111469939577902,316,Algorithm 1,3.150267663929097
1000,4,rademacher,1.5,3.111469939577902,316,BGS25,3.506668896051301
1000,4,rademacher,1.5,3.111469939577902,316,BGN11,3.3472834861486924
1000,4,rademacher,1.5,3.111469939577902,317,Algorithm 1,3.1033444610682746
1000,4,rademacher,1.5,3.111469939577902,317,BGS25,3.429727055663937
1000,4,rademacher,1.5,3.111469939577902,317,BGN11,3.2584177133483436
1000,4,rademacher,1.5,3.111469939577902,318,Algorithm 1,3.1413677677514906
1000,4,rademacher,1.5,3.111469939577902,318,BGS25,3.455875775004939
1000,4,rademacher,1.5,3.111469939577902,318,BGN11,3.290819742130826
1000,4,rademacher,1.5,3.111469939577902,319,Algorithm 1,3.117567185395823
1000,4,rademacher,1.5,3.111469939577902,319,BGS25,3.525402986954849
1000,4,rademacher,1.5,3.111469939577902,319,BGN11,3.3600352498521735
1000,4,rademacher,1.5,3.111469939577902,320,Algorithm 1,2.90515819836391
1000,4,rademacher,1.5,3.111469939577902,320,BGS25,3.4374174598192724
1000,4,rademacher,1.5,3.111469939577902,320,BGN11,3.264374082483975
1000,4,rademacher,1.5,3.111469939577902,321,Algorithm 1,3.1609235904797126
1000,4,rademacher,1.5,3.111469939577902,321,BGS25,3.5224309972899754
1000,4,rademacher,1.5,3.111469939577902,321,BGN11,3.361164725400773
1000,4,rademacher,1.5,3.111469939577902,322,Algorithm 1,3.108216988631175
1000,4,rademacher,1.5,3.111469939577902,322,BGS25,3.498554813616558
1000,4,rademacher,1.5,3.111469939577902,322,BGN11,3.331827456544815
1000,4,rademacher,1.5,3.111469939577902,323,Algorithm 1,3.1751293882121097
1000,4,rademacher,1.5,3.111469939577902,323,BGS25,3.4851655189617636
1000,4,rademacher,1.5,3.111469939577902,323,BGN11,3.3205161940332992
1000,4,rademacher,1.5,3.111469939577902,324,Algorithm 1,3.0086283324660252
1000,4,rademacher,1.5,3.111469939577902,324,BGS25,3.336178566004275
1000,4,rademacher,1.5,3.111469939577902,324,BGN11,3.1520221313057206
1000,4,rademacher,1.5,3.111469939577902,325,Algorithm 1,3.090854322500603
1000,4,rademacher,1.5,3.111469939577902,325,BGS25,3.4232712045220586
1000,4,rademacher,1.5,3.111469939577902,325,BGN11,3.24872017342746
1000,4,rademacher,1.5,3.111469939577902,326,Algorithm 1,3.1612721059685907
1000,4,rademacher,1.5,3.111469939577902,326,BGS25,3.513851397827597
1000,4,rademacher,1.5,3.111469939577902,326,BGN11,3.3506367418372736
1000,4,rademacher,1.5,3.111469939577902,327,Algorithm 1,2.964550983244978
1000,4,rademacher,1.5,3.111469939577902,327,BGS25,3.470806439939743
1000,4,rademacher,1.5,3.111469939577902,327,BGN11,3.3058590950704816
1000,4,rademacher,1.5,3.111469939577902,328,Algorithm 1,2.9647629153386164
1000,4,rademacher,1.5,3.111469939577902,328,BGS25,3.362182360745127
1000,4,rademacher,1.5,3.111469939577902,328,BGN11,3.180564774880932
1000,4,rademacher,1.5,3.111469939577902,329,Algorithm 1,3.1150210833040988
1000,4,rademacher,1.5,3.111469939577902,329,BGS25,3.4334659752829926
1000,4,rademacher,1.5,3.111469939577902,329,BGN11,3.263930799504972
1000,4,rademacher,1.5,3.111469939577902,330,Algorithm 1,3.202679252081787
1000,4,rademacher,1.5,3.111469939577902,330,BGS25,3.466996910776296
1000,4,rademacher,1.5,3.111469939577902,330,BGN11,3.2950436505203715
1000,4,rademacher,1.5,3.111469939577902,331,Algorithm 1,3.152161474156631
1000,4,rademacher,1.5,3.111469939577902,331,BGS25,3.4622787907432624
1000,4,rademacher,1.5,3.111469939577902,331,BGN11,3.2960619226764845
1000,4,rademacher,1.5,3.111469939577902,332,Algorithm 1,2.9928413426732647
1000,4,rademacher,1.5,3.111469939577902,332,BGS25,3.414454475444833
1000,4,rademacher,1.5,3.111469939577902,332,BGN11,3.240952109354009
1000,4,rademacher,1.5,3.111469939577902,333,Algorithm 1,3.217426228283634
1000,4,rademacher,1.5,3.111469939577902,333,BGS25,3.5515441714251326
1000,4,rademacher,1.5,3.111469939577902,333,BGN11,3.3956865372700324
1000,4,rademacher,1.5,3.111469939577902,334,Algorithm 1,3.007588174168945
1000,4,rademacher,1.5,3.111469939577902,334,BGS25,3.4206625577914425
1000,4,rademacher,1.5,3.111469939577902,334,BGN11,3.253531786649121
1000,4,rademacher,1.5,3.111469939577902,335,Algorithm 1,3.2012773495566003
1000,4,rademacher,1.5,3.111469939577902,335,BGS25,3.575938070462204
1000,4,rademacher,1.5,3.111469939577902,335,BGN11,3.4180874374056693
1000,4,rademacher,1.5,3.111469939577902,336,Algorithm 1,3.0285589703739006
1000,4,rademacher,1.5,3.111469939577902,336,BGS25,3.396239678528904
1000,4,rademacher,1.5,3.111469939577902,336,BGN11,3.2196429166681764
1000,4,rademacher,1.5,3.111469939577902,337,Algorithm 1,3.0146726001302633
1000,4,rademacher,1.5,3.111469939577902,337,BGS25,3.333231696645952
1000,4,rademacher,1.5,3.111469939577902,337,BGN11,3.1559250693292316
1000,4,rademacher,1.5,3.111469939577902,338,Algorithm 1,3.2120452618443958
1000,4,rademacher,1.5,3.111469939577902,338,BGS25,3.503078905625521
1000,4,rademacher,1.5,3.111469939577902,338,BGN11,3.338051555776166
1000,4,rademacher,1.5,3.111469939577902,339,Algorithm 1,3.1310336421684357
1000,4,rademacher,1.5,3.111469939577902,339,BGS25,3.507674036111302
1000,4,rademacher,1.5,3.111469939577902,339,BGN11,3.3476054638800625
1000,4,rademacher,1.5,3.111469939577902,340,Algorithm 1,3.1590052232877066
1000,4,rademacher,1.5,3.111469939577902,340,BGS25,3.4754572662192293
1000,4,rademacher,1.5,3.111469939577902,340,BGN11,3.305810065680998
1000,4,rademacher,1.5,3.111469939577902,341,Algorithm 1,3.1392771974688065
1000,4,rademacher,1.5,3.111469939577902,341,BGS25,3.4475807318474185
1000,4,rademacher,1.5,3.111469939577902,341,BGN11,3.2749866513139243
1000,4,rademacher,1.5,3.111469939577902,342,Algorithm 1,3.1878577601213554
1000,4,rademacher,1.5,3.111469939577902,342,BGS25,3.5276428588242323
1000,4,rademacher,1.5,3.111469939577902,342,BGN11,3.368592469761437
1000,4,rademacher,1.5,3.111469939577902,343,Algorithm 1,3.232381178835072
1000,4,rademacher,1.5,3.111469939577902,343,BGS25,3.572891341814832
1000,4,rademacher,1.5,3.111469939577902,343,BGN11,3.4202041356469874
1000,4,rademacher,1.5,3.111469939577902,344,Algorithm 1,2.922278849155772
1000,4,rademacher,1.5,3.111469939577902,344,BGS25,3.3401097414084746
1000,4,rademacher,1.5,3.111469939577902,344,BGN11,3.158782337658651
1000,4,rademacher,1.5,3.111469939577902,345,Algorithm 1,3.2367077744864674
1000,4,rademacher,1.5,3.111469939577902,345,BGS25,3.5401103395117257
1000,4,rademacher,1.5,3.111469939577902,345,BGN11,3.379314694380174
1000,4,rademacher,1.5,3.111469939577902,346,Algorithm 1,3.189278059651306
1000,4,rademacher,1.5,3.111469939577902,346,BGS25,3.504487354898238
1000,4,rademacher,1.5,3.111469939577902,346,BGN11,3.3429017799866707
1000,4,rademacher,1.5,3.111469939577902,347,Algorithm 1,3.0586423908858977
1000,4,rademacher,1.5,3.111469939577902,347,BGS25,3.4875827059787543
1000,4,rademacher,1.5,3.111469939577902,347,BGN11,3.3256044905907745
1000,4,rademacher,1.5,3.111469939577902,348,Algorithm 1,3.1673939192719356
1000,4,rademacher,1.5,3.111469939577902,348,BGS25,3.429382988104903
1000,4,rademacher,1.5,3.111469939577902,348,BGN11,3.2529662479515036
1000,4,rademacher,1.5,3.111469939577902,349,Algorithm 1,2.9750852070006353
1000,4,rademacher,1.5,3.111469939577902,349,BGS25,3.3527435152566856
1000,4,rademacher,1.5,3.111469939577902,349,BGN11,3.1768995208935173
1000,4,rademacher,1.5,3.111469939577902,350,Algorithm 1,3.1016716636300377
1000,4,rademacher,1.5,3.111469939577902,350,BGS25,3.401805865868594
1000,4,rademacher,1.5,3.111469939577902,350,BGN11,3.2304615425019505
1000,4,rademacher,1.5,3.111469939577902,351,Algorithm 1,3.1988418071649414
1000,4,rademacher,1.5,3.111469939577902,351,BGS25,3.499348866112882
1000,4,rademacher,1.5,3.111469939577902,351,BGN11,3.336124832019632
1000,4,rademacher,1.5,3.111469939577902,352,Algorithm 1,2.958412236076491
1000,4,rademacher,1.5,3.111469939577902,352,BGS25,3.3416124047086977
1000,4,rademacher,1.5,3.111469939577902,352,BGN11,3.1609871889484644
1000,4,rademacher,1.5,3.111469939577902,353,Algorithm 1,3.1483030621304042
1000,4,rademacher,1.5,3.111469939577902,353,BGS25,3.408902796738228
1000,4,rademacher,1.5,3.111469939577902,353,BGN11,3.235927683160512
1000,4,rademacher,1.5,3.111469939577902,354,Algorithm 1,3.2991968156175053
1000,4,rademacher,1.5,3.111469939577902,354,BGS25,3.619315647393127
1000,4,rademacher,1.5,3.111469939577902,354,BGN11,3.4652821094773074
1000,4,rademacher,1.5,3.111469939577902,355,Algorithm 1,3.169795830058329
1000,4,rademacher,1.5,3.111469939577902,355,BGS25,3.5381871000480127
1000,4,rademacher,1.5,3.111469939577902,355,BGN11,3.3718552894248104
1000,4,rademacher,1.5,3.111469939577902,356,Algorithm 1,3.158111248813282
1000,4,rademacher,1.5,3.111469939577902,356,BGS25,3.4958020739838576
1000,4,rademacher,1.5,3.111469939577902,356,BGN11,3.3341549484947395
1000,4,rademacher,1.5,3.111469939577902,357,Algorithm 1,2.9955646090058448
1000,4,rademacher,1.5,3.111469939577902,357,BGS25,3.435221465710914
1000,4,rademacher,1.5,3.111469939577902,357,BGN11,3.263390141613
1000,4,rademacher,1.5,3.111469939577902,358,Algorithm 1,3.0348462600232318
1000,4,rademacher,1.5,3.111469939577902,358,BGS25,3.426000410690847
1000,4,rademacher,1.5,3.111469939577902,358,BGN11,3.2541304377771523
1000,4,rademacher,1.5,3.111469939577902,359,Algorithm 1,3.1768700890718478
1000,4,rademacher,1.5,3.111469939577902,359,BGS25,3.4627191843766076
1000,4,rademacher,1.5,3.111469939577902,359,BGN11,3.2955509237307554
1000,4,rademacher,1.5,3.111469939577902,360,Algorithm 1,3.27812615321814
1000,4,rademacher,1.5,3.111469939577902,360,BGS25,3.575911472530815
1000,4,rademacher,1.5,3.111469939577902,360,BGN11,3.4184936157839294
1000,4,rademacher,1.5,3.111469939577902,361,Algorithm 1,2.9315584760445996
1000,4,rademacher,1.5,3.111469939577902,361,BGS25,3.4028117869862347
1000,4,rademacher,1.5,3.111469939577902,361,BGN11,3.2285408977968277
1000,4,rademacher,1.5,3.111469939577902,362,Algorithm 1,3.0022465838944394
1000,4,rademacher,1.5,3.111469939577902,362,BGS25,3.3329962619897646
1000,4,rademacher,1.5,3.111469939577902,362,BGN11,3.148281435070711
1000,4,rademacher,1.5,3.111469939577902,363,Algorithm 1,3.1923716069411876
1000,4,rademacher,1.5,3.111469939577902,363,BGS25,3.512985581098722
1000,4,rademacher,1.5,3.111469939577902,363,BGN11,3.358198788862214
1000,4,rademacher,1.5,3.111469939577902,364,Algorithm 1,3.1907791859530206
1000,4,rademacher,1.5,3.111469939577902,364,BGS25,3.541431948114287
1000,4,rademacher,1.5,3.111469939577902,364,BGN11,3.3829244088126464
1000,4,rademacher,1.5,3.111469939577902,365,Algorithm 1,3.0907672775526476
1000,4,rademacher,1.5,3.111469939577902,365,BGS25,3.4571546818187056
1000,4,rademacher,1.5,3.111469939577902,365,BGN11,3.286582507674953
1000,4,rademacher,1.5,3.111469939577902,366,Algorithm 1,3.065103113949678
1000,4,rademacher,1.5,3.111469939577902,366,BGS25,3.3522672461856953
1000,4,rademacher,1.5,3.111469939577902,366,BGN11,3.1703918039795345
1000,4,rademacher,1.5,3.111469939577902,367,Algorithm 1,3.2183193891377675
1000,4,rademacher,1.5,3.111469939577902,367,BGS25,3.5452876777171314
1000,4,rademacher,1.5,3.111469939577902,367,BGN11,3.3860030297787413
1000,4,rademacher,1.5,3.111469939577902,368,Algorithm 1,3.0280279415395803
1000,4,rademacher,1.5,3.111469939577902,368,BGS25,3.4011013633233445
1000,4,rademacher,1.5,3.111469939577902,368,BGN11,3.2238428542909943
1000,4,rademacher,1.5,3.111469939577902,369,Algorithm 1,3.072412399049825
1000,4,rademacher,1.5,3.111469939577902,369,BGS25,3.449067777230236
1000,4,rademacher,1.5,3.111469939577902,369,BGN11,3.2807279188837595
1000,4,rademacher,1.5,3.111469939577902,370,Algorithm 1,3.011292239820302
1000,4,rademacher,1.5,3.111469939577902,370,BGS25,3.414668647764449
1000,4,rademacher,1.5,3.111469939577902,370,BGN11,3.240218727842059
1000,4,rademacher,1.5,3.111469939577902,371,Algorithm 1,3.13631988215297
1000,4,rademacher,1.5,3.111469939577902,371,BGS25,3.524987425305543
1000,4,rademacher,1.5,3.111469939577902,371,BGN11,3.362309399288918
1000,4,rademacher,1.5,3.111469939577902,372,Algorithm 1,3.0849076306572116
1000,4,rademacher,1.5,3.111469939577902,372,BGS25,3.5148248387421095
1000,4,rademacher,1.5,3.111469939577902,372,BGN11,3.348522339381689
1000,4,rademacher,1.5,3.111469939577902,373,Algorithm 1,3.2184462842906627
1000,4,rademacher,1.5,3.111469939577902,373,BGS25,3.5249507935099866
1000,4,rademacher,1.5,3.111469939577902,373,BGN11,3.3626552431151375
1000,4,rademacher,1.5,3.111469939577902,374,Algorithm 1,2.9715676631687704
1000,4,rademacher,1.5,3.111469939577902,374,BGS25,3.39400722129911
1000,4,rademacher,1.5,3.111469939577902,374,BGN11,3.2172955150199507
1000,4,rademacher,1.5,3.111469939577902,375,Algorithm 1,3.2395101290545516
1000,4,rademacher,1.5,3.111469939577902,375,BGS25,3.5242902035119577
1000,4,rademacher,1.5,3.111469939577902,375,BGN11,3.3597403583623655
1000,4,rademacher,1.5,3.111469939577902,376,Algorithm 1,3.1359040405540597
1000,4,rademacher,1.5,3.111469939577902,376,BGS25,3.4876591346461265
1000,4,rademacher,1.5,3.111469939577902,376,BGN11,3.3195956645611266
1000,4,rademacher,1.5,3.111469939577902,377,Algorithm 1,3.265376497782003
1000,4,rademacher,1.5,3.111469939577902,377,BGS25,3.589842734945565
1000,4,rademacher,1.5,3.111469939577902,377,BGN11,3.433783620657035
1000,4,rademacher,1.5,3.111469939577902,378,Algorithm 1,2.997599508809629
1000,4,rademacher,1.5,3.111469939577902,378,BGS25,3.462632865642046
1000,4,rademacher,1.5,3.111469939577902,378,BGN11,3.2978287728047717
1000,4,rademacher,1.5,3.111469939577902,379,Algorithm 1,3.2191207701782214
1000,4,rademacher,1.5,3.111469939577902,379,BGS25,3.5128754190702285
1000,4,rademacher,1.5,3.111469939577902,379,BGN11,3.3504760700659286
1000,4,rademacher,1.5,3.111469939577902,380,Algorithm 1,2.9885248289200033
1000,4,rademacher,1.5,3.111469939577902,380,BGS25,3.3505278773830485
1000,4,rademacher,1.5,3.111469939577902,380,BGN11,3.166103354615046
1000,4,rademacher,1.5,3.111469939577902,381,Algorithm 1,2.948051947358215
1000,4,rademacher,1.5,3.111469939577902,381,BGS25,3.346534028400149
1000,4,rademacher,1.5,3.111469939577902,381,BGN11,3.1708302539849442
1000,4,rademacher,1.5,3.111469939577902,382,Algorithm 1,2.885663862553698
1000,4,rademacher,1.5,3.111469939577902,382,BGS25,3.3606634881861894
1000,4,rademacher,1.5,3.111469939577902,382,BGN11,3.18223604689246
1000,4,rademacher,1.5,3.111469939577902,383,Algorithm 1,3.170809235149503
1000,4,rademacher,1.5,3.111469939577902,383,BGS25,3.480097036516166
1000,4,rademacher,1.5,3.111469939577902,383,BGN11,3.3174214761737004
1000,4,rademacher,1.5,3.111469939577902,384,Algorithm 1,3.1067657226990217
1000,4,rademacher,1.5,3.111469939577902,384,BGS25,3.524385689059089
1000,4,rademacher,1.5,3.111469939577902,384,BGN11,3.365129193406865
1000,4,rademacher,1.5,3.111469939577902,385,Algorithm 1,3.1452547300795493
1000,4,rademacher,1.5,3.111469939577902,385,BGS25,3.4506895985942667
1000,4,rademacher,1.5,3.111469939577902,385,BGN11,3.2787773632920545
1000,4,rademacher,1.5,3.111469939577902,386,Algorithm 1,3.124678352503934
1000,4,rademacher,1.5,3.111469939577902,386,BGS25,3.391757865288919
1000,4,rademacher,1.5,3.111469939577902,386,BGN11,3.2187295632781434
1000,4,rademacher,1.5,3.111469939577902,387,Algorithm 1,3.2169915554086437
1000,4,rademacher,1.5,3.111469939577902,387,BGS25,3.572264532890827
1000,4,rademacher,1.5,3.111469939577902,387,BGN11,3.418772011577874
1000,4,rademacher,1.5,3.111469939577902,388,Algorithm 1,3.007006134363012
1000,4,rademacher,1.5,3.111469939577902,388,BGS25,3.3957768639048624
1000,4,rademacher,1.5,3.111469939577902,388,BGN11,3.224500657278739
1000,4,rademacher,1.5,3.111469939577902,389,Algorithm 1,3.230600138681415
1000,4,rademacher,1.5,3.111469939577902,389,BGS25,3.5407255338094314
1000,4,rademacher,1.5,3.111469939577902,389,BGN11,3.3774375478363976
1000,4,rademacher,1.5,3.111469939577902,390,Algorithm 1,3.084550855842531
1000,4,rademacher,1.5,3.111469939577902,390,BGS25,3.450014583455183
1000,4,rademacher,1.5,3.111469939577902,390,BGN11,3.2864598760115515
1000,4,rademacher,1.5,3.111469939577902,391,Algorithm 1,2.9914334996059426
1000,4,rademacher,1.5,3.111469939577902,391,BGS25,3.281391718211992
1000,4,rademacher,1.5,3.111469939577902,391,BGN11,3.095909416944245
1000,4,rademacher,1.5,3.111469939577902,392,Algorithm 1,2.871662140308536
1000,4,rademacher,1.5,3.111469939577902,392,BGS25,3.3285902550808277
1000,4,rademacher,1.5,3.111469939577902,392,BGN11,3.1471889962436146
1000,4,rademacher,1.5,3.111469939577902,393,Algorithm 1,3.2426604290554795
1000,4,rademacher,1.5,3.111469939577902,393,BGS25,3.542404219201444
1000,4,rademacher,1.5,3.111469939577902,393,BGN11,3.3838874944674022
1000,4,rademacher,1.5,3.111469939577902,394,Algorithm 1,2.9505003460448083
1000,4,rademacher,1.5,3.111469939577902,394,BGS25,3.407531087688146
1000,4,rademacher,1.5,3.111469939577902,394,BGN11,3.2351156219338164
1000,4,rademacher,1.5,3.111469939577902,395,Algorithm 1,3.3002464909914973
1000,4,rademacher,1.5,3.111469939577902,395,BGS25,3.578985178571601
1000,4,rademacher,1.5,3.111469939577902,395,BGN11,3.422122055741324
1000,4,rademacher,1.5,3.111469939577902,396,Algorithm 1,3.1589477548841587
1000,4,rademacher,1.5,3.111469939577902,396,BGS25,3.566829082009909
1000,4,rademacher,1.5,3.111469939577902,396,BGN11,3.407217232079998
1000,4,rademacher,1.5,3.111469939577902,397,Algorithm 1,3.1606864506208048
1000,4,rademacher,1.5,3.111469939577902,397,BGS25,3.4117048096765776
1000,4,rademacher,1.5,3.111469939577902,397,BGN11,3.2377265958343457
1000,4,rademacher,1.5,3.111469939577902,398,Algorithm 1,3.068604963724722
1000,4,rademacher,1.5,3.111469939577902,398,BGS25,3.457269843192193
1000,4,rademacher,1.5,3.111469939577902,398,BGN11,3.288506632771089
1000,4,rademacher,1.5,3.111469939577902,399,Algorithm 1,3.055427306331688
1000,4,rademacher,1.5,3.111469939577902,399,BGS25,3.4763126742867216
1000,4,rademacher,1.5,3.111469939577902,399,BGN11,3.31479373007139
1000,4,rademacher,1.5,3.111469939577902,400,Algorithm 1,2.9015668926512266
1000,4,rademacher,1.5,3.111469939577902,400,BGS25,3.3155384176484186
1000,4,rademacher,1.5,3.111469939577902,400,BGN11,3.128711315469866
1000,4,rademacher,1.5,3.111469939577902,401,Algorithm 1,3.1470305286394256
1000,4,rademacher,1.5,3.111469939577902,401,BGS25,3.475668764125098
1000,4,rademacher,1.5,3.111469939577902,401,BGN11,3.310174062900624
1000,4,rademacher,1.5,3.111469939577902,402,Algorithm 1,2.9818998486680384
1000,4,rademacher,1.5,3.111469939577902,402,BGS25,3.3564758101450165
1000,4,rademacher,1.5,3.111469939577902,402,BGN11,3.175047947416252
1000,4,rademacher,1.5,3.111469939577902,403,Algorithm 1,3.0987007455387388
1000,4,rademacher,1.5,3.111469939577902,403,BGS25,3.5333628582941974
1000,4,rademacher,1.5,3.111469939577902,403,BGN11,3.3772155617547543
1000,4,rademacher,1.5,3.111469939577902,404,Algorithm 1,2.9008505345548357
1000,4,rademacher,1.5,3.111469939577902,404,BGS25,3.4457362330076178
1000,4,rademacher,1.5,3.111469939577902,404,BGN11,3.2764960893056023
1000,4,rademacher,1.5,3.111469939577902,405,Algorithm 1,3.1327020844433884
1000,4,rademacher,1.5,3.111469939577902,405,BGS25,3.5323578919048604
1000,4,rademacher,1.5,3.111469939577902,405,BGN11,3.3714697598855943
1000,4,rademacher,1.5,3.111469939577902,406,Algorithm 1,3.0747941260174505
1000,4,rademacher,1.5,3.111469939577902,406,BGS25,3.4324275121632075
1000,4,rademacher,1.5,3.111469939577902,406,BGN11,3.262696201953068
1000,4,rademacher,1.5,3.111469939577902,407,Algorithm 1,3.130035090650767
1000,4,rademacher,1.5,3.111469939577902,407,BGS25,3.476760289361708
1000,4,rademacher,1.5,3.111469939577902,407,BGN11,3.3130454460951486
1000,4,rademacher,1.5,3.111469939577902,408,Algorithm 1,3.015543796783112
1000,4,rademacher,1.5,3.111469939577902,408,BGS25,3.4509293215083146
1000,4,rademacher,1.5,3.111469939577902,408,BGN11,3.2840620763617197
1000,4,rademacher,1.5,3.111469939577902,409,Algorithm 1,3.1228767333035337
1000,4,rademacher,1.5,3.111469939577902,409,BGS25,3.470309403532029
1000,4,rademacher,1.5,3.111469939577902,409,BGN11,3.3083842038392013
1000,4,rademacher,1.5,3.111469939577902,410,Algorithm 1,3.2235651457368903
1000,4,rademacher,1.5,3.111469939577902,410,BGS25,3.5718021060711997
1000,4,rademacher,1.5,3.111469939577902,410,BGN11,3.4170013714791665
1000,4,rademacher,1.5,3.111469939577902,411,Algorithm 1,3.309471005304904
1000,4,rademacher,1.5,3.111469939577902,411,BGS25,3.6055206318822464
1000,4,rademacher,1.5,3.111469939577902,411,BGN11,3.452237451342093
1000,4,rademacher,1.5,3.111469939577902,412,Algorithm 1,3.1341706584013345
1000,4,rademacher,1.5,3.111469939577902,412,BGS25,3.478551729875888
1000,4,rademacher,1.5,3.111469939577902,412,BGN11,3.319704522493939
1000,4,rademacher,1.5,3.111469939577902,413,Algorithm 1,3.008077711404005
1000,4,rademacher,1.5,3.111469939577902,413,BGS25,3.445732291089131
1000,4,rademacher,1.5,3.111469939577902,413,BGN11,3.279579112408226
1000,4,rademacher,1.5,3.111469939577902,414,Algorithm 1,3.0176246681345895
1000,4,rademacher,1.5,3.111469939577902,414,BGS25,3.447779114449582
1000,4,rademacher,1.5,3.111469939577902,414,BGN11,3.2829710793440006
1000,4,rademacher,1.5,3.111469939577902,415,Algorithm 1,2.9905136531877
1000,4,rademacher,1.5,3.111469939577902,415,BGS25,3.506684737784604
1000,4,rademacher,1.5,3.111469939577902,415,BGN11,3.3385704734377017
1000,4,rademacher,1.5,3.111469939577902,416,Algorithm 1,3.0512129521787665
1000,4,rademacher,1.5,3.111469939577902,416,BGS25,3.3927221889957715
1000,4,rademacher,1.5,3.111469939577902,416,BGN11,3.21871270689404
1000,4,rademacher,1.5,3.111469939577902,417,Algorithm 1,3.082461063312993
1000,4,rademacher,1.5,3.111469939577902,417,BGS25,3.4128892329004468
1000,4,rademacher,1.5,3.111469939577902,417,BGN11,3.2463762983813993
1000,4,rademacher,1.5,3.111469939577902,418,Algorithm 1,2.998273940116619
1000,4,rademacher,1.5,3.111469939577902,418,BGS25,3.4348963817904474
1000,4,rademacher,1.5,3.111469939577902,418,BGN11,3.2643756905112875
1000,4,rademacher,1.5,3.111469939577902,419,Algorithm 1,3.255851679642298
1000,4,rademacher,1.5,3.111469939577902,419,BGS25,3.5476819331372553
1000,4,rademacher,1.5,3.111469939577902,419,BGN11,3.388322620467477
1000,4,rademacher,1.5,3.111469939577902,420,Algorithm 1,3.0484482513804885
1000,4,rademacher,1.5,3.111469939577902,420,BGS25,3.3492866905484036
1000,4,rademacher,1.5,3.111469939577902,420,BGN11,3.1651137064872663
1000,4,rademacher,1.5,3.111469939577902,421,Algorithm 1,3.0836684187509467
1000,4,rademacher,1.5,3.111469939577902,421,BGS25,3.4046789277716067
1000,4,rademacher,1.5,3.111469939577902,421,BGN11,3.236572600714098
1000,4,rademacher,1.5,3.111469939577902,422,Algorithm 1,3.2231199342013763
1000,4,rademacher,1.5,3.111469939577902,422,BGS25,3.496006409453085
1000,4,rademacher,1.5,3.111469939577902,422,BGN11,3.3389481553561624
1000,4,rademacher,1.5,3.111469939577902,423,Algorithm 1,3.0716899952834864
1000,4,rademacher,1.5,3.111469939577902,423,BGS25,3.3799888714351383
1000,4,rademacher,1.5,3.111469939577902,423,BGN11,3.206503544651164
1000,4,rademacher,1.5,3.111469939577902,424,Algorithm 1,2.992428038321785
1000,4,rademacher,1.5,3.111469939577902,424,BGS25,3.476381707093176
1000,4,rademacher,1.5,3.111469939577902,424,BGN11,3.3087633459303563
1000,4,rademacher,1.5,3.111469939577902,425,Algorithm 1,3.0371942313469282
1000,4,rademacher,1.5,3.111469939577902,425,BGS25,3.440718850513794
1000,4,rademacher,1.5,3.111469939577902,425,BGN11,3.271581551235534
1000,4,rademacher,1.5,3.111469939577902,426,Algorithm 1,3.0902748478448547
1000,4,rademacher,1.5,3.111469939577902,426,BGS25,3.5098017234388434
1000,4,rademacher,1.5,3.111469939577902,426,BGN11,3.3447564686620996
1000,4,rademacher,1.5,3.111469939577902,427,Algorithm 1,3.240707255584861
1000,4,rademacher,1.5,3.111469939577902,427,BGS25,3.5667222914646435
1000,4,rademacher,1.5,3.111469939577902,427,BGN11,3.4030777643678993
1000,4,rademacher,1.5,3.111469939577902,428,Algorithm 1,2.9589376563623087
1000,4,rademacher,1.5,3.111469939577902,428,BGS25,3.348085703959495
1000,4,rademacher,1.5,3.111469939577902,428,BGN11,3.1617784736990195
1000,4,rademacher,1.5,3.111469939577902,429,Algorithm 1,3.025274767503918
1000,4,rademacher,1.5,3.111469939577902,429,BGS25,3.4022939204436042
1000,4,rademacher,1.5,3.111469939577902,429,BGN11,3.2284458392700888
1000,4,rademacher,1.5,3.111469939577902,430,Algorithm 1,3.124307285772862
1000,4,rademacher,1.5,3.111469939577902,430,BGS25,3.434696467418025
1000,4,rademacher,1.5,3.111469939577902,430,BGN11,3.2649975402338622
1000,4,rademacher,1.5,3.111469939577902,431,Algorithm 1,2.9498823174091946
1000,4,rademacher,1.5,3.111469939577902,431,BGS25,3.342640200167526
1000,4,rademacher,1.5,3.111469939577902,431,BGN11,3.1658353269949338
1000,4,rademacher,1.5,3.111469939577902,432,Algorithm 1,3.2279556016101014
1000,4,rademacher,1.5,3.111469939577902,432,BGS25,3.530317648158192
1000,4,rademacher,1.5,3.111469939577902,432,BGN11,3.3655409407383385
1000,4,rademacher,1.5,3.111469939577902,433,Algorithm 1,3.2063730229078073
1000,4,rademacher,1.5,3.111469939577902,433,BGS25,3.5510540400155852
1000,4,rademacher,1.5,3.111469939577902,433,BGN11,3.387553425849828
1000,4,rademacher,1.5,3.111469939577902,434,Algorithm 1,3.178583241618449
1000,4,rademacher,1.5,3.111469939577902,434,BGS25,3.507437588675617
1000,4,rademacher,1.5,3.111469939577902,434,BGN11,3.3391684764357863
1000,4,rademacher,1.5,3.111469939577902,435,Algorithm 1,3.1139025698603104
1000,4,rademacher,1.5,3.111469939577902,435,BGS25,3.406716423749516
1000,4,rademacher,1.5,3.111469939577902,435,BGN11,3.234773414519805
1000,4,rademacher,1.5,3.111469939577902,436,Algorithm 1,3.1536162027889207
1000,4,rademacher,1.5,3.111469939577902,436,BGS25,3.5628679943140913
1000,4,rademacher,1.5,3.111469939577902,436,BGN11,3.406691696905101
1000,4,rademacher,1.5,3.111469939577902,437,Algorithm 1,3.2639924283068886
1000,4,rademacher,1.5,3.111469939577902,437,BGS25,3.6019686665707527
1000,4,rademacher,1.5,3.111469939577902,437,BGN11,3.4503973421422383
1000,4,rademacher,1.5,3.111469939577902,438,Algorithm 1,2.991838202153849
1000,4,rademacher,1.5,3.111469939577902,438,BGS25,3.4462485960265616
1000,4,rademacher,1.5,3.111469939577902,438,BGN11,3.274131177790883
1000,4,rademacher,1.5,3.111469939577902,439,Algorithm 1,3.0965668851731536
1000,4,rademacher,1.5,3.111469939577902,439,BGS25,3.47597341352369
1000,4,rademacher,1.5,3.111469939577902,439,BGN11,3.3095395163708163
1000,4,rademacher,1.5,3.111469939577902,440,Algorithm 1,3.1849072436564985
1000,4,rademacher,1.5,3.111469939577902,440,BGS25,3.49371967667492
1000,4,rademacher,1.5,3.111469939577902,440,BGN11,3.333494960695814
1000,4,rademacher,1.5,3.111469939577902,441,Algorithm 1,2.98262824794642
1000,4,rademacher,1.5,3.111469939577902,441,BGS25,3.3475975099156097
1000,4,rademacher,1.5,3.111469939577902,441,BGN11,3.1713277248714777
1000,4,rademacher,1.5,3.111469939577902,442,Algorithm 1,3.172821242735134
1000,4,rademacher,1.5,3.111469939577902,442,BGS25,3.492273324071979
1000,4,rademacher,1.5,3.111469939577902,442,BGN11,3.3309534026002705
1000,4,rademacher,1.5,3.111469939577902,443,Algorithm 1,3.0496106538123393
1000,4,rademacher,1.5,3.111469939577902,443,BGS25,3.399110539381387
1000,4,rademacher,1.5,3.111469939577902,443,BGN11,3.2298677866052294
1000,4,rademacher,1.5,3.111469939577902,444,Algorithm 1,3.223049780286472
1000,4,rademacher,1.5,3.111469939577902,444,BGS25,3.5393698370334183
1000,4,rademacher,1.5,3.111469939577902,444,BGN11,3.38103615432034
1000,4,rademacher,1.5,3.111469939577902,445,Algorithm 1,3.2741858371977797
1000,4,rademacher,1.5,3.111469939577902,445,BGS25,3.57214378457445
1000,4,rademacher,1.5,3.111469939577902,445,BGN11,3.4172995027910393
1000,4,rademacher,1.5,3.111469939577902,446,Algorithm 1,2.9788732087014878
1000,4,rademacher,1.5,3.111469939577902,446,BGS25,3.3922449159350587
1000,4,rademacher,1.5,3.111469939577902,446,BGN11,3.216203128507398
1000,4,rademacher,1.5,3.111469939577902,447,Algorithm 1,3.0107030620632056
1000,4,rademacher,1.5,3.111469939577902,447,BGS25,3.358834904644988
1000,4,rademacher,1.5,3.111469939577902,447,BGN11,3.1841702321080634
1000,4,rademacher,1.5,3.111469939577902,448,Algorithm 1,2.9654233390011084
1000,4,rademacher,1.5,3.111469939577902,448,BGS25,3.4181860682737257
1000,4,rademacher,1.5,3.111469939577902,448,BGN11,3.2417428063120015
1000,4,rademacher,1.5,3.111469939577902,449,Algorithm 1,2.8746257009496965
1000,4,rademacher,1.5,3.111469939577902,449,BGS25,3.3697715178055754
1000,4,rademacher,1.5,3.111469939577902,449,BGN11,3.193336676422932
1000,4,rademacher,1.5,3.111469939577902,450,Algorithm 1,3.108671191895537
1000,4,rademacher,1.5,3.111469939577902,450,BGS25,3.4286098068205746
1000,4,rademacher,1.5,3.111469939577902,450,BGN11,3.2598863749369342
1000,4,rademacher,1.5,3.111469939577902,451,Algorithm 1,3.0035621232703695
1000,4,rademacher,1.5,3.111469939577902,451,BGS25,3.3980796468067105
1000,4,rademacher,1.5,3.111469939577902,451,BGN11,3.224544226558653
1000,4,rademacher,1.5,3.111469939577902,452,Algorithm 1,3.301036194225334
1000,4,rademacher,1.5,3.111469939577902,452,BGS25,3.605236120094335
1000,4,rademacher,1.5,3.111469939577902,452,BGN11,3.447907306858613
1000,4,rademacher,1.5,3.111469939577902,453,Algorithm 1,3.1225467375392393
1000,4,rademacher,1.5,3.111469939577902,453,BGS25,3.411929054608503
1000,4,rademacher,1.5,3.111469939577902,453,BGN11,3.238418864453614
1000,4,rademacher,1.5,3.111469939577902,454,Algorithm 1,3.0327883072950272
1000,4,rademacher,1.5,3.111469939577902,454,BGS25,3.4139533276383456
1000,4,rademacher,1.5,3.111469939577902,454,BGN11,3.247149261971716
1000,4,rademacher,1.5,3.111469939577902,455,Algorithm 1,3.182901981507043
1000,4,rademacher,1.5,3.111469939577902,455,BGS25,3.5314423872991867
1000,4,rademacher,1.5,3.111469939577902,455,BGN11,3.367882507665855
1000,4,rademacher,1.5,3.111469939577902,456,Algorithm 1,3.1215876089859704
1000,4,rademacher,1.5,3.111469939577902,456,BGS25,3.465549986106508
1000,4,rademacher,1.5,3.111469939577902,456,BGN11,3.2998139996251274
1000,4,rademacher,1.5,3.111469939577902,457,Algorithm 1,2.8992894903142736
1000,4,rademacher,1.5,3.111469939577902,457,BGS25,3.324597080027222
1000,4,rademacher,1.5,3.111469939577902,457,BGN11,3.1381290384631466
1000,4,rademacher,1.5,3.111469939577902,458,Algorithm 1,2.8161026925928203
1000,4,rademacher,1.5,3.111469939577902,458,BGS25,3.318396215489221
1000,4,rademacher,1.5,3.111469939577902,458,BGN11,3.136026927040681
1000,4,rademacher,1.5,3.111469939577902,459,Algorithm 1,3.148944315472661
1000,4,rademacher,1.5,3.111469939577902,459,BGS25,3.456452261081101
1000,4,rademacher,1.5,3.111469939577902,459,BGN11,3.292054511086841
1000,4,rademacher,1.5,3.111469939577902,460,Algorithm 1,2.9423403985985472
1000,4,rademacher,1.5,3.111469939577902,460,BGS25,3.3484073766480567
1000,4,rademacher,1.5,3.111469939577902,460,BGN11,3.1694389810072447
1000,4,rademacher,1.5,3.111469939577902,461,Algorithm 1,3.02001860232549
1000,4,rademacher,1.5,3.111469939577902,461,BGS25,3.389988528625363
1000,4,rademacher,1.5,3.111469939577902,461,BGN11,3.219924398927141
1000,4,rademacher,1.5,3.111469939577902,462,Algorithm 1,2.859644044659927
1000,4,rademacher,1.5,3.111469939577902,462,BGS25,3.3938913904890944
1000,4,rademacher,1.5,3.111469939577902,462,BGN11,3.2221465768948585
1000,4,rademacher,1.5,3.111469939577902,463,Algorithm 1,3.1201988309028237
1000,4,rademacher,1.5,3.111469939577902,463,BGS25,3.3713056844558276
1000,4,rademacher,1.5,3.111469939577902,463,BGN11,3.189412442552915
1000,4,rademacher,1.5,3.111469939577902,464,Algorithm 1,3.0528813466246283
1000,4,rademacher,1.5,3.111469939577902,464,BGS25,3.3596833527528505
1000,4,rademacher,1.5,3.111469939577902,464,BGN11,3.1819816657148823
1000,4,rademacher,1.5,3.111469939577902,465,Algorithm 1,3.016422590788077
1000,4,rademacher,1.5,3.111469939577902,465,BGS25,3.374468544872636
1000,4,rademacher,1.5,3.111469939577902,465,BGN11,3.195280997416734
1000,4,rademacher,1.5,3.111469939577902,466,Algorithm 1,3.1834912194154676
1000,4,rademacher,1.5,3.111469939577902,466,BGS25,3.5146910432838254
1000,4,rademacher,1.5,3.111469939577902,466,BGN11,3.353636404244468
1000,4,rademacher,1.5,3.111469939577902,467,Algorithm 1,3.0555269135190786
1000,4,rademacher,1.5,3.111469939577902,467,BGS25,3.4739083687234453
1000,4,rademacher,1.5,3.111469939577902,467,BGN11,3.3070964440980193
1000,4,rademacher,1.5,3.111469939577902,468,Algorithm 1,3.0075267116510025
1000,4,rademacher,1.5,3.111469939577902,468,BGS25,3.4288606323998927
1000,4,rademacher,1.5,3.111469939577902,468,BGN11,3.260531359466955
1000,4,rademacher,1.5,3.111469939577902,469,Algorithm 1,2.8674233753133613
1000,4,rademacher,1.5,3.111469939577902,469,BGS25,3.309892131795338
1000,4,rademacher,1.5,3.111469939577902,469,BGN11,3.1249777477804153
1000,4,rademacher,1.5,3.111469939577902,470,Algorithm 1,3.1993151825445034
1000,4,rademacher,1.5,3.111469939577902,470,BGS25,3.500082841571605
1000,4,rademacher,1.5,3.111469939577902,470,BGN11,3.3339807834148765
1000,4,rademacher,1.5,3.111469939577902,471,Algorithm 1,3.0789879544193974
1000,4,rademacher,1.5,3.111469939577902,471,BGS25,3.484811983865323
1000,4,rademacher,1.5,3.111469939577902,471,BGN11,3.3210999077551824
1000,4,rademacher,1.5,3.111469939577902,472,Algorithm 1,2.8305681067262185
1000,4,rademacher,1.5,3.111469939577902,472,BGS25,3.3580710460417564
1000,4,rademacher,1.5,3.111469939577902,472,BGN11,3.182881441412178
1000,4,rademacher,1.5,3.111469939577902,473,Algorithm 1,3.0687905871909993
1000,4,rademacher,1.5,3.111469939577902,473,BGS25,3.4818048688636467
1000,4,rademacher,1.5,3.111469939577902,473,BGN11,3.313858729589947
1000,4,rademacher,1.5,3.111469939577902,474,Algorithm 1,3.0101795687110156
1000,4,rademacher,1.5,3.111469939577902,474,BGS25,3.4667286773445287
1000,4,rademacher,1.5,3.111469939577902,474,BGN11,3.2982932277170183
1000,4,rademacher,1.5,3.111469939577902,475,Algorithm 1,3.2188866261965754
1000,4,rademacher,1.5,3.111469939577902,475,BGS25,3.454379406577647
1000,4,rademacher,1.5,3.111469939577902,475,BGN11,3.288980099132909
1000,4,rademacher,1.5,3.111469939577902,476,Algorithm 1,3.046771121266958
1000,4,rademacher,1.5,3.111469939577902,476,BGS25,3.431915920248659
1000,4,rademacher,1.5,3.111469939577902,476,BGN11,3.26330033699124
1000,4,rademacher,1.5,3.111469939577902,477,Algorithm 1,2.990223684094476
1000,4,rademacher,1.5,3.111469939577902,477,BGS25,3.403134747242664
1000,4,rademacher,1.5,3.111469939577902,477,BGN11,3.229508949827587
1000,4,rademacher,1.5,3.111469939577902,478,Algorithm 1,3.2710307509033663
1000,4,rademacher,1.5,3.111469939577902,478,BGS25,3.667451685759759
1000,4,rademacher,1.5,3.111469939577902,478,BGN11,3.515807936428224
1000,4,rademacher,1.5,3.111469939577902,479,Algorithm 1,3.4273235712566548
1000,4,rademacher,1.5,3.111469939577902,479,BGS25,3.7833053373150487
1000,4,rademacher,1.5,3.111469939577902,479,BGN11,3.6463764343965552
1000,4,rademacher,1.5,3.111469939577902,480,Algorithm 1,3.152510789122768
1000,4,rademacher,1.5,3.111469939577902,480,BGS25,3.491934308605761
1000,4,rademacher,1.5,3.111469939577902,480,BGN11,3.3314710052785226
1000,4,rademacher,1.5,3.111469939577902,481,Algorithm 1,3.2076580292295573
1000,4,rademacher,1.5,3.111469939577902,481,BGS25,3.5155939009290407
1000,4,rademacher,1.5,3.111469939577902,481,BGN11,3.344610553057419
1000,4,rademacher,1.5,3.111469939577902,482,Algorithm 1,3.1551465291747642
1000,4,rademacher,1.5,3.111469939577902,482,BGS25,3.5924621883788923
1000,4,rademacher,1.5,3.111469939577902,482,BGN11,3.4411165917995428
1000,4,rademacher,1.5,3.111469939577902,483,Algorithm 1,3.091231325573042
1000,4,rademacher,1.5,3.111469939577902,483,BGS25,3.416782916563876
1000,4,rademacher,1.5,3.111469939577902,483,BGN11,3.2423989521891783
1000,4,rademacher,1.5,3.111469939577902,484,Algorithm 1,3.175295617929257
1000,4,rademacher,1.5,3.111469939577902,484,BGS25,3.532658789520547
1000,4,rademacher,1.5,3.111469939577902,484,BGN11,3.3722469556597736
1000,4,rademacher,1.5,3.111469939577902,485,Algorithm 1,3.327039998070842
1000,4,rademacher,1.5,3.111469939577902,485,BGS25,3.625336986683223
1000,4,rademacher,1.5,3.111469939577902,485,BGN11,3.4685711353070765
1000,4,rademacher,1.5,3.111469939577902,486,Algorithm 1,3.1594803289968962
1000,4,rademacher,1.5,3.111469939577902,486,BGS25,3.6053962969592392
1000,4,rademacher,1.5,3.111469939577902,486,BGN11,3.4501303095743157
1000,4,rademacher,1.5,3.111469939577902,487,Algorithm 1,3.190881211834981
1000,4,rademacher,1.5,3.111469939577902,487,BGS25,3.5019304184994224
1000,4,rademacher,1.5,3.111469939577902,487,BGN11,3.3336967063727383
1000,4,rademacher,1.5,3.111469939577902,488,Algorithm 1,3.0592636164064713
1000,4,rademacher,1.5,3.111469939577902,488,BGS25,3.4116505578365945
1000,4,rademacher,1.5,3.111469939577902,488,BGN11,3.2398960860103942
1000,4,rademacher,1.5,3.111469939577902,489,Algorithm 1,3.0726239521953445
1000,4,rademacher,1.5,3.111469939577902,489,BGS25,3.4846739312522077
1000,4,rademacher,1.5,3.111469939577902,489,BGN11,3.324276124595269
1000,4,rademacher,1.5,3.111469939577902,490,Algorithm 1,3.1779488640503475
1000,4,rademacher,1.5,3.111469939577902,490,BGS25,3.6074486872087235
1000,4,rademacher,1.5,3.111469939577902,490,BGN11,3.4520379637798495
1000,4,rademacher,1.5,3.111469939577902,491,Algorithm 1,3.248196807362206
1000,4,rademacher,1.5,3.111469939577902,491,BGS25,3.5875753551697764
1000,4,rademacher,1.5,3.111469939577902,491,BGN11,3.4286155379605123
1000,4,rademacher,1.5,3.111469939577902,492,Algorithm 1,2.923395654978769
1000,4,rademacher,1.5,3.111469939577902,492,BGS25,3.364324949863161
1000,4,rademacher,1.5,3.111469939577902,492,BGN11,3.194380036761958
1000,4,rademacher,1.5,3.111469939577902,493,Algorithm 1,3.1835831316660586
1000,4,rademacher,1.5,3.111469939577902,493,BGS25,3.5120914526606795
1000,4,rademacher,1.5,3.111469939577902,493,BGN11,3.3484122054939456
1000,4,rademacher,1.5,3.111469939577902,494,Algorithm 1,3.1752008980379784
1000,4,rademacher,1.5,3.111469939577902,494,BGS25,3.5357740293959603
1000,4,rademacher,1.5,3.111469939577902,494,BGN11,3.376827839264802
1000,4,rademacher,1.5,3.111469939577902,495,Algorithm 1,3.155747643544444
1000,4,rademacher,1.5,3.111469939577902,495,BGS25,3.4857344296932107
1000,4,rademacher,1.5,3.111469939577902,495,BGN11,3.3205428091615192
1000,4,rademacher,1.5,3.111469939577902,496,Algorithm 1,3.0538762737059937
1000,4,rademacher,1.5,3.111469939577902,496,BGS25,3.3995915175167655
1000,4,rademacher,1.5,3.111469939577902,496,BGN11,3.2258264646078554
1000,4,rademacher,1.5,3.111469939577902,497,Algorithm 1,3.0873981762566944
1000,4,rademacher,1.5,3.111469939577902,497,BGS25,3.500794024511648
1000,4,rademacher,1.5,3.111469939577902,497,BGN11,3.3417991072214015
1000,4,rademacher,1.5,3.111469939577902,498,Algorithm 1,3.0212725488583865
1000,4,rademacher,1.5,3.111469939577902,498,BGS25,3.517873418121134
1000,4,rademacher,1.5,3.111469939577902,498,BGN11,3.355222982311906
1000,4,rademacher,1.5,3.111469939577902,499,Algorithm 1,2.9813073015767206
1000,4,rademacher,1.5,3.111469939577902,499,BGS25,3.3533337067749214
1000,4,rademacher,1.5,3.111469939577902,499,BGN11,3.1806712889549744
1000,4,rademacher,1.5,3.111469939577902,500,Algorithm 1,3.069820460814601
1000,4,rademacher,1.5,3.111469939577902,500,BGS25,3.4708419128755317
1000,4,rademacher,1.5,3.111469939577902,500,BGN11,3.3051286717790402
1000,8,gaussian,1.5,4.27961722884659,1,Algorithm 1,4.203961460445387
1000,8,gaussian,1.5,4.27961722884659,1,BGS25,4.83009576788239
1000,8,gaussian,1.5,4.27961722884659,1,BGN11,4.444765620160538
1000,8,gaussian,1.5,4.27961722884659,2,Algorithm 1,4.246710606054204
1000,8,gaussian,1.5,4.27961722884659,2,BGS25,4.851153741707498
1000,8,gaussian,1.5,4.27961722884659,2,BGN11,4.4862133742238415
1000,8,gaussian,1.5,4.27961722884659,3,Algorithm 1,4.446466727489597
1000,8,gaussian,1.5,4.27961722884659,3,BGS25,5.054153122518365
1000,8,gaussian,1.5,4.27961722884659,3,BGN11,4.718411863909898
1000,8,gaussian,1.5,4.27961722884659,4,Algorithm 1,4.275270923056376
1000,8,gaussian,1.5,4.27961722884659,4,BGS25,4.931920442499456
1000,8,gaussian,1.5,4.27961722884659,4,BGN11,4.575680580842979
1000,8,gaussian,1.5,4.27961722884659,5,Algorithm 1,4.242260062984715
1000,8,gaussian,1.5,4.27961722884659,5,BGS25,4.864073247640171
1000,8,gaussian,1.5,4.27961722884659,5,BGN11,4.492565523722304
1000,8,gaussian,1.5,4.27961722884659,6,Algorithm 1,4.458268198295179
1000,8,gaussian,1.5,4.27961722884659,6,BGS25,5.1100401158967195
1000,8,gaussian,1.5,4.27961722884659,6,BGN11,4.771133504850431
1000,8,gaussian,1.5,4.27961722884659,7,Algorithm 1,4.16071086945646
1000,8,gaussian,1.5,4.27961722884659,7,BGS25,4.900713042889805
1000,8,gaussian,1.5,4.27961722884659,7,BGN11,4.54600204145396
1000,8,gaussian,1.5,4.27961722884659,8,Algorithm 1,4.146337483661175
1000,8,gaussian,1.5,4.27961722884659,8,BGS25,4.883227821643756
1000,8,gaussian,1.5,4.27961722884659,8,BGN11,4.5186371931276454
1000,8,gaussian,1.5,4.27961722884659,9,Algorithm 1,3.9898796046367773
1000,8,gaussian,1.5,4.27961722884659,9,BGS25,4.640905401008574
1000,8,gaussian,1.5,4.27961722884659,9,BGN11,4.236131044238031
1000,8,gaussian,1.5,4.27961722884659,10,Algorithm 1,3.9393833029338867
1000,8,gaussian,1.5,4.27961722884659,10,BGS25,4.6998215637311915
1000,8,gaussian,1.5,4.27961722884659,10,BGN11,4.31569257668589
1000,8,gaussian,1.5,4.27961722884659,11,Algorithm 1,4.608921676148093
1000,8,gaussian,1.5,4.27961722884659,11,BGS25,5.226179184659632
1000,8,gaussian,1.5,4.27961722884659,11,BGN11,4.90562008635325
1000,8,gaussian,1.5,4.27961722884659,12,Algorithm 1,4.314181459016616
1000,8,gaussian,1.5,4.27961722884659,12,BGS25,4.982902463419672
1000,8,gaussian,1.5,4.27961722884659,12,BGN11,4.639854685260035
1000,8,gaussian,1.5,4.27961722884659,13,Algorithm 1,4.388629628763976
1000,8,gaussian,1.5,4.27961722884659,13,BGS25,5.107402588573863
1000,8,gaussian,1.5,4.27961722884659,13,BGN11,4.7699874065498085
1000,8,gaussian,1.5,4.27961722884659,14,Algorithm 1,4.003446819050124
1000,8,gaussian,1.5,4.27961722884659,14,BGS25,4.631856453701157
1000,8,gaussian,1.5,4.27961722884659,14,BGN11,4.210385276883575
1000,8,gaussian,1.5,4.27961722884659,15,Algorithm 1,4.46415210049491
1000,8,gaussian,1.5,4.27961722884659,15,BGS25,4.957432306664472
1000,8,gaussian,1.5,4.27961722884659,15,BGN11,4.612477928933133
1000,8,gaussian,1.5,4.27961722884659,16,Algorithm 1,4.395168216289346
1000,8,gaussian,1.5,4.27961722884659,16,BGS25,5.022559780323958
1000,8,gaussian,1.5,4.27961722884659,16,BGN11,4.674909513324418
1000,8,gaussian,1.5,4.27961722884659,17,Algorithm 1,3.9554508476949533
1000,8,gaussian,1.5,4.27961722884659,17,BGS25,4.723772699908682
1000,8,gaussian,1.5,4.27961722884659,17,BGN11,4.327550959600183
1000,8,gaussian,1.5,4.27961722884659,18,Algorithm 1,4.353599654727834
1000,8,gaussian,1.5,4.27961722884659,18,BGS25,5.065754735354197
1000,8,gaussian,1.5,4.27961722884659,18,BGN11,4.734913590751974
1000,8,gaussian,1.5,4.27961722884659,19,Algorithm 1,4.139239369274953
1000,8,gaussian,1.5,4.27961722884659,19,BGS25,4.989038126357206
1000,8,gaussian,1.5,4.27961722884659,19,BGN11,4.644851579236939
1000,8,gaussian,1.5,4.27961722884659,20,Algorithm 1,4.340031438843462
1000,8,gaussian,1.5,4.27961722884659,20,BGS25,5.009964864192649
1000,8,gaussian,1.5,4.27961722884659,20,BGN11,4.660772832187789
1000,8,gaussian,1.5,4.27961722884659,21,Algorithm 1,4.142173678323307
1000,8,gaussian,1.5,4.27961722884659,21,BGS25,4.986622039915739
1000,8,gaussian,1.5,4.27961722884659,21,BGN11,4.643965930444516
1000,8,gaussian,1.5,4.27961722884659,22,Algorithm 1,4.271073317865964
1000,8,gaussian,1.5,4.27961722884659,22,BGS25,4.926888759036084
1000,8,gaussian,1.5,4.27961722884659,22,BGN11,4.572890896492282
1000,8,gaussian,1.5,4.27961722884659,23,Algorithm 1,4.407256380331849
1000,8,gaussian,1.5,4.27961722884659,23,BGS25,4.999100327891837
1000,8,gaussian,1.5,4.27961722884659,23,BGN11,4.6498865114698456
1000,8,gaussian,1.5,4.27961722884659,24,Algorithm 1,4.664240470659468
1000,8,gaussian,1.5,4.27961722884659,24,BGS25,5.229439966471914
1000,8,gaussian,1.5,4.27961722884659,24,BGN11,4.915280332342135
1000,8,gaussian,1.5,4.27961722884659,25,Algorithm 1,4.659677199259434
1000,8,gaussian,1.5,4.27961722884659,25,BGS25,5.261760618090297
1000,8,gaussian,1.5,4.27961722884659,25,BGN11,4.940272181499387
1000,8,gaussian,1.5,4.27961722884659,26,Algorithm 1,4.497815341888381
1000,8,gaussian,1.5,4.27961722884659,26,BGS25,5.228929062266502
1000,8,gaussian,1.5,4.27961722884659,26,BGN11,4.91295408217581
1000,8,gaussian,1.5,4.27961722884659,27,Algorithm 1,4.382129611962953
1000,8,gaussian,1.5,4.27961722884659,27,BGS25,4.999064435267738
1000,8,gaussian,1.5,4.27961722884659,27,BGN11,4.655786508436917
1000,8,gaussian,1.5,4.27961722884659,28,Algorithm 1,3.892459969674004
1000,8,gaussian,1.5,4.27961722884659,28,BGS25,4.615367759393961
1000,8,gaussian,1.5,4.27961722884659,28,BGN11,4.218940519459738
1000,8,gaussian,1.5,4.27961722884659,29,Algorithm 1,4.09334254428845
1000,8,gaussian,1.5,4.27961722884659,29,BGS25,4.730186693478993
1000,8,gaussian,1.5,4.27961722884659,29,BGN11,4.341193279295184
1000,8,gaussian,1.5,4.27961722884659,30,Algorithm 1,4.5962922147531255
1000,8,gaussian,1.5,4.27961722884659,30,BGS25,5.2175693619803045
1000,8,gaussian,1.5,4.27961722884659,30,BGN11,4.892265041370491
1000,8,gaussian,1.5,4.27961722884659,31,Algorithm 1,3.9585059073882203
1000,8,gaussian,1.5,4.27961722884659,31,BGS25,4.79669829589992
1000,8,gaussian,1.5,4.27961722884659,31,BGN11,4.415551133243954
1000,8,gaussian,1.5,4.27961722884659,32,Algorithm 1,4.130867895764614
1000,8,gaussian,1.5,4.27961722884659,32,BGS25,4.906406003742342
1000,8,gaussian,1.5,4.27961722884659,32,BGN11,4.542412418239641
1000,8,gaussian,1.5,4.27961722884659,33,Algorithm 1,4.239560117168699
1000,8,gaussian,1.5,4.27961722884659,33,BGS25,4.861326422722121
1000,8,gaussian,1.5,4.27961722884659,33,BGN11,4.4969876464051355
1000,8,gaussian,1.5,4.27961722884659,34,Algorithm 1,4.1447230509304385
1000,8,gaussian,1.5,4.27961722884659,34,BGS25,4.962041170192587
1000,8,gaussian,1.5,4.27961722884659,34,BGN11,4.608497729997727
1000,8,gaussian,1.5,4.27961722884659,35,Algorithm 1,4.494894422450331
1000,8,gaussian,1.5,4.27961722884659,35,BGS25,5.034354690899422
1000,8,gaussian,1.5,4.27961722884659,35,BGN11,4.696213210632109
1000,8,gaussian,1.5,4.27961722884659,36,Algorithm 1,4.351935164524229
1000,8,gaussian,1.5,4.27961722884659,36,BGS25,4.961459487019614
1000,8,gaussian,1.5,4.27961722884659,36,BGN11,4.610896470612736
1000,8,gaussian,1.5,4.27961722884659,37,Algorithm 1,4.141823564134746
1000,8,gaussian,1.5,4.27961722884659,37,BGS25,4.802232566317245
1000,8,gaussian,1.5,4.27961722884659,37,BGN11,4.428086049867207
1000,8,gaussian,1.5,4.27961722884659,38,Algorithm 1,4.222883881773357
1000,8,gaussian,1.5,4.27961722884659,38,BGS25,4.985956767261601
1000,8,gaussian,1.5,4.27961722884659,38,BGN11,4.638520888252726
1000,8,gaussian,1.5,4.27961722884659,39,Algorithm 1,4.27021084247331
1000,8,gaussian,1.5,4.27961722884659,39,BGS25,4.989966245301832
1000,8,gaussian,1.5,4.27961722884659,39,BGN11,4.64255698052328
1000,8,gaussian,1.5,4.27961722884659,40,Algorithm 1,4.301298269357555
1000,8,gaussian,1.5,4.27961722884659,40,BGS25,4.918588840517182
1000,8,gaussian,1.5,4.27961722884659,40,BGN11,4.560935845223816
1000,8,gaussian,1.5,4.27961722884659,41,Algorithm 1,4.249288146685414
1000,8,gaussian,1.5,4.27961722884659,41,BGS25,4.912068249025763
1000,8,gaussian,1.5,4.27961722884659,41,BGN11,4.552299472745408
1000,8,gaussian,1.5,4.27961722884659,42,Algorithm 1,4.315062018734998
1000,8,gaussian,1.5,4.27961722884659,42,BGS25,4.959446460583969
1000,8,gaussian,1.5,4.27961722884659,42,BGN11,4.610428026435508
1000,8,gaussian,1.5,4.27961722884659,43,Algorithm 1,4.315568008112563
1000,8,gaussian,1.5,4.27961722884659,43,BGS25,4.979838022783751
1000,8,gaussian,1.5,4.27961722884659,43,BGN11,4.6293365440843806
1000,8,gaussian,1.5,4.27961722884659,44,Algorithm 1,4.145467391685629
1000,8,gaussian,1.5,4.27961722884659,44,BGS25,4.760980135223402
1000,8,gaussian,1.5,4.27961722884659,44,BGN11,4.392322808992475
1000,8,gaussian,1.5,4.27961722884659,45,Algorithm 1,4.254505047674755
1000,8,gaussian,1.5,4.27961722884659,45,BGS25,4.972653819228643
1000,8,gaussian,1.5,4.27961722884659,45,BGN11,4.616396934266278
1000,8,gaussian,1.5,4.27961722884659,46,Algorithm 1,4.371149525922374
1000,8,gaussian,1.5,4.27961722884659,46,BGS25,5.077166361203636
1000,8,gaussian,1.5,4.27961722884659,46,BGN11,4.740577861509608
1000,8,gaussian,1.5,4.27961722884659,47,Algorithm 1,4.269862846324532
1000,8,gaussian,1.5,4.27961722884659,47,BGS25,5.048679290113521
1000,8,gaussian,1.5,4.27961722884659,47,BGN11,4.712531721581827
1000,8,gaussian,1.5,4.27961722884659,48,Algorithm 1,4.105733307511775
1000,8,gaussian,1.5,4.27961722884659,48,BGS25,4.782377390478089
1000,8,gaussian,1.5,4.27961722884659,48,BGN11,4.402270861042197
1000,8,gaussian,1.5,4.27961722884659,49,Algorithm 1,4.40033584388124
1000,8,gaussian,1.5,4.27961722884659,49,BGS25,5.069444245947294
1000,8,gaussian,1.5,4.27961722884659,49,BGN11,4.7338418942829374
1000,8,gaussian,1.5,4.27961722884659,50,Algorithm 1,4.356120508679555
1000,8,gaussian,1.5,4.27961722884659,50,BGS25,4.917957957259896
1000,8,gaussian,1.5,4.27961722884659,50,BGN11,4.569221700128697
1000,8,gaussian,1.5,4.27961722884659,51,Algorithm 1,4.261685002141509
1000,8,gaussian,1.5,4.27961722884659,51,BGS25,5.069468443048418
1000,8,gaussian,1.5,4.27961722884659,51,BGN11,4.7344913920759435
1000,8,gaussian,1.5,4.27961722884659,52,Algorithm 1,4.241097114597931
1000,8,gaussian,1.5,4.27961722884659,52,BGS25,5.029393455169182
1000,8,gaussian,1.5,4.27961722884659,52,BGN11,4.687208986840059
1000,8,gaussian,1.5,4.27961722884659,53,Algorithm 1,4.287523820635355
1000,8,gaussian,1.5,4.27961722884659,53,BGS25,4.925174069459532
1000,8,gaussian,1.5,4.27961722884659,53,BGN11,4.560938927966062
1000,8,gaussian,1.5,4.27961722884659,54,Algorithm 1,3.963212143299695
1000,8,gaussian,1.5,4.27961722884659,54,BGS25,4.900380643584546
1000,8,gaussian,1.5,4.27961722884659,54,BGN11,4.540454480235413
1000,8,gaussian,1.5,4.27961722884659,55,Algorithm 1,4.03690552603583
1000,8,gaussian,1.5,4.27961722884659,55,BGS25,4.774434575370106
1000,8,gaussian,1.5,4.27961722884659,55,BGN11,4.394757990536001
1000,8,gaussian,1.5,4.27961722884659,56,Algorithm 1,4.385653933412733
1000,8,gaussian,1.5,4.27961722884659,56,BGS25,5.009025665412037
1000,8,gaussian,1.5,4.27961722884659,56,BGN11,4.672833083677233
1000,8,gaussian,1.5,4.27961722884659,57,Algorithm 1,4.235102544272295
1000,8,gaussian,1.5,4.27961722884659,57,BGS25,4.812421952251723
1000,8,gaussian,1.5,4.27961722884659,57,BGN11,4.438264287335692
1000,8,gaussian,1.5,4.27961722884659,58,Algorithm 1,4.372972191033021
1000,8,gaussian,1.5,4.27961722884659,58,BGS25,5.00731303673508
1000,8,gaussian,1.5,4.27961722884659,58,BGN11,4.654909623057758
1000,8,gaussian,1.5,4.27961722884659,59,Algorithm 1,4.251902018857017
1000,8,gaussian,1.5,4.27961722884659,59,BGS25,4.970926796518652
1000,8,gaussian,1.5,4.27961722884659,59,BGN11,4.617387039241815
1000,8,gaussian,1.5,4.27961722884659,60,Algorithm 1,4.341440084892392
1000,8,gaussian,1.5,4.27961722884659,60,BGS25,5.015799704627584
1000,8,gaussian,1.5,4.27961722884659,60,BGN11,4.6777916681096015
1000,8,gaussian,1.5,4.27961722884659,61,Algorithm 1,4.161919512368613
1000,8,gaussian,1.5,4.27961722884659,61,BGS25,4.771458680409519
1000,8,gaussian,1.5,4.27961722884659,61,BGN11,4.40460584504354
1000,8,gaussian,1.5,4.27961722884659,62,Algorithm 1,4.333258253244317
1000,8,gaussian,1.5,4.27961722884659,62,BGS25,4.991422724674127
1000,8,gaussian,1.5,4.27961722884659,62,BGN11,4.645719160554731
1000,8,gaussian,1.5,4.27961722884659,63,Algorithm 1,4.093990230091193
1000,8,gaussian,1.5,4.27961722884659,63,BGS25,4.8267355959590255
1000,8,gaussian,1.5,4.27961722884659,63,BGN11,4.46238285399982
1000,8,gaussian,1.5,4.27961722884659,64,Algorithm 1,4.608575665627443
1000,8,gaussian,1.5,4.27961722884659,64,BGS25,5.2786858247596395
1000,8,gaussian,1.5,4.27961722884659,64,BGN11,4.970795434783283
1000,8,gaussian,1.5,4.27961722884659,65,Algorithm 1,4.310403186115517
1000,8,gaussian,1.5,4.27961722884659,65,BGS25,4.9401014674885415
1000,8,gaussian,1.5,4.27961722884659,65,BGN11,4.586677973826852
1000,8,gaussian,1.5,4.27961722884659,66,Algorithm 1,4.041883886303444
1000,8,gaussian,1.5,4.27961722884659,66,BGS25,4.861318351884298
1000,8,gaussian,1.5,4.27961722884659,66,BGN11,4.492316325038232
1000,8,gaussian,1.5,4.27961722884659,67,Algorithm 1,4.524145041343172
1000,8,gaussian,1.5,4.27961722884659,67,BGS25,5.13450538000923
1000,8,gaussian,1.5,4.27961722884659,67,BGN11,4.803995384759628
1000,8,gaussian,1.5,4.27961722884659,68,Algorithm 1,4.173025710846014
1000,8,gaussian,1.5,4.27961722884659,68,BGS25,4.843806685999081
1000,8,gaussian,1.5,4.27961722884659,68,BGN11,4.477392362698898
1000,8,gaussian,1.5,4.27961722884659,69,Algorithm 1,4.439693064114581
1000,8,gaussian,1.5,4.27961722884659,69,BGS25,5.04289930182545
1000,8,gaussian,1.5,4.27961722884659,69,BGN11,4.701043557380011
1000,8,gaussian,1.5,4.27961722884659,70,Algorithm 1,4.0342276594515205
1000,8,gaussian,1.5,4.27961722884659,70,BGS25,4.9151052346548845
1000,8,gaussian,1.5,4.27961722884659,70,BGN11,4.5586489393264795
1000,8,gaussian,1.5,4.27961722884659,71,Algorithm 1,3.816189311082334
1000,8,gaussian,1.5,4.27961722884659,71,BGS25,4.734594690272676
1000,8,gaussian,1.5,4.27961722884659,71,BGN11,4.344059817442238
1000,8,gaussian,1.5,4.27961722884659,72,Algorithm 1,4.298884885982642
1000,8,gaussian,1.5,4.27961722884659,72,BGS25,4.930407633430056
1000,8,gaussian,1.5,4.27961722884659,72,BGN11,4.5716704735142875
1000,8,gaussian,1.5,4.27961722884659,73,Algorithm 1,4.173494846586328
1000,8,gaussian,1.5,4.27961722884659,73,BGS25,4.900736937511672
1000,8,gaussian,1.5,4.27961722884659,73,BGN11,4.533368519641512
1000,8,gaussian,1.5,4.27961722884659,74,Algorithm 1,4.254779920675968
1000,8,gaussian,1.5,4.27961722884659,74,BGS25,4.943842199087088
1000,8,gaussian,1.5,4.27961722884659,74,BGN11,4.596954812429602
1000,8,gaussian,1.5,4.27961722884659,75,Algorithm 1,4.203484838613332
1000,8,gaussian,1.5,4.27961722884659,75,BGS25,4.829324432354262
1000,8,gaussian,1.5,4.27961722884659,75,BGN11,4.460390351186727
1000,8,gaussian,1.5,4.27961722884659,76,Algorithm 1,4.456890999776435
1000,8,gaussian,1.5,4.27961722884659,76,BGS25,5.093105453976653
1000,8,gaussian,1.5,4.27961722884659,76,BGN11,4.769006005234692
1000,8,gaussian,1.5,4.27961722884659,77,Algorithm 1,4.3806490192822904
1000,8,gaussian,1.5,4.27961722884659,77,BGS25,5.034528449251349
1000,8,gaussian,1.5,4.27961722884659,77,BGN11,4.68615316097489
1000,8,gaussian,1.5,4.27961722884659,78,Algorithm 1,4.342893922065124
1000,8,gaussian,1.5,4.27961722884659,78,BGS25,4.98216198289474
1000,8,gaussian,1.5,4.27961722884659,78,BGN11,4.6234390714598295
1000,8,gaussian,1.5,4.27961722884659,79,Algorithm 1,4.3829474189691
1000,8,gaussian,1.5,4.27961722884659,79,BGS25,5.110184401547138
1000,8,gaussian,1.5,4.27961722884659,79,BGN11,4.778843301863728
1000,8,gaussian,1.5,4.27961722884659,80,Algorithm 1,4.237974353826494
1000,8,gaussian,1.5,4.27961722884659,80,BGS25,4.825735933012679
1000,8,gaussian,1.5,4.27961722884659,80,BGN11,4.457536121152473
1000,8,gaussian,1.5,4.27961722884659,81,Algorithm 1,4.265869164519307
1000,8,gaussian,1.5,4.27961722884659,81,BGS25,4.912093844665081
1000,8,gaussian,1.5,4.27961722884659,81,BGN11,4.563621322248171
1000,8,gaussian,1.5,4.27961722884659,82,Algorithm 1,4.202939824687586
1000,8,gaussian,1.5,4.27961722884659,82,BGS25,4.976658876811245
1000,8,gaussian,1.5,4.27961722884659,82,BGN11,4.630230534496265
1000,8,gaussian,1.5,4.27961722884659,83,Algorithm 1,4.118844628510899
1000,8,gaussian,1.5,4.27961722884659,83,BGS25,4.895613861062791
1000,8,gaussian,1.5,4.27961722884659,83,BGN11,4.536745199708942
1000,8,gaussian,1.5,4.27961722884659,84,Algorithm 1,4.700569543988106
1000,8,gaussian,1.5,4.27961722884659,84,BGS25,5.218140773116788
1000,8,gaussian,1.5,4.27961722884659,84,BGN11,4.890482567296964
1000,8,gaussian,1.5,4.27961722884659,85,Algorithm 1,4.058946991639975
1000,8,gaussian,1.5,4.27961722884659,85,BGS25,4.777213181746504
1000,8,gaussian,1.5,4.27961722884659,85,BGN11,4.401895240940113
1000,8,gaussian,1.5,4.27961722884659,86,Algorithm 1,4.559894332318572
1000,8,gaussian,1.5,4.27961722884659,86,BGS25,5.083190674031009
1000,8,gaussian,1.5,4.27961722884659,86,BGN11,4.7467553006143755
1000,8,gaussian,1.5,4.27961722884659,87,Algorithm 1,3.8369257871911566
1000,8,gaussian,1.5,4.27961722884659,87,BGS25,4.849328661139749
1000,8,gaussian,1.5,4.27961722884659,87,BGN11,4.478733796467639
1000,8,gaussian,1.5,4.27961722884659,88,Algorithm 1,4.19488402026412
1000,8,gaussian,1.5,4.27961722884659,88,BGS25,4.943652063301888
1000,8,gaussian,1.5,4.27961722884659,88,BGN11,4.592512449481206
1000,8,gaussian,1.5,4.27961722884659,89,Algorithm 1,4.347193996678121
1000,8,gaussian,1.5,4.27961722884659,89,BGS25,5.008773809346513
1000,8,gaussian,1.5,4.27961722884659,89,BGN11,4.659043695736283
1000,8,gaussian,1.5,4.27961722884659,90,Algorithm 1,4.281454345086259
1000,8,gaussian,1.5,4.27961722884659,90,BGS25,5.00436862108787
1000,8,gaussian,1.5,4.27961722884659,90,BGN11,4.659004477294236
1000,8,gaussian,1.5,4.27961722884659,91,Algorithm 1,4.002895608866797
1000,8,gaussian,1.5,4.27961722884659,91,BGS25,4.734699275180028
1000,8,gaussian,1.5,4.27961722884659,91,BGN11,4.35924979778239
1000,8,gaussian,1.5,4.27961722884659,92,Algorithm 1,4.136614979521362
1000,8,gaussian,1.5,4.27961722884659,92,BGS25,4.799752514360003
1000,8,gaussian,1.5,4.27961722884659,92,BGN11,4.419573879602165
1000,8,gaussian,1.5,4.27961722884659,93,Algorithm 1,4.129112469378754
1000,8,gaussian,1.5,4.27961722884659,93,BGS25,4.764003794316185
1000,8,gaussian,1.5,4.27961722884659,93,BGN11,4.381182260301999
1000,8,gaussian,1.5,4.27961722884659,94,Algorithm 1,4.076838298634733
1000,8,gaussian,1.5,4.27961722884659,94,BGS25,4.864029553721592
1000,8,gaussian,1.5,4.27961722884659,94,BGN11,4.5050381385620115
1000,8,gaussian,1.5,4.27961722884659,95,Algorithm 1,4.127560993407895
1000,8,gaussian,1.5,4.27961722884659,95,BGS25,4.958060618892098
1000,8,gaussian,1.5,4.27961722884659,95,BGN11,4.6113203397163725
1000,8,gaussian,1.5,4.27961722884659,96,Algorithm 1,4.5457379846710575
1000,8,gaussian,1.5,4.27961722884659,96,BGS25,5.103887874463863
1000,8,gaussian,1.5,4.27961722884659,96,BGN11,4.776519057193913
1000,8,gaussian,1.5,4.27961722884659,97,Algorithm 1,4.492042446424378
1000,8,gaussian,1.5,4.27961722884659,97,BGS25,5.034032471570507
1000,8,gaussian,1.5,4.27961722884659,97,BGN11,4.6963375532026514
1000,8,gaussian,1.5,4.27961722884659,98,Algorithm 1,4.435416208583808
1000,8,gaussian,1.5,4.27961722884659,98,BGS25,5.053832070234597
1000,8,gaussian,1.5,4.27961722884659,98,BGN11,4.712914778430836
1000,8,gaussian,1.5,4.27961722884659,99,Algorithm 1,4.136579225598994
1000,8,gaussian,1.5,4.27961722884659,99,BGS25,4.808650773045441
1000,8,gaussian,1.5,4.27961722884659,99,BGN11,4.438176342398696
1000,8,gaussian,1.5,4.27961722884659,100,Algorithm 1,4.147127425091524
1000,8,gaussian,1.5,4.27961722884659,100,BGS25,4.716222071622273
1000,8,gaussian,1.5,4.27961722884659,100,BGN11,4.331063113215456
1000,8,gaussian,1.5,4.27961722884659,101,Algorithm 1,4.282103959795068
1000,8,gaussian,1.5,4.27961722884659,101,BGS25,4.933017412601691
1000,8,gaussian,1.5,4.27961722884659,101,BGN11,4.586439120509927
1000,8,gaussian,1.5,4.27961722884659,102,Algorithm 1,4.058208016791956
1000,8,gaussian,1.5,4.27961722884659,102,BGS25,4.809767820099264
1000,8,gaussian,1.5,4.27961722884659,102,BGN11,4.432708076846973
1000,8,gaussian,1.5,4.27961722884659,103,Algorithm 1,4.268643916195147
1000,8,gaussian,1.5,4.27961722884659,103,BGS25,4.900591906127931
1000,8,gaussian,1.5,4.27961722884659,103,BGN11,4.537602964641403
1000,8,gaussian,1.5,4.27961722884659,104,Algorithm 1,4.5477955830707515
1000,8,gaussian,1.5,4.27961722884659,104,BGS25,5.248318355845758
1000,8,gaussian,1.5,4.27961722884659,104,BGN11,4.938187868424994
1000,8,gaussian,1.5,4.27961722884659,105,Algorithm 1,4.507458093919045
1000,8,gaussian,1.5,4.27961722884659,105,BGS25,5.14258272805043
1000,8,gaussian,1.5,4.27961722884659,105,BGN11,4.816442953571978
1000,8,gaussian,1.5,4.27961722884659,106,Algorithm 1,4.47412471589761
1000,8,gaussian,1.5,4.27961722884659,106,BGS25,5.145810134300051
1000,8,gaussian,1.5,4.27961722884659,106,BGN11,4.830520775471423
1000,8,gaussian,1.5,4.27961722884659,107,Algorithm 1,3.9810107088141735
1000,8,gaussian,1.5,4.27961722884659,107,BGS25,4.809784351878543
1000,8,gaussian,1.5,4.27961722884659,107,BGN11,4.441869605850501
1000,8,gaussian,1.5,4.27961722884659,108,Algorithm 1,4.310648000135466
1000,8,gaussian,1.5,4.27961722884659,108,BGS25,4.851769750435047
1000,8,gaussian,1.5,4.27961722884659,108,BGN11,4.49129706465697
1000,8,gaussian,1.5,4.27961722884659,109,Algorithm 1,4.524268408787889
1000,8,gaussian,1.5,4.27961722884659,109,BGS25,5.133692981041136
1000,8,gaussian,1.5,4.27961722884659,109,BGN11,4.811504473740145
1000,8,gaussian,1.5,4.27961722884659,110,Algorithm 1,4.401209446571723
1000,8,gaussian,1.5,4.27961722884659,110,BGS25,4.995298946302122
1000,8,gaussian,1.5,4.27961722884659,110,BGN11,4.643852606849427
1000,8,gaussian,1.5,4.27961722884659,111,Algorithm 1,4.242985711831075
1000,8,gaussian,1.5,4.27961722884659,111,BGS25,4.878448216644536
1000,8,gaussian,1.5,4.27961722884659,111,BGN11,4.520721615472181
1000,8,gaussian,1.5,4.27961722884659,112,Algorithm 1,4.368580653620754
1000,8,gaussian,1.5,4.27961722884659,112,BGS25,5.080581820445792
1000,8,gaussian,1.5,4.27961722884659,112,BGN11,4.7481635221969505
1000,8,gaussian,1.5,4.27961722884659,113,Algorithm 1,4.232861819661436
1000,8,gaussian,1.5,4.27961722884659,113,BGS25,4.859324647140435
1000,8,gaussian,1.5,4.27961722884659,113,BGN11,4.499945278598673
1000,8,gaussian,1.5,4.27961722884659,114,Algorithm 1,4.314245372916685
1000,8,gaussian,1.5,4.27961722884659,114,BGS25,4.9100893299854445
1000,8,gaussian,1.5,4.27961722884659,114,BGN11,4.544188712546307
1000,8,gaussian,1.5,4.27961722884659,115,Algorithm 1,3.9192778692074097
1000,8,gaussian,1.5,4.27961722884659,115,BGS25,4.76555378038152
1000,8,gaussian,1.5,4.27961722884659,115,BGN11,4.378940678794353
1000,8,gaussian,1.5,4.27961722884659,116,Algorithm 1,4.048881586428195
1000,8,gaussian,1.5,4.27961722884659,116,BGS25,4.738219171425931
1000,8,gaussian,1.5,4.27961722884659,116,BGN11,4.3540506729557436
1000,8,gaussian,1.5,4.27961722884659,117,Algorithm 1,4.391462047744291
1000,8,gaussian,1.5,4.27961722884659,117,BGS25,4.969853739722206
1000,8,gaussian,1.5,4.27961722884659,117,BGN11,4.619820351320459
1000,8,gaussian,1.5,4.27961722884659,118,Algorithm 1,4.3679319272194075
1000,8,gaussian,1.5,4.27961722884659,118,BGS25,5.04815115046317
1000,8,gaussian,1.5,4.27961722884659,118,BGN11,4.702083233372104
1000,8,gaussian,1.5,4.27961722884659,119,Algorithm 1,4.312901228453782
1000,8,gaussian,1.5,4.27961722884659,119,BGS25,5.042712424020907
1000,8,gaussian,1.5,4.27961722884659,119,BGN11,4.697270650881368
1000,8,gaussian,1.5,4.27961722884659,120,Algorithm 1,4.558544540466639
1000,8,gaussian,1.5,4.27961722884659,120,BGS25,5.183993108072347
1000,8,gaussian,1.5,4.27961722884659,120,BGN11,4.87023685293718
1000,8,gaussian,1.5,4.27961722884659,121,Algorithm 1,4.009532139082602
1000,8,gaussian,1.5,4.27961722884659,121,BGS25,4.880695144516073
1000,8,gaussian,1.5,4.27961722884659,121,BGN11,4.5077612705928605
1000,8,gaussian,1.5,4.27961722884659,122,Algorithm 1,4.02730264840784
1000,8,gaussian,1.5,4.27961722884659,122,BGS25,4.755280714117461
1000,8,gaussian,1.5,4.27961722884659,122,BGN11,4.371442740448072
1000,8,gaussian,1.5,4.27961722884659,123,Algorithm 1,4.388196619339003
1000,8,gaussian,1.5,4.27961722884659,123,BGS25,5.073689486612923
1000,8,gaussian,1.5,4.27961722884659,123,BGN11,4.738209706537519
1000,8,gaussian,1.5,4.27961722884659,124,Algorithm 1,3.8247886585718502
1000,8,gaussian,1.5,4.27961722884659,124,BGS25,4.734522390881406
1000,8,gaussian,1.5,4.27961722884659,124,BGN11,4.351644959792192
1000,8,gaussian,1.5,4.27961722884659,125,Algorithm 1,4.4558728241194325
1000,8,gaussian,1.5,4.27961722884659,125,BGS25,5.013205264966358
1000,8,gaussian,1.5,4.27961722884659,125,BGN11,4.66581767979244
1000,8,gaussian,1.5,4.27961722884659,126,Algorithm 1,4.327720160336604
1000,8,gaussian,1.5,4.27961722884659,126,BGS25,4.91665457792123
1000,8,gaussian,1.5,4.27961722884659,126,BGN11,4.57037556276542
1000,8,gaussian,1.5,4.27961722884659,127,Algorithm 1,4.328974631233588
1000,8,gaussian,1.5,4.27961722884659,127,BGS25,4.956773261791621
1000,8,gaussian,1.5,4.27961722884659,127,BGN11,4.598849739789956
1000,8,gaussian,1.5,4.27961722884659,128,Algorithm 1,4.4121267487340114
1000,8,gaussian,1.5,4.27961722884659,128,BGS25,4.95530707695219
1000,8,gaussian,1.5,4.27961722884659,128,BGN11,4.602444445641795
1000,8,gaussian,1.5,4.27961722884659,129,Algorithm 1,4.409654761369712
1000,8,gaussian,1.5,4.27961722884659,129,BGS25,5.045077742149823
1000,8,gaussian,1.5,4.27961722884659,129,BGN11,4.705268393641165
1000,8,gaussian,1.5,4.27961722884659,130,Algorithm 1,4.357615117762854
1000,8,gaussian,1.5,4.27961722884659,130,BGS25,5.029198152698791
1000,8,gaussian,1.5,4.27961722884659,130,BGN11,4.688421481085145
1000,8,gaussian,1.5,4.27961722884659,131,Algorithm 1,4.328554625426798
1000,8,gaussian,1.5,4.27961722884659,131,BGS25,4.9382820333618636
1000,8,gaussian,1.5,4.27961722884659,131,BGN11,4.577060225887463
1000,8,gaussian,1.5,4.27961722884659,132,Algorithm 1,4.267457151829787
1000,8,gaussian,1.5,4.27961722884659,132,BGS25,4.9090371079891195
1000,8,gaussian,1.5,4.27961722884659,132,BGN11,4.540579406188838
1000,8,gaussian,1.5,4.27961722884659,133,Algorithm 1,4.155069807688095
1000,8,gaussian,1.5,4.27961722884659,133,BGS25,4.893201322143616
1000,8,gaussian,1.5,4.27961722884659,133,BGN11,4.53285687150374
1000,8,gaussian,1.5,4.27961722884659,134,Algorithm 1,4.549255845485664
1000,8,gaussian,1.5,4.27961722884659,134,BGS25,5.181058215515009
1000,8,gaussian,1.5,4.27961722884659,134,BGN11,4.8564094047877475
1000,8,gaussian,1.5,4.27961722884659,135,Algorithm 1,4.173000095187467
1000,8,gaussian,1.5,4.27961722884659,135,BGS25,4.953781031373299
1000,8,gaussian,1.5,4.27961722884659,135,BGN11,4.605236511010671
1000,8,gaussian,1.5,4.27961722884659,136,Algorithm 1,4.1942813493582065
1000,8,gaussian,1.5,4.27961722884659,136,BGS25,4.822826618064837
1000,8,gaussian,1.5,4.27961722884659,136,BGN11,4.456978292453224
1000,8,gaussian,1.5,4.27961722884659,137,Algorithm 1,4.391492156061349
1000,8,gaussian,1.5,4.27961722884659,137,BGS25,4.944606462808334
1000,8,gaussian,1.5,4.27961722884659,137,BGN11,4.584067058552638
1000,8,gaussian,1.5,4.27961722884659,138,Algorithm 1,4.165726704616901
1000,8,gaussian,1.5,4.27961722884659,138,BGS25,4.784509752236376
1000,8,gaussian,1.5,4.27961722884659,138,BGN11,4.405560158258356
1000,8,gaussian,1.5,4.27961722884659,139,Algorithm 1,4.23877248793161
1000,8,gaussian,1.5,4.27961722884659,139,BGS25,4.96288688815026
1000,8,gaussian,1.5,4.27961722884659,139,BGN11,4.6113629015996125
1000,8,gaussian,1.5,4.27961722884659,140,Algorithm 1,4.310406270360128
1000,8,gaussian,1.5,4.27961722884659,140,BGS25,4.839763929363157
1000,8,gaussian,1.5,4.27961722884659,140,BGN11,4.468709954945805
1000,8,gaussian,1.5,4.27961722884659,141,Algorithm 1,4.21184471191741
1000,8,gaussian,1.5,4.27961722884659,141,BGS25,4.963116263615146
1000,8,gaussian,1.5,4.27961722884659,141,BGN11,4.610198164793242
1000,8,gaussian,1.5,4.27961722884659,142,Algorithm 1,4.254591257087597
1000,8,gaussian,1.5,4.27961722884659,142,BGS25,4.920050069117852
1000,8,gaussian,1.5,4.27961722884659,142,BGN11,4.565073687145293
1000,8,gaussian,1.5,4.27961722884659,143,Algorithm 1,4.351226448158
1000,8,gaussian,1.5,4.27961722884659,143,BGS25,4.968282993330515
1000,8,gaussian,1.5,4.27961722884659,143,BGN11,4.6128984491121585
1000,8,gaussian,1.5,4.27961722884659,144,Algorithm 1,4.3595236225621
1000,8,gaussian,1.5,4.27961722884659,144,BGS25,4.98355988472956
1000,8,gaussian,1.5,4.27961722884659,144,BGN11,4.6423009077618556
1000,8,gaussian,1.5,4.27961722884659,145,Algorithm 1,4.598038540983913
1000,8,gaussian,1.5,4.27961722884659,145,BGS25,5.115027240011456
1000,8,gaussian,1.5,4.27961722884659,145,BGN11,4.781310877690033
1000,8,gaussian,1.5,4.27961722884659,146,Algorithm 1,4.0885233962318885
1000,8,gaussian,1.5,4.27961722884659,146,BGS25,4.812531079674847
1000,8,gaussian,1.5,4.27961722884659,146,BGN11,4.445809675631884
1000,8,gaussian,1.5,4.27961722884659,147,Algorithm 1,4.512546277558957
1000,8,gaussian,1.5,4.27961722884659,147,BGS25,5.1371993580473
1000,8,gaussian,1.5,4.27961722884659,147,BGN11,4.805558211578403
1000,8,gaussian,1.5,4.27961722884659,148,Algorithm 1,4.071298013868538
1000,8,gaussian,1.5,4.27961722884659,148,BGS25,4.8213653335968765
1000,8,gaussian,1.5,4.27961722884659,148,BGN11,4.446631093178508
1000,8,gaussian,1.5,4.27961722884659,149,Algorithm 1,4.407433309597614
1000,8,gaussian,1.5,4.27961722884659,149,BGS25,5.032070436324929
1000,8,gaussian,1.5,4.27961722884659,149,BGN11,4.6909234662191555
1000,8,gaussian,1.5,4.27961722884659,150,Algorithm 1,4.629472979191723
1000,8,gaussian,1.5,4.27961722884659,150,BGS25,5.078920129598054
1000,8,gaussian,1.5,4.27961722884659,150,BGN11,4.743377149871401
1000,8,gaussian,1.5,4.27961722884659,151,Algorithm 1,4.4318664478470975
1000,8,gaussian,1.5,4.27961722884659,151,BGS25,4.991713446198892
1000,8,gaussian,1.5,4.27961722884659,151,BGN11,4.645687996372004
1000,8,gaussian,1.5,4.27961722884659,152,Algorithm 1,4.4407227932465485
1000,8,gaussian,1.5,4.27961722884659,152,BGS25,5.156124330900797
1000,8,gaussian,1.5,4.27961722884659,152,BGN11,4.828574760821809
1000,8,gaussian,1.5,4.27961722884659,153,Algorithm 1,4.078025839649793
1000,8,gaussian,1.5,4.27961722884659,153,BGS25,4.705660242025589
1000,8,gaussian,1.5,4.27961722884659,153,BGN11,4.310219734206475
1000,8,gaussian,1.5,4.27961722884659,154,Algorithm 1,4.1869104715947945
1000,8,gaussian,1.5,4.27961722884659,154,BGS25,4.875289950516084
1000,8,gaussian,1.5,4.27961722884659,154,BGN11,4.513952349697596
1000,8,gaussian,1.5,4.27961722884659,155,Algorithm 1,4.320183849075348
1000,8,gaussian,1.5,4.27961722884659,155,BGS25,5.049672423596485
1000,8,gaussian,1.5,4.27961722884659,155,BGN11,4.715843625248502
1000,8,gaussian,1.5,4.27961722884659,156,Algorithm 1,4.514952112479492
1000,8,gaussian,1.5,4.27961722884659,156,BGS25,5.178417588648493
1000,8,gaussian,1.5,4.27961722884659,156,BGN11,4.860602238522781
1000,8,gaussian,1.5,4.27961722884659,157,Algorithm 1,4.0509696004879725
1000,8,gaussian,1.5,4.27961722884659,157,BGS25,4.932987955543096
1000,8,gaussian,1.5,4.27961722884659,157,BGN11,4.579438066847399
1000,8,gaussian,1.5,4.27961722884659,158,Algorithm 1,4.297431560100466
1000,8,gaussian,1.5,4.27961722884659,158,BGS25,4.928560724104132
1000,8,gaussian,1.5,4.27961722884659,158,BGN11,4.568650228672295
1000,8,gaussian,1.5,4.27961722884659,159,Algorithm 1,4.288131475225375
1000,8,gaussian,1.5,4.27961722884659,159,BGS25,4.790648756853907
1000,8,gaussian,1.5,4.27961722884659,159,BGN11,4.419448285058709
1000,8,gaussian,1.5,4.27961722884659,160,Algorithm 1,4.243335540688447
1000,8,gaussian,1.5,4.27961722884659,160,BGS25,4.965911142922982
1000,8,gaussian,1.5,4.27961722884659,160,BGN11,4.617888860265134
1000,8,gaussian,1.5,4.27961722884659,161,Algorithm 1,4.382838541365114
1000,8,gaussian,1.5,4.27961722884659,161,BGS25,5.011810224291847
1000,8,gaussian,1.5,4.27961722884659,161,BGN11,4.668380884515947
1000,8,gaussian,1.5,4.27961722884659,162,Algorithm 1,4.357361753268991
1000,8,gaussian,1.5,4.27961722884659,162,BGS25,4.874877422858386
1000,8,gaussian,1.5,4.27961722884659,162,BGN11,4.506016065454583
1000,8,gaussian,1.5,4.27961722884659,163,Algorithm 1,4.368617463259865
1000,8,gaussian,1.5,4.27961722884659,163,BGS25,4.951468315403114
1000,8,gaussian,1.5,4.27961722884659,163,BGN11,4.609594574497712
1000,8,gaussian,1.5,4.27961722884659,164,Algorithm 1,4.22944616209583
1000,8,gaussian,1.5,4.27961722884659,164,BGS25,4.877282557103545
1000,8,gaussian,1.5,4.27961722884659,164,BGN11,4.508856640582882
1000,8,gaussian,1.5,4.27961722884659,165,Algorithm 1,4.156382144370088
1000,8,gaussian,1.5,4.27961722884659,165,BGS25,4.855975765215696
1000,8,gaussian,1.5,4.27961722884659,165,BGN11,4.484221275507081
1000,8,gaussian,1.5,4.27961722884659,166,Algorithm 1,4.4108507032432795
1000,8,gaussian,1.5,4.27961722884659,166,BGS25,5.005348333207108
1000,8,gaussian,1.5,4.27961722884659,166,BGN11,4.658607246559314
1000,8,gaussian,1.5,4.27961722884659,167,Algorithm 1,4.044587054905466
1000,8,gaussian,1.5,4.27961722884659,167,BGS25,4.860251494341151
1000,8,gaussian,1.5,4.27961722884659,167,BGN11,4.49997176578839
1000,8,gaussian,1.5,4.27961722884659,168,Algorithm 1,4.527278715521737
1000,8,gaussian,1.5,4.27961722884659,168,BGS25,5.113152174562197
1000,8,gaussian,1.5,4.27961722884659,168,BGN11,4.780888517018714
1000,8,gaussian,1.5,4.27961722884659,169,Algorithm 1,4.104991932272586
1000,8,gaussian,1.5,4.27961722884659,169,BGS25,4.844709763874505
1000,8,gaussian,1.5,4.27961722884659,169,BGN11,4.478736522069147
1000,8,gaussian,1.5,4.27961722884659,170,Algorithm 1,4.048949598030642
1000,8,gaussian,1.5,4.27961722884659,170,BGS25,4.71651863804532
1000,8,gaussian,1.5,4.27961722884659,170,BGN11,4.3291297850004895
1000,8,gaussian,1.5,4.27961722884659,171,Algorithm 1,4.275712733990737
1000,8,gaussian,1.5,4.27961722884659,171,BGS25,4.957238019938671
1000,8,gaussian,1.5,4.27961722884659,171,BGN11,4.6095365794866225
1000,8,gaussian,1.5,4.27961722884659,172,Algorithm 1,4.3638693215274404
1000,8,gaussian,1.5,4.27961722884659,172,BGS25,5.033853619448625
1000,8,gaussian,1.5,4.27961722884659,172,BGN11,4.686949595459496
1000,8,gaussian,1.5,4.27961722884659,173,Algorithm 1,4.403243114116182
1000,8,gaussian,1.5,4.27961722884659,173,BGS25,4.9694630668430975
1000,8,gaussian,1.5,4.27961722884659,173,BGN11,4.612538311907251
1000,8,gaussian,1.5,4.27961722884659,174,Algorithm 1,3.9229108160348316
1000,8,gaussian,1.5,4.27961722884659,174,BGS25,4.72836648463046
1000,8,gaussian,1.5,4.27961722884659,174,BGN11,4.338607951979141
1000,8,gaussian,1.5,4.27961722884659,175,Algorithm 1,4.180121661421174
1000,8,gaussian,1.5,4.27961722884659,175,BGS25,4.897173850800586
1000,8,gaussian,1.5,4.27961722884659,175,BGN11,4.533888961972908
1000,8,gaussian,1.5,4.27961722884659,176,Algorithm 1,4.186710342772047
1000,8,gaussian,1.5,4.27961722884659,176,BGS25,4.89117916542277
1000,8,gaussian,1.5,4.27961722884659,176,BGN11,4.531561529561375
1000,8,gaussian,1.5,4.27961722884659,177,Algorithm 1,4.265409338587366
1000,8,gaussian,1.5,4.27961722884659,177,BGS25,4.898844820258481
1000,8,gaussian,1.5,4.27961722884659,177,BGN11,4.540495831732039
1000,8,gaussian,1.5,4.27961722884659,178,Algorithm 1,4.09760334660771
1000,8,gaussian,1.5,4.27961722884659,178,BGS25,4.778032174433742
1000,8,gaussian,1.5,4.27961722884659,178,BGN11,4.391990900700051
1000,8,gaussian,1.5,4.27961722884659,179,Algorithm 1,4.148458139729964
1000,8,gaussian,1.5,4.27961722884659,179,BGS25,4.8221751077824715
1000,8,gaussian,1.5,4.27961722884659,179,BGN11,4.448310325661554
1000,8,gaussian,1.5,4.27961722884659,180,Algorithm 1,4.372929990601247
1000,8,gaussian,1.5,4.27961722884659,180,BGS25,5.00860932862637
1000,8,gaussian,1.5,4.27961722884659,180,BGN11,4.663608155090105
1000,8,gaussian,1.5,4.27961722884659,181,Algorithm 1,4.427135643269343
1000,8,gaussian,1.5,4.27961722884659,181,BGS25,5.00340519780905
1000,8,gaussian,1.5,4.27961722884659,181,BGN11,4.663049912595147
1000,8,gaussian,1.5,4.27961722884659,182,Algorithm 1,4.326427602434472
1000,8,gaussian,1.5,4.27961722884659,182,BGS25,4.992060971973725
1000,8,gaussian,1.5,4.27961722884659,182,BGN11,4.647348541866336
1000,8,gaussian,1.5,4.27961722884659,183,Algorithm 1,4.270111397663324
1000,8,gaussian,1.5,4.27961722884659,183,BGS25,4.945399278872552
1000,8,gaussian,1.5,4.27961722884659,183,BGN11,4.591378491987071
1000,8,gaussian,1.5,4.27961722884659,184,Algorithm 1,4.343308768133886
1000,8,gaussian,1.5,4.27961722884659,184,BGS25,5.0261830300299986
1000,8,gaussian,1.5,4.27961722884659,184,BGN11,4.6809413454442055
1000,8,gaussian,1.5,4.27961722884659,185,Algorithm 1,4.147880341387319
1000,8,gaussian,1.5,4.27961722884659,185,BGS25,4.886025180752462
1000,8,gaussian,1.5,4.27961722884659,185,BGN11,4.518238473931819
1000,8,gaussian,1.5,4.27961722884659,186,Algorithm 1,4.181578679601439
1000,8,gaussian,1.5,4.27961722884659,186,BGS25,4.913304910564404
1000,8,gaussian,1.5,4.27961722884659,186,BGN11,4.55242901044326
1000,8,gaussian,1.5,4.27961722884659,187,Algorithm 1,4.268092870081248
1000,8,gaussian,1.5,4.27961722884659,187,BGS25,4.921156107753809
1000,8,gaussian,1.5,4.27961722884659,187,BGN11,4.562828567195046
1000,8,gaussian,1.5,4.27961722884659,188,Algorithm 1,4.308662912487161
1000,8,gaussian,1.5,4.27961722884659,188,BGS25,4.892284299840021
1000,8,gaussian,1.5,4.27961722884659,188,BGN11,4.5286675225375665
1000,8,gaussian,1.5,4.27961722884659,189,Algorithm 1,4.107535578248672
1000,8,gaussian,1.5,4.27961722884659,189,BGS25,5.018451597320894
1000,8,gaussian,1.5,4.27961722884659,189,BGN11,4.674519885667768
1000,8,gaussian,1.5,4.27961722884659,190,Algorithm 1,4.2009432054825
1000,8,gaussian,1.5,4.27961722884659,190,BGS25,4.824183203897632
1000,8,gaussian,1.5,4.27961722884659,190,BGN11,4.446940920340198
1000,8,gaussian,1.5,4.27961722884659,191,Algorithm 1,4.028491599823306
1000,8,gaussian,1.5,4.27961722884659,191,BGS25,4.7057654973177865
1000,8,gaussian,1.5,4.27961722884659,191,BGN11,4.316061267322153
1000,8,gaussian,1.5,4.27961722884659,192,Algorithm 1,3.9965033664229015
1000,8,gaussian,1.5,4.27961722884659,192,BGS25,4.6951718276616
1000,8,gaussian,1.5,4.27961722884659,192,BGN11,4.30621759448831
1000,8,gaussian,1.5,4.27961722884659,193,Algorithm 1,3.9812590083609094
1000,8,gaussian,1.5,4.27961722884659,193,BGS25,4.802697172878176
1000,8,gaussian,1.5,4.27961722884659,193,BGN11,4.426658799640199
1000,8,gaussian,1.5,4.27961722884659,194,Algorithm 1,4.112802971644901
1000,8,gaussian,1.5,4.27961722884659,194,BGS25,4.9028968661556105
1000,8,gaussian,1.5,4.27961722884659,194,BGN11,4.550897443543679
1000,8,gaussian,1.5,4.27961722884659,195,Algorithm 1,4.490485214787791
1000,8,gaussian,1.5,4.27961722884659,195,BGS25,5.085749098692656
1000,8,gaussian,1.5,4.27961722884659,195,BGN11,4.75912482873878
1000,8,gaussian,1.5,4.27961722884659,196,Algorithm 1,4.310022129719941
1000,8,gaussian,1.5,4.27961722884659,196,BGS25,4.969522681454759
1000,8,gaussian,1.5,4.27961722884659,196,BGN11,4.61348542647967
1000,8,gaussian,1.5,4.27961722884659,197,Algorithm 1,4.370375562660753
1000,8,gaussian,1.5,4.27961722884659,197,BGS25,5.018078528382825
1000,8,gaussian,1.5,4.27961722884659,197,BGN11,4.6736500998268395
1000,8,gaussian,1.5,4.27961722884659,198,Algorithm 1,4.23698093836412
1000,8,gaussian,1.5,4.27961722884659,198,BGS25,4.859173978906202
1000,8,gaussian,1.5,4.27961722884659,198,BGN11,4.495797700959692
1000,8,gaussian,1.5,4.27961722884659,199,Algorithm 1,4.413523705516117
1000,8,gaussian,1.5,4.27961722884659,199,BGS25,5.031542463126081
1000,8,gaussian,1.5,4.27961722884659,199,BGN11,4.686441769535982
1000,8,gaussian,1.5,4.27961722884659,200,Algorithm 1,4.036832114917363
1000,8,gaussian,1.5,4.27961722884659,200,BGS25,4.774890919195737
1000,8,gaussian,1.5,4.27961722884659,200,BGN11,4.393633324656713
1000,8,gaussian,1.5,4.27961722884659,201,Algorithm 1,3.924837369167551
1000,8,gaussian,1.5,4.27961722884659,201,BGS25,4.6778886515648175
1000,8,gaussian,1.5,4.27961722884659,201,BGN11,4.282019813946144
1000,8,gaussian,1.5,4.27961722884659,202,Algorithm 1,4.385405058162135
1000,8,gaussian,1.5,4.27961722884659,202,BGS25,4.914255895864814
1000,8,gaussian,1.5,4.27961722884659,202,BGN11,4.565067128999522
1000,8,gaussian,1.5,4.27961722884659,203,Algorithm 1,4.300220270737195
1000,8,gaussian,1.5,4.27961722884659,203,BGS25,5.057495376814357
1000,8,gaussian,1.5,4.27961722884659,203,BGN11,4.723422680000647
1000,8,gaussian,1.5,4.27961722884659,204,Algorithm 1,4.413500606490401
1000,8,gaussian,1.5,4.27961722884659,204,BGS25,5.0238543595517005
1000,8,gaussian,1.5,4.27961722884659,204,BGN11,4.686895596149086
1000,8,gaussian,1.5,4.27961722884659,205,Algorithm 1,4.372506849513186
1000,8,gaussian,1.5,4.27961722884659,205,BGS25,5.093927553837672
1000,8,gaussian,1.5,4.27961722884659,205,BGN11,4.757160053612408
1000,8,gaussian,1.5,4.27961722884659,206,Algorithm 1,4.446233619403789
1000,8,gaussian,1.5,4.27961722884659,206,BGS25,4.988658188688092
1000,8,gaussian,1.5,4.27961722884659,206,BGN11,4.638501086633126
1000,8,gaussian,1.5,4.27961722884659,207,Algorithm 1,4.1494323748255395
1000,8,gaussian,1.5,4.27961722884659,207,BGS25,4.8756159420482685
1000,8,gaussian,1.5,4.27961722884659,207,BGN11,4.513049087842751
1000,8,gaussian,1.5,4.27961722884659,208,Algorithm 1,4.244443945741981
1000,8,gaussian,1.5,4.27961722884659,208,BGS25,4.916715338712981
1000,8,gaussian,1.5,4.27961722884659,208,BGN11,4.5614576288098165
1000,8,gaussian,1.5,4.27961722884659,209,Algorithm 1,4.516967985207985
1000,8,gaussian,1.5,4.27961722884659,209,BGS25,5.136048932600539
1000,8,gaussian,1.5,4.27961722884659,209,BGN11,4.807772424952701
1000,8,gaussian,1.5,4.27961722884659,210,Algorithm 1,4.0878015037947995
1000,8,gaussian,1.5,4.27961722884659,210,BGS25,4.8108777030778835
1000,8,gaussian,1.5,4.27961722884659,210,BGN11,4.427906192070061
1000,8,gaussian,1.5,4.27961722884659,211,Algorithm 1,4.270236404643166
1000,8,gaussian,1.5,4.27961722884659,211,BGS25,5.033456672519771
1000,8,gaussian,1.5,4.27961722884659,211,BGN11,4.695859351369954
1000,8,gaussian,1.5,4.27961722884659,212,Algorithm 1,4.428980395050904
1000,8,gaussian,1.5,4.27961722884659,212,BGS25,5.062739274879942
1000,8,gaussian,1.5,4.27961722884659,212,BGN11,4.724828541466343
1000,8,gaussian,1.5,4.27961722884659,213,Algorithm 1,4.154669028625166
1000,8,gaussian,1.5,4.27961722884659,213,BGS25,4.977571430506783
1000,8,gaussian,1.5,4.27961722884659,213,BGN11,4.624743600789508
1000,8,gaussian,1.5,4.27961722884659,214,Algorithm 1,4.274853245918415
1000,8,gaussian,1.5,4.27961722884659,214,BGS25,4.831645023367637
1000,8,gaussian,1.5,4.27961722884659,214,BGN11,4.461068711795037
1000,8,gaussian,1.5,4.27961722884659,215,Algorithm 1,4.263971033933251
1000,8,gaussian,1.5,4.27961722884659,215,BGS25,4.979745439007237
1000,8,gaussian,1.5,4.27961722884659,215,BGN11,4.634844713408184
1000,8,gaussian,1.5,4.27961722884659,216,Algorithm 1,4.448334237346274
1000,8,gaussian,1.5,4.27961722884659,216,BGS25,5.052009292607031
1000,8,gaussian,1.5,4.27961722884659,216,BGN11,4.715689350042828
1000,8,gaussian,1.5,4.27961722884659,217,Algorithm 1,4.336610549747568
1000,8,gaussian,1.5,4.27961722884659,217,BGS25,4.847554969157159
1000,8,gaussian,1.5,4.27961722884659,217,BGN11,4.473244538311777
1000,8,gaussian,1.5,4.27961722884659,218,Algorithm 1,4.29309596725551
1000,8,gaussian,1.5,4.27961722884659,218,BGS25,4.968506652134166
1000,8,gaussian,1.5,4.27961722884659,218,BGN11,4.616847750117977
1000,8,gaussian,1.5,4.27961722884659,219,Algorithm 1,3.9562063867255075
1000,8,gaussian,1.5,4.27961722884659,219,BGS25,4.62898556278741
1000,8,gaussian,1.5,4.27961722884659,219,BGN11,4.223248979932284
1000,8,gaussian,1.5,4.27961722884659,220,Algorithm 1,4.437240742685011
1000,8,gaussian,1.5,4.27961722884659,220,BGS25,5.017599010155403
1000,8,gaussian,1.5,4.27961722884659,220,BGN11,4.6673807475189575
1000,8,gaussian,1.5,4.27961722884659,221,Algorithm 1,4.3257880044174275
1000,8,gaussian,1.5,4.27961722884659,221,BGS25,4.956891461370798
1000,8,gaussian,1.5,4.27961722884659,221,BGN11,4.608415014982097
1000,8,gaussian,1.5,4.27961722884659,222,Algorithm 1,4.3544811396197
1000,8,gaussian,1.5,4.27961722884659,222,BGS25,4.97436595258168
1000,8,gaussian,1.5,4.27961722884659,222,BGN11,4.625135136417751
1000,8,gaussian,1.5,4.27961722884659,223,Algorithm 1,4.239669633914703
1000,8,gaussian,1.5,4.27961722884659,223,BGS25,5.002534217714228
1000,8,gaussian,1.5,4.27961722884659,223,BGN11,4.655722315150314
1000,8,gaussian,1.5,4.27961722884659,224,Algorithm 1,4.311502580987437
1000,8,gaussian,1.5,4.27961722884659,224,BGS25,5.04991076309534
1000,8,gaussian,1.5,4.27961722884659,224,BGN11,4.708216890957461
1000,8,gaussian,1.5,4.27961722884659,225,Algorithm 1,4.361872423870368
1000,8,gaussian,1.5,4.27961722884659,225,BGS25,4.993644517696654
1000,8,gaussian,1.5,4.27961722884659,225,BGN11,4.645920649856484
1000,8,gaussian,1.5,4.27961722884659,226,Algorithm 1,3.9686366699519566
1000,8,gaussian,1.5,4.27961722884659,226,BGS25,4.67798769056542
1000,8,gaussian,1.5,4.27961722884659,226,BGN11,4.275338726211306
1000,8,gaussian,1.5,4.27961722884659,227,Algorithm 1,4.1128684100522355
1000,8,gaussian,1.5,4.27961722884659,227,BGS25,4.854856431973702
1000,8,gaussian,1.5,4.27961722884659,227,BGN11,4.491049606485208
1000,8,gaussian,1.5,4.27961722884659,228,Algorithm 1,4.210311331684539
1000,8,gaussian,1.5,4.27961722884659,228,BGS25,4.855635447167893
1000,8,gaussian,1.5,4.27961722884659,228,BGN11,4.486781942475586
1000,8,gaussian,1.5,4.27961722884659,229,Algorithm 1,4.4642917417888155
1000,8,gaussian,1.5,4.27961722884659,229,BGS25,5.020065145394216
1000,8,gaussian,1.5,4.27961722884659,229,BGN11,4.6794073317229365
1000,8,gaussian,1.5,4.27961722884659,230,Algorithm 1,3.9769099862769606
1000,8,gaussian,1.5,4.27961722884659,230,BGS25,4.6920593334325815
1000,8,gaussian,1.5,4.27961722884659,230,BGN11,4.29938641974874
1000,8,gaussian,1.5,4.27961722884659,231,Algorithm 1,4.202303699480951
1000,8,gaussian,1.5,4.27961722884659,231,BGS25,4.8782175302212565
1000,8,gaussian,1.5,4.27961722884659,231,BGN11,4.521958136150666
1000,8,gaussian,1.5,4.27961722884659,232,Algorithm 1,4.186574747562435
1000,8,gaussian,1.5,4.27961722884659,232,BGS25,4.8956957404737835
1000,8,gaussian,1.5,4.27961722884659,232,BGN11,4.537147741053935
1000,8,gaussian,1.5,4.27961722884659,233,Algorithm 1,4.1324246766180615
1000,8,gaussian,1.5,4.27961722884659,233,BGS25,4.878079764887914
1000,8,gaussian,1.5,4.27961722884659,233,BGN11,4.516625898015759
1000,8,gaussian,1.5,4.27961722884659,234,Algorithm 1,4.1086109641645105
1000,8,gaussian,1.5,4.27961722884659,234,BGS25,4.793014526865045
1000,8,gaussian,1.5,4.27961722884659,234,BGN11,4.407935775623486
1000,8,gaussian,1.5,4.27961722884659,235,Algorithm 1,4.239599168165161
1000,8,gaussian,1.5,4.27961722884659,235,BGS25,5.004046599569543
1000,8,gaussian,1.5,4.27961722884659,235,BGN11,4.656392298320881
1000,8,gaussian,1.5,4.27961722884659,236,Algorithm 1,4.373715277193957
1000,8,gaussian,1.5,4.27961722884659,236,BGS25,4.944151916653667
1000,8,gaussian,1.5,4.27961722884659,236,BGN11,4.592834698734073
1000,8,gaussian,1.5,4.27961722884659,237,Algorithm 1,4.232050688400001
1000,8,gaussian,1.5,4.27961722884659,237,BGS25,4.884033719551079
1000,8,gaussian,1.5,4.27961722884659,237,BGN11,4.523747079173146
1000,8,gaussian,1.5,4.27961722884659,238,Algorithm 1,4.180760834478227
1000,8,gaussian,1.5,4.27961722884659,238,BGS25,4.977432575182778
1000,8,gaussian,1.5,4.27961722884659,238,BGN11,4.62478955589777
1000,8,gaussian,1.5,4.27961722884659,239,Algorithm 1,4.1113281134635
1000,8,gaussian,1.5,4.27961722884659,239,BGS25,4.829226605418041
1000,8,gaussian,1.5,4.27961722884659,239,BGN11,4.461724174651765
1000,8,gaussian,1.5,4.27961722884659,240,Algorithm 1,4.33961643717494
1000,8,gaussian,1.5,4.27961722884659,240,BGS25,4.993935917353529
1000,8,gaussian,1.5,4.27961722884659,240,BGN11,4.647428471329715
1000,8,gaussian,1.5,4.27961722884659,241,Algorithm 1,4.238986056599774
1000,8,gaussian,1.5,4.27961722884659,241,BGS25,4.887467116131855
1000,8,gaussian,1.5,4.27961722884659,241,BGN11,4.527023562797614
1000,8,gaussian,1.5,4.27961722884659,242,Algorithm 1,4.497009730088933
1000,8,gaussian,1.5,4.27961722884659,242,BGS25,5.0728300340642605
1000,8,gaussian,1.5,4.27961722884659,242,BGN11,4.731105263219941
1000,8,gaussian,1.5,4.27961722884659,243,Algorithm 1,4.533030099620161
1000,8,gaussian,1.5,4.27961722884659,243,BGS25,5.168670184387731
1000,8,gaussian,1.5,4.27961722884659,243,BGN11,4.850474358535947
1000,8,gaussian,1.5,4.27961722884659,244,Algorithm 1,4.544564773641358
1000,8,gaussian,1.5,4.27961722884659,244,BGS25,5.074590490092019
1000,8,gaussian,1.5,4.27961722884659,244,BGN11,4.737383201554085
1000,8,gaussian,1.5,4.27961722884659,245,Algorithm 1,4.271674775477608
1000,8,gaussian,1.5,4.27961722884659,245,BGS25,4.805259784320006
1000,8,gaussian,1.5,4.27961722884659,245,BGN11,4.428206248250097
1000,8,gaussian,1.5,4.27961722884659,246,Algorithm 1,4.341625654275513
1000,8,gaussian,1.5,4.27961722884659,246,BGS25,5.1319118106348895
1000,8,gaussian,1.5,4.27961722884659,246,BGN11,4.808939361964668
1000,8,gaussian,1.5,4.27961722884659,247,Algorithm 1,4.246215107583519
1000,8,gaussian,1.5,4.27961722884659,247,BGS25,5.045020238981447
1000,8,gaussian,1.5,4.27961722884659,247,BGN11,4.704609469847973
1000,8,gaussian,1.5,4.27961722884659,248,Algorithm 1,4.202674868767733
1000,8,gaussian,1.5,4.27961722884659,248,BGS25,4.764733412120467
1000,8,gaussian,1.5,4.27961722884659,248,BGN11,4.382264405753092
1000,8,gaussian,1.5,4.27961722884659,249,Algorithm 1,4.126281858038734
1000,8,gaussian,1.5,4.27961722884659,249,BGS25,4.8846235064701276
1000,8,gaussian,1.5,4.27961722884659,249,BGN11,4.529009781294637
1000,8,gaussian,1.5,4.27961722884659,250,Algorithm 1,4.390680118330378
1000,8,gaussian,1.5,4.27961722884659,250,BGS25,5.051834101146342
1000,8,gaussian,1.5,4.27961722884659,250,BGN11,4.71779213123841
1000,8,gaussian,1.5,4.27961722884659,251,Algorithm 1,4.128368246903604
1000,8,gaussian,1.5,4.27961722884659,251,BGS25,4.886948005684337
1000,8,gaussian,1.5,4.27961722884659,251,BGN11,4.527576965191635
1000,8,gaussian,1.5,4.27961722884659,252,Algorithm 1,4.656326859800446
1000,8,gaussian,1.5,4.27961722884659,252,BGS25,5.176422514659392
1000,8,gaussian,1.5,4.27961722884659,252,BGN11,4.8488427774307725
1000,8,gaussian,1.5,4.27961722884659,253,Algorithm 1,4.37282710123609
1000,8,gaussian,1.5,4.27961722884659,253,BGS25,5.06778576891727
1000,8,gaussian,1.5,4.27961722884659,253,BGN11,4.7311734255835205
1000,8,gaussian,1.5,4.27961722884659,254,Algorithm 1,4.095756251157025
1000,8,gaussian,1.5,4.27961722884659,254,BGS25,4.886206003793754
1000,8,gaussian,1.5,4.27961722884659,254,BGN11,4.5275471208276565
1000,8,gaussian,1.5,4.27961722884659,255,Algorithm 1,3.8111644305421963
1000,8,gaussian,1.5,4.27961722884659,255,BGS25,4.701211841900378
1000,8,gaussian,1.5,4.27961722884659,255,BGN11,4.309923942983224
1000,8,gaussian,1.5,4.27961722884659,256,Algorithm 1,4.300667179094207
1000,8,gaussian,1.5,4.27961722884659,256,BGS25,4.911620260552157
1000,8,gaussian,1.5,4.27961722884659,256,BGN11,4.545712760406394
1000,8,gaussian,1.5,4.27961722884659,257,Algorithm 1,4.118237445950635
1000,8,gaussian,1.5,4.27961722884659,257,BGS25,4.90964677419689
1000,8,gaussian,1.5,4.27961722884659,257,BGN11,4.551577021107498
1000,8,gaussian,1.5,4.27961722884659,258,Algorithm 1,4.286891918055345
1000,8,gaussian,1.5,4.27961722884659,258,BGS25,4.9333036583910435
1000,8,gaussian,1.5,4.27961722884659,258,BGN11,4.575502520180112
1000,8,gaussian,1.5,4.27961722884659,259,Algorithm 1,4.35396523825266
1000,8,gaussian,1.5,4.27961722884659,259,BGS25,4.9619819393393865
1000,8,gaussian,1.5,4.27961722884659,259,BGN11,4.615087196708859
1000,8,gaussian,1.5,4.27961722884659,260,Algorithm 1,4.358255347889165
1000,8,gaussian,1.5,4.27961722884659,260,BGS25,4.934388364035494
1000,8,gaussian,1.5,4.27961722884659,260,BGN11,4.569702358309617
1000,8,gaussian,1.5,4.27961722884659,261,Algorithm 1,4.201961992367198
1000,8,gaussian,1.5,4.27961722884659,261,BGS25,4.872989404338945
1000,8,gaussian,1.5,4.27961722884659,261,BGN11,4.505873682709047
1000,8,gaussian,1.5,4.27961722884659,262,Algorithm 1,4.3740571996848585
1000,8,gaussian,1.5,4.27961722884659,262,BGS25,5.138204371440924
1000,8,gaussian,1.5,4.27961722884659,262,BGN11,4.814427036704063
1000,8,gaussian,1.5,4.27961722884659,263,Algorithm 1,4.307087342781146
1000,8,gaussian,1.5,4.27961722884659,263,BGS25,5.005886976550973
1000,8,gaussian,1.5,4.27961722884659,263,BGN11,4.664438568661621
1000,8,gaussian,1.5,4.27961722884659,264,Algorithm 1,4.520100964832294
1000,8,gaussian,1.5,4.27961722884659,264,BGS25,5.248500278849216
1000,8,gaussian,1.5,4.27961722884659,264,BGN11,4.92286888099916
1000,8,gaussian,1.5,4.27961722884659,265,Algorithm 1,4.531104469499467
1000,8,gaussian,1.5,4.27961722884659,265,BGS25,5.122957290845662
1000,8,gaussian,1.5,4.27961722884659,265,BGN11,4.787099260835107
1000,8,gaussian,1.5,4.27961722884659,266,Algorithm 1,4.413616096944876
1000,8,gaussian,1.5,4.27961722884659,266,BGS25,5.086532036932395
1000,8,gaussian,1.5,4.27961722884659,266,BGN11,4.7522947091705525
1000,8,gaussian,1.5,4.27961722884659,267,Algorithm 1,4.360782667962973
1000,8,gaussian,1.5,4.27961722884659,267,BGS25,4.983878533001549
1000,8,gaussian,1.5,4.27961722884659,267,BGN11,4.637370116700743
1000,8,gaussian,1.5,4.27961722884659,268,Algorithm 1,4.336134457958594
1000,8,gaussian,1.5,4.27961722884659,268,BGS25,4.949863484414555
1000,8,gaussian,1.5,4.27961722884659,268,BGN11,4.599737855556259
1000,8,gaussian,1.5,4.27961722884659,269,Algorithm 1,4.376233455152836
1000,8,gaussian,1.5,4.27961722884659,269,BGS25,5.016203447512591
1000,8,gaussian,1.5,4.27961722884659,269,BGN11,4.670087182451428
1000,8,gaussian,1.5,4.27961722884659,270,Algorithm 1,4.448561696481943
1000,8,gaussian,1.5,4.27961722884659,270,BGS25,5.102997855727935
1000,8,gaussian,1.5,4.27961722884659,270,BGN11,4.776069480206426
1000,8,gaussian,1.5,4.27961722884659,271,Algorithm 1,4.33541235460375
1000,8,gaussian,1.5,4.27961722884659,271,BGS25,4.941718416477023
1000,8,gaussian,1.5,4.27961722884659,271,BGN11,4.588154695958619
1000,8,gaussian,1.5,4.27961722884659,272,Algorithm 1,4.106591425068506
1000,8,gaussian,1.5,4.27961722884659,272,BGS25,4.967756729011047
1000,8,gaussian,1.5,4.27961722884659,272,BGN11,4.623419825667289
1000,8,gaussian,1.5,4.27961722884659,273,Algorithm 1,4.28125948122564
1000,8,gaussian,1.5,4.27961722884659,273,BGS25,4.818851967974637
1000,8,gaussian,1.5,4.27961722884659,273,BGN11,4.440093299107393
1000,8,gaussian,1.5,4.27961722884659,274,Algorithm 1,4.249269799324431
1000,8,gaussian,1.5,4.27961722884659,274,BGS25,4.9413438147616535
1000,8,gaussian,1.5,4.27961722884659,274,BGN11,4.586692863182977
1000,8,gaussian,1.5,4.27961722884659,275,Algorithm 1,4.189597423263397
1000,8,gaussian,1.5,4.27961722884659,275,BGS25,4.833571578226073
1000,8,gaussian,1.5,4.27961722884659,275,BGN11,4.46102302880111
1000,8,gaussian,1.5,4.27961722884659,276,Algorithm 1,4.1973889591466875
1000,8,gaussian,1.5,4.27961722884659,276,BGS25,4.868943450296766
1000,8,gaussian,1.5,4.27961722884659,276,BGN11,4.500765405258914
1000,8,gaussian,1.5,4.27961722884659,277,Algorithm 1,4.303042789175228
1000,8,gaussian,1.5,4.27961722884659,277,BGS25,4.886249252044939
1000,8,gaussian,1.5,4.27961722884659,277,BGN11,4.520751659004779
1000,8,gaussian,1.5,4.27961722884659,278,Algorithm 1,4.189857562019872
1000,8,gaussian,1.5,4.27961722884659,278,BGS25,4.8188385164774115
1000,8,gaussian,1.5,4.27961722884659,278,BGN11,4.443418470617821
1000,8,gaussian,1.5,4.27961722884659,279,Algorithm 1,4.089089441044158
1000,8,gaussian,1.5,4.27961722884659,279,BGS25,4.821211859785645
1000,8,gaussian,1.5,4.27961722884659,279,BGN11,4.452786650374274
1000,8,gaussian,1.5,4.27961722884659,280,Algorithm 1,4.198037863771299
1000,8,gaussian,1.5,4.27961722884659,280,BGS25,5.011637611817232
1000,8,gaussian,1.5,4.27961722884659,280,BGN11,4.662929528013051
1000,8,gaussian,1.5,4.27961722884659,281,Algorithm 1,4.244192007107329
1000,8,gaussian,1.5,4.27961722884659,281,BGS25,4.98008901512388
1000,8,gaussian,1.5,4.27961722884659,281,BGN11,4.627115419479515
1000,8,gaussian,1.5,4.27961722884659,282,Algorithm 1,4.29096499975805
1000,8,gaussian,1.5,4.27961722884659,282,BGS25,4.969767482257324
1000,8,gaussian,1.5,4.27961722884659,282,BGN11,4.619235149116314
1000,8,gaussian,1.5,4.27961722884659,283,Algorithm 1,4.054628111008524
1000,8,gaussian,1.5,4.27961722884659,283,BGS25,4.681467586731065
1000,8,gaussian,1.5,4.27961722884659,283,BGN11,4.28231451044787
1000,8,gaussian,1.5,4.27961722884659,284,Algorithm 1,4.09773378661069
1000,8,gaussian,1.5,4.27961722884659,284,BGS25,4.85250270907947
1000,8,gaussian,1.5,4.27961722884659,284,BGN11,4.487259905104329
1000,8,gaussian,1.5,4.27961722884659,285,Algorithm 1,4.3409921952434924
1000,8,gaussian,1.5,4.27961722884659,285,BGS25,4.943275467967807
1000,8,gaussian,1.5,4.27961722884659,285,BGN11,4.595315843843046
1000,8,gaussian,1.5,4.27961722884659,286,Algorithm 1,4.281683211329692
1000,8,gaussian,1.5,4.27961722884659,286,BGS25,4.92457021254307
1000,8,gaussian,1.5,4.27961722884659,286,BGN11,4.564301023276866
1000,8,gaussian,1.5,4.27961722884659,287,Algorithm 1,4.515591053843901
1000,8,gaussian,1.5,4.27961722884659,287,BGS25,5.077883784861921
1000,8,gaussian,1.5,4.27961722884659,287,BGN11,4.7405652008417265
1000,8,gaussian,1.5,4.27961722884659,288,Algorithm 1,4.149657710089627
1000,8,gaussian,1.5,4.27961722884659,288,BGS25,4.912726412614935
1000,8,gaussian,1.5,4.27961722884659,288,BGN11,4.559378787119674
1000,8,gaussian,1.5,4.27961722884659,289,Algorithm 1,4.3865366428577275
1000,8,gaussian,1.5,4.27961722884659,289,BGS25,5.016861627660049
1000,8,gaussian,1.5,4.27961722884659,289,BGN11,4.678979050256513
1000,8,gaussian,1.5,4.27961722884659,290,Algorithm 1,4.294802593874217
1000,8,gaussian,1.5,4.27961722884659,290,BGS25,4.970476824572669
1000,8,gaussian,1.5,4.27961722884659,290,BGN11,4.619407001144266
1000,8,gaussian,1.5,4.27961722884659,291,Algorithm 1,4.3199165827084665
1000,8,gaussian,1.5,4.27961722884659,291,BGS25,5.082386051155005
1000,8,gaussian,1.5,4.27961722884659,291,BGN11,4.751027273884515
1000,8,gaussian,1.5,4.27961722884659,292,Algorithm 1,4.193523408137414
1000,8,gaussian,1.5,4.27961722884659,292,BGS25,4.758765728147951
1000,8,gaussian,1.5,4.27961722884659,292,BGN11,4.378246122704766
1000,8,gaussian,1.5,4.27961722884659,293,Algorithm 1,4.284149482889915
1000,8,gaussian,1.5,4.27961722884659,293,BGS25,5.045179244532195
1000,8,gaussian,1.5,4.27961722884659,293,BGN11,4.70886760799019
1000,8,gaussian,1.5,4.27961722884659,294,Algorithm 1,4.4136474876124305
1000,8,gaussian,1.5,4.27961722884659,294,BGS25,4.98356034981053
1000,8,gaussian,1.5,4.27961722884659,294,BGN11,4.629879867509858
1000,8,gaussian,1.5,4.27961722884659,295,Algorithm 1,4.095566280120719
1000,8,gaussian,1.5,4.27961722884659,295,BGS25,4.863790454776988
1000,8,gaussian,1.5,4.27961722884659,295,BGN11,4.49704398346607
1000,8,gaussian,1.5,4.27961722884659,296,Algorithm 1,4.428619649790884
1000,8,gaussian,1.5,4.27961722884659,296,BGS25,5.083805398088397
1000,8,gaussian,1.5,4.27961722884659,296,BGN11,4.747082110120611
1000,8,gaussian,1.5,4.27961722884659,297,Algorithm 1,4.366056389959903
1000,8,gaussian,1.5,4.27961722884659,297,BGS25,5.07711344185075
1000,8,gaussian,1.5,4.27961722884659,297,BGN11,4.737555550706358
1000,8,gaussian,1.5,4.27961722884659,298,Algorithm 1,4.150674597793681
1000,8,gaussian,1.5,4.27961722884659,298,BGS25,4.852811536719209
1000,8,gaussian,1.5,4.27961722884659,298,BGN11,4.488488579225141
1000,8,gaussian,1.5,4.27961722884659,299,Algorithm 1,4.247944800785883
1000,8,gaussian,1.5,4.27961722884659,299,BGS25,4.959722318088627
1000,8,gaussian,1.5,4.27961722884659,299,BGN11,4.593295950406287
1000,8,gaussian,1.5,4.27961722884659,300,Algorithm 1,4.454475980800021
1000,8,gaussian,1.5,4.27961722884659,300,BGS25,4.96627441376569
1000,8,gaussian,1.5,4.27961722884659,300,BGN11,4.620043266641952
1000,8,gaussian,1.5,4.27961722884659,301,Algorithm 1,4.282610720800101
1000,8,gaussian,1.5,4.27961722884659,301,BGS25,4.90041374975336
1000,8,gaussian,1.5,4.27961722884659,301,BGN11,4.545020394894938
1000,8,gaussian,1.5,4.27961722884659,302,Algorithm 1,4.1305122812638775
1000,8,gaussian,1.5,4.27961722884659,302,BGS25,4.919452655149548
1000,8,gaussian,1.5,4.27961722884659,302,BGN11,4.563472603219439
1000,8,gaussian,1.5,4.27961722884659,303,Algorithm 1,4.137505836442485
1000,8,gaussian,1.5,4.27961722884659,303,BGS25,4.830603925254632
1000,8,gaussian,1.5,4.27961722884659,303,BGN11,4.466287454485104
1000,8,gaussian,1.5,4.27961722884659,304,Algorithm 1,4.271397636517106
1000,8,gaussian,1.5,4.27961722884659,304,BGS25,4.9018790956136105
1000,8,gaussian,1.5,4.27961722884659,304,BGN11,4.5390012096504515
1000,8,gaussian,1.5,4.27961722884659,305,Algorithm 1,4.203390301023269
1000,8,gaussian,1.5,4.27961722884659,305,BGS25,4.869067260005372
1000,8,gaussian,1.5,4.27961722884659,305,BGN11,4.5100033363450285
1000,8,gaussian,1.5,4.27961722884659,306,Algorithm 1,4.032432459058655
1000,8,gaussian,1.5,4.27961722884659,306,BGS25,4.810669669106378
1000,8,gaussian,1.5,4.27961722884659,306,BGN11,4.440423709204562
1000,8,gaussian,1.5,4.27961722884659,307,Algorithm 1,4.140076965251483
1000,8,gaussian,1.5,4.27961722884659,307,BGS25,4.792262341239476
1000,8,gaussian,1.5,4.27961722884659,307,BGN11,4.413763948521137
1000,8,gaussian,1.5,4.27961722884659,308,Algorithm 1,4.386153535497888
1000,8,gaussian,1.5,4.27961722884659,308,BGS25,4.938431676354905
1000,8,gaussian,1.5,4.27961722884659,308,BGN11,4.585606810733484
1000,8,gaussian,1.5,4.27961722884659,309,Algorithm 1,4.4438481223594595
1000,8,gaussian,1.5,4.27961722884659,309,BGS25,5.058495384984869
1000,8,gaussian,1.5,4.27961722884659,309,BGN11,4.71827842970911
1000,8,gaussian,1.5,4.27961722884659,310,Algorithm 1,4.261786971140726
1000,8,gaussian,1.5,4.27961722884659,310,BGS25,4.980835306445208
1000,8,gaussian,1.5,4.27961722884659,310,BGN11,4.634288617331852
1000,8,gaussian,1.5,4.27961722884659,311,Algorithm 1,4.260312488768561
1000,8,gaussian,1.5,4.27961722884659,311,BGS25,4.927593611713816
1000,8,gaussian,1.5,4.27961722884659,311,BGN11,4.573650427613658
1000,8,gaussian,1.5,4.27961722884659,312,Algorithm 1,4.11896871791413
1000,8,gaussian,1.5,4.27961722884659,312,BGS25,4.849202393381473
1000,8,gaussian,1.5,4.27961722884659,312,BGN11,4.483092895604622
1000,8,gaussian,1.5,4.27961722884659,313,Algorithm 1,4.344745603815563
1000,8,gaussian,1.5,4.27961722884659,313,BGS25,4.909392805454628
1000,8,gaussian,1.5,4.27961722884659,313,BGN11,4.547987879795848
1000,8,gaussian,1.5,4.27961722884659,314,Algorithm 1,4.241863783973851
1000,8,gaussian,1.5,4.27961722884659,314,BGS25,4.887679246972864
1000,8,gaussian,1.5,4.27961722884659,314,BGN11,4.521482732109929
1000,8,gaussian,1.5,4.27961722884659,315,Algorithm 1,4.138463778272228
1000,8,gaussian,1.5,4.27961722884659,315,BGS25,4.801081277586837
1000,8,gaussian,1.5,4.27961722884659,315,BGN11,4.433653363892875
1000,8,gaussian,1.5,4.27961722884659,316,Algorithm 1,4.234109444055374
1000,8,gaussian,1.5,4.27961722884659,316,BGS25,4.911043253449879
1000,8,gaussian,1.5,4.27961722884659,316,BGN11,4.5573748585748275
1000,8,gaussian,1.5,4.27961722884659,317,Algorithm 1,4.153407960501536
1000,8,gaussian,1.5,4.27961722884659,317,BGS25,4.890716300400322
1000,8,gaussian,1.5,4.27961722884659,317,BGN11,4.537415696646319
1000,8,gaussian,1.5,4.27961722884659,318,Algorithm 1,4.110738317949161
1000,8,gaussian,1.5,4.27961722884659,318,BGS25,4.792548740569884
1000,8,gaussian,1.5,4.27961722884659,318,BGN11,4.420048244257636
1000,8,gaussian,1.5,4.27961722884659,319,Algorithm 1,4.3050383606911415
1000,8,gaussian,1.5,4.27961722884659,319,BGS25,5.0128144801115155
1000,8,gaussian,1.5,4.27961722884659,319,BGN11,4.66945042437384
1000,8,gaussian,1.5,4.27961722884659,320,Algorithm 1,4.087510410880617
1000,8,gaussian,1.5,4.27961722884659,320,BGS25,4.889545700251694
1000,8,gaussian,1.5,4.27961722884659,320,BGN11,4.524474175979472
1000,8,gaussian,1.5,4.27961722884659,321,Algorithm 1,4.032402721248083
1000,8,gaussian,1.5,4.27961722884659,321,BGS25,4.730930000936404
1000,8,gaussian,1.5,4.27961722884659,321,BGN11,4.3347648943393
1000,8,gaussian,1.5,4.27961722884659,322,Algorithm 1,4.250681755202861
1000,8,gaussian,1.5,4.27961722884659,322,BGS25,4.935928915250997
1000,8,gaussian,1.5,4.27961722884659,322,BGN11,4.57843008443035
1000,8,gaussian,1.5,4.27961722884659,323,Algorithm 1,3.991395184924553
1000,8,gaussian,1.5,4.27961722884659,323,BGS25,4.8690532647438864
1000,8,gaussian,1.5,4.27961722884659,323,BGN11,4.506603017412327
1000,8,gaussian,1.5,4.27961722884659,324,Algorithm 1,4.460062863632656
1000,8,gaussian,1.5,4.27961722884659,324,BGS25,5.0812966119409815
1000,8,gaussian,1.5,4.27961722884659,324,BGN11,4.744694462021844
1000,8,gaussian,1.5,4.27961722884659,325,Algorithm 1,4.123079033340041
1000,8,gaussian,1.5,4.27961722884659,325,BGS25,4.79523126929084
1000,8,gaussian,1.5,4.27961722884659,325,BGN11,4.420694256961207
1000,8,gaussian,1.5,4.27961722884659,326,Algorithm 1,4.381004470981928
1000,8,gaussian,1.5,4.27961722884659,326,BGS25,5.137148014858155
1000,8,gaussian,1.5,4.27961722884659,326,BGN11,4.810516152357188
1000,8,gaussian,1.5,4.27961722884659,327,Algorithm 1,4.006634185358877
1000,8,gaussian,1.5,4.27961722884659,327,BGS25,4.68095541746561
1000,8,gaussian,1.5,4.27961722884659,327,BGN11,4.281312016839634
1000,8,gaussian,1.5,4.27961722884659,328,Algorithm 1,3.960041041729116
1000,8,gaussian,1.5,4.27961722884659,328,BGS25,4.842364573029874
1000,8,gaussian,1.5,4.27961722884659,328,BGN11,4.4747067597266
1000,8,gaussian,1.5,4.27961722884659,329,Algorithm 1,4.374669949891292
1000,8,gaussian,1.5,4.27961722884659,329,BGS25,4.889262110441267
1000,8,gaussian,1.5,4.27961722884659,329,BGN11,4.525495217692669
1000,8,gaussian,1.5,4.27961722884659,330,Algorithm 1,4.083694177091059
1000,8,gaussian,1.5,4.27961722884659,330,BGS25,4.947662201174908
1000,8,gaussian,1.5,4.27961722884659,330,BGN11,4.592484348587208
1000,8,gaussian,1.5,4.27961722884659,331,Algorithm 1,4.288983861446754
1000,8,gaussian,1.5,4.27961722884659,331,BGS25,4.967665124076726
1000,8,gaussian,1.5,4.27961722884659,331,BGN11,4.611352341760564
1000,8,gaussian,1.5,4.27961722884659,332,Algorithm 1,4.2949656432148675
1000,8,gaussian,1.5,4.27961722884659,332,BGS25,4.9923113880032
1000,8,gaussian,1.5,4.27961722884659,332,BGN11,4.644346289411162
1000,8,gaussian,1.5,4.27961722884659,333,Algorithm 1,4.413422949713087
1000,8,gaussian,1.5,4.27961722884659,333,BGS25,5.015165793576266
1000,8,gaussian,1.5,4.27961722884659,333,BGN11,4.672846041076562
1000,8,gaussian,1.5,4.27961722884659,334,Algorithm 1,4.34861113528595
1000,8,gaussian,1.5,4.27961722884659,334,BGS25,5.040365273075473
1000,8,gaussian,1.5,4.27961722884659,334,BGN11,4.69646659204641
1000,8,gaussian,1.5,4.27961722884659,335,Algorithm 1,4.6070739838446695
1000,8,gaussian,1.5,4.27961722884659,335,BGS25,5.128820198483385
1000,8,gaussian,1.5,4.27961722884659,335,BGN11,4.804064951604364
1000,8,gaussian,1.5,4.27961722884659,336,Algorithm 1,4.024188824099503
1000,8,gaussian,1.5,4.27961722884659,336,BGS25,4.797969322030175
1000,8,gaussian,1.5,4.27961722884659,336,BGN11,4.42137432925319
1000,8,gaussian,1.5,4.27961722884659,337,Algorithm 1,4.129217965214356
1000,8,gaussian,1.5,4.27961722884659,337,BGS25,4.879488246328268
1000,8,gaussian,1.5,4.27961722884659,337,BGN11,4.506997632593856
1000,8,gaussian,1.5,4.27961722884659,338,Algorithm 1,4.242763888126756
1000,8,gaussian,1.5,4.27961722884659,338,BGS25,4.968477517626495
1000,8,gaussian,1.5,4.27961722884659,338,BGN11,4.617270843083532
1000,8,gaussian,1.5,4.27961722884659,339,Algorithm 1,4.3170129651155085
1000,8,gaussian,1.5,4.27961722884659,339,BGS25,4.959075047826828
1000,8,gaussian,1.5,4.27961722884659,339,BGN11,4.613463014056188
1000,8,gaussian,1.5,4.27961722884659,340,Algorithm 1,3.8973605536595954
1000,8,gaussian,1.5,4.27961722884659,340,BGS25,4.756831606416388
1000,8,gaussian,1.5,4.27961722884659,340,BGN11,4.3661070008057825
1000,8,gaussian,1.5,4.27961722884659,341,Algorithm 1,4.39954389575887
1000,8,gaussian,1.5,4.27961722884659,341,BGS25,4.873630017881181
1000,8,gaussian,1.5,4.27961722884659,341,BGN11,4.515509429778079
1000,8,gaussian,1.5,4.27961722884659,342,Algorithm 1,3.9197292238659176
1000,8,gaussian,1.5,4.27961722884659,342,BGS25,4.899112488703633
1000,8,gaussian,1.5,4.27961722884659,342,BGN11,4.538384779194103
1000,8,gaussian,1.5,4.27961722884659,343,Algorithm 1,4.2961691153541715
1000,8,gaussian,1.5,4.27961722884659,343,BGS25,5.029600778110609
1000,8,gaussian,1.5,4.27961722884659,343,BGN11,4.692470997977445
1000,8,gaussian,1.5,4.27961722884659,344,Algorithm 1,4.277730242775121
1000,8,gaussian,1.5,4.27961722884659,344,BGS25,5.050593816904689
1000,8,gaussian,1.5,4.27961722884659,344,BGN11,4.714860471510613
1000,8,gaussian,1.5,4.27961722884659,345,Algorithm 1,4.214552267170929
1000,8,gaussian,1.5,4.27961722884659,345,BGS25,4.946448549451372
1000,8,gaussian,1.5,4.27961722884659,345,BGN11,4.598118376464536
1000,8,gaussian,1.5,4.27961722884659,346,Algorithm 1,4.168763898986071
1000,8,gaussian,1.5,4.27961722884659,346,BGS25,4.908095229643688
1000,8,gaussian,1.5,4.27961722884659,346,BGN11,4.560255810169372
1000,8,gaussian,1.5,4.27961722884659,347,Algorithm 1,3.9748498605478337
1000,8,gaussian,1.5,4.27961722884659,347,BGS25,4.827215216211104
1000,8,gaussian,1.5,4.27961722884659,347,BGN11,4.452314893415316
1000,8,gaussian,1.5,4.27961722884659,348,Algorithm 1,4.143327338839295
1000,8,gaussian,1.5,4.27961722884659,348,BGS25,4.848260524954197
1000,8,gaussian,1.5,4.27961722884659,348,BGN11,4.482021752703795
1000,8,gaussian,1.5,4.27961722884659,349,Algorithm 1,4.1328807750070204
1000,8,gaussian,1.5,4.27961722884659,349,BGS25,5.004181921797613
1000,8,gaussian,1.5,4.27961722884659,349,BGN11,4.660110241754027
1000,8,gaussian,1.5,4.27961722884659,350,Algorithm 1,4.287869362459714
1000,8,gaussian,1.5,4.27961722884659,350,BGS25,4.958475348807613
1000,8,gaussian,1.5,4.27961722884659,350,BGN11,4.608395493802208
1000,8,gaussian,1.5,4.27961722884659,351,Algorithm 1,4.122311374233609
1000,8,gaussian,1.5,4.27961722884659,351,BGS25,4.81047135034442
1000,8,gaussian,1.5,4.27961722884659,351,BGN11,4.440720600013746
1000,8,gaussian,1.5,4.27961722884659,352,Algorithm 1,4.077213705093527
1000,8,gaussian,1.5,4.27961722884659,352,BGS25,4.893074580774713
1000,8,gaussian,1.5,4.27961722884659,352,BGN11,4.535371390524475
1000,8,gaussian,1.5,4.27961722884659,353,Algorithm 1,4.419734291785151
1000,8,gaussian,1.5,4.27961722884659,353,BGS25,5.068953169784674
1000,8,gaussian,1.5,4.27961722884659,353,BGN11,4.741908084223483
1000,8,gaussian,1.5,4.27961722884659,354,Algorithm 1,4.209452654940842
1000,8,gaussian,1.5,4.27961722884659,354,BGS25,4.897777809491537
1000,8,gaussian,1.5,4.27961722884659,354,BGN11,4.534570814509325
1000,8,gaussian,1.5,4.27961722884659,355,Algorithm 1,4.2055338068305295
1000,8,gaussian,1.5,4.27961722884659,355,BGS25,4.83368366195011
1000,8,gaussian,1.5,4.27961722884659,355,BGN11,4.465660501656315
1000,8,gaussian,1.5,4.27961722884659,356,Algorithm 1,4.334563026245565
1000,8,gaussian,1.5,4.27961722884659,356,BGS25,5.034832678936632
1000,8,gaussian,1.5,4.27961722884659,356,BGN11,4.6890464248326404
1000,8,gaussian,1.5,4.27961722884659,357,Algorithm 1,4.386304713897423
1000,8,gaussian,1.5,4.27961722884659,357,BGS25,5.066926562848253
1000,8,gaussian,1.5,4.27961722884659,357,BGN11,4.73197509809047
1000,8,gaussian,1.5,4.27961722884659,358,Algorithm 1,4.295694775946083
1000,8,gaussian,1.5,4.27961722884659,358,BGS25,4.904511775011099
1000,8,gaussian,1.5,4.27961722884659,358,BGN11,4.548395552188643
1000,8,gaussian,1.5,4.27961722884659,359,Algorithm 1,3.9133081187027856
1000,8,gaussian,1.5,4.27961722884659,359,BGS25,4.69001631720697
1000,8,gaussian,1.5,4.27961722884659,359,BGN11,4.299426525346275
1000,8,gaussian,1.5,4.27961722884659,360,Algorithm 1,4.123223057421072
1000,8,gaussian,1.5,4.27961722884659,360,BGS25,4.750783797863956
1000,8,gaussian,1.5,4.27961722884659,360,BGN11,4.3658015170996745
1000,8,gaussian,1.5,4.27961722884659,361,Algorithm 1,3.9561970712681225
1000,8,gaussian,1.5,4.27961722884659,361,BGS25,4.843339955643186
1000,8,gaussian,1.5,4.27961722884659,361,BGN11,4.467440737628483
1000,8,gaussian,1.5,4.27961722884659,362,Algorithm 1,4.3840408838447855
1000,8,gaussian,1.5,4.27961722884659,362,BGS25,4.988541758095168
1000,8,gaussian,1.5,4.27961722884659,362,BGN11,4.641672306857208
1000,8,gaussian,1.5,4.27961722884659,363,Algorithm 1,4.089901682605757
1000,8,gaussian,1.5,4.27961722884659,363,BGS25,4.790300429466231
1000,8,gaussian,1.5,4.27961722884659,363,BGN11,4.4100566359993865
1000,8,gaussian,1.5,4.27961722884659,364,Algorithm 1,4.449191516473786
1000,8,gaussian,1.5,4.27961722884659,364,BGS25,4.98381974770967
1000,8,gaussian,1.5,4.27961722884659,364,BGN11,4.640681712733548
1000,8,gaussian,1.5,4.27961722884659,365,Algorithm 1,4.186015892937271
1000,8,gaussian,1.5,4.27961722884659,365,BGS25,4.810557737039012
1000,8,gaussian,1.5,4.27961722884659,365,BGN11,4.433641954591165
1000,8,gaussian,1.5,4.27961722884659,366,Algorithm 1,4.092244502367717
1000,8,gaussian,1.5,4.27961722884659,366,BGS25,4.890493130878029
1000,8,gaussian,1.5,4.27961722884659,366,BGN11,4.5410542899813775
1000,8,gaussian,1.5,4.27961722884659,367,Algorithm 1,4.503325179613123
1000,8,gaussian,1.5,4.27961722884659,367,BGS25,5.083926674209098
1000,8,gaussian,1.5,4.27961722884659,367,BGN11,4.748571129405441
1000,8,gaussian,1.5,4.27961722884659,368,Algorithm 1,3.9377910076588756
1000,8,gaussian,1.5,4.27961722884659,368,BGS25,4.75879868094678
1000,8,gaussian,1.5,4.27961722884659,368,BGN11,4.375346072353063
1000,8,gaussian,1.5,4.27961722884659,369,Algorithm 1,4.264143540571622
1000,8,gaussian,1.5,4.27961722884659,369,BGS25,4.882282940225963
1000,8,gaussian,1.5,4.27961722884659,369,BGN11,4.520202286920467
1000,8,gaussian,1.5,4.27961722884659,370,Algorithm 1,4.61677605621288
1000,8,gaussian,1.5,4.27961722884659,370,BGS25,5.221319930127736
1000,8,gaussian,1.5,4.27961722884659,370,BGN11,4.900252404275867
1000,8,gaussian,1.5,4.27961722884659,371,Algorithm 1,4.222724106023982
1000,8,gaussian,1.5,4.27961722884659,371,BGS25,4.799223660436802
1000,8,gaussian,1.5,4.27961722884659,371,BGN11,4.4236598964063045
1000,8,gaussian,1.5,4.27961722884659,372,Algorithm 1,4.456509751505051
1000,8,gaussian,1.5,4.27961722884659,372,BGS25,5.054006832475152
1000,8,gaussian,1.5,4.27961722884659,372,BGN11,4.70840089572637
1000,8,gaussian,1.5,4.27961722884659,373,Algorithm 1,4.147519095056289
1000,8,gaussian,1.5,4.27961722884659,373,BGS25,4.998787192306754
1000,8,gaussian,1.5,4.27961722884659,373,BGN11,4.648625732113826
1000,8,gaussian,1.5,4.27961722884659,374,Algorithm 1,4.370571127567649
1000,8,gaussian,1.5,4.27961722884659,374,BGS25,5.094203603175881
1000,8,gaussian,1.5,4.27961722884659,374,BGN11,4.7592236120637175
1000,8,gaussian,1.5,4.27961722884659,375,Algorithm 1,4.453196529187551
1000,8,gaussian,1.5,4.27961722884659,375,BGS25,5.076283396299779
1000,8,gaussian,1.5,4.27961722884659,375,BGN11,4.7428830116709015
1000,8,gaussian,1.5,4.27961722884659,376,Algorithm 1,4.21035359644768
1000,8,gaussian,1.5,4.27961722884659,376,BGS25,4.993954713289034
1000,8,gaussian,1.5,4.27961722884659,376,BGN11,4.643311935940558
1000,8,gaussian,1.5,4.27961722884659,377,Algorithm 1,4.291303658736032
1000,8,gaussian,1.5,4.27961722884659,377,BGS25,4.867012179873269
1000,8,gaussian,1.5,4.27961722884659,377,BGN11,4.493006599308467
1000,8,gaussian,1.5,4.27961722884659,378,Algorithm 1,4.429588960840105
1000,8,gaussian,1.5,4.27961722884659,378,BGS25,5.023543657833551
1000,8,gaussian,1.5,4.27961722884659,378,BGN11,4.677474841038961
1000,8,gaussian,1.5,4.27961722884659,379,Algorithm 1,4.448899230343186
1000,8,gaussian,1.5,4.27961722884659,379,BGS25,4.990020575590632
1000,8,gaussian,1.5,4.27961722884659,379,BGN11,4.6410052012254726
1000,8,gaussian,1.5,4.27961722884659,380,Algorithm 1,4.301039414333805
1000,8,gaussian,1.5,4.27961722884659,380,BGS25,4.92492332408349
1000,8,gaussian,1.5,4.27961722884659,380,BGN11,4.569944498805089
1000,8,gaussian,1.5,4.27961722884659,381,Algorithm 1,4.071508712087445
1000,8,gaussian,1.5,4.27961722884659,381,BGS25,4.828595198051274
1000,8,gaussian,1.5,4.27961722884659,381,BGN11,4.462543984921846
1000,8,gaussian,1.5,4.27961722884659,382,Algorithm 1,4.480970359747913
1000,8,gaussian,1.5,4.27961722884659,382,BGS25,5.135238991050479
1000,8,gaussian,1.5,4.27961722884659,382,BGN11,4.806211204463981
1000,8,gaussian,1.5,4.27961722884659,383,Algorithm 1,4.511570330677548
1000,8,gaussian,1.5,4.27961722884659,383,BGS25,5.160493287157394
1000,8,gaussian,1.5,4.27961722884659,383,BGN11,4.841546661255755
1000,8,gaussian,1.5,4.27961722884659,384,Algorithm 1,4.376615492413929
1000,8,gaussian,1.5,4.27961722884659,384,BGS25,5.067267701246576
1000,8,gaussian,1.5,4.27961722884659,384,BGN11,4.7325363543915335
1000,8,gaussian,1.5,4.27961722884659,385,Algorithm 1,4.321491740216175
1000,8,gaussian,1.5,4.27961722884659,385,BGS25,4.971778473706644
1000,8,gaussian,1.5,4.27961722884659,385,BGN11,4.622851480426689
1000,8,gaussian,1.5,4.27961722884659,386,Algorithm 1,4.073347362102195
1000,8,gaussian,1.5,4.27961722884659,386,BGS25,4.883074003347275
1000,8,gaussian,1.5,4.27961722884659,386,BGN11,4.520487016581096
1000,8,gaussian,1.5,4.27961722884659,387,Algorithm 1,4.512151218517735
1000,8,gaussian,1.5,4.27961722884659,387,BGS25,5.038159755441594
1000,8,gaussian,1.5,4.27961722884659,387,BGN11,4.704084498173512
1000,8,gaussian,1.5,4.27961722884659,388,Algorithm 1,4.259181536083433
1000,8,gaussian,1.5,4.27961722884659,388,BGS25,4.952136604722519
1000,8,gaussian,1.5,4.27961722884659,388,BGN11,4.597603375839741
1000,8,gaussian,1.5,4.27961722884659,389,Algorithm 1,4.506271280812092
1000,8,gaussian,1.5,4.27961722884659,389,BGS25,4.990801647330071
1000,8,gaussian,1.5,4.27961722884659,389,BGN11,4.637398673661927
1000,8,gaussian,1.5,4.27961722884659,390,Algorithm 1,4.3784149162690325
1000,8,gaussian,1.5,4.27961722884659,390,BGS25,5.1092447711786795
1000,8,gaussian,1.5,4.27961722884659,390,BGN11,4.76688228309105
1000,8,gaussian,1.5,4.27961722884659,391,Algorithm 1,4.273651008238526
1000,8,gaussian,1.5,4.27961722884659,391,BGS25,4.966470358222503
1000,8,gaussian,1.5,4.27961722884659,391,BGN11,4.6176025414468445
1000,8,gaussian,1.5,4.27961722884659,392,Algorithm 1,4.081507392377642
1000,8,gaussian,1.5,4.27961722884659,392,BGS25,4.846405257136441
1000,8,gaussian,1.5,4.27961722884659,392,BGN11,4.481010949608974
1000,8,gaussian,1.5,4.27961722884659,393,Algorithm 1,4.204302651927764
1000,8,gaussian,1.5,4.27961722884659,393,BGS25,4.945168432171826
1000,8,gaussian,1.5,4.27961722884659,393,BGN11,4.587972135100019
1000,8,gaussian,1.5,4.27961722884659,394,Algorithm 1,4.274687861244227
1000,8,gaussian,1.5,4.27961722884659,394,BGS25,4.998180379335578
1000,8,gaussian,1.5,4.27961722884659,394,BGN11,4.652092422176407
1000,8,gaussian,1.5,4.27961722884659,395,Algorithm 1,3.929427420923304
1000,8,gaussian,1.5,4.27961722884659,395,BGS25,4.710535495384139
1000,8,gaussian,1.5,4.27961722884659,395,BGN11,4.314871217096602
1000,8,gaussian,1.5,4.27961722884659,396,Algorithm 1,4.3374198771027785
1000,8,gaussian,1.5,4.27961722884659,396,BGS25,5.064822041413374
1000,8,gaussian,1.5,4.27961722884659,396,BGN11,4.725933664073146
1000,8,gaussian,1.5,4.27961722884659,397,Algorithm 1,4.279351275817893
1000,8,gaussian,1.5,4.27961722884659,397,BGS25,4.979378049076052
1000,8,gaussian,1.5,4.27961722884659,397,BGN11,4.641182165351135
1000,8,gaussian,1.5,4.27961722884659,398,Algorithm 1,4.482947564032015
1000,8,gaussian,1.5,4.27961722884659,398,BGS25,5.168794233491501
1000,8,gaussian,1.5,4.27961722884659,398,BGN11,4.843325176485986
1000,8,gaussian,1.5,4.27961722884659,399,Algorithm 1,4.493380727153186
1000,8,gaussian,1.5,4.27961722884659,399,BGS25,5.037571702003679
1000,8,gaussian,1.5,4.27961722884659,399,BGN11,4.697571561282252
1000,8,gaussian,1.5,4.27961722884659,400,Algorithm 1,4.363604477933685
1000,8,gaussian,1.5,4.27961722884659,400,BGS25,4.990332658799545
1000,8,gaussian,1.5,4.27961722884659,400,BGN11,4.653413919533944
1000,8,gaussian,1.5,4.27961722884659,401,Algorithm 1,4.175616834600249
1000,8,gaussian,1.5,4.27961722884659,401,BGS25,4.844887432863452
1000,8,gaussian,1.5,4.27961722884659,401,BGN11,4.476082458724799
1000,8,gaussian,1.5,4.27961722884659,402,Algorithm 1,4.344372187086582
1000,8,gaussian,1.5,4.27961722884659,402,BGS25,4.985796314736591
1000,8,gaussian,1.5,4.27961722884659,402,BGN11,4.636480050823153
1000,8,gaussian,1.5,4.27961722884659,403,Algorithm 1,4.372269588253368
1000,8,gaussian,1.5,4.27961722884659,403,BGS25,4.898573649948004
1000,8,gaussian,1.5,4.27961722884659,403,BGN11,4.546169116592804
1000,8,gaussian,1.5,4.27961722884659,404,Algorithm 1,4.3426617567056525
1000,8,gaussian,1.5,4.27961722884659,404,BGS25,4.931056145468859
1000,8,gaussian,1.5,4.27961722884659,404,BGN11,4.581363311962528
1000,8,gaussian,1.5,4.27961722884659,405,Algorithm 1,4.149190036431622
1000,8,gaussian,1.5,4.27961722884659,405,BGS25,4.760470152793294
1000,8,gaussian,1.5,4.27961722884659,405,BGN11,4.371384928031012
1000,8,gaussian,1.5,4.27961722884659,406,Algorithm 1,4.372412014989026
1000,8,gaussian,1.5,4.27961722884659,406,BGS25,5.017875544242518
1000,8,gaussian,1.5,4.27961722884659,406,BGN11,4.679546832791366
1000,8,gaussian,1.5,4.27961722884659,407,Algorithm 1,4.125545971244252
1000,8,gaussian,1.5,4.27961722884659,407,BGS25,4.9216797813025295
1000,8,gaussian,1.5,4.27961722884659,407,BGN11,4.565299420240348
1000,8,gaussian,1.5,4.27961722884659,408,Algorithm 1,4.049110295770175
1000,8,gaussian,1.5,4.27961722884659,408,BGS25,4.778524695026534
1000,8,gaussian,1.5,4.27961722884659,408,BGN11,4.390897684718333
1000,8,gaussian,1.5,4.27961722884659,409,Algorithm 1,4.147294969979343
1000,8,gaussian,1.5,4.27961722884659,409,BGS25,4.8540510663331435
1000,8,gaussian,1.5,4.27961722884659,409,BGN11,4.4824661451316015
1000,8,gaussian,1.5,4.27961722884659,410,Algorithm 1,4.287676147793245
1000,8,gaussian,1.5,4.27961722884659,410,BGS25,4.876618065976434
1000,8,gaussian,1.5,4.27961722884659,410,BGN11,4.521314450037976
1000,8,gaussian,1.5,4.27961722884659,411,Algorithm 1,4.101559247823069
1000,8,gaussian,1.5,4.27961722884659,411,BGS25,4.869284085946558
1000,8,gaussian,1.5,4.27961722884659,411,BGN11,4.507064692736321
1000,8,gaussian,1.5,4.27961722884659,412,Algorithm 1,4.193583869530523
1000,8,gaussian,1.5,4.27961722884659,412,BGS25,4.890640699654282
1000,8,gaussian,1.5,4.27961722884659,412,BGN11,4.528414388953918
1000,8,gaussian,1.5,4.27961722884659,413,Algorithm 1,4.252347506865854
1000,8,gaussian,1.5,4.27961722884659,413,BGS25,4.841678504674733
1000,8,gaussian,1.5,4.27961722884659,413,BGN11,4.46643211497187
1000,8,gaussian,1.5,4.27961722884659,414,Algorithm 1,4.363841918347172
1000,8,gaussian,1.5,4.27961722884659,414,BGS25,5.068877328323554
1000,8,gaussian,1.5,4.27961722884659,414,BGN11,4.729137249044982
1000,8,gaussian,1.5,4.27961722884659,415,Algorithm 1,4.3871370449549305
1000,8,gaussian,1.5,4.27961722884659,415,BGS25,5.008134918322021
1000,8,gaussian,1.5,4.27961722884659,415,BGN11,4.658526226380245
1000,8,gaussian,1.5,4.27961722884659,416,Algorithm 1,4.392691235199078
1000,8,gaussian,1.5,4.27961722884659,416,BGS25,5.053811281058836
1000,8,gaussian,1.5,4.27961722884659,416,BGN11,4.717158274592016
1000,8,gaussian,1.5,4.27961722884659,417,Algorithm 1,4.077356931538891
1000,8,gaussian,1.5,4.27961722884659,417,BGS25,4.775477273653429
1000,8,gaussian,1.5,4.27961722884659,417,BGN11,4.395026120520257
1000,8,gaussian,1.5,4.27961722884659,418,Algorithm 1,4.008683728649835
1000,8,gaussian,1.5,4.27961722884659,418,BGS25,4.786126179747331
1000,8,gaussian,1.5,4.27961722884659,418,BGN11,4.415037649691107
1000,8,gaussian,1.5,4.27961722884659,419,Algorithm 1,4.312660184568909
1000,8,gaussian,1.5,4.27961722884659,419,BGS25,4.90369127588581
1000,8,gaussian,1.5,4.27961722884659,419,BGN11,4.549969315306964
1000,8,gaussian,1.5,4.27961722884659,420,Algorithm 1,4.408372227057602
1000,8,gaussian,1.5,4.27961722884659,420,BGS25,4.939144637304555
1000,8,gaussian,1.5,4.27961722884659,420,BGN11,4.577889402377424
1000,8,gaussian,1.5,4.27961722884659,421,Algorithm 1,4.5201435960135035
1000,8,gaussian,1.5,4.27961722884659,421,BGS25,5.165487258935707
1000,8,gaussian,1.5,4.27961722884659,421,BGN11,4.843502455440631
1000,8,gaussian,1.5,4.27961722884659,422,Algorithm 1,4.32217467938059
1000,8,gaussian,1.5,4.27961722884659,422,BGS25,4.9306774010824075
1000,8,gaussian,1.5,4.27961722884659,422,BGN11,4.56855217418947
1000,8,gaussian,1.5,4.27961722884659,423,Algorithm 1,4.032177199385482
1000,8,gaussian,1.5,4.27961722884659,423,BGS25,4.681816922353043
1000,8,gaussian,1.5,4.27961722884659,423,BGN11,4.2789993183212145
1000,8,gaussian,1.5,4.27961722884659,424,Algorithm 1,4.072818323375948
1000,8,gaussian,1.5,4.27961722884659,424,BGS25,4.832417608434272
1000,8,gaussian,1.5,4.27961722884659,424,BGN11,4.475655462310405
1000,8,gaussian,1.5,4.27961722884659,425,Algorithm 1,4.4078971324225344
1000,8,gaussian,1.5,4.27961722884659,425,BGS25,5.061612310716464
1000,8,gaussian,1.5,4.27961722884659,425,BGN11,4.719966391908741
1000,8,gaussian,1.5,4.27961722884659,426,Algorithm 1,4.188036599078858
1000,8,gaussian,1.5,4.27961722884659,426,BGS25,4.869397263900951
1000,8,gaussian,1.5,4.27961722884659,426,BGN11,4.505691992035114
1000,8,gaussian,1.5,4.27961722884659,427,Algorithm 1,4.2557049308728025
1000,8,gaussian,1.5,4.27961722884659,427,BGS25,4.933589983044724
1000,8,gaussian,1.5,4.27961722884659,427,BGN11,4.574910338013297
1000,8,gaussian,1.5,4.27961722884659,428,Algorithm 1,4.4051946017683425
1000,8,gaussian,1.5,4.27961722884659,428,BGS25,5.0324316898731905
1000,8,gaussian,1.5,4.27961722884659,428,BGN11,4.692138319588812
1000,8,gaussian,1.5,4.27961722884659,429,Algorithm 1,4.385852315238416
1000,8,gaussian,1.5,4.27961722884659,429,BGS25,4.972592453995297
1000,8,gaussian,1.5,4.27961722884659,429,BGN11,4.626446973092298
1000,8,gaussian,1.5,4.27961722884659,430,Algorithm 1,4.372407206865565
1000,8,gaussian,1.5,4.27961722884659,430,BGS25,5.124062197217725
1000,8,gaussian,1.5,4.27961722884659,430,BGN11,4.796292884507062
1000,8,gaussian,1.5,4.27961722884659,431,Algorithm 1,4.273329685059921
1000,8,gaussian,1.5,4.27961722884659,431,BGS25,5.046129257469083
1000,8,gaussian,1.5,4.27961722884659,431,BGN11,4.705435262329588
1000,8,gaussian,1.5,4.27961722884659,432,Algorithm 1,4.208568188887274
1000,8,gaussian,1.5,4.27961722884659,432,BGS25,4.878122282194645
1000,8,gaussian,1.5,4.27961722884659,432,BGN11,4.507690381996527
1000,8,gaussian,1.5,4.27961722884659,433,Algorithm 1,4.321164080330696
1000,8,gaussian,1.5,4.27961722884659,433,BGS25,4.951518907669721
1000,8,gaussian,1.5,4.27961722884659,433,BGN11,4.599750981047482
1000,8,gaussian,1.5,4.27961722884659,434,Algorithm 1,4.347977412576144
1000,8,gaussian,1.5,4.27961722884659,434,BGS25,4.988419733390491
1000,8,gaussian,1.5,4.27961722884659,434,BGN11,4.637907034356704
1000,8,gaussian,1.5,4.27961722884659,435,Algorithm 1,4.588983557093716
1000,8,gaussian,1.5,4.27961722884659,435,BGS25,5.1034977126348
1000,8,gaussian,1.5,4.27961722884659,435,BGN11,4.773742026041244
1000,8,gaussian,1.5,4.27961722884659,436,Algorithm 1,4.382395556409512
1000,8,gaussian,1.5,4.27961722884659,436,BGS25,5.0253696624604665
1000,8,gaussian,1.5,4.27961722884659,436,BGN11,4.684722687329905
1000,8,gaussian,1.5,4.27961722884659,437,Algorithm 1,4.37592863359911
1000,8,gaussian,1.5,4.27961722884659,437,BGS25,5.038139653443895
1000,8,gaussian,1.5,4.27961722884659,437,BGN11,4.697439249681258
1000,8,gaussian,1.5,4.27961722884659,438,Algorithm 1,4.270664449317865
1000,8,gaussian,1.5,4.27961722884659,438,BGS25,5.00824261750774
1000,8,gaussian,1.5,4.27961722884659,438,BGN11,4.660685067372519
1000,8,gaussian,1.5,4.27961722884659,439,Algorithm 1,4.482588546420475
1000,8,gaussian,1.5,4.27961722884659,439,BGS25,5.172291839406361
1000,8,gaussian,1.5,4.27961722884659,439,BGN11,4.8507709805998935
1000,8,gaussian,1.5,4.27961722884659,440,Algorithm 1,4.23695359730801
1000,8,gaussian,1.5,4.27961722884659,440,BGS25,4.987406924153521
1000,8,gaussian,1.5,4.27961722884659,440,BGN11,4.634002958396441
1000,8,gaussian,1.5,4.27961722884659,441,Algorithm 1,4.48829347067625
1000,8,gaussian,1.5,4.27961722884659,441,BGS25,5.150544561467228
1000,8,gaussian,1.5,4.27961722884659,441,BGN11,4.81878303334708
1000,8,gaussian,1.5,4.27961722884659,442,Algorithm 1,4.247680018058779
1000,8,gaussian,1.5,4.27961722884659,442,BGS25,4.9306842238400135
1000,8,gaussian,1.5,4.27961722884659,442,BGN11,4.577180273969442
1000,8,gaussian,1.5,4.27961722884659,443,Algorithm 1,4.150310330773238
1000,8,gaussian,1.5,4.27961722884659,443,BGS25,4.8559017313836375
1000,8,gaussian,1.5,4.27961722884659,443,BGN11,4.4957870033688785
1000,8,gaussian,1.5,4.27961722884659,444,Algorithm 1,4.0457443511851325
1000,8,gaussian,1.5,4.27961722884659,444,BGS25,4.770860847753491
1000,8,gaussian,1.5,4.27961722884659,444,BGN11,4.389806947401382
1000,8,gaussian,1.5,4.27961722884659,445,Algorithm 1,4.321001153439751
1000,8,gaussian,1.5,4.27961722884659,445,BGS25,4.962804055991706
1000,8,gaussian,1.5,4.27961722884659,445,BGN11,4.61367311912823
1000,8,gaussian,1.5,4.27961722884659,446,Algorithm 1,4.047102849755812
1000,8,gaussian,1.5,4.27961722884659,446,BGS25,4.857029535992471
1000,8,gaussian,1.5,4.27961722884659,446,BGN11,4.482466067115931
1000,8,gaussian,1.5,4.27961722884659,447,Algorithm 1,4.410979730948734
1000,8,gaussian,1.5,4.27961722884659,447,BGS25,5.077670361332123
1000,8,gaussian,1.5,4.27961722884659,447,BGN11,4.737260981649215
1000,8,gaussian,1.5,4.27961722884659,448,Algorithm 1,4.23950307577548
1000,8,gaussian,1.5,4.27961722884659,448,BGS25,4.994473894056055
1000,8,gaussian,1.5,4.27961722884659,448,BGN11,4.653630909315698
1000,8,gaussian,1.5,4.27961722884659,449,Algorithm 1,4.201832126605087
1000,8,gaussian,1.5,4.27961722884659,449,BGS25,4.9266104229936545
1000,8,gaussian,1.5,4.27961722884659,449,BGN11,4.566064788529854
1000,8,gaussian,1.5,4.27961722884659,450,Algorithm 1,4.131507389277671
1000,8,gaussian,1.5,4.27961722884659,450,BGS25,4.843329885501078
1000,8,gaussian,1.5,4.27961722884659,450,BGN11,4.469261500870902
1000,8,gaussian,1.5,4.27961722884659,451,Algorithm 1,4.051462407335406
1000,8,gaussian,1.5,4.27961722884659,451,BGS25,4.793811367137466
1000,8,gaussian,1.5,4.27961722884659,451,BGN11,4.411554088135831
1000,8,gaussian,1.5,4.27961722884659,452,Algorithm 1,4.162038708128124
1000,8,gaussian,1.5,4.27961722884659,452,BGS25,4.917410086716424
1000,8,gaussian,1.5,4.27961722884659,452,BGN11,4.563415921615697
1000,8,gaussian,1.5,4.27961722884659,453,Algorithm 1,4.242849266104673
1000,8,gaussian,1.5,4.27961722884659,453,BGS25,4.9652022390057
1000,8,gaussian,1.5,4.27961722884659,453,BGN11,4.613811897690779
1000,8,gaussian,1.5,4.27961722884659,454,Algorithm 1,4.403878955314108
1000,8,gaussian,1.5,4.27961722884659,454,BGS25,5.07294510824827
1000,8,gaussian,1.5,4.27961722884659,454,BGN11,4.737439939324446
1000,8,gaussian,1.5,4.27961722884659,455,Algorithm 1,4.23069593099633
1000,8,gaussian,1.5,4.27961722884659,455,BGS25,5.055487676941826
1000,8,gaussian,1.5,4.27961722884659,455,BGN11,4.720508138117531
1000,8,gaussian,1.5,4.27961722884659,456,Algorithm 1,4.36328716542297
1000,8,gaussian,1.5,4.27961722884659,456,BGS25,4.997179599884699
1000,8,gaussian,1.5,4.27961722884659,456,BGN11,4.658115806144931
1000,8,gaussian,1.5,4.27961722884659,457,Algorithm 1,4.149023579879326
1000,8,gaussian,1.5,4.27961722884659,457,BGS25,4.888519850940655
1000,8,gaussian,1.5,4.27961722884659,457,BGN11,4.530821075435797
1000,8,gaussian,1.5,4.27961722884659,458,Algorithm 1,4.2666559231263435
1000,8,gaussian,1.5,4.27961722884659,458,BGS25,4.913476855982578
1000,8,gaussian,1.5,4.27961722884659,458,BGN11,4.550534098988751
1000,8,gaussian,1.5,4.27961722884659,459,Algorithm 1,4.219341329532931
1000,8,gaussian,1.5,4.27961722884659,459,BGS25,4.876011748490986
1000,8,gaussian,1.5,4.27961722884659,459,BGN11,4.51231791753286
1000,8,gaussian,1.5,4.27961722884659,460,Algorithm 1,4.188006320050234
1000,8,gaussian,1.5,4.27961722884659,460,BGS25,4.877873334742249
1000,8,gaussian,1.5,4.27961722884659,460,BGN11,4.518575824534736
1000,8,gaussian,1.5,4.27961722884659,461,Algorithm 1,4.276553558460364
1000,8,gaussian,1.5,4.27961722884659,461,BGS25,4.9118119459578855
1000,8,gaussian,1.5,4.27961722884659,461,BGN11,4.558615151949309
1000,8,gaussian,1.5,4.27961722884659,462,Algorithm 1,4.61603590222527
1000,8,gaussian,1.5,4.27961722884659,462,BGS25,5.219807400534098
1000,8,gaussian,1.5,4.27961722884659,462,BGN11,4.903846533295418
1000,8,gaussian,1.5,4.27961722884659,463,Algorithm 1,4.386272522313521
1000,8,gaussian,1.5,4.27961722884659,463,BGS25,5.015750336104845
1000,8,gaussian,1.5,4.27961722884659,463,BGN11,4.680619340191415
1000,8,gaussian,1.5,4.27961722884659,464,Algorithm 1,4.344552103388634
1000,8,gaussian,1.5,4.27961722884659,464,BGS25,4.997779082600494
1000,8,gaussian,1.5,4.27961722884659,464,BGN11,4.648177886015636
1000,8,gaussian,1.5,4.27961722884659,465,Algorithm 1,4.312337064818004
1000,8,gaussian,1.5,4.27961722884659,465,BGS25,4.941836354580585
1000,8,gaussian,1.5,4.27961722884659,465,BGN11,4.579575607410127
1000,8,gaussian,1.5,4.27961722884659,466,Algorithm 1,4.0587797384595055
1000,8,gaussian,1.5,4.27961722884659,466,BGS25,4.990033283128076
1000,8,gaussian,1.5,4.27961722884659,466,BGN11,4.6401410669114735
1000,8,gaussian,1.5,4.27961722884659,467,Algorithm 1,4.212517262253788
1000,8,gaussian,1.5,4.27961722884659,467,BGS25,4.977859884682187
1000,8,gaussian,1.5,4.27961722884659,467,BGN11,4.633295283714595
1000,8,gaussian,1.5,4.27961722884659,468,Algorithm 1,4.214434827341353
1000,8,gaussian,1.5,4.27961722884659,468,BGS25,4.96205909229558
1000,8,gaussian,1.5,4.27961722884659,468,BGN11,4.608997764069808
1000,8,gaussian,1.5,4.27961722884659,469,Algorithm 1,4.414787822127158
1000,8,gaussian,1.5,4.27961722884659,469,BGS25,5.021776472248836
1000,8,gaussian,1.5,4.27961722884659,469,BGN11,4.676465684708748
1000,8,gaussian,1.5,4.27961722884659,470,Algorithm 1,4.1364961816924755
1000,8,gaussian,1.5,4.27961722884659,470,BGS25,4.820464224690493
1000,8,gaussian,1.5,4.27961722884659,470,BGN11,4.444933465046751
1000,8,gaussian,1.5,4.27961722884659,471,Algorithm 1,4.225224049583638
1000,8,gaussian,1.5,4.27961722884659,471,BGS25,4.887129212982925
1000,8,gaussian,1.5,4.27961722884659,471,BGN11,4.528058448323186
1000,8,gaussian,1.5,4.27961722884659,472,Algorithm 1,3.959869985595596
1000,8,gaussian,1.5,4.27961722884659,472,BGS25,4.722634152957927
1000,8,gaussian,1.5,4.27961722884659,472,BGN11,4.330731441221671
1000,8,gaussian,1.5,4.27961722884659,473,Algorithm 1,4.2060954081723905
1000,8,gaussian,1.5,4.27961722884659,473,BGS25,4.888105320905746
1000,8,gaussian,1.5,4.27961722884659,473,BGN11,4.520686350218498
1000,8,gaussian,1.5,4.27961722884659,474,Algorithm 1,4.555385016847723
1000,8,gaussian,1.5,4.27961722884659,474,BGS25,5.075609442250348
1000,8,gaussian,1.5,4.27961722884659,474,BGN11,4.740439316271252
1000,8,gaussian,1.5,4.27961722884659,475,Algorithm 1,4.107714562133804
1000,8,gaussian,1.5,4.27961722884659,475,BGS25,4.87337077568457
1000,8,gaussian,1.5,4.27961722884659,475,BGN11,4.508941738424592
1000,8,gaussian,1.5,4.27961722884659,476,Algorithm 1,4.447208005542013
1000,8,gaussian,1.5,4.27961722884659,476,BGS25,5.03857448533495
1000,8,gaussian,1.5,4.27961722884659,476,BGN11,4.699012460844177
1000,8,gaussian,1.5,4.27961722884659,477,Algorithm 1,4.114475833738728
1000,8,gaussian,1.5,4.27961722884659,477,BGS25,4.882292040895303
1000,8,gaussian,1.5,4.27961722884659,477,BGN11,4.519928951244291
1000,8,gaussian,1.5,4.27961722884659,478,Algorithm 1,4.339750669548342
1000,8,gaussian,1.5,4.27961722884659,478,BGS25,4.972421906056961
1000,8,gaussian,1.5,4.27961722884659,478,BGN11,4.6197399883609345
1000,8,gaussian,1.5,4.27961722884659,479,Algorithm 1,4.2279044256244696
1000,8,gaussian,1.5,4.27961722884659,479,BGS25,4.883994167228838
1000,8,gaussian,1.5,4.27961722884659,479,BGN11,4.517495119480023
1000,8,gaussian,1.5,4.27961722884659,480,Algorithm 1,4.206734327175001
1000,8,gaussian,1.5,4.27961722884659,480,BGS25,4.884411072578082
1000,8,gaussian,1.5,4.27961722884659,480,BGN11,4.52369251961196
1000,8,gaussian,1.5,4.27961722884659,481,Algorithm 1,4.394559367160655
1000,8,gaussian,1.5,4.27961722884659,481,BGS25,4.9962759521366085
1000,8,gaussian,1.5,4.27961722884659,481,BGN11,4.648118954734609
1000,8,gaussian,1.5,4.27961722884659,482,Algorithm 1,4.2461618160126
1000,8,gaussian,1.5,4.27961722884659,482,BGS25,4.959055804275297
1000,8,gaussian,1.5,4.27961722884659,482,BGN11,4.606320722996192
1000,8,gaussian,1.5,4.27961722884659,483,Algorithm 1,4.356283928468571
1000,8,gaussian,1.5,4.27961722884659,483,BGS25,5.1311483929295605
1000,8,gaussian,1.5,4.27961722884659,483,BGN11,4.799405384675966
1000,8,gaussian,1.5,4.27961722884659,484,Algorithm 1,3.9887757796217276
1000,8,gaussian,1.5,4.27961722884659,484,BGS25,4.8077346498514935
1000,8,gaussian,1.5,4.27961722884659,484,BGN11,4.437217822670479
1000,8,gaussian,1.5,4.27961722884659,485,Algorithm 1,4.54889046861383
1000,8,gaussian,1.5,4.27961722884659,485,BGS25,5.163281058373647
1000,8,gaussian,1.5,4.27961722884659,485,BGN11,4.844461141796485
1000,8,gaussian,1.5,4.27961722884659,486,Algorithm 1,4.429249592059113
1000,8,gaussian,1.5,4.27961722884659,486,BGS25,5.102377265619028
1000,8,gaussian,1.5,4.27961722884659,486,BGN11,4.767469860273477
1000,8,gaussian,1.5,4.27961722884659,487,Algorithm 1,4.3380962987530856
1000,8,gaussian,1.5,4.27961722884659,487,BGS25,4.985368489459864
1000,8,gaussian,1.5,4.27961722884659,487,BGN11,4.64462727222544
1000,8,gaussian,1.5,4.27961722884659,488,Algorithm 1,4.298665002118168
1000,8,gaussian,1.5,4.27961722884659,488,BGS25,4.962372232857637
1000,8,gaussian,1.5,4.27961722884659,488,BGN11,4.615755701190691
1000,8,gaussian,1.5,4.27961722884659,489,Algorithm 1,4.294959461590318
1000,8,gaussian,1.5,4.27961722884659,489,BGS25,4.998962680498193
1000,8,gaussian,1.5,4.27961722884659,489,BGN11,4.659251346224878
1000,8,gaussian,1.5,4.27961722884659,490,Algorithm 1,4.279098717874608
1000,8,gaussian,1.5,4.27961722884659,490,BGS25,4.904418061699804
1000,8,gaussian,1.5,4.27961722884659,490,BGN11,4.548202920820056
1000,8,gaussian,1.5,4.27961722884659,491,Algorithm 1,4.189831927591367
1000,8,gaussian,1.5,4.27961722884659,491,BGS25,4.883755254271025
1000,8,gaussian,1.5,4.27961722884659,491,BGN11,4.525716578333271
1000,8,gaussian,1.5,4.27961722884659,492,Algorithm 1,4.277643247877469
1000,8,gaussian,1.5,4.27961722884659,492,BGS25,5.013623971274086
1000,8,gaussian,1.5,4.27961722884659,492,BGN11,4.670986487023488
1000,8,gaussian,1.5,4.27961722884659,493,Algorithm 1,4.224281989872254
1000,8,gaussian,1.5,4.27961722884659,493,BGS25,4.984051209077487
1000,8,gaussian,1.5,4.27961722884659,493,BGN11,4.631337932191921
1000,8,gaussian,1.5,4.27961722884659,494,Algorithm 1,4.191090308796841
1000,8,gaussian,1.5,4.27961722884659,494,BGS25,4.903076490927377
1000,8,gaussian,1.5,4.27961722884659,494,BGN11,4.541957830594634
1000,8,gaussian,1.5,4.27961722884659,495,Algorithm 1,4.199679500477418
1000,8,gaussian,1.5,4.27961722884659,495,BGS25,4.839440924075868
1000,8,gaussian,1.5,4.27961722884659,495,BGN11,4.471674474437772
1000,8,gaussian,1.5,4.27961722884659,496,Algorithm 1,4.193311491430244
1000,8,gaussian,1.5,4.27961722884659,496,BGS25,4.916868842042488
1000,8,gaussian,1.5,4.27961722884659,496,BGN11,4.5682697789748135
1000,8,gaussian,1.5,4.27961722884659,497,Algorithm 1,4.225677823329024
1000,8,gaussian,1.5,4.27961722884659,497,BGS25,4.908585883525525
1000,8,gaussian,1.5,4.27961722884659,497,BGN11,4.552209020563207
1000,8,gaussian,1.5,4.27961722884659,498,Algorithm 1,4.114739050338916
1000,8,gaussian,1.5,4.27961722884659,498,BGS25,4.777967489108505
1000,8,gaussian,1.5,4.27961722884659,498,BGN11,4.399719488539823
1000,8,gaussian,1.5,4.27961722884659,499,Algorithm 1,4.4014662455443325
1000,8,gaussian,1.5,4.27961722884659,499,BGS25,4.959827855980551
1000,8,gaussian,1.5,4.27961722884659,499,BGN11,4.614474627625814
1000,8,gaussian,1.5,4.27961722884659,500,Algorithm 1,3.901962948188082
1000,8,gaussian,1.5,4.27961722884659,500,BGS25,4.75300025420901
1000,8,gaussian,1.5,4.27961722884659,500,BGN11,4.370481073998465
1000,8,rademacher,1.5,4.27961722884659,1,Algorithm 1,4.371138742867775
1000,8,rademacher,1.5,4.27961722884659,1,BGS25,5.013076064117142
1000,8,rademacher,1.5,4.27961722884659,1,BGN11,4.6695842414419095
1000,8,rademacher,1.5,4.27961722884659,2,Algorithm 1,4.4580178034015505
1000,8,rademacher,1.5,4.27961722884659,2,BGS25,5.04502082162583
1000,8,rademacher,1.5,4.27961722884659,2,BGN11,4.703019384554302
1000,8,rademacher,1.5,4.27961722884659,3,Algorithm 1,4.071651683911935
1000,8,rademacher,1.5,4.27961722884659,3,BGS25,4.867996876050512
1000,8,rademacher,1.5,4.27961722884659,3,BGN11,4.503753867058903
1000,8,rademacher,1.5,4.27961722884659,4,Algorithm 1,4.236963116448494
1000,8,rademacher,1.5,4.27961722884659,4,BGS25,4.8641872291849495
1000,8,rademacher,1.5,4.27961722884659,4,BGN11,4.498754485606286
1000,8,rademacher,1.5,4.27961722884659,5,Algorithm 1,4.410487036754344
1000,8,rademacher,1.5,4.27961722884659,5,BGS25,5.055259559657239
1000,8,rademacher,1.5,4.27961722884659,5,BGN11,4.717371848371849
1000,8,rademacher,1.5,4.27961722884659,6,Algorithm 1,4.293808935121953
1000,8,rademacher,1.5,4.27961722884659,6,BGS25,5.036018366095653
1000,8,rademacher,1.5,4.27961722884659,6,BGN11,4.699585506861814
1000,8,rademacher,1.5,4.27961722884659,7,Algorithm 1,4.3176661882971965
1000,8,rademacher,1.5,4.27961722884659,7,BGS25,5.053887821771662
1000,8,rademacher,1.5,4.27961722884659,7,BGN11,4.726003959744555
1000,8,rademacher,1.5,4.27961722884659,8,Algorithm 1,4.278391309629665
1000,8,rademacher,1.5,4.27961722884659,8,BGS25,4.949314468575408
1000,8,rademacher,1.5,4.27961722884659,8,BGN11,4.603296795003193
1000,8,rademacher,1.5,4.27961722884659,9,Algorithm 1,4.122655079076486
1000,8,rademacher,1.5,4.27961722884659,9,BGS25,4.7291713104449755
1000,8,rademacher,1.5,4.27961722884659,9,BGN11,4.337053104243384
1000,8,rademacher,1.5,4.27961722884659,10,Algorithm 1,4.494621732639491
1000,8,rademacher,1.5,4.27961722884659,10,BGS25,5.092473567198731
1000,8,rademacher,1.5,4.27961722884659,10,BGN11,4.75428626733031
1000,8,rademacher,1.5,4.27961722884659,11,Algorithm 1,3.982054263109515
1000,8,rademacher,1.5,4.27961722884659,11,BGS25,4.7909241104934175
1000,8,rademacher,1.5,4.27961722884659,11,BGN11,4.409699637721172
1000,8,rademacher,1.5,4.27961722884659,12,Algorithm 1,4.170379408071421
1000,8,rademacher,1.5,4.27961722884659,12,BGS25,4.901278624454525
1000,8,rademacher,1.5,4.27961722884659,12,BGN11,4.547292398210037
1000,8,rademacher,1.5,4.27961722884659,13,Algorithm 1,4.342922312167429
1000,8,rademacher,1.5,4.27961722884659,13,BGS25,4.987472339998755
1000,8,rademacher,1.5,4.27961722884659,13,BGN11,4.641717357208737
1000,8,rademacher,1.5,4.27961722884659,14,Algorithm 1,4.3007671709486965
1000,8,rademacher,1.5,4.27961722884659,14,BGS25,4.988875496707717
1000,8,rademacher,1.5,4.27961722884659,14,BGN11,4.644610507820812
1000,8,rademacher,1.5,4.27961722884659,15,Algorithm 1,4.523824820117562
1000,8,rademacher,1.5,4.27961722884659,15,BGS25,5.126399181278099
1000,8,rademacher,1.5,4.27961722884659,15,BGN11,4.795337441934255
1000,8,rademacher,1.5,4.27961722884659,16,Algorithm 1,4.2541484119218245
1000,8,rademacher,1.5,4.27961722884659,16,BGS25,5.001807256977498
1000,8,rademacher,1.5,4.27961722884659,16,BGN11,4.654564125052103
1000,8,rademacher,1.5,4.27961722884659,17,Algorithm 1,4.674209618842315
1000,8,rademacher,1.5,4.27961722884659,17,BGS25,5.183654202815442
1000,8,rademacher,1.5,4.27961722884659,17,BGN11,4.862696254722937
1000,8,rademacher,1.5,4.27961722884659,18,Algorithm 1,4.3783078174422405
1000,8,rademacher,1.5,4.27961722884659,18,BGS25,4.956252240140315
1000,8,rademacher,1.5,4.27961722884659,18,BGN11,4.606090995948405
1000,8,rademacher,1.5,4.27961722884659,19,Algorithm 1,4.309180841910596
1000,8,rademacher,1.5,4.27961722884659,19,BGS25,4.963911396402066
1000,8,rademacher,1.5,4.27961722884659,19,BGN11,4.615518344296015
1000,8,rademacher,1.5,4.27961722884659,20,Algorithm 1,4.246314093769898
1000,8,rademacher,1.5,4.27961722884659,20,BGS25,4.896435971823162
1000,8,rademacher,1.5,4.27961722884659,20,BGN11,4.533964335475396
1000,8,rademacher,1.5,4.27961722884659,21,Algorithm 1,4.1139485961535645
1000,8,rademacher,1.5,4.27961722884659,21,BGS25,4.905316252700439
1000,8,rademacher,1.5,4.27961722884659,21,BGN11,4.545738698164998
1000,8,rademacher,1.5,4.27961722884659,22,Algorithm 1,4.53485855212954
1000,8,rademacher,1.5,4.27961722884659,22,BGS25,5.090231366663634
1000,8,rademacher,1.5,4.27961722884659,22,BGN11,4.7518099594225385
1000,8,rademacher,1.5,4.27961722884659,23,Algorithm 1,4.355215554537095
1000,8,rademacher,1.5,4.27961722884659,23,BGS25,5.012420497387684
1000,8,rademacher,1.5,4.27961722884659,23,BGN11,4.669654202617708
1000,8,rademacher,1.5,4.27961722884659,24,Algorithm 1,4.159980742678115
1000,8,rademacher,1.5,4.27961722884659,24,BGS25,4.82524767420246
1000,8,rademacher,1.5,4.27961722884659,24,BGN11,4.449497806106524
1000,8,rademacher,1.5,4.27961722884659,25,Algorithm 1,4.482767804765909
1000,8,rademacher,1.5,4.27961722884659,25,BGS25,5.058740102726823
1000,8,rademacher,1.5,4.27961722884659,25,BGN11,4.718290180107998
1000,8,rademacher,1.5,4.27961722884659,26,Algorithm 1,4.3862860919598505
1000,8,rademacher,1.5,4.27961722884659,26,BGS25,5.0539259228345035
1000,8,rademacher,1.5,4.27961722884659,26,BGN11,4.715119600716421
1000,8,rademacher,1.5,4.27961722884659,27,Algorithm 1,4.187463841504004
1000,8,rademacher,1.5,4.27961722884659,27,BGS25,4.943079341487767
1000,8,rademacher,1.5,4.27961722884659,27,BGN11,4.5916176025343525
1000,8,rademacher,1.5,4.27961722884659,28,Algorithm 1,4.311015402128607
1000,8,rademacher,1.5,4.27961722884659,28,BGS25,4.91944634680369
1000,8,rademacher,1.5,4.27961722884659,28,BGN11,4.562819776075309
1000,8,rademacher,1.5,4.27961722884659,29,Algorithm 1,4.046750291479232
1000,8,rademacher,1.5,4.27961722884659,29,BGS25,4.823123615033785
1000,8,rademacher,1.5,4.27961722884659,29,BGN11,4.459990796549413
1000,8,rademacher,1.5,4.27961722884659,30,Algorithm 1,4.328876784121206
1000,8,rademacher,1.5,4.27961722884659,30,BGS25,4.849877668361793
1000,8,rademacher,1.5,4.27961722884659,30,BGN11,4.482425521399163
1000,8,rademacher,1.5,4.27961722884659,31,Algorithm 1,4.304178934612733
1000,8,rademacher,1.5,4.27961722884659,31,BGS25,4.879019246102713
1000,8,rademacher,1.5,4.27961722884659,31,BGN11,4.512432786863276
1000,8,rademacher,1.5,4.27961722884659,32,Algorithm 1,4.381617674794031
1000,8,rademacher,1.5,4.27961722884659,32,BGS25,4.984973740733377
1000,8,rademacher,1.5,4.27961722884659,32,BGN11,4.6414431704876025
1000,8,rademacher,1.5,4.27961722884659,33,Algorithm 1,4.148270660447971
1000,8,rademacher,1.5,4.27961722884659,33,BGS25,4.828671562046192
1000,8,rademacher,1.5,4.27961722884659,33,BGN11,4.458408931688034
1000,8,rademacher,1.5,4.27961722884659,34,Algorithm 1,4.225672705713311
1000,8,rademacher,1.5,4.27961722884659,34,BGS25,4.895962091578944
1000,8,rademacher,1.5,4.27961722884659,34,BGN11,4.5376932491799
1000,8,rademacher,1.5,4.27961722884659,35,Algorithm 1,4.368802105947847
1000,8,rademacher,1.5,4.27961722884659,35,BGS25,4.975737099172282
1000,8,rademacher,1.5,4.27961722884659,35,BGN11,4.632288926924781
1000,8,rademacher,1.5,4.27961722884659,36,Algorithm 1,4.38188824379241
1000,8,rademacher,1.5,4.27961722884659,36,BGS25,5.023141606714827
1000,8,rademacher,1.5,4.27961722884659,36,BGN11,4.683407319214081
1000,8,rademacher,1.5,4.27961722884659,37,Algorithm 1,4.311058573626385
1000,8,rademacher,1.5,4.27961722884659,37,BGS25,5.059146616870104
1000,8,rademacher,1.5,4.27961722884659,37,BGN11,4.725346301519997
1000,8,rademacher,1.5,4.27961722884659,38,Algorithm 1,4.357572021337033
1000,8,rademacher,1.5,4.27961722884659,38,BGS25,5.007812914266415
1000,8,rademacher,1.5,4.27961722884659,38,BGN11,4.671687590143553
1000,8,rademacher,1.5,4.27961722884659,39,Algorithm 1,4.498163677650172
1000,8,rademacher,1.5,4.27961722884659,39,BGS25,5.034161138894615
1000,8,rademacher,1.5,4.27961722884659,39,BGN11,4.692377938194166
1000,8,rademacher,1.5,4.27961722884659,40,Algorithm 1,4.356330400851928
1000,8,rademacher,1.5,4.27961722884659,40,BGS25,4.989786419564102
1000,8,rademacher,1.5,4.27961722884659,40,BGN11,4.640111712217135
1000,8,rademacher,1.5,4.27961722884659,41,Algorithm 1,4.282261291174897
1000,8,rademacher,1.5,4.27961722884659,41,BGS25,5.004723594118559
1000,8,rademacher,1.5,4.27961722884659,41,BGN11,4.66822230098031
1000,8,rademacher,1.5,4.27961722884659,42,Algorithm 1,4.6111685657231645
1000,8,rademacher,1.5,4.27961722884659,42,BGS25,5.213943443506855
1000,8,rademacher,1.5,4.27961722884659,42,BGN11,4.898555205207733
1000,8,rademacher,1.5,4.27961722884659,43,Algorithm 1,3.9879193032618696
1000,8,rademacher,1.5,4.27961722884659,43,BGS25,4.787911092574906
1000,8,rademacher,1.5,4.27961722884659,43,BGN11,4.404447476738595
1000,8,rademacher,1.5,4.27961722884659,44,Algorithm 1,4.374353844405531
1000,8,rademacher,1.5,4.27961722884659,44,BGS25,4.977721970265925
1000,8,rademacher,1.5,4.27961722884659,44,BGN11,4.625473148693142
1000,8,rademacher,1.5,4.27961722884659,45,Algorithm 1,4.528688449638917
1000,8,rademacher,1.5,4.27961722884659,45,BGS25,5.092134943327627
1000,8,rademacher,1.5,4.27961722884659,45,BGN11,4.755084153272365
1000,8,rademacher,1.5,4.27961722884659,46,Algorithm 1,4.177327909030485
1000,8,rademacher,1.5,4.27961722884659,46,BGS25,4.844144815462316
1000,8,rademacher,1.5,4.27961722884659,46,BGN11,4.47138810159133
1000,8,rademacher,1.5,4.27961722884659,47,Algorithm 1,4.206319971108477
1000,8,rademacher,1.5,4.27961722884659,47,BGS25,4.9710104993526505
1000,8,rademacher,1.5,4.27961722884659,47,BGN11,4.624801902434752
1000,8,rademacher,1.5,4.27961722884659,48,Algorithm 1,4.400005336203973
1000,8,rademacher,1.5,4.27961722884659,48,BGS25,4.983329910282103
1000,8,rademacher,1.5,4.27961722884659,48,BGN11,4.640998186009843
1000,8,rademacher,1.5,4.27961722884659,49,Algorithm 1,4.3321314672659526
1000,8,rademacher,1.5,4.27961722884659,49,BGS25,4.995338604750486
1000,8,rademacher,1.5,4.27961722884659,49,BGN11,4.655501236625774
1000,8,rademacher,1.5,4.27961722884659,50,Algorithm 1,4.2360883268597105
1000,8,rademacher,1.5,4.27961722884659,50,BGS25,4.803046510925679
1000,8,rademacher,1.5,4.27961722884659,50,BGN11,4.432507752046986
1000,8,rademacher,1.5,4.27961722884659,51,Algorithm 1,4.129813660324785
1000,8,rademacher,1.5,4.27961722884659,51,BGS25,4.838406825127642
1000,8,rademacher,1.5,4.27961722884659,51,BGN11,4.47047951960512
1000,8,rademacher,1.5,4.27961722884659,52,Algorithm 1,4.361375829662959
1000,8,rademacher,1.5,4.27961722884659,52,BGS25,4.9964468967512445
1000,8,rademacher,1.5,4.27961722884659,52,BGN11,4.6484167196285044
1000,8,rademacher,1.5,4.27961722884659,53,Algorithm 1,4.219191502945438
1000,8,rademacher,1.5,4.27961722884659,53,BGS25,4.924859191111299
1000,8,rademacher,1.5,4.27961722884659,53,BGN11,4.564868601984048
1000,8,rademacher,1.5,4.27961722884659,54,Algorithm 1,4.145537623849149
1000,8,rademacher,1.5,4.27961722884659,54,BGS25,4.885396435032252
1000,8,rademacher,1.5,4.27961722884659,54,BGN11,4.529566715154792
1000,8,rademacher,1.5,4.27961722884659,55,Algorithm 1,4.297836716793276
1000,8,rademacher,1.5,4.27961722884659,55,BGS25,4.925147619153902
1000,8,rademacher,1.5,4.27961722884659,55,BGN11,4.563868746614252
1000,8,rademacher,1.5,4.27961722884659,56,Algorithm 1,4.275581878643142
1000,8,rademacher,1.5,4.27961722884659,56,BGS25,4.968033989038206
1000,8,rademacher,1.5,4.27961722884659,56,BGN11,4.616426082068306
1000,8,rademacher,1.5,4.27961722884659,57,Algorithm 1,4.185652235916204
1000,8,rademacher,1.5,4.27961722884659,57,BGS25,4.86993636579507
1000,8,rademacher,1.5,4.27961722884659,57,BGN11,4.5072864770083845
1000,8,rademacher,1.5,4.27961722884659,58,Algorithm 1,4.446050198684295
1000,8,rademacher,1.5,4.27961722884659,58,BGS25,4.956498256559166
1000,8,rademacher,1.5,4.27961722884659,58,BGN11,4.61078375372257
1000,8,rademacher,1.5,4.27961722884659,59,Algorithm 1,4.246547689055858
1000,8,rademacher,1.5,4.27961722884659,59,BGS25,4.9171106577430574
1000,8,rademacher,1.5,4.27961722884659,59,BGN11,4.559340981295824
1000,8,rademacher,1.5,4.27961722884659,60,Algorithm 1,4.045044424169267
1000,8,rademacher,1.5,4.27961722884659,60,BGS25,4.846328153623135
1000,8,rademacher,1.5,4.27961722884659,60,BGN11,4.484732614999533
1000,8,rademacher,1.5,4.27961722884659,61,Algorithm 1,4.245542395658582
1000,8,rademacher,1.5,4.27961722884659,61,BGS25,4.999699778524711
1000,8,rademacher,1.5,4.27961722884659,61,BGN11,4.655287152140412
1000,8,rademacher,1.5,4.27961722884659,62,Algorithm 1,4.119637125230317
1000,8,rademacher,1.5,4.27961722884659,62,BGS25,4.825665391196043
1000,8,rademacher,1.5,4.27961722884659,62,BGN11,4.4565792545273935
1000,8,rademacher,1.5,4.27961722884659,63,Algorithm 1,4.3346754716790565
1000,8,rademacher,1.5,4.27961722884659,63,BGS25,5.007693546228683
1000,8,rademacher,1.5,4.27961722884659,63,BGN11,4.665405111898019
1000,8,rademacher,1.5,4.27961722884659,64,Algorithm 1,4.475017644345065
1000,8,rademacher,1.5,4.27961722884659,64,BGS25,5.053214407572306
1000,8,rademacher,1.5,4.27961722884659,64,BGN11,4.711335724676571
1000,8,rademacher,1.5,4.27961722884659,65,Algorithm 1,4.246605582694053
1000,8,rademacher,1.5,4.27961722884659,65,BGS25,4.927443589974802
1000,8,rademacher,1.5,4.27961722884659,65,BGN11,4.564831615682196
1000,8,rademacher,1.5,4.27961722884659,66,Algorithm 1,4.07921448643457
1000,8,rademacher,1.5,4.27961722884659,66,BGS25,4.805172950175623
1000,8,rademacher,1.5,4.27961722884659,66,BGN11,4.43551148865719
1000,8,rademacher,1.5,4.27961722884659,67,Algorithm 1,4.478796736674333
1000,8,rademacher,1.5,4.27961722884659,67,BGS25,5.103195162166919
1000,8,rademacher,1.5,4.27961722884659,67,BGN11,4.76896548855114
1000,8,rademacher,1.5,4.27961722884659,68,Algorithm 1,3.968706850959115
1000,8,rademacher,1.5,4.27961722884659,68,BGS25,4.796654066224477
1000,8,rademacher,1.5,4.27961722884659,68,BGN11,4.419317546313784
1000,8,rademacher,1.5,4.27961722884659,69,Algorithm 1,4.513891404201688
1000,8,rademacher,1.5,4.27961722884659,69,BGS25,5.0994918476661315
1000,8,rademacher,1.5,4.27961722884659,69,BGN11,4.775292233099475
1000,8,rademacher,1.5,4.27961722884659,70,Algorithm 1,4.318209883799669
1000,8,rademacher,1.5,4.27961722884659,70,BGS25,4.992440289001664
1000,8,rademacher,1.5,4.27961722884659,70,BGN11,4.647833135183148
1000,8,rademacher,1.5,4.27961722884659,71,Algorithm 1,4.500294611527553
1000,8,rademacher,1.5,4.27961722884659,71,BGS25,5.130102498578797
1000,8,rademacher,1.5,4.27961722884659,71,BGN11,4.804691401347876
1000,8,rademacher,1.5,4.27961722884659,72,Algorithm 1,4.2744285221351825
1000,8,rademacher,1.5,4.27961722884659,72,BGS25,4.951581857656178
1000,8,rademacher,1.5,4.27961722884659,72,BGN11,4.599623814626594
1000,8,rademacher,1.5,4.27961722884659,73,Algorithm 1,4.484091972817324
1000,8,rademacher,1.5,4.27961722884659,73,BGS25,5.307044897257918
1000,8,rademacher,1.5,4.27961722884659,73,BGN11,4.995703161116321
1000,8,rademacher,1.5,4.27961722884659,74,Algorithm 1,4.584608164594799
1000,8,rademacher,1.5,4.27961722884659,74,BGS25,5.099016412085035
1000,8,rademacher,1.5,4.27961722884659,74,BGN11,4.770193741577733
1000,8,rademacher,1.5,4.27961722884659,75,Algorithm 1,4.375173301635702
1000,8,rademacher,1.5,4.27961722884659,75,BGS25,5.071064054616449
1000,8,rademacher,1.5,4.27961722884659,75,BGN11,4.733272345183318
1000,8,rademacher,1.5,4.27961722884659,76,Algorithm 1,4.260953131552715
1000,8,rademacher,1.5,4.27961722884659,76,BGS25,4.889820240237757
1000,8,rademacher,1.5,4.27961722884659,76,BGN11,4.523939735990498
1000,8,rademacher,1.5,4.27961722884659,77,Algorithm 1,4.694823064573631
1000,8,rademacher,1.5,4.27961722884659,77,BGS25,5.293219193815222
1000,8,rademacher,1.5,4.27961722884659,77,BGN11,4.9795615666742625
1000,8,rademacher,1.5,4.27961722884659,78,Algorithm 1,4.174506331365517
1000,8,rademacher,1.5,4.27961722884659,78,BGS25,5.013077589432374
1000,8,rademacher,1.5,4.27961722884659,78,BGN11,4.674592004183002
1000,8,rademacher,1.5,4.27961722884659,79,Algorithm 1,4.306858525737057
1000,8,rademacher,1.5,4.27961722884659,79,BGS25,4.9964326100632075
1000,8,rademacher,1.5,4.27961722884659,79,BGN11,4.6480994888411065
1000,8,rademacher,1.5,4.27961722884659,80,Algorithm 1,4.30090763683084
1000,8,rademacher,1.5,4.27961722884659,80,BGS25,5.023952643386751
1000,8,rademacher,1.5,4.27961722884659,80,BGN11,4.681087726971857
1000,8,rademacher,1.5,4.27961722884659,81,Algorithm 1,4.108094846679986
1000,8,rademacher,1.5,4.27961722884659,81,BGS25,4.859402091562376
1000,8,rademacher,1.5,4.27961722884659,81,BGN11,4.496015582996929
1000,8,rademacher,1.5,4.27961722884659,82,Algorithm 1,4.476915481793506
1000,8,rademacher,1.5,4.27961722884659,82,BGS25,5.115330056233111
1000,8,rademacher,1.5,4.27961722884659,82,BGN11,4.791466010061619
1000,8,rademacher,1.5,4.27961722884659,83,Algorithm 1,4.119545263023824
1000,8,rademacher,1.5,4.27961722884659,83,BGS25,4.784553562173588
1000,8,rademacher,1.5,4.27961722884659,83,BGN11,4.414845500746752
1000,8,rademacher,1.5,4.27961722884659,84,Algorithm 1,4.307208349022245
1000,8,rademacher,1.5,4.27961722884659,84,BGS25,4.999607247600398
1000,8,rademacher,1.5,4.27961722884659,84,BGN11,4.654296267117461
1000,8,rademacher,1.5,4.27961722884659,85,Algorithm 1,4.17306992265439
1000,8,rademacher,1.5,4.27961722884659,85,BGS25,4.860433123411923
1000,8,rademacher,1.5,4.27961722884659,85,BGN11,4.495359561419474
1000,8,rademacher,1.5,4.27961722884659,86,Algorithm 1,4.2896572826625965
1000,8,rademacher,1.5,4.27961722884659,86,BGS25,4.883067690143905
1000,8,rademacher,1.5,4.27961722884659,86,BGN11,4.51772379662222
1000,8,rademacher,1.5,4.27961722884659,87,Algorithm 1,4.407890105308667
1000,8,rademacher,1.5,4.27961722884659,87,BGS25,5.0967307559792605
1000,8,rademacher,1.5,4.27961722884659,87,BGN11,4.7710086109872005
1000,8,rademacher,1.5,4.27961722884659,88,Algorithm 1,4.2013317014052936
1000,8,rademacher,1.5,4.27961722884659,88,BGS25,4.9077244090047145
1000,8,rademacher,1.5,4.27961722884659,88,BGN11,4.547890083334957
1000,8,rademacher,1.5,4.27961722884659,89,Algorithm 1,4.1637121748606685
1000,8,rademacher,1.5,4.27961722884659,89,BGS25,5.023299591624696
1000,8,rademacher,1.5,4.27961722884659,89,BGN11,4.6870130847347875
1000,8,rademacher,1.5,4.27961722884659,90,Algorithm 1,4.319734214345196
1000,8,rademacher,1.5,4.27961722884659,90,BGS25,4.956530423628639
1000,8,rademacher,1.5,4.27961722884659,90,BGN11,4.607617623195051
1000,8,rademacher,1.5,4.27961722884659,91,Algorithm 1,4.3815591632808335
1000,8,rademacher,1.5,4.27961722884659,91,BGS25,4.995962811158116
1000,8,rademacher,1.5,4.27961722884659,91,BGN11,4.649908521536223
1000,8,rademacher,1.5,4.27961722884659,92,Algorithm 1,4.2541172946676795
1000,8,rademacher,1.5,4.27961722884659,92,BGS25,4.957403214066645
1000,8,rademacher,1.5,4.27961722884659,92,BGN11,4.607352365882767
1000,8,rademacher,1.5,4.27961722884659,93,Algorithm 1,4.598008264010674
1000,8,rademacher,1.5,4.27961722884659,93,BGS25,5.205332692892636
1000,8,rademacher,1.5,4.27961722884659,93,BGN11,4.886662741996776
1000,8,rademacher,1.5,4.27961722884659,94,Algorithm 1,4.276465170941824
1000,8,rademacher,1.5,4.27961722884659,94,BGS25,4.930401461185076
1000,8,rademacher,1.5,4.27961722884659,94,BGN11,4.571607367205194
1000,8,rademacher,1.5,4.27961722884659,95,Algorithm 1,4.151529332844318
1000,8,rademacher,1.5,4.27961722884659,95,BGS25,4.8462046588792855
1000,8,rademacher,1.5,4.27961722884659,95,BGN11,4.4836417099579355
1000,8,rademacher,1.5,4.27961722884659,96,Algorithm 1,4.195844021306497
1000,8,rademacher,1.5,4.27961722884659,96,BGS25,4.800609578830306
1000,8,rademacher,1.5,4.27961722884659,96,BGN11,4.422953592536837
1000,8,rademacher,1.5,4.27961722884659,97,Algorithm 1,4.135887576718034
1000,8,rademacher,1.5,4.27961722884659,97,BGS25,4.9163795849353855
1000,8,rademacher,1.5,4.27961722884659,97,BGN11,4.568359289874283
1000,8,rademacher,1.5,4.27961722884659,98,Algorithm 1,4.1440087218668085
1000,8,rademacher,1.5,4.27961722884659,98,BGS25,4.9748998550544234
1000,8,rademacher,1.5,4.27961722884659,98,BGN11,4.62959526278607
1000,8,rademacher,1.5,4.27961722884659,99,Algorithm 1,4.447371693186108
1000,8,rademacher,1.5,4.27961722884659,99,BGS25,5.064401773497206
1000,8,rademacher,1.5,4.27961722884659,99,BGN11,4.727464719199009
1000,8,rademacher,1.5,4.27961722884659,100,Algorithm 1,4.392767128386552
1000,8,rademacher,1.5,4.27961722884659,100,BGS25,4.984444439352442
1000,8,rademacher,1.5,4.27961722884659,100,BGN11,4.64026855916735
1000,8,rademacher,1.5,4.27961722884659,101,Algorithm 1,4.028448317198646
1000,8,rademacher,1.5,4.27961722884659,101,BGS25,4.824912601606277
1000,8,rademacher,1.5,4.27961722884659,101,BGN11,4.460260890694692
1000,8,rademacher,1.5,4.27961722884659,102,Algorithm 1,4.159225268205084
1000,8,rademacher,1.5,4.27961722884659,102,BGS25,4.849671337982695
1000,8,rademacher,1.5,4.27961722884659,102,BGN11,4.479467599262433
1000,8,rademacher,1.5,4.27961722884659,103,Algorithm 1,4.265894987145378
1000,8,rademacher,1.5,4.27961722884659,103,BGS25,4.9925419938719
1000,8,rademacher,1.5,4.27961722884659,103,BGN11,4.6494645915063595
1000,8,rademacher,1.5,4.27961722884659,104,Algorithm 1,4.101513561590003
1000,8,rademacher,1.5,4.27961722884659,104,BGS25,4.777264048990578
1000,8,rademacher,1.5,4.27961722884659,104,BGN11,4.3990172326885455
1000,8,rademacher,1.5,4.27961722884659,105,Algorithm 1,4.11205954060533
1000,8,rademacher,1.5,4.27961722884659,105,BGS25,4.780166754657998
1000,8,rademacher,1.5,4.27961722884659,105,BGN11,4.402871075890212
1000,8,rademacher,1.5,4.27961722884659,106,Algorithm 1,4.345499989415838
1000,8,rademacher,1.5,4.27961722884659,106,BGS25,4.8349836609963806
1000,8,rademacher,1.5,4.27961722884659,106,BGN11,4.467461623436923
1000,8,rademacher,1.5,4.27961722884659,107,Algorithm 1,4.350844187745322
1000,8,rademacher,1.5,4.27961722884659,107,BGS25,5.0470666852810435
1000,8,rademacher,1.5,4.27961722884659,107,BGN11,4.708484183602131
1000,8,rademacher,1.5,4.27961722884659,108,Algorithm 1,4.228582257507552
1000,8,rademacher,1.5,4.27961722884659,108,BGS25,4.991968172946909
1000,8,rademacher,1.5,4.27961722884659,108,BGN11,4.645159463895669
1000,8,rademacher,1.5,4.27961722884659,109,Algorithm 1,4.243150287679511
1000,8,rademacher,1.5,4.27961722884659,109,BGS25,4.928120371271195
1000,8,rademacher,1.5,4.27961722884659,109,BGN11,4.570984880678895
1000,8,rademacher,1.5,4.27961722884659,110,Algorithm 1,4.1347134979733955
1000,8,rademacher,1.5,4.27961722884659,110,BGS25,4.82282323354902
1000,8,rademacher,1.5,4.27961722884659,110,BGN11,4.455632731034632
1000,8,rademacher,1.5,4.27961722884659,111,Algorithm 1,4.127847695531662
1000,8,rademacher,1.5,4.27961722884659,111,BGS25,4.917054815097701
1000,8,rademacher,1.5,4.27961722884659,111,BGN11,4.559546229771239
1000,8,rademacher,1.5,4.27961722884659,112,Algorithm 1,4.214456698611664
1000,8,rademacher,1.5,4.27961722884659,112,BGS25,4.782098442683119
1000,8,rademacher,1.5,4.27961722884659,112,BGN11,4.408084594695666
1000,8,rademacher,1.5,4.27961722884659,113,Algorithm 1,4.34084465076456
1000,8,rademacher,1.5,4.27961722884659,113,BGS25,4.990936818486034
1000,8,rademacher,1.5,4.27961722884659,113,BGN11,4.642907729443469
1000,8,rademacher,1.5,4.27961722884659,114,Algorithm 1,4.314560539498766
1000,8,rademacher,1.5,4.27961722884659,114,BGS25,5.033062286898745
1000,8,rademacher,1.5,4.27961722884659,114,BGN11,4.688983220704891
1000,8,rademacher,1.5,4.27961722884659,115,Algorithm 1,4.2746360764799025
1000,8,rademacher,1.5,4.27961722884659,115,BGS25,4.889392233224202
1000,8,rademacher,1.5,4.27961722884659,115,BGN11,4.530195756008241
1000,8,rademacher,1.5,4.27961722884659,116,Algorithm 1,4.4932775455062455
1000,8,rademacher,1.5,4.27961722884659,116,BGS25,5.062500262186989
1000,8,rademacher,1.5,4.27961722884659,116,BGN11,4.727228003340797
1000,8,rademacher,1.5,4.27961722884659,117,Algorithm 1,3.9990131535280447
1000,8,rademacher,1.5,4.27961722884659,117,BGS25,4.897819836304169
1000,8,rademacher,1.5,4.27961722884659,117,BGN11,4.539924240331255
1000,8,rademacher,1.5,4.27961722884659,118,Algorithm 1,4.378986187305029
1000,8,rademacher,1.5,4.27961722884659,118,BGS25,5.012089444244803
1000,8,rademacher,1.5,4.27961722884659,118,BGN11,4.670701732485574
1000,8,rademacher,1.5,4.27961722884659,119,Algorithm 1,4.1731429642104425
1000,8,rademacher,1.5,4.27961722884659,119,BGS25,4.962264845701793
1000,8,rademacher,1.5,4.27961722884659,119,BGN11,4.616300271914024
1000,8,rademacher,1.5,4.27961722884659,120,Algorithm 1,4.203819530571588
1000,8,rademacher,1.5,4.27961722884659,120,BGS25,4.913597328901851
1000,8,rademacher,1.5,4.27961722884659,120,BGN11,4.553189560092529
1000,8,rademacher,1.5,4.27961722884659,121,Algorithm 1,4.293444914859999
1000,8,rademacher,1.5,4.27961722884659,121,BGS25,4.890473962147908
1000,8,rademacher,1.5,4.27961722884659,121,BGN11,4.524656280138111
1000,8,rademacher,1.5,4.27961722884659,122,Algorithm 1,4.260024561567209
1000,8,rademacher,1.5,4.27961722884659,122,BGS25,4.948252890515995
1000,8,rademacher,1.5,4.27961722884659,122,BGN11,4.5964341566127205
1000,8,rademacher,1.5,4.27961722884659,123,Algorithm 1,4.2544106019392185
1000,8,rademacher,1.5,4.27961722884659,123,BGS25,4.931465174176699
1000,8,rademacher,1.5,4.27961722884659,123,BGN11,4.585292776158271
1000,8,rademacher,1.5,4.27961722884659,124,Algorithm 1,4.093960833628276
1000,8,rademacher,1.5,4.27961722884659,124,BGS25,4.873189180981676
1000,8,rademacher,1.5,4.27961722884659,124,BGN11,4.519751208278042
1000,8,rademacher,1.5,4.27961722884659,125,Algorithm 1,4.319795856348157
1000,8,rademacher,1.5,4.27961722884659,125,BGS25,5.010959346516458
1000,8,rademacher,1.5,4.27961722884659,125,BGN11,4.662155781543753
1000,8,rademacher,1.5,4.27961722884659,126,Algorithm 1,4.195802154434016
1000,8,rademacher,1.5,4.27961722884659,126,BGS25,4.896139384991662
1000,8,rademacher,1.5,4.27961722884659,126,BGN11,4.538811133614423
1000,8,rademacher,1.5,4.27961722884659,127,Algorithm 1,4.357101425754745
1000,8,rademacher,1.5,4.27961722884659,127,BGS25,4.987774145518034
1000,8,rademacher,1.5,4.27961722884659,127,BGN11,4.642860838900493
1000,8,rademacher,1.5,4.27961722884659,128,Algorithm 1,4.473061436453922
1000,8,rademacher,1.5,4.27961722884659,128,BGS25,5.082410901775222
1000,8,rademacher,1.5,4.27961722884659,128,BGN11,4.762012929718214
1000,8,rademacher,1.5,4.27961722884659,129,Algorithm 1,4.200795336763533
1000,8,rademacher,1.5,4.27961722884659,129,BGS25,4.889613956871809
1000,8,rademacher,1.5,4.27961722884659,129,BGN11,4.534104910669249
1000,8,rademacher,1.5,4.27961722884659,130,Algorithm 1,4.286737487839918
1000,8,rademacher,1.5,4.27961722884659,130,BGS25,5.004143155091699
1000,8,rademacher,1.5,4.27961722884659,130,BGN11,4.662434632322007
1000,8,rademacher,1.5,4.27961722884659,131,Algorithm 1,4.540263856221698
1000,8,rademacher,1.5,4.27961722884659,131,BGS25,5.1438504997605135
1000,8,rademacher,1.5,4.27961722884659,131,BGN11,4.825050035478798
1000,8,rademacher,1.5,4.27961722884659,132,Algorithm 1,4.207432832580815
1000,8,rademacher,1.5,4.27961722884659,132,BGS25,4.921507591131694
1000,8,rademacher,1.5,4.27961722884659,132,BGN11,4.560290222372656
1000,8,rademacher,1.5,4.27961722884659,133,Algorithm 1,4.080443891110795
1000,8,rademacher,1.5,4.27961722884659,133,BGS25,4.822503412892625
1000,8,rademacher,1.5,4.27961722884659,133,BGN11,4.451615517811252
1000,8,rademacher,1.5,4.27961722884659,134,Algorithm 1,4.3303944200072895
1000,8,rademacher,1.5,4.27961722884659,134,BGS25,4.956671536969978
1000,8,rademacher,1.5,4.27961722884659,134,BGN11,4.609732206582377
1000,8,rademacher,1.5,4.27961722884659,135,Algorithm 1,4.405514527529982
1000,8,rademacher,1.5,4.27961722884659,135,BGS25,5.012853806412966
1000,8,rademacher,1.5,4.27961722884659,135,BGN11,4.668222553884958
1000,8,rademacher,1.5,4.27961722884659,136,Algorithm 1,4.232694114250269
1000,8,rademacher,1.5,4.27961722884659,136,BGS25,5.016197130994437
1000,8,rademacher,1.5,4.27961722884659,136,BGN11,4.678136348207738
1000,8,rademacher,1.5,4.27961722884659,137,Algorithm 1,4.306592730601527
1000,8,rademacher,1.5,4.27961722884659,137,BGS25,4.967687326748347
1000,8,rademacher,1.5,4.27961722884659,137,BGN11,4.6189784378924035
1000,8,rademacher,1.5,4.27961722884659,138,Algorithm 1,4.415381993027842
1000,8,rademacher,1.5,4.27961722884659,138,BGS25,5.029457408869163
1000,8,rademacher,1.5,4.27961722884659,138,BGN11,4.688827470681277
1000,8,rademacher,1.5,4.27961722884659,139,Algorithm 1,4.024916093015256
1000,8,rademacher,1.5,4.27961722884659,139,BGS25,4.92964064894885
1000,8,rademacher,1.5,4.27961722884659,139,BGN11,4.580566519802533
1000,8,rademacher,1.5,4.27961722884659,140,Algorithm 1,4.1821670673778435
1000,8,rademacher,1.5,4.27961722884659,140,BGS25,4.897471318339866
1000,8,rademacher,1.5,4.27961722884659,140,BGN11,4.533712198170783
1000,8,rademacher,1.5,4.27961722884659,141,Algorithm 1,4.297105091536442
1000,8,rademacher,1.5,4.27961722884659,141,BGS25,4.912014312255844
1000,8,rademacher,1.5,4.27961722884659,141,BGN11,4.557353822589298
1000,8,rademacher,1.5,4.27961722884659,142,Algorithm 1,4.366191066095993
1000,8,rademacher,1.5,4.27961722884659,142,BGS25,4.959944407172395
1000,8,rademacher,1.5,4.27961722884659,142,BGN11,4.6048318496030385
1000,8,rademacher,1.5,4.27961722884659,143,Algorithm 1,4.149745226009724
1000,8,rademacher,1.5,4.27961722884659,143,BGS25,4.895821226152661
1000,8,rademacher,1.5,4.27961722884659,143,BGN11,4.533367736989747
1000,8,rademacher,1.5,4.27961722884659,144,Algorithm 1,4.02610138888079
1000,8,rademacher,1.5,4.27961722884659,144,BGS25,4.9755722849343265
1000,8,rademacher,1.5,4.27961722884659,144,BGN11,4.623273808343466
1000,8,rademacher,1.5,4.27961722884659,145,Algorithm 1,4.313180159761703
1000,8,rademacher,1.5,4.27961722884659,145,BGS25,5.0836968930194235
1000,8,rademacher,1.5,4.27961722884659,145,BGN11,4.748398336471204
1000,8,rademacher,1.5,4.27961722884659,146,Algorithm 1,4.21241302453877
1000,8,rademacher,1.5,4.27961722884659,146,BGS25,4.815827936949102
1000,8,rademacher,1.5,4.27961722884659,146,BGN11,4.433149155128704
1000,8,rademacher,1.5,4.27961722884659,147,Algorithm 1,4.352949129180743
1000,8,rademacher,1.5,4.27961722884659,147,BGS25,5.010492864226432
1000,8,rademacher,1.5,4.27961722884659,147,BGN11,4.669847964244599
1000,8,rademacher,1.5,4.27961722884659,148,Algorithm 1,4.024460799818729
1000,8,rademacher,1.5,4.27961722884659,148,BGS25,4.841668021306716
1000,8,rademacher,1.5,4.27961722884659,148,BGN11,4.475432965352948
1000,8,rademacher,1.5,4.27961722884659,149,Algorithm 1,4.352271232475653
1000,8,rademacher,1.5,4.27961722884659,149,BGS25,4.987024291041719
1000,8,rademacher,1.5,4.27961722884659,149,BGN11,4.632685390467248
1000,8,rademacher,1.5,4.27961722884659,150,Algorithm 1,4.532067637220867
1000,8,rademacher,1.5,4.27961722884659,150,BGS25,5.095803742821717
1000,8,rademacher,1.5,4.27961722884659,150,BGN11,4.76396493027909
1000,8,rademacher,1.5,4.27961722884659,151,Algorithm 1,4.132502532537134
1000,8,rademacher,1.5,4.27961722884659,151,BGS25,4.874856759324735
1000,8,rademacher,1.5,4.27961722884659,151,BGN11,4.517559756615042
1000,8,rademacher,1.5,4.27961722884659,152,Algorithm 1,4.42009185057646
1000,8,rademacher,1.5,4.27961722884659,152,BGS25,5.022068542354155
1000,8,rademacher,1.5,4.27961722884659,152,BGN11,4.678908171921325
1000,8,rademacher,1.5,4.27961722884659,153,Algorithm 1,4.280851778434479
1000,8,rademacher,1.5,4.27961722884659,153,BGS25,4.877397736780985
1000,8,rademacher,1.5,4.27961722884659,153,BGN11,4.512754753771466
1000,8,rademacher,1.5,4.27961722884659,154,Algorithm 1,4.171955575135156
1000,8,rademacher,1.5,4.27961722884659,154,BGS25,4.742267234313685
1000,8,rademacher,1.5,4.27961722884659,154,BGN11,4.359081998225041
1000,8,rademacher,1.5,4.27961722884659,155,Algorithm 1,4.3784788982665255
1000,8,rademacher,1.5,4.27961722884659,155,BGS25,4.906517360880997
1000,8,rademacher,1.5,4.27961722884659,155,BGN11,4.544634866181177
1000,8,rademacher,1.5,4.27961722884659,156,Algorithm 1,4.425291381977058
1000,8,rademacher,1.5,4.27961722884659,156,BGS25,5.009353427369706
1000,8,rademacher,1.5,4.27961722884659,156,BGN11,4.663974775084319
1000,8,rademacher,1.5,4.27961722884659,157,Algorithm 1,4.052089270290245
1000,8,rademacher,1.5,4.27961722884659,157,BGS25,4.7488064902324325
1000,8,rademacher,1.5,4.27961722884659,157,BGN11,4.3636960865938255
1000,8,rademacher,1.5,4.27961722884659,158,Algorithm 1,4.425944405203168
1000,8,rademacher,1.5,4.27961722884659,158,BGS25,5.028610396989354
1000,8,rademacher,1.5,4.27961722884659,158,BGN11,4.68982346658492
1000,8,rademacher,1.5,4.27961722884659,159,Algorithm 1,4.441167487343511
1000,8,rademacher,1.5,4.27961722884659,159,BGS25,5.028432995861598
1000,8,rademacher,1.5,4.27961722884659,159,BGN11,4.679207115937396
1000,8,rademacher,1.5,4.27961722884659,160,Algorithm 1,4.417327715119731
1000,8,rademacher,1.5,4.27961722884659,160,BGS25,4.927834348966401
1000,8,rademacher,1.5,4.27961722884659,160,BGN11,4.57358267595406
1000,8,rademacher,1.5,4.27961722884659,161,Algorithm 1,4.395500752737216
1000,8,rademacher,1.5,4.27961722884659,161,BGS25,4.9602988985834475
1000,8,rademacher,1.5,4.27961722884659,161,BGN11,4.609761138693109
1000,8,rademacher,1.5,4.27961722884659,162,Algorithm 1,4.302583018927816
1000,8,rademacher,1.5,4.27961722884659,162,BGS25,4.89386839483778
1000,8,rademacher,1.5,4.27961722884659,162,BGN11,4.535597514709023
1000,8,rademacher,1.5,4.27961722884659,163,Algorithm 1,4.269690164514538
1000,8,rademacher,1.5,4.27961722884659,163,BGS25,4.90745394700769
1000,8,rademacher,1.5,4.27961722884659,163,BGN11,4.552608331587847
1000,8,rademacher,1.5,4.27961722884659,164,Algorithm 1,4.25862327140608
1000,8,rademacher,1.5,4.27961722884659,164,BGS25,4.893097101620447
1000,8,rademacher,1.5,4.27961722884659,164,BGN11,4.5339547448225055
1000,8,rademacher,1.5,4.27961722884659,165,Algorithm 1,4.377236673805324
1000,8,rademacher,1.5,4.27961722884659,165,BGS25,5.066871255183721
1000,8,rademacher,1.5,4.27961722884659,165,BGN11,4.731391431556982
1000,8,rademacher,1.5,4.27961722884659,166,Algorithm 1,4.412551178981318
1000,8,rademacher,1.5,4.27961722884659,166,BGS25,5.052604554563356
1000,8,rademacher,1.5,4.27961722884659,166,BGN11,4.711997100956101
1000,8,rademacher,1.5,4.27961722884659,167,Algorithm 1,4.295910698236
1000,8,rademacher,1.5,4.27961722884659,167,BGS25,4.940532117294984
1000,8,rademacher,1.5,4.27961722884659,167,BGN11,4.5882443268397415
1000,8,rademacher,1.5,4.27961722884659,168,Algorithm 1,4.503717937820839
1000,8,rademacher,1.5,4.27961722884659,168,BGS25,5.143201432696795
1000,8,rademacher,1.5,4.27961722884659,168,BGN11,4.815541411690422
1000,8,rademacher,1.5,4.27961722884659,169,Algorithm 1,4.350109049934024
1000,8,rademacher,1.5,4.27961722884659,169,BGS25,4.879511318158474
1000,8,rademacher,1.5,4.27961722884659,169,BGN11,4.516503492451841
1000,8,rademacher,1.5,4.27961722884659,170,Algorithm 1,4.32200647822068
1000,8,rademacher,1.5,4.27961722884659,170,BGS25,4.976161972922872
1000,8,rademacher,1.5,4.27961722884659,170,BGN11,4.629103020341651
1000,8,rademacher,1.5,4.27961722884659,171,Algorithm 1,4.226842504617642
1000,8,rademacher,1.5,4.27961722884659,171,BGS25,4.971609676454344
1000,8,rademacher,1.5,4.27961722884659,171,BGN11,4.619673022385207
1000,8,rademacher,1.5,4.27961722884659,172,Algorithm 1,4.340719960647941
1000,8,rademacher,1.5,4.27961722884659,172,BGS25,5.002425059627624
1000,8,rademacher,1.5,4.27961722884659,172,BGN11,4.6580141539012425
1000,8,rademacher,1.5,4.27961722884659,173,Algorithm 1,4.166149718183275
1000,8,rademacher,1.5,4.27961722884659,173,BGS25,4.806041545067584
1000,8,rademacher,1.5,4.27961722884659,173,BGN11,4.429898674512027
1000,8,rademacher,1.5,4.27961722884659,174,Algorithm 1,4.112781152171657
1000,8,rademacher,1.5,4.27961722884659,174,BGS25,4.8708432366060865
1000,8,rademacher,1.5,4.27961722884659,174,BGN11,4.506833543942028
1000,8,rademacher,1.5,4.27961722884659,175,Algorithm 1,4.321897111282805
1000,8,rademacher,1.5,4.27961722884659,175,BGS25,4.996787858943036
1000,8,rademacher,1.5,4.27961722884659,175,BGN11,4.649079634701485
1000,8,rademacher,1.5,4.27961722884659,176,Algorithm 1,4.287095597067617
1000,8,rademacher,1.5,4.27961722884659,176,BGS25,4.9118013785575005
1000,8,rademacher,1.5,4.27961722884659,176,BGN11,4.560318405560678
1000,8,rademacher,1.5,4.27961722884659,177,Algorithm 1,4.190414146928138
1000,8,rademacher,1.5,4.27961722884659,177,BGS25,4.992416938721618
1000,8,rademacher,1.5,4.27961722884659,177,BGN11,4.643621550801254
1000,8,rademacher,1.5,4.27961722884659,178,Algorithm 1,4.256582983836971
1000,8,rademacher,1.5,4.27961722884659,178,BGS25,4.924327979957127
1000,8,rademacher,1.5,4.27961722884659,178,BGN11,4.56651594671448
1000,8,rademacher,1.5,4.27961722884659,179,Algorithm 1,4.170816867948664
1000,8,rademacher,1.5,4.27961722884659,179,BGS25,4.931571960626732
1000,8,rademacher,1.5,4.27961722884659,179,BGN11,4.581504787334205
1000,8,rademacher,1.5,4.27961722884659,180,Algorithm 1,4.374673263780025
1000,8,rademacher,1.5,4.27961722884659,180,BGS25,5.04535721842597
1000,8,rademacher,1.5,4.27961722884659,180,BGN11,4.705048838852456
1000,8,rademacher,1.5,4.27961722884659,181,Algorithm 1,4.113841260703273
1000,8,rademacher,1.5,4.27961722884659,181,BGS25,4.887867423490474
1000,8,rademacher,1.5,4.27961722884659,181,BGN11,4.524452219515962
1000,8,rademacher,1.5,4.27961722884659,182,Algorithm 1,4.322397594290808
1000,8,rademacher,1.5,4.27961722884659,182,BGS25,4.999157360243977
1000,8,rademacher,1.5,4.27961722884659,182,BGN11,4.65258931246761
1000,8,rademacher,1.5,4.27961722884659,183,Algorithm 1,4.251454034413823
1000,8,rademacher,1.5,4.27961722884659,183,BGS25,4.871180968696725
1000,8,rademacher,1.5,4.27961722884659,183,BGN11,4.508942539754674
1000,8,rademacher,1.5,4.27961722884659,184,Algorithm 1,4.288246945068872
1000,8,rademacher,1.5,4.27961722884659,184,BGS25,4.939225454533867
1000,8,rademacher,1.5,4.27961722884659,184,BGN11,4.587763171539904
1000,8,rademacher,1.5,4.27961722884659,185,Algorithm 1,4.247291603956443
1000,8,rademacher,1.5,4.27961722884659,185,BGS25,4.901970157940604
1000,8,rademacher,1.5,4.27961722884659,185,BGN11,4.543126953757041
1000,8,rademacher,1.5,4.27961722884659,186,Algorithm 1,4.329797013680894
1000,8,rademacher,1.5,4.27961722884659,186,BGS25,5.021625820270243
1000,8,rademacher,1.5,4.27961722884659,186,BGN11,4.678695130950888
1000,8,rademacher,1.5,4.27961722884659,187,Algorithm 1,4.3497969426757646
1000,8,rademacher,1.5,4.27961722884659,187,BGS25,5.00595623439947
1000,8,rademacher,1.5,4.27961722884659,187,BGN11,4.664515085120483
1000,8,rademacher,1.5,4.27961722884659,188,Algorithm 1,4.410381466935505
1000,8,rademacher,1.5,4.27961722884659,188,BGS25,5.056317908896745
1000,8,rademacher,1.5,4.27961722884659,188,BGN11,4.722969596444936
1000,8,rademacher,1.5,4.27961722884659,189,Algorithm 1,4.302058314088604
1000,8,rademacher,1.5,4.27961722884659,189,BGS25,4.9533851049557605
1000,8,rademacher,1.5,4.27961722884659,189,BGN11,4.602272748315504
1000,8,rademacher,1.5,4.27961722884659,190,Algorithm 1,4.484804412506809
1000,8,rademacher,1.5,4.27961722884659,190,BGS25,5.043512461976807
1000,8,rademacher,1.5,4.27961722884659,190,BGN11,4.6973133731897345
1000,8,rademacher,1.5,4.27961722884659,191,Algorithm 1,4.039665324855448
1000,8,rademacher,1.5,4.27961722884659,191,BGS25,4.871057373792115
1000,8,rademacher,1.5,4.27961722884659,191,BGN11,4.512249956647004
1000,8,rademacher,1.5,4.27961722884659,192,Algorithm 1,4.129827819612659
1000,8,rademacher,1.5,4.27961722884659,192,BGS25,4.930217466949845
1000,8,rademacher,1.5,4.27961722884659,192,BGN11,4.574490504042091
1000,8,rademacher,1.5,4.27961722884659,193,Algorithm 1,4.146602296328034
1000,8,rademacher,1.5,4.27961722884659,193,BGS25,4.898561728953272
1000,8,rademacher,1.5,4.27961722884659,193,BGN11,4.529852091156695
1000,8,rademacher,1.5,4.27961722884659,194,Algorithm 1,4.286941018010506
1000,8,rademacher,1.5,4.27961722884659,194,BGS25,4.8770375577397385
1000,8,rademacher,1.5,4.27961722884659,194,BGN11,4.5243553842382305
1000,8,rademacher,1.5,4.27961722884659,195,Algorithm 1,4.169872303811142
1000,8,rademacher,1.5,4.27961722884659,195,BGS25,4.869369582718242
1000,8,rademacher,1.5,4.27961722884659,195,BGN11,4.499319283965492
1000,8,rademacher,1.5,4.27961722884659,196,Algorithm 1,4.2345236134309525
1000,8,rademacher,1.5,4.27961722884659,196,BGS25,4.883726888690996
1000,8,rademacher,1.5,4.27961722884659,196,BGN11,4.516156433200329
1000,8,rademacher,1.5,4.27961722884659,197,Algorithm 1,4.05990984431896
1000,8,rademacher,1.5,4.27961722884659,197,BGS25,4.829631982265063
1000,8,rademacher,1.5,4.27961722884659,197,BGN11,4.462662312655262
1000,8,rademacher,1.5,4.27961722884659,198,Algorithm 1,4.098162968845378
1000,8,rademacher,1.5,4.27961722884659,198,BGS25,4.798400476677719
1000,8,rademacher,1.5,4.27961722884659,198,BGN11,4.4218747464103085
1000,8,rademacher,1.5,4.27961722884659,199,Algorithm 1,4.0066750120050125
1000,8,rademacher,1.5,4.27961722884659,199,BGS25,4.839078854962508
1000,8,rademacher,1.5,4.27961722884659,199,BGN11,4.46800370720363
1000,8,rademacher,1.5,4.27961722884659,200,Algorithm 1,4.13198717246597
1000,8,rademacher,1.5,4.27961722884659,200,BGS25,4.859917190910091
1000,8,rademacher,1.5,4.27961722884659,200,BGN11,4.484500329388459
1000,8,rademacher,1.5,4.27961722884659,201,Algorithm 1,4.18440999490233
1000,8,rademacher,1.5,4.27961722884659,201,BGS25,4.981617625256347
1000,8,rademacher,1.5,4.27961722884659,201,BGN11,4.633557408641386
1000,8,rademacher,1.5,4.27961722884659,202,Algorithm 1,4.358771122139704
1000,8,rademacher,1.5,4.27961722884659,202,BGS25,5.039589398679285
1000,8,rademacher,1.5,4.27961722884659,202,BGN11,4.700104343743682
1000,8,rademacher,1.5,4.27961722884659,203,Algorithm 1,4.450220602901292
1000,8,rademacher,1.5,4.27961722884659,203,BGS25,5.0674932109204365
1000,8,rademacher,1.5,4.27961722884659,203,BGN11,4.736752110467015
1000,8,rademacher,1.5,4.27961722884659,204,Algorithm 1,4.221411170524778
1000,8,rademacher,1.5,4.27961722884659,204,BGS25,4.808638970404278
1000,8,rademacher,1.5,4.27961722884659,204,BGN11,4.432024426553665
1000,8,rademacher,1.5,4.27961722884659,205,Algorithm 1,4.556312688850467
1000,8,rademacher,1.5,4.27961722884659,205,BGS25,5.066645034132964
1000,8,rademacher,1.5,4.27961722884659,205,BGN11,4.726637140163655
1000,8,rademacher,1.5,4.27961722884659,206,Algorithm 1,4.215811772046702
1000,8,rademacher,1.5,4.27961722884659,206,BGS25,4.868781992349674
1000,8,rademacher,1.5,4.27961722884659,206,BGN11,4.494224780443819
1000,8,rademacher,1.5,4.27961722884659,207,Algorithm 1,4.19857721061363
1000,8,rademacher,1.5,4.27961722884659,207,BGS25,4.928604127418358
1000,8,rademacher,1.5,4.27961722884659,207,BGN11,4.564131143246257
1000,8,rademacher,1.5,4.27961722884659,208,Algorithm 1,4.08578561656316
1000,8,rademacher,1.5,4.27961722884659,208,BGS25,4.903675768185944
1000,8,rademacher,1.5,4.27961722884659,208,BGN11,4.544132510905647
1000,8,rademacher,1.5,4.27961722884659,209,Algorithm 1,4.27648002033206
1000,8,rademacher,1.5,4.27961722884659,209,BGS25,4.889111229816454
1000,8,rademacher,1.5,4.27961722884659,209,BGN11,4.5283136350530135
1000,8,rademacher,1.5,4.27961722884659,210,Algorithm 1,4.5507670053293054
1000,8,rademacher,1.5,4.27961722884659,210,BGS25,5.14699544865991
1000,8,rademacher,1.5,4.27961722884659,210,BGN11,4.818540022546615
1000,8,rademacher,1.5,4.27961722884659,211,Algorithm 1,4.468281861931342
1000,8,rademacher,1.5,4.27961722884659,211,BGS25,5.116626392154349
1000,8,rademacher,1.5,4.27961722884659,211,BGN11,4.788551728991057
1000,8,rademacher,1.5,4.27961722884659,212,Algorithm 1,4.220948141504044
1000,8,rademacher,1.5,4.27961722884659,212,BGS25,4.8945590805192865
1000,8,rademacher,1.5,4.27961722884659,212,BGN11,4.5296520247548635
1000,8,rademacher,1.5,4.27961722884659,213,Algorithm 1,4.145404944896978
1000,8,rademacher,1.5,4.27961722884659,213,BGS25,4.835968954726243
1000,8,rademacher,1.5,4.27961722884659,213,BGN11,4.466596112371617
1000,8,rademacher,1.5,4.27961722884659,214,Algorithm 1,4.481926194289685
1000,8,rademacher,1.5,4.27961722884659,214,BGS25,5.092018023881244
1000,8,rademacher,1.5,4.27961722884659,214,BGN11,4.753828711051098
1000,8,rademacher,1.5,4.27961722884659,215,Algorithm 1,4.37526829576775
1000,8,rademacher,1.5,4.27961722884659,215,BGS25,4.962449826747798
1000,8,rademacher,1.5,4.27961722884659,215,BGN11,4.615389363816029
1000,8,rademacher,1.5,4.27961722884659,216,Algorithm 1,4.305742815630368
1000,8,rademacher,1.5,4.27961722884659,216,BGS25,4.909866741581017
1000,8,rademacher,1.5,4.27961722884659,216,BGN11,4.5495924961230365
1000,8,rademacher,1.5,4.27961722884659,217,Algorithm 1,4.216553555888693
1000,8,rademacher,1.5,4.27961722884659,217,BGS25,5.002550172264222
1000,8,rademacher,1.5,4.27961722884659,217,BGN11,4.6581922614086775
1000,8,rademacher,1.5,4.27961722884659,218,Algorithm 1,4.403008570557655
1000,8,rademacher,1.5,4.27961722884659,218,BGS25,5.022838876964684
1000,8,rademacher,1.5,4.27961722884659,218,BGN11,4.682126706557041
1000,8,rademacher,1.5,4.27961722884659,219,Algorithm 1,4.052219608444921
1000,8,rademacher,1.5,4.27961722884659,219,BGS25,4.704006946332914
1000,8,rademacher,1.5,4.27961722884659,219,BGN11,4.312617025109006
1000,8,rademacher,1.5,4.27961722884659,220,Algorithm 1,4.218679061778485
1000,8,rademacher,1.5,4.27961722884659,220,BGS25,4.958876874091502
1000,8,rademacher,1.5,4.27961722884659,220,BGN11,4.607397369978466
1000,8,rademacher,1.5,4.27961722884659,221,Algorithm 1,4.128885636624156
1000,8,rademacher,1.5,4.27961722884659,221,BGS25,4.820437880992321
1000,8,rademacher,1.5,4.27961722884659,221,BGN11,4.454834434852652
1000,8,rademacher,1.5,4.27961722884659,222,Algorithm 1,4.507416697743815
1000,8,rademacher,1.5,4.27961722884659,222,BGS25,5.063873853451719
1000,8,rademacher,1.5,4.27961722884659,222,BGN11,4.727377481763898
1000,8,rademacher,1.5,4.27961722884659,223,Algorithm 1,4.512209326054691
1000,8,rademacher,1.5,4.27961722884659,223,BGS25,5.079685095496812
1000,8,rademacher,1.5,4.27961722884659,223,BGN11,4.741873585512934
1000,8,rademacher,1.5,4.27961722884659,224,Algorithm 1,4.224496168677829
1000,8,rademacher,1.5,4.27961722884659,224,BGS25,5.123873637999409
1000,8,rademacher,1.5,4.27961722884659,224,BGN11,4.790063192807328
1000,8,rademacher,1.5,4.27961722884659,225,Algorithm 1,4.2121674733168195
1000,8,rademacher,1.5,4.27961722884659,225,BGS25,4.92351855168655
1000,8,rademacher,1.5,4.27961722884659,225,BGN11,4.569744443984226
1000,8,rademacher,1.5,4.27961722884659,226,Algorithm 1,4.112737587762289
1000,8,rademacher,1.5,4.27961722884659,226,BGS25,4.919655708171916
1000,8,rademacher,1.5,4.27961722884659,226,BGN11,4.563051274947466
1000,8,rademacher,1.5,4.27961722884659,227,Algorithm 1,4.020239439432043
1000,8,rademacher,1.5,4.27961722884659,227,BGS25,4.675514440322598
1000,8,rademacher,1.5,4.27961722884659,227,BGN11,4.281674430763077
1000,8,rademacher,1.5,4.27961722884659,228,Algorithm 1,4.456524391813144
1000,8,rademacher,1.5,4.27961722884659,228,BGS25,5.04103739949652
1000,8,rademacher,1.5,4.27961722884659,228,BGN11,4.705410868685589
1000,8,rademacher,1.5,4.27961722884659,229,Algorithm 1,4.468311693413966
1000,8,rademacher,1.5,4.27961722884659,229,BGS25,5.01357600277624
1000,8,rademacher,1.5,4.27961722884659,229,BGN11,4.672330912649042
1000,8,rademacher,1.5,4.27961722884659,230,Algorithm 1,4.095018689979743
1000,8,rademacher,1.5,4.27961722884659,230,BGS25,4.806872606132846
1000,8,rademacher,1.5,4.27961722884659,230,BGN11,4.436639505461879
1000,8,rademacher,1.5,4.27961722884659,231,Algorithm 1,4.365641116723422
1000,8,rademacher,1.5,4.27961722884659,231,BGS25,5.014871961845024
1000,8,rademacher,1.5,4.27961722884659,231,BGN11,4.670487509593407
1000,8,rademacher,1.5,4.27961722884659,232,Algorithm 1,4.455572260757761
1000,8,rademacher,1.5,4.27961722884659,232,BGS25,5.077228486014322
1000,8,rademacher,1.5,4.27961722884659,232,BGN11,4.745695617683034
1000,8,rademacher,1.5,4.27961722884659,233,Algorithm 1,4.573120465568174
1000,8,rademacher,1.5,4.27961722884659,233,BGS25,5.10253603916
1000,8,rademacher,1.5,4.27961722884659,233,BGN11,4.772392757943458
1000,8,rademacher,1.5,4.27961722884659,234,Algorithm 1,4.238826253264322
1000,8,rademacher,1.5,4.27961722884659,234,BGS25,4.9372926407375495
1000,8,rademacher,1.5,4.27961722884659,234,BGN11,4.586862093725179
1000,8,rademacher,1.5,4.27961722884659,235,Algorithm 1,4.115564879752299
1000,8,rademacher,1.5,4.27961722884659,235,BGS25,4.791070032163263
1000,8,rademacher,1.5,4.27961722884659,235,BGN11,4.420245992303949
1000,8,rademacher,1.5,4.27961722884659,236,Algorithm 1,4.091214807800437
1000,8,rademacher,1.5,4.27961722884659,236,BGS25,4.887126377079114
1000,8,rademacher,1.5,4.27961722884659,236,BGN11,4.529730363085425
1000,8,rademacher,1.5,4.27961722884659,237,Algorithm 1,4.485987230412866
1000,8,rademacher,1.5,4.27961722884659,237,BGS25,5.029495311174645
1000,8,rademacher,1.5,4.27961722884659,237,BGN11,4.694740668778601
1000,8,rademacher,1.5,4.27961722884659,238,Algorithm 1,4.2628647830965
1000,8,rademacher,1.5,4.27961722884659,238,BGS25,4.930669091909573
1000,8,rademacher,1.5,4.27961722884659,238,BGN11,4.577693706365025
1000,8,rademacher,1.5,4.27961722884659,239,Algorithm 1,4.0445921225637855
1000,8,rademacher,1.5,4.27961722884659,239,BGS25,4.923796940242035
1000,8,rademacher,1.5,4.27961722884659,239,BGN11,4.577680767821328
1000,8,rademacher,1.5,4.27961722884659,240,Algorithm 1,4.342525416581878
1000,8,rademacher,1.5,4.27961722884659,240,BGS25,4.942400037208609
1000,8,rademacher,1.5,4.27961722884659,240,BGN11,4.587533964327009
1000,8,rademacher,1.5,4.27961722884659,241,Algorithm 1,3.8799574542054382
1000,8,rademacher,1.5,4.27961722884659,241,BGS25,4.657049148008701
1000,8,rademacher,1.5,4.27961722884659,241,BGN11,4.252569129930765
1000,8,rademacher,1.5,4.27961722884659,242,Algorithm 1,4.379606013494166
1000,8,rademacher,1.5,4.27961722884659,242,BGS25,5.09031918010644
1000,8,rademacher,1.5,4.27961722884659,242,BGN11,4.759156044040292
1000,8,rademacher,1.5,4.27961722884659,243,Algorithm 1,4.097647923818565
1000,8,rademacher,1.5,4.27961722884659,243,BGS25,4.786749065323848
1000,8,rademacher,1.5,4.27961722884659,243,BGN11,4.403713677476787
1000,8,rademacher,1.5,4.27961722884659,244,Algorithm 1,4.296446026159861
1000,8,rademacher,1.5,4.27961722884659,244,BGS25,4.985763443030032
1000,8,rademacher,1.5,4.27961722884659,244,BGN11,4.643714708368898
1000,8,rademacher,1.5,4.27961722884659,245,Algorithm 1,4.438948803225982
1000,8,rademacher,1.5,4.27961722884659,245,BGS25,4.987602129143661
1000,8,rademacher,1.5,4.27961722884659,245,BGN11,4.642624720079444
1000,8,rademacher,1.5,4.27961722884659,246,Algorithm 1,4.25104560590763
1000,8,rademacher,1.5,4.27961722884659,246,BGS25,5.0063802087000155
1000,8,rademacher,1.5,4.27961722884659,246,BGN11,4.6664735613689015
1000,8,rademacher,1.5,4.27961722884659,247,Algorithm 1,3.9322030891070434
1000,8,rademacher,1.5,4.27961722884659,247,BGS25,4.757463159022137
1000,8,rademacher,1.5,4.27961722884659,247,BGN11,4.380071289326313
1000,8,rademacher,1.5,4.27961722884659,248,Algorithm 1,4.193167429566149
1000,8,rademacher,1.5,4.27961722884659,248,BGS25,4.864639914783463
1000,8,rademacher,1.5,4.27961722884659,248,BGN11,4.497828339617983
1000,8,rademacher,1.5,4.27961722884659,249,Algorithm 1,4.307671390902539
1000,8,rademacher,1.5,4.27961722884659,249,BGS25,4.972913469613321
1000,8,rademacher,1.5,4.27961722884659,249,BGN11,4.620374224100438
1000,8,rademacher,1.5,4.27961722884659,250,Algorithm 1,4.09524070226856
1000,8,rademacher,1.5,4.27961722884659,250,BGS25,4.773170739795529
1000,8,rademacher,1.5,4.27961722884659,250,BGN11,4.396298279670561
1000,8,rademacher,1.5,4.27961722884659,251,Algorithm 1,4.155117486353984
1000,8,rademacher,1.5,4.27961722884659,251,BGS25,4.906166562891313
1000,8,rademacher,1.5,4.27961722884659,251,BGN11,4.542051834476731
1000,8,rademacher,1.5,4.27961722884659,252,Algorithm 1,4.131307770397575
1000,8,rademacher,1.5,4.27961722884659,252,BGS25,4.886321518970824
1000,8,rademacher,1.5,4.27961722884659,252,BGN11,4.5210799540909905
1000,8,rademacher,1.5,4.27961722884659,253,Algorithm 1,4.030574196444237
1000,8,rademacher,1.5,4.27961722884659,253,BGS25,4.849413067130575
1000,8,rademacher,1.5,4.27961722884659,253,BGN11,4.48324429973883
1000,8,rademacher,1.5,4.27961722884659,254,Algorithm 1,3.963823540495904
1000,8,rademacher,1.5,4.27961722884659,254,BGS25,4.723549416442291
1000,8,rademacher,1.5,4.27961722884659,254,BGN11,4.339501486836621
1000,8,rademacher,1.5,4.27961722884659,255,Algorithm 1,4.359419251012484
1000,8,rademacher,1.5,4.27961722884659,255,BGS25,4.946523825935399
1000,8,rademacher,1.5,4.27961722884659,255,BGN11,4.5835129107262365
1000,8,rademacher,1.5,4.27961722884659,256,Algorithm 1,4.3290713982402504
1000,8,rademacher,1.5,4.27961722884659,256,BGS25,5.028806886821098
1000,8,rademacher,1.5,4.27961722884659,256,BGN11,4.689085507428482
1000,8,rademacher,1.5,4.27961722884659,257,Algorithm 1,4.132861932589587
1000,8,rademacher,1.5,4.27961722884659,257,BGS25,4.870078338029476
1000,8,rademacher,1.5,4.27961722884659,257,BGN11,4.508197116409583
1000,8,rademacher,1.5,4.27961722884659,258,Algorithm 1,4.53727288509741
1000,8,rademacher,1.5,4.27961722884659,258,BGS25,5.069618748064936
1000,8,rademacher,1.5,4.27961722884659,258,BGN11,4.731566821200204
1000,8,rademacher,1.5,4.27961722884659,259,Algorithm 1,4.0590777651706835
1000,8,rademacher,1.5,4.27961722884659,259,BGS25,4.884317010826059
1000,8,rademacher,1.5,4.27961722884659,259,BGN11,4.524692968777185
1000,8,rademacher,1.5,4.27961722884659,260,Algorithm 1,4.221912831658826
1000,8,rademacher,1.5,4.27961722884659,260,BGS25,4.869545325612361
1000,8,rademacher,1.5,4.27961722884659,260,BGN11,4.503137164461894
1000,8,rademacher,1.5,4.27961722884659,261,Algorithm 1,4.3206097721418395
1000,8,rademacher,1.5,4.27961722884659,261,BGS25,4.920698588798693
1000,8,rademacher,1.5,4.27961722884659,261,BGN11,4.56848583084577
1000,8,rademacher,1.5,4.27961722884659,262,Algorithm 1,4.228057849685504
1000,8,rademacher,1.5,4.27961722884659,262,BGS25,4.856211232892391
1000,8,rademacher,1.5,4.27961722884659,262,BGN11,4.492897152158064
1000,8,rademacher,1.5,4.27961722884659,263,Algorithm 1,4.3145973257101575
1000,8,rademacher,1.5,4.27961722884659,263,BGS25,5.031189423125646
1000,8,rademacher,1.5,4.27961722884659,263,BGN11,4.689316292664981
1000,8,rademacher,1.5,4.27961722884659,264,Algorithm 1,4.386749102402455
1000,8,rademacher,1.5,4.27961722884659,264,BGS25,5.057762634634367
1000,8,rademacher,1.5,4.27961722884659,264,BGN11,4.72123263324226
1000,8,rademacher,1.5,4.27961722884659,265,Algorithm 1,4.409065272966374
1000,8,rademacher,1.5,4.27961722884659,265,BGS25,5.086333266137123
1000,8,rademacher,1.5,4.27961722884659,265,BGN11,4.749953701551902
1000,8,rademacher,1.5,4.27961722884659,266,Algorithm 1,4.109278075910398
1000,8,rademacher,1.5,4.27961722884659,266,BGS25,4.774634900878388
1000,8,rademacher,1.5,4.27961722884659,266,BGN11,4.402397266525646
1000,8,rademacher,1.5,4.27961722884659,267,Algorithm 1,4.3465716508415655
1000,8,rademacher,1.5,4.27961722884659,267,BGS25,5.016361713735355
1000,8,rademacher,1.5,4.27961722884659,267,BGN11,4.678368816038976
1000,8,rademacher,1.5,4.27961722884659,268,Algorithm 1,4.158805785566729
1000,8,rademacher,1.5,4.27961722884659,268,BGS25,4.804353590469884
1000,8,rademacher,1.5,4.27961722884659,268,BGN11,4.429410037438528
1000,8,rademacher,1.5,4.27961722884659,269,Algorithm 1,4.341217260537183
1000,8,rademacher,1.5,4.27961722884659,269,BGS25,5.0197285068657616
1000,8,rademacher,1.5,4.27961722884659,269,BGN11,4.6741639803459485
1000,8,rademacher,1.5,4.27961722884659,270,Algorithm 1,4.078167337301578
1000,8,rademacher,1.5,4.27961722884659,270,BGS25,4.842401801726313
1000,8,rademacher,1.5,4.27961722884659,270,BGN11,4.471069032291262
1000,8,rademacher,1.5,4.27961722884659,271,Algorithm 1,4.335537940275435
1000,8,rademacher,1.5,4.27961722884659,271,BGS25,4.979109710242879
1000,8,rademacher,1.5,4.27961722884659,271,BGN11,4.6333079068095335
1000,8,rademacher,1.5,4.27961722884659,272,Algorithm 1,4.231353292423005
1000,8,rademacher,1.5,4.27961722884659,272,BGS25,4.916821472352359
1000,8,rademacher,1.5,4.27961722884659,272,BGN11,4.5653301540179845
1000,8,rademacher,1.5,4.27961722884659,273,Algorithm 1,4.267129946390481
1000,8,rademacher,1.5,4.27961722884659,273,BGS25,4.995519205795507
1000,8,rademacher,1.5,4.27961722884659,273,BGN11,4.6484635509116
1000,8,rademacher,1.5,4.27961722884659,274,Algorithm 1,4.2413058803995245
1000,8,rademacher,1.5,4.27961722884659,274,BGS25,4.915806829246181
1000,8,rademacher,1.5,4.27961722884659,274,BGN11,4.558675994395363
1000,8,rademacher,1.5,4.27961722884659,275,Algorithm 1,4.022988228206062
1000,8,rademacher,1.5,4.27961722884659,275,BGS25,4.822531421606389
1000,8,rademacher,1.5,4.27961722884659,275,BGN11,4.451958231688619
1000,8,rademacher,1.5,4.27961722884659,276,Algorithm 1,4.070066290368386
1000,8,rademacher,1.5,4.27961722884659,276,BGS25,4.746748887530729
1000,8,rademacher,1.5,4.27961722884659,276,BGN11,4.357674670021016
1000,8,rademacher,1.5,4.27961722884659,277,Algorithm 1,4.223179077420389
1000,8,rademacher,1.5,4.27961722884659,277,BGS25,4.997156400682453
1000,8,rademacher,1.5,4.27961722884659,277,BGN11,4.66008524437227
1000,8,rademacher,1.5,4.27961722884659,278,Algorithm 1,4.249554672707825
1000,8,rademacher,1.5,4.27961722884659,278,BGS25,4.968812660454471
1000,8,rademacher,1.5,4.27961722884659,278,BGN11,4.6208528864175
1000,8,rademacher,1.5,4.27961722884659,279,Algorithm 1,3.9574983925421687
1000,8,rademacher,1.5,4.27961722884659,279,BGS25,4.712621160132232
1000,8,rademacher,1.5,4.27961722884659,279,BGN11,4.322468763881012
1000,8,rademacher,1.5,4.27961722884659,280,Algorithm 1,4.353421514716964
1000,8,rademacher,1.5,4.27961722884659,280,BGS25,4.937482368453656
1000,8,rademacher,1.5,4.27961722884659,280,BGN11,4.587579503212817
1000,8,rademacher,1.5,4.27961722884659,281,Algorithm 1,4.242639194942462
1000,8,rademacher,1.5,4.27961722884659,281,BGS25,4.93638286640668
1000,8,rademacher,1.5,4.27961722884659,281,BGN11,4.577776664923656
1000,8,rademacher,1.5,4.27961722884659,282,Algorithm 1,4.182733602672494
1000,8,rademacher,1.5,4.27961722884659,282,BGS25,4.918296881893532
1000,8,rademacher,1.5,4.27961722884659,282,BGN11,4.561295731395543
1000,8,rademacher,1.5,4.27961722884659,283,Algorithm 1,4.307241470014424
1000,8,rademacher,1.5,4.27961722884659,283,BGS25,4.9945080476581705
1000,8,rademacher,1.5,4.27961722884659,283,BGN11,4.6520238880545985
1000,8,rademacher,1.5,4.27961722884659,284,Algorithm 1,4.196778779468037
1000,8,rademacher,1.5,4.27961722884659,284,BGS25,4.949623768563588
1000,8,rademacher,1.5,4.27961722884659,284,BGN11,4.600764599977828
1000,8,rademacher,1.5,4.27961722884659,285,Algorithm 1,4.301137846092841
1000,8,rademacher,1.5,4.27961722884659,285,BGS25,5.091236001321218
1000,8,rademacher,1.5,4.27961722884659,285,BGN11,4.7631052962737295
1000,8,rademacher,1.5,4.27961722884659,286,Algorithm 1,4.409292302612485
1000,8,rademacher,1.5,4.27961722884659,286,BGS25,5.085032813633694
1000,8,rademacher,1.5,4.27961722884659,286,BGN11,4.759371266492165
1000,8,rademacher,1.5,4.27961722884659,287,Algorithm 1,4.079996511214531
1000,8,rademacher,1.5,4.27961722884659,287,BGS25,4.7739591251461295
1000,8,rademacher,1.5,4.27961722884659,287,BGN11,4.398554224495497
1000,8,rademacher,1.5,4.27961722884659,288,Algorithm 1,4.178998056741766
1000,8,rademacher,1.5,4.27961722884659,288,BGS25,4.8286905742163455
1000,8,rademacher,1.5,4.27961722884659,288,BGN11,4.464731923025082
1000,8,rademacher,1.5,4.27961722884659,289,Algorithm 1,4.227638058520972
1000,8,rademacher,1.5,4.27961722884659,289,BGS25,4.813976998495277
1000,8,rademacher,1.5,4.27961722884659,289,BGN11,4.448481396287846
1000,8,rademacher,1.5,4.27961722884659,290,Algorithm 1,4.153907359638531
1000,8,rademacher,1.5,4.27961722884659,290,BGS25,4.842733119807551
1000,8,rademacher,1.5,4.27961722884659,290,BGN11,4.47443665167876
1000,8,rademacher,1.5,4.27961722884659,291,Algorithm 1,4.04015117483387
1000,8,rademacher,1.5,4.27961722884659,291,BGS25,4.8244756963167745
1000,8,rademacher,1.5,4.27961722884659,291,BGN11,4.454133005962216
1000,8,rademacher,1.5,4.27961722884659,292,Algorithm 1,3.942213994889546
1000,8,rademacher,1.5,4.27961722884659,292,BGS25,4.715584362303188
1000,8,rademacher,1.5,4.27961722884659,292,BGN11,4.328739286278305
1000,8,rademacher,1.5,4.27961722884659,293,Algorithm 1,4.402786131782817
1000,8,rademacher,1.5,4.27961722884659,293,BGS25,5.0597285174358815
1000,8,rademacher,1.5,4.27961722884659,293,BGN11,4.719171723737161
1000,8,rademacher,1.5,4.27961722884659,294,Algorithm 1,4.359395006515485
1000,8,rademacher,1.5,4.27961722884659,294,BGS25,5.031398517054034
1000,8,rademacher,1.5,4.27961722884659,294,BGN11,4.687766346973721
1000,8,rademacher,1.5,4.27961722884659,295,Algorithm 1,4.316511402877827
1000,8,rademacher,1.5,4.27961722884659,295,BGS25,4.965841729180256
1000,8,rademacher,1.5,4.27961722884659,295,BGN11,4.607153523965705
1000,8,rademacher,1.5,4.27961722884659,296,Algorithm 1,4.470735464174402
1000,8,rademacher,1.5,4.27961722884659,296,BGS25,5.010948773905238
1000,8,rademacher,1.5,4.27961722884659,296,BGN11,4.663323178912626
1000,8,rademacher,1.5,4.27961722884659,297,Algorithm 1,3.8344502541694823
1000,8,rademacher,1.5,4.27961722884659,297,BGS25,4.772555921125358
1000,8,rademacher,1.5,4.27961722884659,297,BGN11,4.392495340339404
1000,8,rademacher,1.5,4.27961722884659,298,Algorithm 1,4.174657001651155
1000,8,rademacher,1.5,4.27961722884659,298,BGS25,4.95714734559402
1000,8,rademacher,1.5,4.27961722884659,298,BGN11,4.611731839499895
1000,8,rademacher,1.5,4.27961722884659,299,Algorithm 1,4.321811993766858
1000,8,rademacher,1.5,4.27961722884659,299,BGS25,5.021257623131987
1000,8,rademacher,1.5,4.27961722884659,299,BGN11,4.67631241599786
1000,8,rademacher,1.5,4.27961722884659,300,Algorithm 1,4.071630212553663
1000,8,rademacher,1.5,4.27961722884659,300,BGS25,4.885390530821502
1000,8,rademacher,1.5,4.27961722884659,300,BGN11,4.521989513108396
1000,8,rademacher,1.5,4.27961722884659,301,Algorithm 1,4.227330575155468
1000,8,rademacher,1.5,4.27961722884659,301,BGS25,4.9100675815173815
1000,8,rademacher,1.5,4.27961722884659,301,BGN11,4.554501034411028
1000,8,rademacher,1.5,4.27961722884659,302,Algorithm 1,4.505303562737271
1000,8,rademacher,1.5,4.27961722884659,302,BGS25,5.106783983499021
1000,8,rademacher,1.5,4.27961722884659,302,BGN11,4.778801819990148
1000,8,rademacher,1.5,4.27961722884659,303,Algorithm 1,4.532585174758936
1000,8,rademacher,1.5,4.27961722884659,303,BGS25,5.148437277914395
1000,8,rademacher,1.5,4.27961722884659,303,BGN11,4.822300604902979
1000,8,rademacher,1.5,4.27961722884659,304,Algorithm 1,4.261083086309259
1000,8,rademacher,1.5,4.27961722884659,304,BGS25,4.884824243290739
1000,8,rademacher,1.5,4.27961722884659,304,BGN11,4.525177191177688
1000,8,rademacher,1.5,4.27961722884659,305,Algorithm 1,4.4070899737218925
1000,8,rademacher,1.5,4.27961722884659,305,BGS25,4.978746883166661
1000,8,rademacher,1.5,4.27961722884659,305,BGN11,4.629787936673831
1000,8,rademacher,1.5,4.27961722884659,306,Algorithm 1,4.529883544056312
1000,8,rademacher,1.5,4.27961722884659,306,BGS25,5.141639053457481
1000,8,rademacher,1.5,4.27961722884659,306,BGN11,4.814586274572646
1000,8,rademacher,1.5,4.27961722884659,307,Algorithm 1,4.340188513216164
1000,8,rademacher,1.5,4.27961722884659,307,BGS25,4.994351693655645
1000,8,rademacher,1.5,4.27961722884659,307,BGN11,4.648337230898219
1000,8,rademacher,1.5,4.27961722884659,308,Algorithm 1,4.262437814508126
1000,8,rademacher,1.5,4.27961722884659,308,BGS25,4.9908717383731505
1000,8,rademacher,1.5,4.27961722884659,308,BGN11,4.638345992753717
1000,8,rademacher,1.5,4.27961722884659,309,Algorithm 1,4.367699445405283
1000,8,rademacher,1.5,4.27961722884659,309,BGS25,4.942829594579791
1000,8,rademacher,1.5,4.27961722884659,309,BGN11,4.592318519388593
1000,8,rademacher,1.5,4.27961722884659,310,Algorithm 1,4.57408302130459
1000,8,rademacher,1.5,4.27961722884659,310,BGS25,5.032001320153935
1000,8,rademacher,1.5,4.27961722884659,310,BGN11,4.687408739707256
1000,8,rademacher,1.5,4.27961722884659,311,Algorithm 1,4.425961888863917
1000,8,rademacher,1.5,4.27961722884659,311,BGS25,5.121221822730449
1000,8,rademacher,1.5,4.27961722884659,311,BGN11,4.784739677918096
1000,8,rademacher,1.5,4.27961722884659,312,Algorithm 1,4.151254520993655
1000,8,rademacher,1.5,4.27961722884659,312,BGS25,4.794675947495852
1000,8,rademacher,1.5,4.27961722884659,312,BGN11,4.420950902947491
1000,8,rademacher,1.5,4.27961722884659,313,Algorithm 1,4.218682711297951
1000,8,rademacher,1.5,4.27961722884659,313,BGS25,4.878279019428934
1000,8,rademacher,1.5,4.27961722884659,313,BGN11,4.519076814877406
1000,8,rademacher,1.5,4.27961722884659,314,Algorithm 1,4.193870054247268
1000,8,rademacher,1.5,4.27961722884659,314,BGS25,4.896116588118996
1000,8,rademacher,1.5,4.27961722884659,314,BGN11,4.540858955852185
1000,8,rademacher,1.5,4.27961722884659,315,Algorithm 1,4.456531833726794
1000,8,rademacher,1.5,4.27961722884659,315,BGS25,5.1871995209799024
1000,8,rademacher,1.5,4.27961722884659,315,BGN11,4.867541790442917
1000,8,rademacher,1.5,4.27961722884659,316,Algorithm 1,4.310042491282797
1000,8,rademacher,1.5,4.27961722884659,316,BGS25,4.981105705334976
1000,8,rademacher,1.5,4.27961722884659,316,BGN11,4.6276936706782825
1000,8,rademacher,1.5,4.27961722884659,317,Algorithm 1,4.3709301634823605
1000,8,rademacher,1.5,4.27961722884659,317,BGS25,4.9672904493250645
1000,8,rademacher,1.5,4.27961722884659,317,BGN11,4.613488038780372
1000,8,rademacher,1.5,4.27961722884659,318,Algorithm 1,4.192474780649907
1000,8,rademacher,1.5,4.27961722884659,318,BGS25,4.854072694761421
1000,8,rademacher,1.5,4.27961722884659,318,BGN11,4.47549848333918
1000,8,rademacher,1.5,4.27961722884659,319,Algorithm 1,4.344823917378572
1000,8,rademacher,1.5,4.27961722884659,319,BGS25,4.9726670190499265
1000,8,rademacher,1.5,4.27961722884659,319,BGN11,4.6182393943278806
1000,8,rademacher,1.5,4.27961722884659,320,Algorithm 1,4.248125822823373
1000,8,rademacher,1.5,4.27961722884659,320,BGS25,4.8600905458471395
1000,8,rademacher,1.5,4.27961722884659,320,BGN11,4.499460068381531
1000,8,rademacher,1.5,4.27961722884659,321,Algorithm 1,4.174536448420559
1000,8,rademacher,1.5,4.27961722884659,321,BGS25,4.8580901872100135
1000,8,rademacher,1.5,4.27961722884659,321,BGN11,4.491638081023247
1000,8,rademacher,1.5,4.27961722884659,322,Algorithm 1,4.583758104506858
1000,8,rademacher,1.5,4.27961722884659,322,BGS25,5.126815696152116
1000,8,rademacher,1.5,4.27961722884659,322,BGN11,4.795318245834396
1000,8,rademacher,1.5,4.27961722884659,323,Algorithm 1,4.2861712796142
1000,8,rademacher,1.5,4.27961722884659,323,BGS25,4.884474592739909
1000,8,rademacher,1.5,4.27961722884659,323,BGN11,4.533792331763582
1000,8,rademacher,1.5,4.27961722884659,324,Algorithm 1,4.219253885290646
1000,8,rademacher,1.5,4.27961722884659,324,BGS25,4.8958674419707915
1000,8,rademacher,1.5,4.27961722884659,324,BGN11,4.540915335007458
1000,8,rademacher,1.5,4.27961722884659,325,Algorithm 1,4.428488306458626
1000,8,rademacher,1.5,4.27961722884659,325,BGS25,4.988470897900126
1000,8,rademacher,1.5,4.27961722884659,325,BGN11,4.6428127839083295
1000,8,rademacher,1.5,4.27961722884659,326,Algorithm 1,4.303758021358581
1000,8,rademacher,1.5,4.27961722884659,326,BGS25,5.067657853796595
1000,8,rademacher,1.5,4.27961722884659,326,BGN11,4.737261047931999
1000,8,rademacher,1.5,4.27961722884659,327,Algorithm 1,4.344174342144657
1000,8,rademacher,1.5,4.27961722884659,327,BGS25,4.951732165528467
1000,8,rademacher,1.5,4.27961722884659,327,BGN11,4.609011389696803
1000,8,rademacher,1.5,4.27961722884659,328,Algorithm 1,4.314298076172287
1000,8,rademacher,1.5,4.27961722884659,328,BGS25,5.058453406726576
1000,8,rademacher,1.5,4.27961722884659,328,BGN11,4.726710927239982
1000,8,rademacher,1.5,4.27961722884659,329,Algorithm 1,4.312024811433196
1000,8,rademacher,1.5,4.27961722884659,329,BGS25,4.8420539719700315
1000,8,rademacher,1.5,4.27961722884659,329,BGN11,4.477951788408961
1000,8,rademacher,1.5,4.27961722884659,330,Algorithm 1,4.037884492062621
1000,8,rademacher,1.5,4.27961722884659,330,BGS25,4.826064319598219
1000,8,rademacher,1.5,4.27961722884659,330,BGN11,4.457924948231176
1000,8,rademacher,1.5,4.27961722884659,331,Algorithm 1,4.230550185613646
1000,8,rademacher,1.5,4.27961722884659,331,BGS25,4.877765410258057
1000,8,rademacher,1.5,4.27961722884659,331,BGN11,4.517222424132579
1000,8,rademacher,1.5,4.27961722884659,332,Algorithm 1,4.409651520546688
1000,8,rademacher,1.5,4.27961722884659,332,BGS25,5.006771030080293
1000,8,rademacher,1.5,4.27961722884659,332,BGN11,4.653505681397366
1000,8,rademacher,1.5,4.27961722884659,333,Algorithm 1,4.241197700442177
1000,8,rademacher,1.5,4.27961722884659,333,BGS25,4.875348833433025
1000,8,rademacher,1.5,4.27961722884659,333,BGN11,4.508478236825661
1000,8,rademacher,1.5,4.27961722884659,334,Algorithm 1,4.239248724532663
1000,8,rademacher,1.5,4.27961722884659,334,BGS25,4.96866686020632
1000,8,rademacher,1.5,4.27961722884659,334,BGN11,4.617462897914357
1000,8,rademacher,1.5,4.27961722884659,335,Algorithm 1,3.9942246015806986
1000,8,rademacher,1.5,4.27961722884659,335,BGS25,4.702990230432453
1000,8,rademacher,1.5,4.27961722884659,335,BGN11,4.311868624018613
1000,8,rademacher,1.5,4.27961722884659,336,Algorithm 1,4.375787028513824
1000,8,rademacher,1.5,4.27961722884659,336,BGS25,4.944788366178496
1000,8,rademacher,1.5,4.27961722884659,336,BGN11,4.591628197588459
1000,8,rademacher,1.5,4.27961722884659,337,Algorithm 1,4.417634438990366
1000,8,rademacher,1.5,4.27961722884659,337,BGS25,5.017421759600892
1000,8,rademacher,1.5,4.27961722884659,337,BGN11,4.672349918512575
1000,8,rademacher,1.5,4.27961722884659,338,Algorithm 1,4.264039992697533
1000,8,rademacher,1.5,4.27961722884659,338,BGS25,5.049638963591871
1000,8,rademacher,1.5,4.27961722884659,338,BGN11,4.715135622692544
1000,8,rademacher,1.5,4.27961722884659,339,Algorithm 1,4.18357728466828
1000,8,rademacher,1.5,4.27961722884659,339,BGS25,4.9078582607782755
1000,8,rademacher,1.5,4.27961722884659,339,BGN11,4.5589499807080545
1000,8,rademacher,1.5,4.27961722884659,340,Algorithm 1,4.206142879378162
1000,8,rademacher,1.5,4.27961722884659,340,BGS25,4.9251225141881845
1000,8,rademacher,1.5,4.27961722884659,340,BGN11,4.579929520317267
1000,8,rademacher,1.5,4.27961722884659,341,Algorithm 1,4.241088863528594
1000,8,rademacher,1.5,4.27961722884659,341,BGS25,4.952689375194398
1000,8,rademacher,1.5,4.27961722884659,341,BGN11,4.604937529201043
1000,8,rademacher,1.5,4.27961722884659,342,Algorithm 1,4.019664420230556
1000,8,rademacher,1.5,4.27961722884659,342,BGS25,4.790362444810546
1000,8,rademacher,1.5,4.27961722884659,342,BGN11,4.403228188911312
1000,8,rademacher,1.5,4.27961722884659,343,Algorithm 1,4.470251945362284
1000,8,rademacher,1.5,4.27961722884659,343,BGS25,5.085499066422936
1000,8,rademacher,1.5,4.27961722884659,343,BGN11,4.757236605218549
1000,8,rademacher,1.5,4.27961722884659,344,Algorithm 1,4.4098783893621425
1000,8,rademacher,1.5,4.27961722884659,344,BGS25,5.064305046051805
1000,8,rademacher,1.5,4.27961722884659,344,BGN11,4.727057066560314
1000,8,rademacher,1.5,4.27961722884659,345,Algorithm 1,4.169034739665491
1000,8,rademacher,1.5,4.27961722884659,345,BGS25,5.0825943527862885
1000,8,rademacher,1.5,4.27961722884659,345,BGN11,4.754007436366804
1000,8,rademacher,1.5,4.27961722884659,346,Algorithm 1,4.038194731273752
1000,8,rademacher,1.5,4.27961722884659,346,BGS25,4.700938866919344
1000,8,rademacher,1.5,4.27961722884659,346,BGN11,4.311733820097517
1000,8,rademacher,1.5,4.27961722884659,347,Algorithm 1,4.549222020143315
1000,8,rademacher,1.5,4.27961722884659,347,BGS25,5.066910384571162
1000,8,rademacher,1.5,4.27961722884659,347,BGN11,4.72523072553493
1000,8,rademacher,1.5,4.27961722884659,348,Algorithm 1,4.280141401030269
1000,8,rademacher,1.5,4.27961722884659,348,BGS25,4.936278241420309
1000,8,rademacher,1.5,4.27961722884659,348,BGN11,4.582104865184959
1000,8,rademacher,1.5,4.27961722884659,349,Algorithm 1,4.192344615755801
1000,8,rademacher,1.5,4.27961722884659,349,BGS25,5.009299758505721
1000,8,rademacher,1.5,4.27961722884659,349,BGN11,4.663612289660519
1000,8,rademacher,1.5,4.27961722884659,350,Algorithm 1,4.253858432499769
1000,8,rademacher,1.5,4.27961722884659,350,BGS25,5.040893853199059
1000,8,rademacher,1.5,4.27961722884659,350,BGN11,4.7053781173631695
1000,8,rademacher,1.5,4.27961722884659,351,Algorithm 1,4.0406362525313515
1000,8,rademacher,1.5,4.27961722884659,351,BGS25,4.85370613283193
1000,8,rademacher,1.5,4.27961722884659,351,BGN11,4.482085602393063
1000,8,rademacher,1.5,4.27961722884659,352,Algorithm 1,4.266755192601557
1000,8,rademacher,1.5,4.27961722884659,352,BGS25,4.828449679536808
1000,8,rademacher,1.5,4.27961722884659,352,BGN11,4.462164196725876
1000,8,rademacher,1.5,4.27961722884659,353,Algorithm 1,4.15403251926918
1000,8,rademacher,1.5,4.27961722884659,353,BGS25,4.991334335944737
1000,8,rademacher,1.5,4.27961722884659,353,BGN11,4.6465655349393815
1000,8,rademacher,1.5,4.27961722884659,354,Algorithm 1,4.417094989735069
1000,8,rademacher,1.5,4.27961722884659,354,BGS25,5.061150020438072
1000,8,rademacher,1.5,4.27961722884659,354,BGN11,4.72398218014736
1000,8,rademacher,1.5,4.27961722884659,355,Algorithm 1,4.137984675976568
1000,8,rademacher,1.5,4.27961722884659,355,BGS25,4.878300307674911
1000,8,rademacher,1.5,4.27961722884659,355,BGN11,4.518461446171763
1000,8,rademacher,1.5,4.27961722884659,356,Algorithm 1,4.147056145807914
1000,8,rademacher,1.5,4.27961722884659,356,BGS25,4.862340806172789
1000,8,rademacher,1.5,4.27961722884659,356,BGN11,4.497151338390355
1000,8,rademacher,1.5,4.27961722884659,357,Algorithm 1,4.0287898171922105
1000,8,rademacher,1.5,4.27961722884659,357,BGS25,4.836653329255244
1000,8,rademacher,1.5,4.27961722884659,357,BGN11,4.462842706487622
1000,8,rademacher,1.5,4.27961722884659,358,Algorithm 1,4.360365600945064
1000,8,rademacher,1.5,4.27961722884659,358,BGS25,4.964697483616041
1000,8,rademacher,1.5,4.27961722884659,358,BGN11,4.617233644792551
1000,8,rademacher,1.5,4.27961722884659,359,Algorithm 1,4.5512536243523325
1000,8,rademacher,1.5,4.27961722884659,359,BGS25,5.170285110413197
1000,8,rademacher,1.5,4.27961722884659,359,BGN11,4.845926904105933
1000,8,rademacher,1.5,4.27961722884659,360,Algorithm 1,4.471441257857302
1000,8,rademacher,1.5,4.27961722884659,360,BGS25,5.191015299146949
1000,8,rademacher,1.5,4.27961722884659,360,BGN11,4.8717514228765415
1000,8,rademacher,1.5,4.27961722884659,361,Algorithm 1,3.9633137587392646
1000,8,rademacher,1.5,4.27961722884659,361,BGS25,4.732666178462532
1000,8,rademacher,1.5,4.27961722884659,361,BGN11,4.347757477706972
1000,8,rademacher,1.5,4.27961722884659,362,Algorithm 1,4.361107566532086
1000,8,rademacher,1.5,4.27961722884659,362,BGS25,4.9649028615408355
1000,8,rademacher,1.5,4.27961722884659,362,BGN11,4.610283474606357
1000,8,rademacher,1.5,4.27961722884659,363,Algorithm 1,4.2422474727752375
1000,8,rademacher,1.5,4.27961722884659,363,BGS25,4.980550713449304
1000,8,rademacher,1.5,4.27961722884659,363,BGN11,4.6279357343512295
1000,8,rademacher,1.5,4.27961722884659,364,Algorithm 1,4.224480081654002
1000,8,rademacher,1.5,4.27961722884659,364,BGS25,4.9022025075918325
1000,8,rademacher,1.5,4.27961722884659,364,BGN11,4.538186185751517
1000,8,rademacher,1.5,4.27961722884659,365,Algorithm 1,4.529561897875786
1000,8,rademacher,1.5,4.27961722884659,365,BGS25,5.094729574973676
1000,8,rademacher,1.5,4.27961722884659,365,BGN11,4.763401177598239
1000,8,rademacher,1.5,4.27961722884659,366,Algorithm 1,4.270813589920464
1000,8,rademacher,1.5,4.27961722884659,366,BGS25,4.86990770195643
1000,8,rademacher,1.5,4.27961722884659,366,BGN11,4.511656099949599
1000,8,rademacher,1.5,4.27961722884659,367,Algorithm 1,4.28601018318273
1000,8,rademacher,1.5,4.27961722884659,367,BGS25,4.977537422295523
1000,8,rademacher,1.5,4.27961722884659,367,BGN11,4.625526748100746
1000,8,rademacher,1.5,4.27961722884659,368,Algorithm 1,4.098431984587532
1000,8,rademacher,1.5,4.27961722884659,368,BGS25,4.874379255548755
1000,8,rademacher,1.5,4.27961722884659,368,BGN11,4.508986195541201
1000,8,rademacher,1.5,4.27961722884659,369,Algorithm 1,4.219216192686859
1000,8,rademacher,1.5,4.27961722884659,369,BGS25,4.9820339044110185
1000,8,rademacher,1.5,4.27961722884659,369,BGN11,4.625944685539768
1000,8,rademacher,1.5,4.27961722884659,370,Algorithm 1,4.259973620254996
1000,8,rademacher,1.5,4.27961722884659,370,BGS25,5.013152103222994
1000,8,rademacher,1.5,4.27961722884659,370,BGN11,4.666603042992956
1000,8,rademacher,1.5,4.27961722884659,371,Algorithm 1,4.2061191586780895
1000,8,rademacher,1.5,4.27961722884659,371,BGS25,4.875705686394521
1000,8,rademacher,1.5,4.27961722884659,371,BGN11,4.5127078720411475
1000,8,rademacher,1.5,4.27961722884659,372,Algorithm 1,4.445061208380939
1000,8,rademacher,1.5,4.27961722884659,372,BGS25,5.037241025134977
1000,8,rademacher,1.5,4.27961722884659,372,BGN11,4.695542905143276
1000,8,rademacher,1.5,4.27961722884659,373,Algorithm 1,4.535669096159252
1000,8,rademacher,1.5,4.27961722884659,373,BGS25,5.1225139259780486
1000,8,rademacher,1.5,4.27961722884659,373,BGN11,4.789435113519209
1000,8,rademacher,1.5,4.27961722884659,374,Algorithm 1,4.20897818704989
1000,8,rademacher,1.5,4.27961722884659,374,BGS25,4.917356374128552
1000,8,rademacher,1.5,4.27961722884659,374,BGN11,4.564213134718229
1000,8,rademacher,1.5,4.27961722884659,375,Algorithm 1,4.53958600523993
1000,8,rademacher,1.5,4.27961722884659,375,BGS25,5.129547720865572
1000,8,rademacher,1.5,4.27961722884659,375,BGN11,4.802985591710594
1000,8,rademacher,1.5,4.27961722884659,376,Algorithm 1,4.313364913975561
1000,8,rademacher,1.5,4.27961722884659,376,BGS25,5.026598922592281
1000,8,rademacher,1.5,4.27961722884659,376,BGN11,4.68448399032108
1000,8,rademacher,1.5,4.27961722884659,377,Algorithm 1,4.188534569334563
1000,8,rademacher,1.5,4.27961722884659,377,BGS25,4.951873024139189
1000,8,rademacher,1.5,4.27961722884659,377,BGN11,4.591814907185492
1000,8,rademacher,1.5,4.27961722884659,378,Algorithm 1,4.057070487767347
1000,8,rademacher,1.5,4.27961722884659,378,BGS25,4.813390014200015
1000,8,rademacher,1.5,4.27961722884659,378,BGN11,4.438358498682901
1000,8,rademacher,1.5,4.27961722884659,379,Algorithm 1,4.416948760398748
1000,8,rademacher,1.5,4.27961722884659,379,BGS25,5.020932879812751
1000,8,rademacher,1.5,4.27961722884659,379,BGN11,4.6805057603966365
1000,8,rademacher,1.5,4.27961722884659,380,Algorithm 1,4.478605336276823
1000,8,rademacher,1.5,4.27961722884659,380,BGS25,5.177986262516656
1000,8,rademacher,1.5,4.27961722884659,380,BGN11,4.855239212313975
1000,8,rademacher,1.5,4.27961722884659,381,Algorithm 1,4.273712158851429
1000,8,rademacher,1.5,4.27961722884659,381,BGS25,4.9673511483173804
1000,8,rademacher,1.5,4.27961722884659,381,BGN11,4.615760987130895
1000,8,rademacher,1.5,4.27961722884659,382,Algorithm 1,4.266523087542522
1000,8,rademacher,1.5,4.27961722884659,382,BGS25,4.94407673721269
1000,8,rademacher,1.5,4.27961722884659,382,BGN11,4.5889422443115
1000,8,rademacher,1.5,4.27961722884659,383,Algorithm 1,4.277902230749651
1000,8,rademacher,1.5,4.27961722884659,383,BGS25,4.834145428070395
1000,8,rademacher,1.5,4.27961722884659,383,BGN11,4.465963788518739
1000,8,rademacher,1.5,4.27961722884659,384,Algorithm 1,4.279945860102754
1000,8,rademacher,1.5,4.27961722884659,384,BGS25,4.891858298846845
1000,8,rademacher,1.5,4.27961722884659,384,BGN11,4.5364238176036
1000,8,rademacher,1.5,4.27961722884659,385,Algorithm 1,4.359586912912543
1000,8,rademacher,1.5,4.27961722884659,385,BGS25,5.015463207041897
1000,8,rademacher,1.5,4.27961722884659,385,BGN11,4.676342006205494
1000,8,rademacher,1.5,4.27961722884659,386,Algorithm 1,3.909606962871301
1000,8,rademacher,1.5,4.27961722884659,386,BGS25,4.80929026515473
1000,8,rademacher,1.5,4.27961722884659,386,BGN11,4.437955444093559
1000,8,rademacher,1.5,4.27961722884659,387,Algorithm 1,4.053113328283341
1000,8,rademacher,1.5,4.27961722884659,387,BGS25,4.780837158398664
1000,8,rademacher,1.5,4.27961722884659,387,BGN11,4.398869151986157
1000,8,rademacher,1.5,4.27961722884659,388,Algorithm 1,4.344619073047265
1000,8,rademacher,1.5,4.27961722884659,388,BGS25,5.066118957395499
1000,8,rademacher,1.5,4.27961722884659,388,BGN11,4.73355192715491
1000,8,rademacher,1.5,4.27961722884659,389,Algorithm 1,4.298615085658641
1000,8,rademacher,1.5,4.27961722884659,389,BGS25,5.000914262689733
1000,8,rademacher,1.5,4.27961722884659,389,BGN11,4.668210202985599
1000,8,rademacher,1.5,4.27961722884659,390,Algorithm 1,4.424366900848889
1000,8,rademacher,1.5,4.27961722884659,390,BGS25,4.977653699568167
1000,8,rademacher,1.5,4.27961722884659,390,BGN11,4.633542946142163
1000,8,rademacher,1.5,4.27961722884659,391,Algorithm 1,4.398581745129597
1000,8,rademacher,1.5,4.27961722884659,391,BGS25,4.991438828790031
1000,8,rademacher,1.5,4.27961722884659,391,BGN11,4.634549610692384
1000,8,rademacher,1.5,4.27961722884659,392,Algorithm 1,3.9113421858947937
1000,8,rademacher,1.5,4.27961722884659,392,BGS25,4.832112626733123
1000,8,rademacher,1.5,4.27961722884659,392,BGN11,4.4593328336608575
1000,8,rademacher,1.5,4.27961722884659,393,Algorithm 1,4.426233718953968
1000,8,rademacher,1.5,4.27961722884659,393,BGS25,5.0365708920524614
1000,8,rademacher,1.5,4.27961722884659,393,BGN11,4.695393932944336
1000,8,rademacher,1.5,4.27961722884659,394,Algorithm 1,4.180409694890504
1000,8,rademacher,1.5,4.27961722884659,394,BGS25,4.863569572402813
1000,8,rademacher,1.5,4.27961722884659,394,BGN11,4.493636602033651
1000,8,rademacher,1.5,4.27961722884659,395,Algorithm 1,4.262953686667646
1000,8,rademacher,1.5,4.27961722884659,395,BGS25,4.962659389288992
1000,8,rademacher,1.5,4.27961722884659,395,BGN11,4.610005199850413
1000,8,rademacher,1.5,4.27961722884659,396,Algorithm 1,4.479525335938732
1000,8,rademacher,1.5,4.27961722884659,396,BGS25,5.0834147507726755
1000,8,rademacher,1.5,4.27961722884659,396,BGN11,4.749862072534371
1000,8,rademacher,1.5,4.27961722884659,397,Algorithm 1,4.132892777988758
1000,8,rademacher,1.5,4.27961722884659,397,BGS25,4.99802315072152
1000,8,rademacher,1.5,4.27961722884659,397,BGN11,4.651682664871619
1000,8,rademacher,1.5,4.27961722884659,398,Algorithm 1,4.395745632325685
1000,8,rademacher,1.5,4.27961722884659,398,BGS25,4.992450771893928
1000,8,rademacher,1.5,4.27961722884659,398,BGN11,4.64843402551822
1000,8,rademacher,1.5,4.27961722884659,399,Algorithm 1,4.597021033236412
1000,8,rademacher,1.5,4.27961722884659,399,BGS25,5.160647972851967
1000,8,rademacher,1.5,4.27961722884659,399,BGN11,4.837614608311014
1000,8,rademacher,1.5,4.27961722884659,400,Algorithm 1,3.915146983427114
1000,8,rademacher,1.5,4.27961722884659,400,BGS25,4.803630531886347
1000,8,rademacher,1.5,4.27961722884659,400,BGN11,4.429691226744004
1000,8,rademacher,1.5,4.27961722884659,401,Algorithm 1,4.279259650199383
1000,8,rademacher,1.5,4.27961722884659,401,BGS25,5.041581446998447
1000,8,rademacher,1.5,4.27961722884659,401,BGN11,4.698038946885755
1000,8,rademacher,1.5,4.27961722884659,402,Algorithm 1,4.418593547590993
1000,8,rademacher,1.5,4.27961722884659,402,BGS25,4.97023498321825
1000,8,rademacher,1.5,4.27961722884659,402,BGN11,4.628059444142263
1000,8,rademacher,1.5,4.27961722884659,403,Algorithm 1,4.242654329603376
1000,8,rademacher,1.5,4.27961722884659,403,BGS25,4.936880869450877
1000,8,rademacher,1.5,4.27961722884659,403,BGN11,4.57881963741376
1000,8,rademacher,1.5,4.27961722884659,404,Algorithm 1,4.2503296391860355
1000,8,rademacher,1.5,4.27961722884659,404,BGS25,4.89341093715365
1000,8,rademacher,1.5,4.27961722884659,404,BGN11,4.53742318077646
1000,8,rademacher,1.5,4.27961722884659,405,Algorithm 1,4.362523404905287
1000,8,rademacher,1.5,4.27961722884659,405,BGS25,5.001234678705073
1000,8,rademacher,1.5,4.27961722884659,405,BGN11,4.654502125906391
1000,8,rademacher,1.5,4.27961722884659,406,Algorithm 1,4.161467751804022
1000,8,rademacher,1.5,4.27961722884659,406,BGS25,4.799607109355993
1000,8,rademacher,1.5,4.27961722884659,406,BGN11,4.429811479243166
1000,8,rademacher,1.5,4.27961722884659,407,Algorithm 1,4.038778650389032
1000,8,rademacher,1.5,4.27961722884659,407,BGS25,4.748417849462138
1000,8,rademacher,1.5,4.27961722884659,407,BGN11,4.3683860910349095
1000,8,rademacher,1.5,4.27961722884659,408,Algorithm 1,3.917801078286397
1000,8,rademacher,1.5,4.27961722884659,408,BGS25,4.836834143182047
1000,8,rademacher,1.5,4.27961722884659,408,BGN11,4.46986514482518
1000,8,rademacher,1.5,4.27961722884659,409,Algorithm 1,4.29755420602835
1000,8,rademacher,1.5,4.27961722884659,409,BGS25,5.010597161866322
1000,8,rademacher,1.5,4.27961722884659,409,BGN11,4.665298830507233
1000,8,rademacher,1.5,4.27961722884659,410,Algorithm 1,4.204255892376208
1000,8,rademacher,1.5,4.27961722884659,410,BGS25,4.9963626674158395
1000,8,rademacher,1.5,4.27961722884659,410,BGN11,4.656135071371501
1000,8,rademacher,1.5,4.27961722884659,411,Algorithm 1,4.473029284491295
1000,8,rademacher,1.5,4.27961722884659,411,BGS25,5.072364639368887
1000,8,rademacher,1.5,4.27961722884659,411,BGN11,4.731609306015303
1000,8,rademacher,1.5,4.27961722884659,412,Algorithm 1,4.175377652326606
1000,8,rademacher,1.5,4.27961722884659,412,BGS25,4.873370070232358
1000,8,rademacher,1.5,4.27961722884659,412,BGN11,4.508839995738679
1000,8,rademacher,1.5,4.27961722884659,413,Algorithm 1,4.107682068124457
1000,8,rademacher,1.5,4.27961722884659,413,BGS25,4.911051250052558
1000,8,rademacher,1.5,4.27961722884659,413,BGN11,4.559345222399921
1000,8,rademacher,1.5,4.27961722884659,414,Algorithm 1,4.369846714741595
1000,8,rademacher,1.5,4.27961722884659,414,BGS25,5.054196516015753
1000,8,rademacher,1.5,4.27961722884659,414,BGN11,4.711272305469911
1000,8,rademacher,1.5,4.27961722884659,415,Algorithm 1,4.35797218139485
1000,8,rademacher,1.5,4.27961722884659,415,BGS25,4.917003485955746
1000,8,rademacher,1.5,4.27961722884659,415,BGN11,4.555362925611913
1000,8,rademacher,1.5,4.27961722884659,416,Algorithm 1,4.134826632914415
1000,8,rademacher,1.5,4.27961722884659,416,BGS25,4.813456577732277
1000,8,rademacher,1.5,4.27961722884659,416,BGN11,4.44858749939861
1000,8,rademacher,1.5,4.27961722884659,417,Algorithm 1,4.16144510342726
1000,8,rademacher,1.5,4.27961722884659,417,BGS25,4.90728611180843
1000,8,rademacher,1.5,4.27961722884659,417,BGN11,4.5450433325203115
1000,8,rademacher,1.5,4.27961722884659,418,Algorithm 1,4.318418306996168
1000,8,rademacher,1.5,4.27961722884659,418,BGS25,4.9748730171643585
1000,8,rademacher,1.5,4.27961722884659,418,BGN11,4.627254556359148
1000,8,rademacher,1.5,4.27961722884659,419,Algorithm 1,4.3534061825361
1000,8,rademacher,1.5,4.27961722884659,419,BGS25,5.0614196461165575
1000,8,rademacher,1.5,4.27961722884659,419,BGN11,4.720782516704721
1000,8,rademacher,1.5,4.27961722884659,420,Algorithm 1,4.265236031873884
1000,8,rademacher,1.5,4.27961722884659,420,BGS25,5.0070164795908525
1000,8,rademacher,1.5,4.27961722884659,420,BGN11,4.6576312204277865
1000,8,rademacher,1.5,4.27961722884659,421,Algorithm 1,4.18936931011481
1000,8,rademacher,1.5,4.27961722884659,421,BGS25,4.831313656402944
1000,8,rademacher,1.5,4.27961722884659,421,BGN11,4.464813282054133
1000,8,rademacher,1.5,4.27961722884659,422,Algorithm 1,4.247900034555948
1000,8,rademacher,1.5,4.27961722884659,422,BGS25,4.875782499789134
1000,8,rademacher,1.5,4.27961722884659,422,BGN11,4.517663675703829
1000,8,rademacher,1.5,4.27961722884659,423,Algorithm 1,4.013103490455903
1000,8,rademacher,1.5,4.27961722884659,423,BGS25,4.723026831883993
1000,8,rademacher,1.5,4.27961722884659,423,BGN11,4.330834181743264
1000,8,rademacher,1.5,4.27961722884659,424,Algorithm 1,4.168028914559776
1000,8,rademacher,1.5,4.27961722884659,424,BGS25,4.761555758862051
1000,8,rademacher,1.5,4.27961722884659,424,BGN11,4.374630484471977
1000,8,rademacher,1.5,4.27961722884659,425,Algorithm 1,4.200213889690537
1000,8,rademacher,1.5,4.27961722884659,425,BGS25,4.956138071112196
1000,8,rademacher,1.5,4.27961722884659,425,BGN11,4.606906063764711
1000,8,rademacher,1.5,4.27961722884659,426,Algorithm 1,4.152595535709076
1000,8,rademacher,1.5,4.27961722884659,426,BGS25,4.817499569062591
1000,8,rademacher,1.5,4.27961722884659,426,BGN11,4.45184747029193
1000,8,rademacher,1.5,4.27961722884659,427,Algorithm 1,4.191699495442441
1000,8,rademacher,1.5,4.27961722884659,427,BGS25,4.961380699245401
1000,8,rademacher,1.5,4.27961722884659,427,BGN11,4.614653355871657
1000,8,rademacher,1.5,4.27961722884659,428,Algorithm 1,4.2517429543529826
1000,8,rademacher,1.5,4.27961722884659,428,BGS25,4.95362922530195
1000,8,rademacher,1.5,4.27961722884659,428,BGN11,4.606780233935915
1000,8,rademacher,1.5,4.27961722884659,429,Algorithm 1,4.113965418122098
1000,8,rademacher,1.5,4.27961722884659,429,BGS25,4.81931626129459
1000,8,rademacher,1.5,4.27961722884659,429,BGN11,4.450088405099767
1000,8,rademacher,1.5,4.27961722884659,430,Algorithm 1,4.176554079455907
1000,8,rademacher,1.5,4.27961722884659,430,BGS25,4.910027056489502
1000,8,rademacher,1.5,4.27961722884659,430,BGN11,4.553502223928292
1000,8,rademacher,1.5,4.27961722884659,431,Algorithm 1,4.194406174210692
1000,8,rademacher,1.5,4.27961722884659,431,BGS25,4.853075268385179
1000,8,rademacher,1.5,4.27961722884659,431,BGN11,4.488713452504048
1000,8,rademacher,1.5,4.27961722884659,432,Algorithm 1,4.3274010447448
1000,8,rademacher,1.5,4.27961722884659,432,BGS25,4.982619046891618
1000,8,rademacher,1.5,4.27961722884659,432,BGN11,4.632307719373428
1000,8,rademacher,1.5,4.27961722884659,433,Algorithm 1,4.399249875432936
1000,8,rademacher,1.5,4.27961722884659,433,BGS25,5.037750291369227
1000,8,rademacher,1.5,4.27961722884659,433,BGN11,4.702987208365785
1000,8,rademacher,1.5,4.27961722884659,434,Algorithm 1,4.271968906887178
1000,8,rademacher,1.5,4.27961722884659,434,BGS25,4.929739352854192
1000,8,rademacher,1.5,4.27961722884659,434,BGN11,4.570117924236926
1000,8,rademacher,1.5,4.27961722884659,435,Algorithm 1,4.648689132617094
1000,8,rademacher,1.5,4.27961722884659,435,BGS25,5.175010347523241
1000,8,rademacher,1.5,4.27961722884659,435,BGN11,4.851330851013
1000,8,rademacher,1.5,4.27961722884659,436,Algorithm 1,4.207223216958683
1000,8,rademacher,1.5,4.27961722884659,436,BGS25,5.043807435816557
1000,8,rademacher,1.5,4.27961722884659,436,BGN11,4.708160382299158
1000,8,rademacher,1.5,4.27961722884659,437,Algorithm 1,4.13367513288197
1000,8,rademacher,1.5,4.27961722884659,437,BGS25,4.832160874744584
1000,8,rademacher,1.5,4.27961722884659,437,BGN11,4.464207885509376
1000,8,rademacher,1.5,4.27961722884659,438,Algorithm 1,4.36921806388138
1000,8,rademacher,1.5,4.27961722884659,438,BGS25,4.998465051114119
1000,8,rademacher,1.5,4.27961722884659,438,BGN11,4.651428008244188
1000,8,rademacher,1.5,4.27961722884659,439,Algorithm 1,3.924708442243349
1000,8,rademacher,1.5,4.27961722884659,439,BGS25,4.643750872573412
1000,8,rademacher,1.5,4.27961722884659,439,BGN11,4.245239496212842
1000,8,rademacher,1.5,4.27961722884659,440,Algorithm 1,4.351966962728218
1000,8,rademacher,1.5,4.27961722884659,440,BGS25,4.935658136544329
1000,8,rademacher,1.5,4.27961722884659,440,BGN11,4.586540918988141
1000,8,rademacher,1.5,4.27961722884659,441,Algorithm 1,4.060717433106001
1000,8,rademacher,1.5,4.27961722884659,441,BGS25,4.785521149891008
1000,8,rademacher,1.5,4.27961722884659,441,BGN11,4.415508892498401
1000,8,rademacher,1.5,4.27961722884659,442,Algorithm 1,4.317884674606382
1000,8,rademacher,1.5,4.27961722884659,442,BGS25,4.940405008535002
1000,8,rademacher,1.5,4.27961722884659,442,BGN11,4.588925193876095
1000,8,rademacher,1.5,4.27961722884659,443,Algorithm 1,4.278229580825815
1000,8,rademacher,1.5,4.27961722884659,443,BGS25,4.908160428683458
1000,8,rademacher,1.5,4.27961722884659,443,BGN11,4.5520276756888185
1000,8,rademacher,1.5,4.27961722884659,444,Algorithm 1,4.0794505680405
1000,8,rademacher,1.5,4.27961722884659,444,BGS25,4.8507677279948584
1000,8,rademacher,1.5,4.27961722884659,444,BGN11,4.489717552844361
1000,8,rademacher,1.5,4.27961722884659,445,Algorithm 1,4.556060756457598
1000,8,rademacher,1.5,4.27961722884659,445,BGS25,5.106539607808622
1000,8,rademacher,1.5,4.27961722884659,445,BGN11,4.775998650662476
1000,8,rademacher,1.5,4.27961722884659,446,Algorithm 1,4.306726914057777
1000,8,rademacher,1.5,4.27961722884659,446,BGS25,5.021828041798184
1000,8,rademacher,1.5,4.27961722884659,446,BGN11,4.674931965998068
1000,8,rademacher,1.5,4.27961722884659,447,Algorithm 1,4.275525910529627
1000,8,rademacher,1.5,4.27961722884659,447,BGS25,4.914610309567491
1000,8,rademacher,1.5,4.27961722884659,447,BGN11,4.5578222611906405
1000,8,rademacher,1.5,4.27961722884659,448,Algorithm 1,4.067936924540473
1000,8,rademacher,1.5,4.27961722884659,448,BGS25,4.824038099489177
1000,8,rademacher,1.5,4.27961722884659,448,BGN11,4.456478595785856
1000,8,rademacher,1.5,4.27961722884659,449,Algorithm 1,4.246226019031308
1000,8,rademacher,1.5,4.27961722884659,449,BGS25,4.959559342193359
1000,8,rademacher,1.5,4.27961722884659,449,BGN11,4.609775580569624
1000,8,rademacher,1.5,4.27961722884659,450,Algorithm 1,4.450310576142044
1000,8,rademacher,1.5,4.27961722884659,450,BGS25,5.0555294422063275
1000,8,rademacher,1.5,4.27961722884659,450,BGN11,4.7118254143810825
1000,8,rademacher,1.5,4.27961722884659,451,Algorithm 1,4.310715169483145
1000,8,rademacher,1.5,4.27961722884659,451,BGS25,4.912790156669578
1000,8,rademacher,1.5,4.27961722884659,451,BGN11,4.5530150988235105
1000,8,rademacher,1.5,4.27961722884659,452,Algorithm 1,4.215104688931783
1000,8,rademacher,1.5,4.27961722884659,452,BGS25,4.877189415761638
1000,8,rademacher,1.5,4.27961722884659,452,BGN11,4.51590407394458
1000,8,rademacher,1.5,4.27961722884659,453,Algorithm 1,4.0677975556698645
1000,8,rademacher,1.5,4.27961722884659,453,BGS25,4.836008551870151
1000,8,rademacher,1.5,4.27961722884659,453,BGN11,4.469293596177922
1000,8,rademacher,1.5,4.27961722884659,454,Algorithm 1,4.158350567387378
1000,8,rademacher,1.5,4.27961722884659,454,BGS25,4.846149335026475
1000,8,rademacher,1.5,4.27961722884659,454,BGN11,4.4783067026702055
1000,8,rademacher,1.5,4.27961722884659,455,Algorithm 1,4.147429315949609
1000,8,rademacher,1.5,4.27961722884659,455,BGS25,4.865238934084658
1000,8,rademacher,1.5,4.27961722884659,455,BGN11,4.504236424807519
1000,8,rademacher,1.5,4.27961722884659,456,Algorithm 1,4.192662385105814
1000,8,rademacher,1.5,4.27961722884659,456,BGS25,4.830550349390824
1000,8,rademacher,1.5,4.27961722884659,456,BGN11,4.461314600482428
1000,8,rademacher,1.5,4.27961722884659,457,Algorithm 1,4.007719053239271
1000,8,rademacher,1.5,4.27961722884659,457,BGS25,4.851789508566794
1000,8,rademacher,1.5,4.27961722884659,457,BGN11,4.486398877522311
1000,8,rademacher,1.5,4.27961722884659,458,Algorithm 1,4.295454197661657
1000,8,rademacher,1.5,4.27961722884659,458,BGS25,4.942355438397584
1000,8,rademacher,1.5,4.27961722884659,458,BGN11,4.596449170924588
1000,8,rademacher,1.5,4.27961722884659,459,Algorithm 1,4.438854565391014
1000,8,rademacher,1.5,4.27961722884659,459,BGS25,5.0765783606978525
1000,8,rademacher,1.5,4.27961722884659,459,BGN11,4.73791572186835
1000,8,rademacher,1.5,4.27961722884659,460,Algorithm 1,4.3011167856375705
1000,8,rademacher,1.5,4.27961722884659,460,BGS25,4.909953086749118
1000,8,rademacher,1.5,4.27961722884659,460,BGN11,4.54853841560295
1000,8,rademacher,1.5,4.27961722884659,461,Algorithm 1,4.547528986164109
1000,8,rademacher,1.5,4.27961722884659,461,BGS25,5.177914411978097
1000,8,rademacher,1.5,4.27961722884659,461,BGN11,4.858289132882702
1000,8,rademacher,1.5,4.27961722884659,462,Algorithm 1,4.186701441082033
1000,8,rademacher,1.5,4.27961722884659,462,BGS25,4.911635012717757
1000,8,rademacher,1.5,4.27961722884659,462,BGN11,4.559037025319956
1000,8,rademacher,1.5,4.27961722884659,463,Algorithm 1,4.269662634542903
1000,8,rademacher,1.5,4.27961722884659,463,BGS25,4.975747257754524
1000,8,rademacher,1.5,4.27961722884659,463,BGN11,4.628904199488917
1000,8,rademacher,1.5,4.27961722884659,464,Algorithm 1,4.431100334611363
1000,8,rademacher,1.5,4.27961722884659,464,BGS25,5.043367211800824
1000,8,rademacher,1.5,4.27961722884659,464,BGN11,4.7078533187412965
1000,8,rademacher,1.5,4.27961722884659,465,Algorithm 1,4.3385107935679486
1000,8,rademacher,1.5,4.27961722884659,465,BGS25,4.999158837856967
1000,8,rademacher,1.5,4.27961722884659,465,BGN11,4.6487225802942564
1000,8,rademacher,1.5,4.27961722884659,466,Algorithm 1,4.181480000059629
1000,8,rademacher,1.5,4.27961722884659,466,BGS25,4.864221663232051
1000,8,rademacher,1.5,4.27961722884659,466,BGN11,4.49424754716413
1000,8,rademacher,1.5,4.27961722884659,467,Algorithm 1,4.3154587381516905
1000,8,rademacher,1.5,4.27961722884659,467,BGS25,5.014961776132182
1000,8,rademacher,1.5,4.27961722884659,467,BGN11,4.6764938514586465
1000,8,rademacher,1.5,4.27961722884659,468,Algorithm 1,4.371483197588827
1000,8,rademacher,1.5,4.27961722884659,468,BGS25,5.0088164252061755
1000,8,rademacher,1.5,4.27961722884659,468,BGN11,4.66119587929108
1000,8,rademacher,1.5,4.27961722884659,469,Algorithm 1,4.385577187123135
1000,8,rademacher,1.5,4.27961722884659,469,BGS25,5.124729781493878
1000,8,rademacher,1.5,4.27961722884659,469,BGN11,4.797044142725031
1000,8,rademacher,1.5,4.27961722884659,470,Algorithm 1,4.2876511960981105
1000,8,rademacher,1.5,4.27961722884659,470,BGS25,4.838351230340324
1000,8,rademacher,1.5,4.27961722884659,470,BGN11,4.469582487402965
1000,8,rademacher,1.5,4.27961722884659,471,Algorithm 1,4.509664614527779
1000,8,rademacher,1.5,4.27961722884659,471,BGS25,5.144047089373474
1000,8,rademacher,1.5,4.27961722884659,471,BGN11,4.813426495317394
1000,8,rademacher,1.5,4.27961722884659,472,Algorithm 1,4.212904636614188
1000,8,rademacher,1.5,4.27961722884659,472,BGS25,4.906670623691735
1000,8,rademacher,1.5,4.27961722884659,472,BGN11,4.550118255879125
1000,8,rademacher,1.5,4.27961722884659,473,Algorithm 1,4.286598837652296
1000,8,rademacher,1.5,4.27961722884659,473,BGS25,4.942470895191361
1000,8,rademacher,1.5,4.27961722884659,473,BGN11,4.590244167724382
1000,8,rademacher,1.5,4.27961722884659,474,Algorithm 1,4.323291172824596
1000,8,rademacher,1.5,4.27961722884659,474,BGS25,4.908571904057734
1000,8,rademacher,1.5,4.27961722884659,474,BGN11,4.55009892090767
1000,8,rademacher,1.5,4.27961722884659,475,Algorithm 1,4.331592335859663
1000,8,rademacher,1.5,4.27961722884659,475,BGS25,4.944341660176767
1000,8,rademacher,1.5,4.27961722884659,475,BGN11,4.594710940609896
1000,8,rademacher,1.5,4.27961722884659,476,Algorithm 1,4.23073654085055
1000,8,rademacher,1.5,4.27961722884659,476,BGS25,4.859777488682631
1000,8,rademacher,1.5,4.27961722884659,476,BGN11,4.496331550913942
1000,8,rademacher,1.5,4.27961722884659,477,Algorithm 1,4.1903157683253225
1000,8,rademacher,1.5,4.27961722884659,477,BGS25,4.871421438898327
1000,8,rademacher,1.5,4.27961722884659,477,BGN11,4.504894337663472
1000,8,rademacher,1.5,4.27961722884659,478,Algorithm 1,4.367215546849191
1000,8,rademacher,1.5,4.27961722884659,478,BGS25,4.9868534786841
1000,8,rademacher,1.5,4.27961722884659,478,BGN11,4.637218700258635
1000,8,rademacher,1.5,4.27961722884659,479,Algorithm 1,4.369556467860284
1000,8,rademacher,1.5,4.27961722884659,479,BGS25,5.023303740094368
1000,8,rademacher,1.5,4.27961722884659,479,BGN11,4.680872435714364
1000,8,rademacher,1.5,4.27961722884659,480,Algorithm 1,4.398296558401793
1000,8,rademacher,1.5,4.27961722884659,480,BGS25,4.970310676643686
1000,8,rademacher,1.5,4.27961722884659,480,BGN11,4.627049704131515
1000,8,rademacher,1.5,4.27961722884659,481,Algorithm 1,4.192944862416419
1000,8,rademacher,1.5,4.27961722884659,481,BGS25,4.89482314578738
1000,8,rademacher,1.5,4.27961722884659,481,BGN11,4.534926082647953
1000,8,rademacher,1.5,4.27961722884659,482,Algorithm 1,4.216776640057403
1000,8,rademacher,1.5,4.27961722884659,482,BGS25,4.879351457980813
1000,8,rademacher,1.5,4.27961722884659,482,BGN11,4.513173112207527
1000,8,rademacher,1.5,4.27961722884659,483,Algorithm 1,4.392977370106151
1000,8,rademacher,1.5,4.27961722884659,483,BGS25,5.0955187482991295
1000,8,rademacher,1.5,4.27961722884659,483,BGN11,4.764627492160084
1000,8,rademacher,1.5,4.27961722884659,484,Algorithm 1,3.983455288735234
1000,8,rademacher,1.5,4.27961722884659,484,BGS25,4.809663979043069
1000,8,rademacher,1.5,4.27961722884659,484,BGN11,4.433068765557682
1000,8,rademacher,1.5,4.27961722884659,485,Algorithm 1,4.630532567816366
1000,8,rademacher,1.5,4.27961722884659,485,BGS25,5.230883279732595
1000,8,rademacher,1.5,4.27961722884659,485,BGN11,4.914412203845212
1000,8,rademacher,1.5,4.27961722884659,486,Algorithm 1,4.202933230033395
1000,8,rademacher,1.5,4.27961722884659,486,BGS25,4.895895514819897
1000,8,rademacher,1.5,4.27961722884659,486,BGN11,4.5363989481102065
1000,8,rademacher,1.5,4.27961722884659,487,Algorithm 1,4.267481216057071
1000,8,rademacher,1.5,4.27961722884659,487,BGS25,4.967034891649262
1000,8,rademacher,1.5,4.27961722884659,487,BGN11,4.621563305657189
1000,8,rademacher,1.5,4.27961722884659,488,Algorithm 1,4.198660710454578
1000,8,rademacher,1.5,4.27961722884659,488,BGS25,4.816316880231799
1000,8,rademacher,1.5,4.27961722884659,488,BGN11,4.448998604796242
1000,8,rademacher,1.5,4.27961722884659,489,Algorithm 1,4.092748804436831
1000,8,rademacher,1.5,4.27961722884659,489,BGS25,4.837602284689755
1000,8,rademacher,1.5,4.27961722884659,489,BGN11,4.466213847740733
1000,8,rademacher,1.5,4.27961722884659,490,Algorithm 1,4.144905873442981
1000,8,rademacher,1.5,4.27961722884659,490,BGS25,4.853834715786597
1000,8,rademacher,1.5,4.27961722884659,490,BGN11,4.4821243816586005
1000,8,rademacher,1.5,4.27961722884659,491,Algorithm 1,4.6118624057749
1000,8,rademacher,1.5,4.27961722884659,491,BGS25,5.165951773234622
1000,8,rademacher,1.5,4.27961722884659,491,BGN11,4.844491583666963
1000,8,rademacher,1.5,4.27961722884659,492,Algorithm 1,4.55861440174167
1000,8,rademacher,1.5,4.27961722884659,492,BGS25,5.047101330399435
1000,8,rademacher,1.5,4.27961722884659,492,BGN11,4.715208944580257
1000,8,rademacher,1.5,4.27961722884659,493,Algorithm 1,4.379087561529671
1000,8,rademacher,1.5,4.27961722884659,493,BGS25,5.022174670420549
1000,8,rademacher,1.5,4.27961722884659,493,BGN11,4.680514357755373
1000,8,rademacher,1.5,4.27961722884659,494,Algorithm 1,3.9136903236640403
1000,8,rademacher,1.5,4.27961722884659,494,BGS25,4.818920467016032
1000,8,rademacher,1.5,4.27961722884659,494,BGN11,4.451960212527375
1000,8,rademacher,1.5,4.27961722884659,495,Algorithm 1,4.063921850355476
1000,8,rademacher,1.5,4.27961722884659,495,BGS25,4.761097872154064
1000,8,rademacher,1.5,4.27961722884659,495,BGN11,4.377844639638721
1000,8,rademacher,1.5,4.27961722884659,496,Algorithm 1,4.377630208650396
1000,8,rademacher,1.5,4.27961722884659,496,BGS25,4.952858739675438
1000,8,rademacher,1.5,4.27961722884659,496,BGN11,4.601749458216615
1000,8,rademacher,1.5,4.27961722884659,497,Algorithm 1,4.036404337709231
1000,8,rademacher,1.5,4.27961722884659,497,BGS25,4.770491097814183
1000,8,rademacher,1.5,4.27961722884659,497,BGN11,4.384797778675999
1000,8,rademacher,1.5,4.27961722884659,498,Algorithm 1,4.124548141800181
1000,8,rademacher,1.5,4.27961722884659,498,BGS25,4.811826573848515
1000,8,rademacher,1.5,4.27961722884659,498,BGN11,4.435072505277515
1000,8,rademacher,1.5,4.27961722884659,499,Algorithm 1,4.327931523880523
1000,8,rademacher,1.5,4.27961722884659,499,BGS25,4.903683642900809
1000,8,rademacher,1.5,4.27961722884659,499,BGN11,4.543553812582743
1000,8,rademacher,1.5,4.27961722884659,500,Algorithm 1,4.204358910585989
1000,8,rademacher,1.5,4.27961722884659,500,BGS25,4.870166512936423
1000,8,rademacher,1.5,4.27961722884659,500,BGN11,4.511809594038423
