n,p,kappa,law,gamma,strength,replication,method,estimate
1000,600,1,gaussian,1.5,1.8669989318654328,1,Algorithm 3,1.8762890415299018
1000,600,1,gaussian,1.5,1.8669989318654328,1,SN13,1.8670912854002797
1000,600,1,gaussian,1.5,1.8669989318654328,1,OptShrink,1.8708689326100878
1000,600,1,gaussian,1.5,1.8669989318654328,2,Algorithm 3,1.8911727416416604
1000,600,1,gaussian,1.5,1.8669989318654328,2,SN13,1.9050872157238574
1000,600,1,gaussian,1.5,1.8669989318654328,2,OptShrink,1.9092877159981445
1000,600,1,gaussian,1.5,1.8669989318654328,3,Algorithm 3,1.8464050075789211
1000,600,1,gaussian,1.5,1.8669989318654328,3,SN13,1.8567371269006077
1000,600,1,gaussian,1.5,1.8669989318654328,3,OptShrink,1.86039871979198
1000,600,1,gaussian,1.5,1.8669989318654328,4,Algorithm 3,1.9338392156752962
1000,600,1,gaussian,1.5,1.8669989318654328,4,SN13,1.9023229591636055
1000,600,1,gaussian,1.5,1.8669989318654328,4,OptShrink,1.9054998114677515
1000,600,1,gaussian,1.5,1.8669989318654328,5,Algorithm 3,1.8966337440541938
1000,600,1,gaussian,1.5,1.8669989318654328,5,SN13,1.9126458413194922
1000,600,1,gaussian,1.5,1.8669989318654328,5,OptShrink,1.916658828653579
1000,600,1,gaussian,1.5,1.8669989318654328,6,Algorithm 3,1.856996724786694
1000,600,1,gaussian,1.5,1.8669989318654328,6,SN13,1.8779914948216483
1000,600,1,gaussian,1.5,1.8669989318654328,6,OptShrink,1.8818963971757958
1000,600,1,gaussian,1.5,1.8669989318654328,7,Algorithm 3,1.870243141251675
1000,600,1,gaussian,1.5,1.8669989318654328,7,SN13,1.846470995906533
1000,600,1,gaussian,1.5,1.8669989318654328,7,OptShrink,1.8505227051671733
1000,600,1,gaussian,1.5,1.8669989318654328,8,Algorithm 3,1.8501034199726407
1000,600,1,gaussian,1.5,1.8669989318654328,8,SN13,1.8566562778073827
1000,600,1,gaussian,1.5,1.8669989318654328,8,OptShrink,1.8602791547682065
1000,600,1,gaussian,1.5,1.8669989318654328,9,Algorithm 3,1.8957397622586871
1000,600,1,gaussian,1.5,1.8669989318654328,9,SN13,1.87292727585669
1000,600,1,gaussian,1.5,1.8669989318654328,9,OptShrink,1.8766179560353375
1000,600,1,gaussian,1.5,1.8669989318654328,10,Algorithm 3,1.8219908466182955
1000,600,1,gaussian,1.5,1.8669989318654328,10,SN13,1.8392280401273136
1000,600,1,gaussian,1.5,1.8669989318654328,10,OptShrink,1.8426455903067331
1000,600,1,gaussian,1.5,1.8669989318654328,11,Algorithm 3,1.8439493464387584
1000,600,1,gaussian,1.5,1.8669989318654328,11,SN13,1.8339052374559965
1000,600,1,gaussian,1.5,1.8669989318654328,11,OptShrink,1.837721591957575
1000,600,1,gaussian,1.5,1.8669989318654328,12,Algorithm 3,1.8803517397679868
1000,600,1,gaussian,1.5,1.8669989318654328,12,SN13,1.8584050117880857
1000,600,1,gaussian,1.5,1.8669989318654328,12,OptShrink,1.8616740531069171
1000,600,1,gaussian,1.5,1.8669989318654328,13,Algorithm 3,1.8844954859659433
1000,600,1,gaussian,1.5,1.8669989318654328,13,SN13,1.8926610133048196
1000,600,1,gaussian,1.5,1.8669989318654328,13,OptShrink,1.8961353416620215
1000,600,1,gaussian,1.5,1.8669989318654328,14,Algorithm 3,1.8628907454047832
1000,600,1,gaussian,1.5,1.8669989318654328,14,SN13,1.8777960576869268
1000,600,1,gaussian,1.5,1.8669989318654328,14,OptShrink,1.8818003097996274
1000,600,1,gaussian,1.5,1.8669989318654328,15,Algorithm 3,1.9279258014749434
1000,600,1,gaussian,1.5,1.8669989318654328,15,SN13,1.9320129480057133
1000,600,1,gaussian,1.5,1.8669989318654328,15,OptShrink,1.9361208400592822
1000,600,1,gaussian,1.5,1.8669989318654328,16,Algorithm 3,1.854132964132143
1000,600,1,gaussian,1.5,1.8669989318654328,16,SN13,1.8398701423528836
1000,600,1,gaussian,1.5,1.8669989318654328,16,OptShrink,1.8436448970694777
1000,600,1,gaussian,1.5,1.8669989318654328,17,Algorithm 3,1.9027484418983311
1000,600,1,gaussian,1.5,1.8669989318654328,17,SN13,1.8931701216894012
1000,600,1,gaussian,1.5,1.8669989318654328,17,OptShrink,1.8967512113516973
1000,600,1,gaussian,1.5,1.8669989318654328,18,Algorithm 3,1.9022151888474672
1000,600,1,gaussian,1.5,1.8669989318654328,18,SN13,1.9218856569645073
1000,600,1,gaussian,1.5,1.8669989318654328,18,OptShrink,1.9259010391492768
1000,600,1,gaussian,1.5,1.8669989318654328,19,Algorithm 3,1.9580856404654432
1000,600,1,gaussian,1.5,1.8669989318654328,19,SN13,1.9562891615336022
1000,600,1,gaussian,1.5,1.8669989318654328,19,OptShrink,1.9600433746431951
1000,600,1,gaussian,1.5,1.8669989318654328,20,Algorithm 3,1.804271215116447
1000,600,1,gaussian,1.5,1.8669989318654328,20,SN13,1.8046542630318472
1000,600,1,gaussian,1.5,1.8669989318654328,20,OptShrink,1.8084403929205435
1000,600,1,gaussian,1.5,1.8669989318654328,21,Algorithm 3,1.8282379099629351
1000,600,1,gaussian,1.5,1.8669989318654328,21,SN13,1.8434508041872852
1000,600,1,gaussian,1.5,1.8669989318654328,21,OptShrink,1.8473806465868
1000,600,1,gaussian,1.5,1.8669989318654328,22,Algorithm 3,1.8578028183532267
1000,600,1,gaussian,1.5,1.8669989318654328,22,SN13,1.8316547730183688
1000,600,1,gaussian,1.5,1.8669989318654328,22,OptShrink,1.835029408241907
1000,600,1,gaussian,1.5,1.8669989318654328,23,Algorithm 3,1.7788548309761991
1000,600,1,gaussian,1.5,1.8669989318654328,23,SN13,1.8111610877552111
1000,600,1,gaussian,1.5,1.8669989318654328,23,OptShrink,1.8156624334631914
1000,600,1,gaussian,1.5,1.8669989318654328,24,Algorithm 3,1.879442636440632
1000,600,1,gaussian,1.5,1.8669989318654328,24,SN13,1.852160865667561
1000,600,1,gaussian,1.5,1.8669989318654328,24,OptShrink,1.8562394110594829
1000,600,1,gaussian,1.5,1.8669989318654328,25,Algorithm 3,1.8491654468086374
1000,600,1,gaussian,1.5,1.8669989318654328,25,SN13,1.8876173484634222
1000,600,1,gaussian,1.5,1.8669989318654328,25,OptShrink,1.8916616642703064
1000,600,1,gaussian,1.5,1.8669989318654328,26,Algorithm 3,1.9080351220681773
1000,600,1,gaussian,1.5,1.8669989318654328,26,SN13,1.897213627005044
1000,600,1,gaussian,1.5,1.8669989318654328,26,OptShrink,1.9008811621246953
1000,600,1,gaussian,1.5,1.8669989318654328,27,Algorithm 3,1.8793202627995929
1000,600,1,gaussian,1.5,1.8669989318654328,27,SN13,1.863210490721834
1000,600,1,gaussian,1.5,1.8669989318654328,27,OptShrink,1.866626904923491
1000,600,1,gaussian,1.5,1.8669989318654328,28,Algorithm 3,1.9064429607658786
1000,600,1,gaussian,1.5,1.8669989318654328,28,SN13,1.9026760460841898
1000,600,1,gaussian,1.5,1.8669989318654328,28,OptShrink,1.9068519577792122
1000,600,1,gaussian,1.5,1.8669989318654328,29,Algorithm 3,1.868068377377964
1000,600,1,gaussian,1.5,1.8669989318654328,29,SN13,1.8499758812618787
1000,600,1,gaussian,1.5,1.8669989318654328,29,OptShrink,1.8542900800847422
1000,600,1,gaussian,1.5,1.8669989318654328,30,Algorithm 3,1.8554820413664033
1000,600,1,gaussian,1.5,1.8669989318654328,30,SN13,1.849263064076601
1000,600,1,gaussian,1.5,1.8669989318654328,30,OptShrink,1.8529688199708627
1000,600,1,gaussian,1.5,1.8669989318654328,31,Algorithm 3,1.8126629151949623
1000,600,1,gaussian,1.5,1.8669989318654328,31,SN13,1.807770784608727
1000,600,1,gaussian,1.5,1.8669989318654328,31,OptShrink,1.8117696893989599
1000,600,1,gaussian,1.5,1.8669989318654328,32,Algorithm 3,1.8240731202621452
1000,600,1,gaussian,1.5,1.8669989318654328,32,SN13,1.835180937211734
1000,600,1,gaussian,1.5,1.8669989318654328,32,OptShrink,1.8390233581937838
1000,600,1,gaussian,1.5,1.8669989318654328,33,Algorithm 3,1.7686750988742992
1000,600,1,gaussian,1.5,1.8669989318654328,33,SN13,1.763274186404418
1000,600,1,gaussian,1.5,1.8669989318654328,33,OptShrink,1.7671011058682324
1000,600,1,gaussian,1.5,1.8669989318654328,34,Algorithm 3,1.88333926913049
1000,600,1,gaussian,1.5,1.8669989318654328,34,SN13,1.8687950398052313
1000,600,1,gaussian,1.5,1.8669989318654328,34,OptShrink,1.8725109848027996
1000,600,1,gaussian,1.5,1.8669989318654328,35,Algorithm 3,1.8388944640682714
1000,600,1,gaussian,1.5,1.8669989318654328,35,SN13,1.839536392693695
1000,600,1,gaussian,1.5,1.8669989318654328,35,OptShrink,1.8434867959069179
1000,600,1,gaussian,1.5,1.8669989318654328,36,Algorithm 3,1.8857947975315716
1000,600,1,gaussian,1.5,1.8669989318654328,36,SN13,1.8365339294498764
1000,600,1,gaussian,1.5,1.8669989318654328,36,OptShrink,1.840173529126105
1000,600,1,gaussian,1.5,1.8669989318654328,37,Algorithm 3,1.8402712858062342
1000,600,1,gaussian,1.5,1.8669989318654328,37,SN13,1.826114388403927
1000,600,1,gaussian,1.5,1.8669989318654328,37,OptShrink,1.8304166514545548
1000,600,1,gaussian,1.5,1.8669989318654328,38,Algorithm 3,1.8261086672419677
1000,600,1,gaussian,1.5,1.8669989318654328,38,SN13,1.8290948721716835
1000,600,1,gaussian,1.5,1.8669989318654328,38,OptShrink,1.833297483956867
1000,600,1,gaussian,1.5,1.8669989318654328,39,Algorithm 3,1.938577209840247
1000,600,1,gaussian,1.5,1.8669989318654328,39,SN13,1.90804286157407
1000,600,1,gaussian,1.5,1.8669989318654328,39,OptShrink,1.911422647795309
1000,600,1,gaussian,1.5,1.8669989318654328,40,Algorithm 3,1.846455903125649
1000,600,1,gaussian,1.5,1.8669989318654328,40,SN13,1.8661411881018426
1000,600,1,gaussian,1.5,1.8669989318654328,40,OptShrink,1.8704378452437398
1000,600,1,gaussian,1.5,1.8669989318654328,41,Algorithm 3,1.8666252918854016
1000,600,1,gaussian,1.5,1.8669989318654328,41,SN13,1.865253605366819
1000,600,1,gaussian,1.5,1.8669989318654328,41,OptShrink,1.8693988924879983
1000,600,1,gaussian,1.5,1.8669989318654328,42,Algorithm 3,1.8807065299018189
1000,600,1,gaussian,1.5,1.8669989318654328,42,SN13,1.8809934278343379
1000,600,1,gaussian,1.5,1.8669989318654328,42,OptShrink,1.8855781679352956
1000,600,1,gaussian,1.5,1.8669989318654328,43,Algorithm 3,1.858490930488008
1000,600,1,gaussian,1.5,1.8669989318654328,43,SN13,1.8714528400674957
1000,600,1,gaussian,1.5,1.8669989318654328,43,OptShrink,1.8752901987497312
1000,600,1,gaussian,1.5,1.8669989318654328,44,Algorithm 3,1.847264795392722
1000,600,1,gaussian,1.5,1.8669989318654328,44,SN13,1.8653963439314267
1000,600,1,gaussian,1.5,1.8669989318654328,44,OptShrink,1.8693006680562945
1000,600,1,gaussian,1.5,1.8669989318654328,45,Algorithm 3,1.905364424272775
1000,600,1,gaussian,1.5,1.8669989318654328,45,SN13,1.8550449123422361
1000,600,1,gaussian,1.5,1.8669989318654328,45,OptShrink,1.8588992153933552
1000,600,1,gaussian,1.5,1.8669989318654328,46,Algorithm 3,1.8441234829336415
1000,600,1,gaussian,1.5,1.8669989318654328,46,SN13,1.8459144396698028
1000,600,1,gaussian,1.5,1.8669989318654328,46,OptShrink,1.8500085437291884
1000,600,1,gaussian,1.5,1.8669989318654328,47,Algorithm 3,1.8495134750388698
1000,600,1,gaussian,1.5,1.8669989318654328,47,SN13,1.8847002354071827
1000,600,1,gaussian,1.5,1.8669989318654328,47,OptShrink,1.8883366401054733
1000,600,1,gaussian,1.5,1.8669989318654328,48,Algorithm 3,1.8689870358384262
1000,600,1,gaussian,1.5,1.8669989318654328,48,SN13,1.8534066137876644
1000,600,1,gaussian,1.5,1.8669989318654328,48,OptShrink,1.8580026825874232
1000,600,1,gaussian,1.5,1.8669989318654328,49,Algorithm 3,1.846615790480805
1000,600,1,gaussian,1.5,1.8669989318654328,49,SN13,1.8331842093058217
1000,600,1,gaussian,1.5,1.8669989318654328,49,OptShrink,1.8371005496166581
1000,600,1,gaussian,1.5,1.8669989318654328,50,Algorithm 3,1.89048727398263
1000,600,1,gaussian,1.5,1.8669989318654328,50,SN13,1.8902172508213375
1000,600,1,gaussian,1.5,1.8669989318654328,50,OptShrink,1.893988352817708
1000,600,1,gaussian,1.5,1.8669989318654328,51,Algorithm 3,1.7567974356069125
1000,600,1,gaussian,1.5,1.8669989318654328,51,SN13,1.812881729763178
1000,600,1,gaussian,1.5,1.8669989318654328,51,OptShrink,1.8170720572491887
1000,600,1,gaussian,1.5,1.8669989318654328,52,Algorithm 3,1.895702860453817
1000,600,1,gaussian,1.5,1.8669989318654328,52,SN13,1.9278581308210425
1000,600,1,gaussian,1.5,1.8669989318654328,52,OptShrink,1.9320130545430882
1000,600,1,gaussian,1.5,1.8669989318654328,53,Algorithm 3,1.8746544736096502
1000,600,1,gaussian,1.5,1.8669989318654328,53,SN13,1.8881134034204554
1000,600,1,gaussian,1.5,1.8669989318654328,53,OptShrink,1.8922225648609547
1000,600,1,gaussian,1.5,1.8669989318654328,54,Algorithm 3,1.831951688079456
1000,600,1,gaussian,1.5,1.8669989318654328,54,SN13,1.828074174630815
1000,600,1,gaussian,1.5,1.8669989318654328,54,OptShrink,1.8319737085574634
1000,600,1,gaussian,1.5,1.8669989318654328,55,Algorithm 3,1.910382754877982
1000,600,1,gaussian,1.5,1.8669989318654328,55,SN13,1.9041402348515093
1000,600,1,gaussian,1.5,1.8669989318654328,55,OptShrink,1.9083841522537148
1000,600,1,gaussian,1.5,1.8669989318654328,56,Algorithm 3,1.8905382315799804
1000,600,1,gaussian,1.5,1.8669989318654328,56,SN13,1.8585315256244577
1000,600,1,gaussian,1.5,1.8669989318654328,56,OptShrink,1.8622824864584981
1000,600,1,gaussian,1.5,1.8669989318654328,57,Algorithm 3,1.906058681829375
1000,600,1,gaussian,1.5,1.8669989318654328,57,SN13,1.9185910736597307
1000,600,1,gaussian,1.5,1.8669989318654328,57,OptShrink,1.9226854076766555
1000,600,1,gaussian,1.5,1.8669989318654328,58,Algorithm 3,1.8079026053602243
1000,600,1,gaussian,1.5,1.8669989318654328,58,SN13,1.8218341381105216
1000,600,1,gaussian,1.5,1.8669989318654328,58,OptShrink,1.8261468590625447
1000,600,1,gaussian,1.5,1.8669989318654328,59,Algorithm 3,1.8420411058369348
1000,600,1,gaussian,1.5,1.8669989318654328,59,SN13,1.8612750530028705
1000,600,1,gaussian,1.5,1.8669989318654328,59,OptShrink,1.865112115809647
1000,600,1,gaussian,1.5,1.8669989318654328,60,Algorithm 3,1.782902560124033
1000,600,1,gaussian,1.5,1.8669989318654328,60,SN13,1.8073453297468403
1000,600,1,gaussian,1.5,1.8669989318654328,60,OptShrink,1.8115014431492027
1000,600,1,gaussian,1.5,1.8669989318654328,61,Algorithm 3,1.8395754581631092
1000,600,1,gaussian,1.5,1.8669989318654328,61,SN13,1.8241589017570263
1000,600,1,gaussian,1.5,1.8669989318654328,61,OptShrink,1.8282270586351195
1000,600,1,gaussian,1.5,1.8669989318654328,62,Algorithm 3,1.8571481776592527
1000,600,1,gaussian,1.5,1.8669989318654328,62,SN13,1.879463391970311
1000,600,1,gaussian,1.5,1.8669989318654328,62,OptShrink,1.8832150231662739
1000,600,1,gaussian,1.5,1.8669989318654328,63,Algorithm 3,1.91016259971543
1000,600,1,gaussian,1.5,1.8669989318654328,63,SN13,1.8939157239659734
1000,600,1,gaussian,1.5,1.8669989318654328,63,OptShrink,1.897508997333395
1000,600,1,gaussian,1.5,1.8669989318654328,64,Algorithm 3,1.88693944388312
1000,600,1,gaussian,1.5,1.8669989318654328,64,SN13,1.8992451227455434
1000,600,1,gaussian,1.5,1.8669989318654328,64,OptShrink,1.9032599231284555
1000,600,1,gaussian,1.5,1.8669989318654328,65,Algorithm 3,1.9049130299525778
1000,600,1,gaussian,1.5,1.8669989318654328,65,SN13,1.883040222009648
1000,600,1,gaussian,1.5,1.8669989318654328,65,OptShrink,1.886791961336461
1000,600,1,gaussian,1.5,1.8669989318654328,66,Algorithm 3,1.8758164953516918
1000,600,1,gaussian,1.5,1.8669989318654328,66,SN13,1.904028455483679
1000,600,1,gaussian,1.5,1.8669989318654328,66,OptShrink,1.9082412175518466
1000,600,1,gaussian,1.5,1.8669989318654328,67,Algorithm 3,1.9097172811733414
1000,600,1,gaussian,1.5,1.8669989318654328,67,SN13,1.902634495300792
1000,600,1,gaussian,1.5,1.8669989318654328,67,OptShrink,1.905958045056482
1000,600,1,gaussian,1.5,1.8669989318654328,68,Algorithm 3,1.8995806495305856
1000,600,1,gaussian,1.5,1.8669989318654328,68,SN13,1.9118116782246344
1000,600,1,gaussian,1.5,1.8669989318654328,68,OptShrink,1.915788741415296
1000,600,1,gaussian,1.5,1.8669989318654328,69,Algorithm 3,1.8974115830946359
1000,600,1,gaussian,1.5,1.8669989318654328,69,SN13,1.8971587757612958
1000,600,1,gaussian,1.5,1.8669989318654328,69,OptShrink,1.9016294205704225
1000,600,1,gaussian,1.5,1.8669989318654328,70,Algorithm 3,1.8962482213549774
1000,600,1,gaussian,1.5,1.8669989318654328,70,SN13,1.8756563744134906
1000,600,1,gaussian,1.5,1.8669989318654328,70,OptShrink,1.8799466980814477
1000,600,1,gaussian,1.5,1.8669989318654328,71,Algorithm 3,1.8517589723686554
1000,600,1,gaussian,1.5,1.8669989318654328,71,SN13,1.8416543380050925
1000,600,1,gaussian,1.5,1.8669989318654328,71,OptShrink,1.8455529414435712
1000,600,1,gaussian,1.5,1.8669989318654328,72,Algorithm 3,1.9229475542201155
1000,600,1,gaussian,1.5,1.8669989318654328,72,SN13,1.9334015509348579
1000,600,1,gaussian,1.5,1.8669989318654328,72,OptShrink,1.9373787802399673
1000,600,1,gaussian,1.5,1.8669989318654328,73,Algorithm 3,1.8422352910202748
1000,600,1,gaussian,1.5,1.8669989318654328,73,SN13,1.868733202982397
1000,600,1,gaussian,1.5,1.8669989318654328,73,OptShrink,1.8729277820860923
1000,600,1,gaussian,1.5,1.8669989318654328,74,Algorithm 3,1.9099706061006405
1000,600,1,gaussian,1.5,1.8669989318654328,74,SN13,1.914385570514703
1000,600,1,gaussian,1.5,1.8669989318654328,74,OptShrink,1.9182670624692486
1000,600,1,gaussian,1.5,1.8669989318654328,75,Algorithm 3,1.9087179939122174
1000,600,1,gaussian,1.5,1.8669989318654328,75,SN13,1.9081227415928275
1000,600,1,gaussian,1.5,1.8669989318654328,75,OptShrink,1.9124113855070461
1000,600,1,gaussian,1.5,1.8669989318654328,76,Algorithm 3,1.8813905422382267
1000,600,1,gaussian,1.5,1.8669989318654328,76,SN13,1.8697001913854994
1000,600,1,gaussian,1.5,1.8669989318654328,76,OptShrink,1.8735590744034734
1000,600,1,gaussian,1.5,1.8669989318654328,77,Algorithm 3,1.8067645385557816
1000,600,1,gaussian,1.5,1.8669989318654328,77,SN13,1.8407236605360713
1000,600,1,gaussian,1.5,1.8669989318654328,77,OptShrink,1.8447208702593254
1000,600,1,gaussian,1.5,1.8669989318654328,78,Algorithm 3,1.8621705034913516
1000,600,1,gaussian,1.5,1.8669989318654328,78,SN13,1.8919671522604244
1000,600,1,gaussian,1.5,1.8669989318654328,78,OptShrink,1.8963943956103733
1000,600,1,gaussian,1.5,1.8669989318654328,79,Algorithm 3,1.9629810165217314
1000,600,1,gaussian,1.5,1.8669989318654328,79,SN13,1.937739306307669
1000,600,1,gaussian,1.5,1.8669989318654328,79,OptShrink,1.9414742191960193
1000,600,1,gaussian,1.5,1.8669989318654328,80,Algorithm 3,1.8862267369101722
1000,600,1,gaussian,1.5,1.8669989318654328,80,SN13,1.873664229378566
1000,600,1,gaussian,1.5,1.8669989318654328,80,OptShrink,1.8777060855365273
1000,600,1,gaussian,1.5,1.8669989318654328,81,Algorithm 3,1.7976961756010845
1000,600,1,gaussian,1.5,1.8669989318654328,81,SN13,1.8518079529118834
1000,600,1,gaussian,1.5,1.8669989318654328,81,OptShrink,1.8553268497831523
1000,600,1,gaussian,1.5,1.8669989318654328,82,Algorithm 3,1.8916603982475906
1000,600,1,gaussian,1.5,1.8669989318654328,82,SN13,1.8786869038585703
1000,600,1,gaussian,1.5,1.8669989318654328,82,OptShrink,1.8825199253999483
1000,600,1,gaussian,1.5,1.8669989318654328,83,Algorithm 3,1.8777855598915172
1000,600,1,gaussian,1.5,1.8669989318654328,83,SN13,1.9128029994830946
1000,600,1,gaussian,1.5,1.8669989318654328,83,OptShrink,1.9164327610549377
1000,600,1,gaussian,1.5,1.8669989318654328,84,Algorithm 3,1.916325767286307
1000,600,1,gaussian,1.5,1.8669989318654328,84,SN13,1.9218106486942357
1000,600,1,gaussian,1.5,1.8669989318654328,84,OptShrink,1.9256664487006707
1000,600,1,gaussian,1.5,1.8669989318654328,85,Algorithm 3,1.7874314740183153
1000,600,1,gaussian,1.5,1.8669989318654328,85,SN13,1.7617549947726776
1000,600,1,gaussian,1.5,1.8669989318654328,85,OptShrink,1.7662916630052812
1000,600,1,gaussian,1.5,1.8669989318654328,86,Algorithm 3,1.782748950373919
1000,600,1,gaussian,1.5,1.8669989318654328,86,SN13,1.8223043152522989
1000,600,1,gaussian,1.5,1.8669989318654328,86,OptShrink,1.8262348871425194
1000,600,1,gaussian,1.5,1.8669989318654328,87,Algorithm 3,1.818543159663978
1000,600,1,gaussian,1.5,1.8669989318654328,87,SN13,1.8032310382272263
1000,600,1,gaussian,1.5,1.8669989318654328,87,OptShrink,1.8071589227631004
1000,600,1,gaussian,1.5,1.8669989318654328,88,Algorithm 3,1.838981630228636
1000,600,1,gaussian,1.5,1.8669989318654328,88,SN13,1.8477426471765368
1000,600,1,gaussian,1.5,1.8669989318654328,88,OptShrink,1.8516606264397104
1000,600,1,gaussian,1.5,1.8669989318654328,89,Algorithm 3,1.854545135148965
1000,600,1,gaussian,1.5,1.8669989318654328,89,SN13,1.8344140377708804
1000,600,1,gaussian,1.5,1.8669989318654328,89,OptShrink,1.8382160965840846
1000,600,1,gaussian,1.5,1.8669989318654328,90,Algorithm 3,1.875879049843102
1000,600,1,gaussian,1.5,1.8669989318654328,90,SN13,1.8528532456149334
1000,600,1,gaussian,1.5,1.8669989318654328,90,OptShrink,1.8569521806721394
1000,600,1,gaussian,1.5,1.8669989318654328,91,Algorithm 3,1.8584234073801327
1000,600,1,gaussian,1.5,1.8669989318654328,91,SN13,1.8598154112546128
1000,600,1,gaussian,1.5,1.8669989318654328,91,OptShrink,1.8641084652208388
1000,600,1,gaussian,1.5,1.8669989318654328,92,Algorithm 3,1.8864385148131702
1000,600,1,gaussian,1.5,1.8669989318654328,92,SN13,1.8849277150075125
1000,600,1,gaussian,1.5,1.8669989318654328,92,OptShrink,1.8891021445516682
1000,600,1,gaussian,1.5,1.8669989318654328,93,Algorithm 3,1.8145247605594992
1000,600,1,gaussian,1.5,1.8669989318654328,93,SN13,1.8379126496074127
1000,600,1,gaussian,1.5,1.8669989318654328,93,OptShrink,1.8415361063535434
1000,600,1,gaussian,1.5,1.8669989318654328,94,Algorithm 3,1.8001954678726992
1000,600,1,gaussian,1.5,1.8669989318654328,94,SN13,1.796999564235319
1000,600,1,gaussian,1.5,1.8669989318654328,94,OptShrink,1.8006550065098597
1000,600,1,gaussian,1.5,1.8669989318654328,95,Algorithm 3,1.8712597018374078
1000,600,1,gaussian,1.5,1.8669989318654328,95,SN13,1.8558313346664572
1000,600,1,gaussian,1.5,1.8669989318654328,95,OptShrink,1.8596924300464217
1000,600,1,gaussian,1.5,1.8669989318654328,96,Algorithm 3,1.8785605116623805
1000,600,1,gaussian,1.5,1.8669989318654328,96,SN13,1.8785650033597794
1000,600,1,gaussian,1.5,1.8669989318654328,96,OptShrink,1.8824757113531962
1000,600,1,gaussian,1.5,1.8669989318654328,97,Algorithm 3,1.8831619001480178
1000,600,1,gaussian,1.5,1.8669989318654328,97,SN13,1.8838032328019583
1000,600,1,gaussian,1.5,1.8669989318654328,97,OptShrink,1.8874496375511398
1000,600,1,gaussian,1.5,1.8669989318654328,98,Algorithm 3,1.8955618756332981
1000,600,1,gaussian,1.5,1.8669989318654328,98,SN13,1.8607239760841239
1000,600,1,gaussian,1.5,1.8669989318654328,98,OptShrink,1.8648929305069888
1000,600,1,gaussian,1.5,1.8669989318654328,99,Algorithm 3,1.9258170731023545
1000,600,1,gaussian,1.5,1.8669989318654328,99,SN13,1.9170984824530455
1000,600,1,gaussian,1.5,1.8669989318654328,99,OptShrink,1.920924442945661
1000,600,1,gaussian,1.5,1.8669989318654328,100,Algorithm 3,1.880907456174361
1000,600,1,gaussian,1.5,1.8669989318654328,100,SN13,1.8790195413665225
1000,600,1,gaussian,1.5,1.8669989318654328,100,OptShrink,1.8829068384025984
1000,600,1,gaussian,1.5,1.8669989318654328,101,Algorithm 3,1.8962465440293161
1000,600,1,gaussian,1.5,1.8669989318654328,101,SN13,1.8924620139878536
1000,600,1,gaussian,1.5,1.8669989318654328,101,OptShrink,1.8961049566169732
1000,600,1,gaussian,1.5,1.8669989318654328,102,Algorithm 3,1.7580452956906965
1000,600,1,gaussian,1.5,1.8669989318654328,102,SN13,1.7783118930258481
1000,600,1,gaussian,1.5,1.8669989318654328,102,OptShrink,1.7823279904843632
1000,600,1,gaussian,1.5,1.8669989318654328,103,Algorithm 3,1.8120019279965878
1000,600,1,gaussian,1.5,1.8669989318654328,103,SN13,1.8046998314671983
1000,600,1,gaussian,1.5,1.8669989318654328,103,OptShrink,1.8085888323208297
1000,600,1,gaussian,1.5,1.8669989318654328,104,Algorithm 3,1.8158478846735173
1000,600,1,gaussian,1.5,1.8669989318654328,104,SN13,1.8592815667788034
1000,600,1,gaussian,1.5,1.8669989318654328,104,OptShrink,1.8629270346181257
1000,600,1,gaussian,1.5,1.8669989318654328,105,Algorithm 3,1.8613745369202293
1000,600,1,gaussian,1.5,1.8669989318654328,105,SN13,1.8462885691397017
1000,600,1,gaussian,1.5,1.8669989318654328,105,OptShrink,1.8501918887219913
1000,600,1,gaussian,1.5,1.8669989318654328,106,Algorithm 3,1.8927067176228418
1000,600,1,gaussian,1.5,1.8669989318654328,106,SN13,1.8863635599970174
1000,600,1,gaussian,1.5,1.8669989318654328,106,OptShrink,1.8898892351831968
1000,600,1,gaussian,1.5,1.8669989318654328,107,Algorithm 3,1.9063906930763475
1000,600,1,gaussian,1.5,1.8669989318654328,107,SN13,1.8886961857904536
1000,600,1,gaussian,1.5,1.8669989318654328,107,OptShrink,1.8924140009165964
1000,600,1,gaussian,1.5,1.8669989318654328,108,Algorithm 3,1.850572677658566
1000,600,1,gaussian,1.5,1.8669989318654328,108,SN13,1.862303737722207
1000,600,1,gaussian,1.5,1.8669989318654328,108,OptShrink,1.8660986282618581
1000,600,1,gaussian,1.5,1.8669989318654328,109,Algorithm 3,1.8863107445928378
1000,600,1,gaussian,1.5,1.8669989318654328,109,SN13,1.8667733102439115
1000,600,1,gaussian,1.5,1.8669989318654328,109,OptShrink,1.870565426535531
1000,600,1,gaussian,1.5,1.8669989318654328,110,Algorithm 3,1.85265245597457
1000,600,1,gaussian,1.5,1.8669989318654328,110,SN13,1.8890660460227404
1000,600,1,gaussian,1.5,1.8669989318654328,110,OptShrink,1.892765928200866
1000,600,1,gaussian,1.5,1.8669989318654328,111,Algorithm 3,1.848425749059289
1000,600,1,gaussian,1.5,1.8669989318654328,111,SN13,1.8704015233735
1000,600,1,gaussian,1.5,1.8669989318654328,111,OptShrink,1.8741533730983928
1000,600,1,gaussian,1.5,1.8669989318654328,112,Algorithm 3,1.869855504869924
1000,600,1,gaussian,1.5,1.8669989318654328,112,SN13,1.877285380355096
1000,600,1,gaussian,1.5,1.8669989318654328,112,OptShrink,1.8810348879958214
1000,600,1,gaussian,1.5,1.8669989318654328,113,Algorithm 3,1.8424958779081384
1000,600,1,gaussian,1.5,1.8669989318654328,113,SN13,1.86021535243388
1000,600,1,gaussian,1.5,1.8669989318654328,113,OptShrink,1.8639890445895217
1000,600,1,gaussian,1.5,1.8669989318654328,114,Algorithm 3,1.901678160788962
1000,600,1,gaussian,1.5,1.8669989318654328,114,SN13,1.8798098222722357
1000,600,1,gaussian,1.5,1.8669989318654328,114,OptShrink,1.8837383719187244
1000,600,1,gaussian,1.5,1.8669989318654328,115,Algorithm 3,1.8479463597605577
1000,600,1,gaussian,1.5,1.8669989318654328,115,SN13,1.8312931915470556
1000,600,1,gaussian,1.5,1.8669989318654328,115,OptShrink,1.8352713933095535
1000,600,1,gaussian,1.5,1.8669989318654328,116,Algorithm 3,1.9275995674691058
1000,600,1,gaussian,1.5,1.8669989318654328,116,SN13,1.9347290267390358
1000,600,1,gaussian,1.5,1.8669989318654328,116,OptShrink,1.9388124248781289
1000,600,1,gaussian,1.5,1.8669989318654328,117,Algorithm 3,1.8487823424711503
1000,600,1,gaussian,1.5,1.8669989318654328,117,SN13,1.8591629952137985
1000,600,1,gaussian,1.5,1.8669989318654328,117,OptShrink,1.8629294187020071
1000,600,1,gaussian,1.5,1.8669989318654328,118,Algorithm 3,1.838752389780992
1000,600,1,gaussian,1.5,1.8669989318654328,118,SN13,1.8578107829301054
1000,600,1,gaussian,1.5,1.8669989318654328,118,OptShrink,1.8612436976656102
1000,600,1,gaussian,1.5,1.8669989318654328,119,Algorithm 3,1.7931176108659426
1000,600,1,gaussian,1.5,1.8669989318654328,119,SN13,1.8113284740358522
1000,600,1,gaussian,1.5,1.8669989318654328,119,OptShrink,1.814845608354416
1000,600,1,gaussian,1.5,1.8669989318654328,120,Algorithm 3,1.8653388548894438
1000,600,1,gaussian,1.5,1.8669989318654328,120,SN13,1.8634255858259912
1000,600,1,gaussian,1.5,1.8669989318654328,120,OptShrink,1.867546898691372
1000,600,1,gaussian,1.5,1.8669989318654328,121,Algorithm 3,1.8999419255783672
1000,600,1,gaussian,1.5,1.8669989318654328,121,SN13,1.8464398387673466
1000,600,1,gaussian,1.5,1.8669989318654328,121,OptShrink,1.8501663398410169
1000,600,1,gaussian,1.5,1.8669989318654328,122,Algorithm 3,1.8458024373533581
1000,600,1,gaussian,1.5,1.8669989318654328,122,SN13,1.847545114350636
1000,600,1,gaussian,1.5,1.8669989318654328,122,OptShrink,1.8512772954780017
1000,600,1,gaussian,1.5,1.8669989318654328,123,Algorithm 3,1.9151518116566326
1000,600,1,gaussian,1.5,1.8669989318654328,123,SN13,1.9074666713616921
1000,600,1,gaussian,1.5,1.8669989318654328,123,OptShrink,1.9113979975154267
1000,600,1,gaussian,1.5,1.8669989318654328,124,Algorithm 3,1.894853532135385
1000,600,1,gaussian,1.5,1.8669989318654328,124,SN13,1.8478950296565881
1000,600,1,gaussian,1.5,1.8669989318654328,124,OptShrink,1.851656566762545
1000,600,1,gaussian,1.5,1.8669989318654328,125,Algorithm 3,1.845284253613273
1000,600,1,gaussian,1.5,1.8669989318654328,125,SN13,1.858493751474713
1000,600,1,gaussian,1.5,1.8669989318654328,125,OptShrink,1.8622349922040156
1000,600,1,gaussian,1.5,1.8669989318654328,126,Algorithm 3,1.8752325724140144
1000,600,1,gaussian,1.5,1.8669989318654328,126,SN13,1.881988271752128
1000,600,1,gaussian,1.5,1.8669989318654328,126,OptShrink,1.8858586897892469
1000,600,1,gaussian,1.5,1.8669989318654328,127,Algorithm 3,1.9069028186215415
1000,600,1,gaussian,1.5,1.8669989318654328,127,SN13,1.8917617494167822
1000,600,1,gaussian,1.5,1.8669989318654328,127,OptShrink,1.895793458136849
1000,600,1,gaussian,1.5,1.8669989318654328,128,Algorithm 3,1.8690966634604298
1000,600,1,gaussian,1.5,1.8669989318654328,128,SN13,1.8250374118210315
1000,600,1,gaussian,1.5,1.8669989318654328,128,OptShrink,1.8291272365770272
1000,600,1,gaussian,1.5,1.8669989318654328,129,Algorithm 3,1.8895835631494537
1000,600,1,gaussian,1.5,1.8669989318654328,129,SN13,1.8872368057549038
1000,600,1,gaussian,1.5,1.8669989318654328,129,OptShrink,1.891366627050069
1000,600,1,gaussian,1.5,1.8669989318654328,130,Algorithm 3,1.8416672445678106
1000,600,1,gaussian,1.5,1.8669989318654328,130,SN13,1.867698342120339
1000,600,1,gaussian,1.5,1.8669989318654328,130,OptShrink,1.8714817156072354
1000,600,1,gaussian,1.5,1.8669989318654328,131,Algorithm 3,1.8367412283947573
1000,600,1,gaussian,1.5,1.8669989318654328,131,SN13,1.8663660678482952
1000,600,1,gaussian,1.5,1.8669989318654328,131,OptShrink,1.8702442823052943
1000,600,1,gaussian,1.5,1.8669989318654328,132,Algorithm 3,1.8888419732073003
1000,600,1,gaussian,1.5,1.8669989318654328,132,SN13,1.9107864101359622
1000,600,1,gaussian,1.5,1.8669989318654328,132,OptShrink,1.9144809011140214
1000,600,1,gaussian,1.5,1.8669989318654328,133,Algorithm 3,1.8030478170440944
1000,600,1,gaussian,1.5,1.8669989318654328,133,SN13,1.8370296575411293
1000,600,1,gaussian,1.5,1.8669989318654328,133,OptShrink,1.8414440128207015
1000,600,1,gaussian,1.5,1.8669989318654328,134,Algorithm 3,1.883385329435663
1000,600,1,gaussian,1.5,1.8669989318654328,134,SN13,1.85408689445031
1000,600,1,gaussian,1.5,1.8669989318654328,134,OptShrink,1.8577775050603518
1000,600,1,gaussian,1.5,1.8669989318654328,135,Algorithm 3,1.8999603493181427
1000,600,1,gaussian,1.5,1.8669989318654328,135,SN13,1.883803230640711
1000,600,1,gaussian,1.5,1.8669989318654328,135,OptShrink,1.887860316869326
1000,600,1,gaussian,1.5,1.8669989318654328,136,Algorithm 3,1.9119406351518156
1000,600,1,gaussian,1.5,1.8669989318654328,136,SN13,1.8935927630800096
1000,600,1,gaussian,1.5,1.8669989318654328,136,OptShrink,1.8975008481014914
1000,600,1,gaussian,1.5,1.8669989318654328,137,Algorithm 3,1.9025872013753067
1000,600,1,gaussian,1.5,1.8669989318654328,137,SN13,1.914470504206479
1000,600,1,gaussian,1.5,1.8669989318654328,137,OptShrink,1.918024444012543
1000,600,1,gaussian,1.5,1.8669989318654328,138,Algorithm 3,1.8974736271871158
1000,600,1,gaussian,1.5,1.8669989318654328,138,SN13,1.892400213242937
1000,600,1,gaussian,1.5,1.8669989318654328,138,OptShrink,1.8963336439801723
1000,600,1,gaussian,1.5,1.8669989318654328,139,Algorithm 3,1.8248765710748738
1000,600,1,gaussian,1.5,1.8669989318654328,139,SN13,1.8427052916963913
1000,600,1,gaussian,1.5,1.8669989318654328,139,OptShrink,1.8470260836666057
1000,600,1,gaussian,1.5,1.8669989318654328,140,Algorithm 3,1.847297963757795
1000,600,1,gaussian,1.5,1.8669989318654328,140,SN13,1.8569947892932008
1000,600,1,gaussian,1.5,1.8669989318654328,140,OptShrink,1.8605642986476016
1000,600,1,gaussian,1.5,1.8669989318654328,141,Algorithm 3,1.840101481921394
1000,600,1,gaussian,1.5,1.8669989318654328,141,SN13,1.8466927983828771
1000,600,1,gaussian,1.5,1.8669989318654328,141,OptShrink,1.8503659037327163
1000,600,1,gaussian,1.5,1.8669989318654328,142,Algorithm 3,1.883281679708041
1000,600,1,gaussian,1.5,1.8669989318654328,142,SN13,1.9204109286830238
1000,600,1,gaussian,1.5,1.8669989318654328,142,OptShrink,1.9241151291672438
1000,600,1,gaussian,1.5,1.8669989318654328,143,Algorithm 3,1.8983701759054887
1000,600,1,gaussian,1.5,1.8669989318654328,143,SN13,1.893066421340942
1000,600,1,gaussian,1.5,1.8669989318654328,143,OptShrink,1.8972543877809946
1000,600,1,gaussian,1.5,1.8669989318654328,144,Algorithm 3,1.8172688022005
1000,600,1,gaussian,1.5,1.8669989318654328,144,SN13,1.8312687773281973
1000,600,1,gaussian,1.5,1.8669989318654328,144,OptShrink,1.835167092566423
1000,600,1,gaussian,1.5,1.8669989318654328,145,Algorithm 3,1.8817975188020406
1000,600,1,gaussian,1.5,1.8669989318654328,145,SN13,1.8671726808237754
1000,600,1,gaussian,1.5,1.8669989318654328,145,OptShrink,1.871045319956745
1000,600,1,gaussian,1.5,1.8669989318654328,146,Algorithm 3,1.8363093903230079
1000,600,1,gaussian,1.5,1.8669989318654328,146,SN13,1.7864449289672306
1000,600,1,gaussian,1.5,1.8669989318654328,146,OptShrink,1.7906801356011859
1000,600,1,gaussian,1.5,1.8669989318654328,147,Algorithm 3,1.8374094608861922
1000,600,1,gaussian,1.5,1.8669989318654328,147,SN13,1.8643979627234528
1000,600,1,gaussian,1.5,1.8669989318654328,147,OptShrink,1.8681844628922422
1000,600,1,gaussian,1.5,1.8669989318654328,148,Algorithm 3,1.9198270356451586
1000,600,1,gaussian,1.5,1.8669989318654328,148,SN13,1.9067669246920003
1000,600,1,gaussian,1.5,1.8669989318654328,148,OptShrink,1.9106925244296529
1000,600,1,gaussian,1.5,1.8669989318654328,149,Algorithm 3,1.879349223321505
1000,600,1,gaussian,1.5,1.8669989318654328,149,SN13,1.8926114165258505
1000,600,1,gaussian,1.5,1.8669989318654328,149,OptShrink,1.8966678049592027
1000,600,1,gaussian,1.5,1.8669989318654328,150,Algorithm 3,1.8537406377572858
1000,600,1,gaussian,1.5,1.8669989318654328,150,SN13,1.8786959245180772
1000,600,1,gaussian,1.5,1.8669989318654328,150,OptShrink,1.8823702257751913
1000,600,1,gaussian,1.5,1.8669989318654328,151,Algorithm 3,1.7754077425281165
1000,600,1,gaussian,1.5,1.8669989318654328,151,SN13,1.8268985404395792
1000,600,1,gaussian,1.5,1.8669989318654328,151,OptShrink,1.8303977981647606
1000,600,1,gaussian,1.5,1.8669989318654328,152,Algorithm 3,1.8350008280987107
1000,600,1,gaussian,1.5,1.8669989318654328,152,SN13,1.8364976409043365
1000,600,1,gaussian,1.5,1.8669989318654328,152,OptShrink,1.840817629433203
1000,600,1,gaussian,1.5,1.8669989318654328,153,Algorithm 3,1.8673232686200003
1000,600,1,gaussian,1.5,1.8669989318654328,153,SN13,1.8389016846597355
1000,600,1,gaussian,1.5,1.8669989318654328,153,OptShrink,1.8429094345910972
1000,600,1,gaussian,1.5,1.8669989318654328,154,Algorithm 3,1.8481440294944083
1000,600,1,gaussian,1.5,1.8669989318654328,154,SN13,1.8758765861634747
1000,600,1,gaussian,1.5,1.8669989318654328,154,OptShrink,1.8796877215909087
1000,600,1,gaussian,1.5,1.8669989318654328,155,Algorithm 3,1.864603306394396
1000,600,1,gaussian,1.5,1.8669989318654328,155,SN13,1.8694615615854304
1000,600,1,gaussian,1.5,1.8669989318654328,155,OptShrink,1.872931314413177
1000,600,1,gaussian,1.5,1.8669989318654328,156,Algorithm 3,1.8322998706552276
1000,600,1,gaussian,1.5,1.8669989318654328,156,SN13,1.8197065775188208
1000,600,1,gaussian,1.5,1.8669989318654328,156,OptShrink,1.8231532191776403
1000,600,1,gaussian,1.5,1.8669989318654328,157,Algorithm 3,1.871578093910229
1000,600,1,gaussian,1.5,1.8669989318654328,157,SN13,1.8540142609168753
1000,600,1,gaussian,1.5,1.8669989318654328,157,OptShrink,1.858067472367595
1000,600,1,gaussian,1.5,1.8669989318654328,158,Algorithm 3,1.8818146850596542
1000,600,1,gaussian,1.5,1.8669989318654328,158,SN13,1.8631263627064418
1000,600,1,gaussian,1.5,1.8669989318654328,158,OptShrink,1.8669945925395701
1000,600,1,gaussian,1.5,1.8669989318654328,159,Algorithm 3,1.8960942905622755
1000,600,1,gaussian,1.5,1.8669989318654328,159,SN13,1.903613570259581
1000,600,1,gaussian,1.5,1.8669989318654328,159,OptShrink,1.9074831408960975
1000,600,1,gaussian,1.5,1.8669989318654328,160,Algorithm 3,1.882749037172198
1000,600,1,gaussian,1.5,1.8669989318654328,160,SN13,1.8953622681243851
1000,600,1,gaussian,1.5,1.8669989318654328,160,OptShrink,1.898963215424838
1000,600,1,gaussian,1.5,1.8669989318654328,161,Algorithm 3,1.843603932186916
1000,600,1,gaussian,1.5,1.8669989318654328,161,SN13,1.8442329057593223
1000,600,1,gaussian,1.5,1.8669989318654328,161,OptShrink,1.8477559947493913
1000,600,1,gaussian,1.5,1.8669989318654328,162,Algorithm 3,1.863095558169746
1000,600,1,gaussian,1.5,1.8669989318654328,162,SN13,1.868539824254552
1000,600,1,gaussian,1.5,1.8669989318654328,162,OptShrink,1.8724604211404567
1000,600,1,gaussian,1.5,1.8669989318654328,163,Algorithm 3,1.801138910557684
1000,600,1,gaussian,1.5,1.8669989318654328,163,SN13,1.8446452468759775
1000,600,1,gaussian,1.5,1.8669989318654328,163,OptShrink,1.8485824292705837
1000,600,1,gaussian,1.5,1.8669989318654328,164,Algorithm 3,1.8725872133669825
1000,600,1,gaussian,1.5,1.8669989318654328,164,SN13,1.8658546986038564
1000,600,1,gaussian,1.5,1.8669989318654328,164,OptShrink,1.8698169960990771
1000,600,1,gaussian,1.5,1.8669989318654328,165,Algorithm 3,1.8548611397688246
1000,600,1,gaussian,1.5,1.8669989318654328,165,SN13,1.8557251994855197
1000,600,1,gaussian,1.5,1.8669989318654328,165,OptShrink,1.8589733789540939
1000,600,1,gaussian,1.5,1.8669989318654328,166,Algorithm 3,1.8716574114944804
1000,600,1,gaussian,1.5,1.8669989318654328,166,SN13,1.87487441148638
1000,600,1,gaussian,1.5,1.8669989318654328,166,OptShrink,1.878688322135168
1000,600,1,gaussian,1.5,1.8669989318654328,167,Algorithm 3,1.879945215861975
1000,600,1,gaussian,1.5,1.8669989318654328,167,SN13,1.8670969051651092
1000,600,1,gaussian,1.5,1.8669989318654328,167,OptShrink,1.8709934160578467
1000,600,1,gaussian,1.5,1.8669989318654328,168,Algorithm 3,1.7809461790730188
1000,600,1,gaussian,1.5,1.8669989318654328,168,SN13,1.7962993216713476
1000,600,1,gaussian,1.5,1.8669989318654328,168,OptShrink,1.799942167331488
1000,600,1,gaussian,1.5,1.8669989318654328,169,Algorithm 3,1.8010761876596841
1000,600,1,gaussian,1.5,1.8669989318654328,169,SN13,1.810297384504366
1000,600,1,gaussian,1.5,1.8669989318654328,169,OptShrink,1.8137889267741698
1000,600,1,gaussian,1.5,1.8669989318654328,170,Algorithm 3,1.922461778770283
1000,600,1,gaussian,1.5,1.8669989318654328,170,SN13,1.9184941386915484
1000,600,1,gaussian,1.5,1.8669989318654328,170,OptShrink,1.9223522156022042
1000,600,1,gaussian,1.5,1.8669989318654328,171,Algorithm 3,1.8866647098603118
1000,600,1,gaussian,1.5,1.8669989318654328,171,SN13,1.849096020633259
1000,600,1,gaussian,1.5,1.8669989318654328,171,OptShrink,1.8531549331540793
1000,600,1,gaussian,1.5,1.8669989318654328,172,Algorithm 3,1.8023436919094813
1000,600,1,gaussian,1.5,1.8669989318654328,172,SN13,1.8093209895468552
1000,600,1,gaussian,1.5,1.8669989318654328,172,OptShrink,1.81323416553515
1000,600,1,gaussian,1.5,1.8669989318654328,173,Algorithm 3,1.9264222828330417
1000,600,1,gaussian,1.5,1.8669989318654328,173,SN13,1.8822343652649025
1000,600,1,gaussian,1.5,1.8669989318654328,173,OptShrink,1.8857730798187127
1000,600,1,gaussian,1.5,1.8669989318654328,174,Algorithm 3,1.898041126949934
1000,600,1,gaussian,1.5,1.8669989318654328,174,SN13,1.8950277719800022
1000,600,1,gaussian,1.5,1.8669989318654328,174,OptShrink,1.898631560729102
1000,600,1,gaussian,1.5,1.8669989318654328,175,Algorithm 3,1.9153720755283101
1000,600,1,gaussian,1.5,1.8669989318654328,175,SN13,1.8897765833955245
1000,600,1,gaussian,1.5,1.8669989318654328,175,OptShrink,1.8931354752351075
1000,600,1,gaussian,1.5,1.8669989318654328,176,Algorithm 3,1.8597672911136842
1000,600,1,gaussian,1.5,1.8669989318654328,176,SN13,1.8977516704527764
1000,600,1,gaussian,1.5,1.8669989318654328,176,OptShrink,1.9015413374755448
1000,600,1,gaussian,1.5,1.8669989318654328,177,Algorithm 3,1.8470785425233842
1000,600,1,gaussian,1.5,1.8669989318654328,177,SN13,1.844958841578638
1000,600,1,gaussian,1.5,1.8669989318654328,177,OptShrink,1.8489157565345036
1000,600,1,gaussian,1.5,1.8669989318654328,178,Algorithm 3,1.8796936735374192
1000,600,1,gaussian,1.5,1.8669989318654328,178,SN13,1.8585410367232278
1000,600,1,gaussian,1.5,1.8669989318654328,178,OptShrink,1.8622102387172257
1000,600,1,gaussian,1.5,1.8669989318654328,179,Algorithm 3,1.8851649760624511
1000,600,1,gaussian,1.5,1.8669989318654328,179,SN13,1.8630853054243788
1000,600,1,gaussian,1.5,1.8669989318654328,179,OptShrink,1.8668552397863003
1000,600,1,gaussian,1.5,1.8669989318654328,180,Algorithm 3,1.7952160215342166
1000,600,1,gaussian,1.5,1.8669989318654328,180,SN13,1.804140398781766
1000,600,1,gaussian,1.5,1.8669989318654328,180,OptShrink,1.8074054134290738
1000,600,1,gaussian,1.5,1.8669989318654328,181,Algorithm 3,1.8297565020594275
1000,600,1,gaussian,1.5,1.8669989318654328,181,SN13,1.8107998329422375
1000,600,1,gaussian,1.5,1.8669989318654328,181,OptShrink,1.8145658832394238
1000,600,1,gaussian,1.5,1.8669989318654328,182,Algorithm 3,1.8232574892324187
1000,600,1,gaussian,1.5,1.8669989318654328,182,SN13,1.8153741890957327
1000,600,1,gaussian,1.5,1.8669989318654328,182,OptShrink,1.8196342021476801
1000,600,1,gaussian,1.5,1.8669989318654328,183,Algorithm 3,1.8993057693939313
1000,600,1,gaussian,1.5,1.8669989318654328,183,SN13,1.9004303380574101
1000,600,1,gaussian,1.5,1.8669989318654328,183,OptShrink,1.904397851573294
1000,600,1,gaussian,1.5,1.8669989318654328,184,Algorithm 3,1.8054724426531703
1000,600,1,gaussian,1.5,1.8669989318654328,184,SN13,1.7730412704894483
1000,600,1,gaussian,1.5,1.8669989318654328,184,OptShrink,1.7773900509835756
1000,600,1,gaussian,1.5,1.8669989318654328,185,Algorithm 3,1.8491100174522963
1000,600,1,gaussian,1.5,1.8669989318654328,185,SN13,1.820927241748267
1000,600,1,gaussian,1.5,1.8669989318654328,185,OptShrink,1.8247634778716915
1000,600,1,gaussian,1.5,1.8669989318654328,186,Algorithm 3,1.8728201983226163
1000,600,1,gaussian,1.5,1.8669989318654328,186,SN13,1.8844493142213625
1000,600,1,gaussian,1.5,1.8669989318654328,186,OptShrink,1.8886192819305614
1000,600,1,gaussian,1.5,1.8669989318654328,187,Algorithm 3,1.9264383749780734
1000,600,1,gaussian,1.5,1.8669989318654328,187,SN13,1.8973047795286304
1000,600,1,gaussian,1.5,1.8669989318654328,187,OptShrink,1.9012269792893128
1000,600,1,gaussian,1.5,1.8669989318654328,188,Algorithm 3,1.9156912539073505
1000,600,1,gaussian,1.5,1.8669989318654328,188,SN13,1.8714251713814152
1000,600,1,gaussian,1.5,1.8669989318654328,188,OptShrink,1.8751992071114931
1000,600,1,gaussian,1.5,1.8669989318654328,189,Algorithm 3,1.8040552438725737
1000,600,1,gaussian,1.5,1.8669989318654328,189,SN13,1.7824489573114606
1000,600,1,gaussian,1.5,1.8669989318654328,189,OptShrink,1.7866302443368567
1000,600,1,gaussian,1.5,1.8669989318654328,190,Algorithm 3,1.8669162581733465
1000,600,1,gaussian,1.5,1.8669989318654328,190,SN13,1.8536586720012347
1000,600,1,gaussian,1.5,1.8669989318654328,190,OptShrink,1.857265422768234
1000,600,1,gaussian,1.5,1.8669989318654328,191,Algorithm 3,1.8663932485260324
1000,600,1,gaussian,1.5,1.8669989318654328,191,SN13,1.8232675313271292
1000,600,1,gaussian,1.5,1.8669989318654328,191,OptShrink,1.8272372629899114
1000,600,1,gaussian,1.5,1.8669989318654328,192,Algorithm 3,1.85709607239745
1000,600,1,gaussian,1.5,1.8669989318654328,192,SN13,1.8465814339980915
1000,600,1,gaussian,1.5,1.8669989318654328,192,OptShrink,1.8508729408128115
1000,600,1,gaussian,1.5,1.8669989318654328,193,Algorithm 3,1.8861271362928713
1000,600,1,gaussian,1.5,1.8669989318654328,193,SN13,1.891296379278533
1000,600,1,gaussian,1.5,1.8669989318654328,193,OptShrink,1.8949747349094148
1000,600,1,gaussian,1.5,1.8669989318654328,194,Algorithm 3,1.83063226327184
1000,600,1,gaussian,1.5,1.8669989318654328,194,SN13,1.838737623630871
1000,600,1,gaussian,1.5,1.8669989318654328,194,OptShrink,1.8429838428896106
1000,600,1,gaussian,1.5,1.8669989318654328,195,Algorithm 3,1.878258647541135
1000,600,1,gaussian,1.5,1.8669989318654328,195,SN13,1.8954078906181628
1000,600,1,gaussian,1.5,1.8669989318654328,195,OptShrink,1.8992475905277202
1000,600,1,gaussian,1.5,1.8669989318654328,196,Algorithm 3,1.9424811915384623
1000,600,1,gaussian,1.5,1.8669989318654328,196,SN13,1.9290921261618437
1000,600,1,gaussian,1.5,1.8669989318654328,196,OptShrink,1.9334972610308603
1000,600,1,gaussian,1.5,1.8669989318654328,197,Algorithm 3,1.8038479055201786
1000,600,1,gaussian,1.5,1.8669989318654328,197,SN13,1.817624909626303
1000,600,1,gaussian,1.5,1.8669989318654328,197,OptShrink,1.821832343450378
1000,600,1,gaussian,1.5,1.8669989318654328,198,Algorithm 3,1.8786254005783842
1000,600,1,gaussian,1.5,1.8669989318654328,198,SN13,1.9167708985134713
1000,600,1,gaussian,1.5,1.8669989318654328,198,OptShrink,1.9203586922039622
1000,600,1,gaussian,1.5,1.8669989318654328,199,Algorithm 3,1.8734566382432039
1000,600,1,gaussian,1.5,1.8669989318654328,199,SN13,1.875735999635843
1000,600,1,gaussian,1.5,1.8669989318654328,199,OptShrink,1.8796539530986967
1000,600,1,gaussian,1.5,1.8669989318654328,200,Algorithm 3,1.834707008876689
1000,600,1,gaussian,1.5,1.8669989318654328,200,SN13,1.8621884343794284
1000,600,1,gaussian,1.5,1.8669989318654328,200,OptShrink,1.8658581943040524
1000,600,1,gaussian,1.5,1.8669989318654328,201,Algorithm 3,1.8062177794841048
1000,600,1,gaussian,1.5,1.8669989318654328,201,SN13,1.780233350750311
1000,600,1,gaussian,1.5,1.8669989318654328,201,OptShrink,1.7841659320340126
1000,600,1,gaussian,1.5,1.8669989318654328,202,Algorithm 3,1.839983087279891
1000,600,1,gaussian,1.5,1.8669989318654328,202,SN13,1.8392360303518975
1000,600,1,gaussian,1.5,1.8669989318654328,202,OptShrink,1.8432905622831326
1000,600,1,gaussian,1.5,1.8669989318654328,203,Algorithm 3,1.894622211397316
1000,600,1,gaussian,1.5,1.8669989318654328,203,SN13,1.888345596607569
1000,600,1,gaussian,1.5,1.8669989318654328,203,OptShrink,1.8919667047780366
1000,600,1,gaussian,1.5,1.8669989318654328,204,Algorithm 3,1.8532731158834652
1000,600,1,gaussian,1.5,1.8669989318654328,204,SN13,1.847142892219786
1000,600,1,gaussian,1.5,1.8669989318654328,204,OptShrink,1.8511612004066327
1000,600,1,gaussian,1.5,1.8669989318654328,205,Algorithm 3,1.833425196705688
1000,600,1,gaussian,1.5,1.8669989318654328,205,SN13,1.855261128130509
1000,600,1,gaussian,1.5,1.8669989318654328,205,OptShrink,1.859339700543591
1000,600,1,gaussian,1.5,1.8669989318654328,206,Algorithm 3,1.7764137656147965
1000,600,1,gaussian,1.5,1.8669989318654328,206,SN13,1.8258661452885627
1000,600,1,gaussian,1.5,1.8669989318654328,206,OptShrink,1.8303065006285215
1000,600,1,gaussian,1.5,1.8669989318654328,207,Algorithm 3,1.8077966100718093
1000,600,1,gaussian,1.5,1.8669989318654328,207,SN13,1.7734411662624354
1000,600,1,gaussian,1.5,1.8669989318654328,207,OptShrink,1.777628629193613
1000,600,1,gaussian,1.5,1.8669989318654328,208,Algorithm 3,1.9108779546158674
1000,600,1,gaussian,1.5,1.8669989318654328,208,SN13,1.8778467819811047
1000,600,1,gaussian,1.5,1.8669989318654328,208,OptShrink,1.8817779721335242
1000,600,1,gaussian,1.5,1.8669989318654328,209,Algorithm 3,1.89810254598067
1000,600,1,gaussian,1.5,1.8669989318654328,209,SN13,1.897542872191878
1000,600,1,gaussian,1.5,1.8669989318654328,209,OptShrink,1.9015066617861491
1000,600,1,gaussian,1.5,1.8669989318654328,210,Algorithm 3,1.7711246732120471
1000,600,1,gaussian,1.5,1.8669989318654328,210,SN13,1.8086478571408269
1000,600,1,gaussian,1.5,1.8669989318654328,210,OptShrink,1.8133477700037341
1000,600,1,gaussian,1.5,1.8669989318654328,211,Algorithm 3,1.8514088937433217
1000,600,1,gaussian,1.5,1.8669989318654328,211,SN13,1.8575629299362595
1000,600,1,gaussian,1.5,1.8669989318654328,211,OptShrink,1.8613241919481909
1000,600,1,gaussian,1.5,1.8669989318654328,212,Algorithm 3,1.893224006270061
1000,600,1,gaussian,1.5,1.8669989318654328,212,SN13,1.8697524749622048
1000,600,1,gaussian,1.5,1.8669989318654328,212,OptShrink,1.8739379040190491
1000,600,1,gaussian,1.5,1.8669989318654328,213,Algorithm 3,1.809939105309313
1000,600,1,gaussian,1.5,1.8669989318654328,213,SN13,1.8267330782050073
1000,600,1,gaussian,1.5,1.8669989318654328,213,OptShrink,1.8309378531662641
1000,600,1,gaussian,1.5,1.8669989318654328,214,Algorithm 3,1.8400337413429069
1000,600,1,gaussian,1.5,1.8669989318654328,214,SN13,1.7966967833047542
1000,600,1,gaussian,1.5,1.8669989318654328,214,OptShrink,1.8009148258949854
1000,600,1,gaussian,1.5,1.8669989318654328,215,Algorithm 3,1.8509423178275621
1000,600,1,gaussian,1.5,1.8669989318654328,215,SN13,1.8446361309239534
1000,600,1,gaussian,1.5,1.8669989318654328,215,OptShrink,1.8481387352884706
1000,600,1,gaussian,1.5,1.8669989318654328,216,Algorithm 3,1.8570163727686304
1000,600,1,gaussian,1.5,1.8669989318654328,216,SN13,1.8725536771871614
1000,600,1,gaussian,1.5,1.8669989318654328,216,OptShrink,1.876686964203719
1000,600,1,gaussian,1.5,1.8669989318654328,217,Algorithm 3,1.8318807257159704
1000,600,1,gaussian,1.5,1.8669989318654328,217,SN13,1.8422055739814562
1000,600,1,gaussian,1.5,1.8669989318654328,217,OptShrink,1.8464046503873899
1000,600,1,gaussian,1.5,1.8669989318654328,218,Algorithm 3,1.921667665730714
1000,600,1,gaussian,1.5,1.8669989318654328,218,SN13,1.9299102347441064
1000,600,1,gaussian,1.5,1.8669989318654328,218,OptShrink,1.9336710758865134
1000,600,1,gaussian,1.5,1.8669989318654328,219,Algorithm 3,1.8348607722723629
1000,600,1,gaussian,1.5,1.8669989318654328,219,SN13,1.8813118006206027
1000,600,1,gaussian,1.5,1.8669989318654328,219,OptShrink,1.8851749158292879
1000,600,1,gaussian,1.5,1.8669989318654328,220,Algorithm 3,1.8801146097950325
1000,600,1,gaussian,1.5,1.8669989318654328,220,SN13,1.8961400254915346
1000,600,1,gaussian,1.5,1.8669989318654328,220,OptShrink,1.9000074352628153
1000,600,1,gaussian,1.5,1.8669989318654328,221,Algorithm 3,1.8011563562150155
1000,600,1,gaussian,1.5,1.8669989318654328,221,SN13,1.7820625352689654
1000,600,1,gaussian,1.5,1.8669989318654328,221,OptShrink,1.7859252595349184
1000,600,1,gaussian,1.5,1.8669989318654328,222,Algorithm 3,1.812393398990719
1000,600,1,gaussian,1.5,1.8669989318654328,222,SN13,1.824208924359009
1000,600,1,gaussian,1.5,1.8669989318654328,222,OptShrink,1.8280157281388705
1000,600,1,gaussian,1.5,1.8669989318654328,223,Algorithm 3,1.919339889051755
1000,600,1,gaussian,1.5,1.8669989318654328,223,SN13,1.9221400207502881
1000,600,1,gaussian,1.5,1.8669989318654328,223,OptShrink,1.9256441604667196
1000,600,1,gaussian,1.5,1.8669989318654328,224,Algorithm 3,1.8938278742401065
1000,600,1,gaussian,1.5,1.8669989318654328,224,SN13,1.8769485055056565
1000,600,1,gaussian,1.5,1.8669989318654328,224,OptShrink,1.880482197091518
1000,600,1,gaussian,1.5,1.8669989318654328,225,Algorithm 3,1.8052628869941922
1000,600,1,gaussian,1.5,1.8669989318654328,225,SN13,1.8287459305810663
1000,600,1,gaussian,1.5,1.8669989318654328,225,OptShrink,1.8328867473099317
1000,600,1,gaussian,1.5,1.8669989318654328,226,Algorithm 3,1.8685271089756714
1000,600,1,gaussian,1.5,1.8669989318654328,226,SN13,1.8520345069887107
1000,600,1,gaussian,1.5,1.8669989318654328,226,OptShrink,1.855677258644553
1000,600,1,gaussian,1.5,1.8669989318654328,227,Algorithm 3,1.8510166465632965
1000,600,1,gaussian,1.5,1.8669989318654328,227,SN13,1.8873033847639356
1000,600,1,gaussian,1.5,1.8669989318654328,227,OptShrink,1.8909074850650542
1000,600,1,gaussian,1.5,1.8669989318654328,228,Algorithm 3,1.9420935096379668
1000,600,1,gaussian,1.5,1.8669989318654328,228,SN13,1.9002571789840366
1000,600,1,gaussian,1.5,1.8669989318654328,228,OptShrink,1.904332640025245
1000,600,1,gaussian,1.5,1.8669989318654328,229,Algorithm 3,1.858528566924556
1000,600,1,gaussian,1.5,1.8669989318654328,229,SN13,1.8717415187203292
1000,600,1,gaussian,1.5,1.8669989318654328,229,OptShrink,1.8757216281439635
1000,600,1,gaussian,1.5,1.8669989318654328,230,Algorithm 3,1.8560680977643575
1000,600,1,gaussian,1.5,1.8669989318654328,230,SN13,1.863801160463979
1000,600,1,gaussian,1.5,1.8669989318654328,230,OptShrink,1.8674168805389106
1000,600,1,gaussian,1.5,1.8669989318654328,231,Algorithm 3,1.8912935252080998
1000,600,1,gaussian,1.5,1.8669989318654328,231,SN13,1.8878674303538092
1000,600,1,gaussian,1.5,1.8669989318654328,231,OptShrink,1.8920406417028754
1000,600,1,gaussian,1.5,1.8669989318654328,232,Algorithm 3,1.883134564985758
1000,600,1,gaussian,1.5,1.8669989318654328,232,SN13,1.8906469135605162
1000,600,1,gaussian,1.5,1.8669989318654328,232,OptShrink,1.8944921432157287
1000,600,1,gaussian,1.5,1.8669989318654328,233,Algorithm 3,1.877513504166761
1000,600,1,gaussian,1.5,1.8669989318654328,233,SN13,1.8588718802301556
1000,600,1,gaussian,1.5,1.8669989318654328,233,OptShrink,1.8627076896865735
1000,600,1,gaussian,1.5,1.8669989318654328,234,Algorithm 3,1.911650978633641
1000,600,1,gaussian,1.5,1.8669989318654328,234,SN13,1.876296457365826
1000,600,1,gaussian,1.5,1.8669989318654328,234,OptShrink,1.880206910524533
1000,600,1,gaussian,1.5,1.8669989318654328,235,Algorithm 3,1.8120526309189904
1000,600,1,gaussian,1.5,1.8669989318654328,235,SN13,1.8246480433179715
1000,600,1,gaussian,1.5,1.8669989318654328,235,OptShrink,1.8283434177983424
1000,600,1,gaussian,1.5,1.8669989318654328,236,Algorithm 3,1.7937994265688044
1000,600,1,gaussian,1.5,1.8669989318654328,236,SN13,1.8007857865223065
1000,600,1,gaussian,1.5,1.8669989318654328,236,OptShrink,1.8045004495406438
1000,600,1,gaussian,1.5,1.8669989318654328,237,Algorithm 3,1.9300431665373394
1000,600,1,gaussian,1.5,1.8669989318654328,237,SN13,1.895636123432961
1000,600,1,gaussian,1.5,1.8669989318654328,237,OptShrink,1.899598700124042
1000,600,1,gaussian,1.5,1.8669989318654328,238,Algorithm 3,1.764508501719372
1000,600,1,gaussian,1.5,1.8669989318654328,238,SN13,1.7773139589901772
1000,600,1,gaussian,1.5,1.8669989318654328,238,OptShrink,1.7807681701528448
1000,600,1,gaussian,1.5,1.8669989318654328,239,Algorithm 3,1.9187452120648332
1000,600,1,gaussian,1.5,1.8669989318654328,239,SN13,1.897067779050279
1000,600,1,gaussian,1.5,1.8669989318654328,239,OptShrink,1.9006554894112315
1000,600,1,gaussian,1.5,1.8669989318654328,240,Algorithm 3,1.8467735005310422
1000,600,1,gaussian,1.5,1.8669989318654328,240,SN13,1.863889793541021
1000,600,1,gaussian,1.5,1.8669989318654328,240,OptShrink,1.8675417962054552
1000,600,1,gaussian,1.5,1.8669989318654328,241,Algorithm 3,1.8564831500609051
1000,600,1,gaussian,1.5,1.8669989318654328,241,SN13,1.860764542813582
1000,600,1,gaussian,1.5,1.8669989318654328,241,OptShrink,1.864710313481044
1000,600,1,gaussian,1.5,1.8669989318654328,242,Algorithm 3,1.8322016858026762
1000,600,1,gaussian,1.5,1.8669989318654328,242,SN13,1.8499624932622476
1000,600,1,gaussian,1.5,1.8669989318654328,242,OptShrink,1.854149041331198
1000,600,1,gaussian,1.5,1.8669989318654328,243,Algorithm 3,1.9425688310188558
1000,600,1,gaussian,1.5,1.8669989318654328,243,SN13,1.9469705408503282
1000,600,1,gaussian,1.5,1.8669989318654328,243,OptShrink,1.951113226918161
1000,600,1,gaussian,1.5,1.8669989318654328,244,Algorithm 3,1.8654749797361345
1000,600,1,gaussian,1.5,1.8669989318654328,244,SN13,1.8920886554026102
1000,600,1,gaussian,1.5,1.8669989318654328,244,OptShrink,1.8962961245210743
1000,600,1,gaussian,1.5,1.8669989318654328,245,Algorithm 3,1.8473935726501256
1000,600,1,gaussian,1.5,1.8669989318654328,245,SN13,1.8221899358032492
1000,600,1,gaussian,1.5,1.8669989318654328,245,OptShrink,1.8259991200597323
1000,600,1,gaussian,1.5,1.8669989318654328,246,Algorithm 3,1.8897371556828637
1000,600,1,gaussian,1.5,1.8669989318654328,246,SN13,1.9064556897509248
1000,600,1,gaussian,1.5,1.8669989318654328,246,OptShrink,1.910484222185891
1000,600,1,gaussian,1.5,1.8669989318654328,247,Algorithm 3,1.9359168840683594
1000,600,1,gaussian,1.5,1.8669989318654328,247,SN13,1.871223652497406
1000,600,1,gaussian,1.5,1.8669989318654328,247,OptShrink,1.8751513616648718
1000,600,1,gaussian,1.5,1.8669989318654328,248,Algorithm 3,1.8521976123506987
1000,600,1,gaussian,1.5,1.8669989318654328,248,SN13,1.8451132629589102
1000,600,1,gaussian,1.5,1.8669989318654328,248,OptShrink,1.8487289245775789
1000,600,1,gaussian,1.5,1.8669989318654328,249,Algorithm 3,1.8839555170662392
1000,600,1,gaussian,1.5,1.8669989318654328,249,SN13,1.8989292869908894
1000,600,1,gaussian,1.5,1.8669989318654328,249,OptShrink,1.9025177024857867
1000,600,1,gaussian,1.5,1.8669989318654328,250,Algorithm 3,1.846121720754273
1000,600,1,gaussian,1.5,1.8669989318654328,250,SN13,1.8410451910796393
1000,600,1,gaussian,1.5,1.8669989318654328,250,OptShrink,1.8446384900722137
1000,600,1,gaussian,1.5,1.8669989318654328,251,Algorithm 3,1.8710699282619991
1000,600,1,gaussian,1.5,1.8669989318654328,251,SN13,1.87551512836326
1000,600,1,gaussian,1.5,1.8669989318654328,251,OptShrink,1.8792289709766201
1000,600,1,gaussian,1.5,1.8669989318654328,252,Algorithm 3,1.7709663954261219
1000,600,1,gaussian,1.5,1.8669989318654328,252,SN13,1.8293634798028098
1000,600,1,gaussian,1.5,1.8669989318654328,252,OptShrink,1.8327424906471546
1000,600,1,gaussian,1.5,1.8669989318654328,253,Algorithm 3,1.8743092029381658
1000,600,1,gaussian,1.5,1.8669989318654328,253,SN13,1.891044612118685
1000,600,1,gaussian,1.5,1.8669989318654328,253,OptShrink,1.8949050638676241
1000,600,1,gaussian,1.5,1.8669989318654328,254,Algorithm 3,1.8072341745976779
1000,600,1,gaussian,1.5,1.8669989318654328,254,SN13,1.823343020566615
1000,600,1,gaussian,1.5,1.8669989318654328,254,OptShrink,1.8277936661446688
1000,600,1,gaussian,1.5,1.8669989318654328,255,Algorithm 3,1.8567495286728126
1000,600,1,gaussian,1.5,1.8669989318654328,255,SN13,1.8416651565952968
1000,600,1,gaussian,1.5,1.8669989318654328,255,OptShrink,1.8456229092703587
1000,600,1,gaussian,1.5,1.8669989318654328,256,Algorithm 3,1.8742855197168917
1000,600,1,gaussian,1.5,1.8669989318654328,256,SN13,1.8478518782107252
1000,600,1,gaussian,1.5,1.8669989318654328,256,OptShrink,1.851510806937004
1000,600,1,gaussian,1.5,1.8669989318654328,257,Algorithm 3,1.8195090730552876
1000,600,1,gaussian,1.5,1.8669989318654328,257,SN13,1.8395277211285526
1000,600,1,gaussian,1.5,1.8669989318654328,257,OptShrink,1.8444226458777426
1000,600,1,gaussian,1.5,1.8669989318654328,258,Algorithm 3,1.8938327494170664
1000,600,1,gaussian,1.5,1.8669989318654328,258,SN13,1.8761172659754473
1000,600,1,gaussian,1.5,1.8669989318654328,258,OptShrink,1.880351342871698
1000,600,1,gaussian,1.5,1.8669989318654328,259,Algorithm 3,1.9272114509823055
1000,600,1,gaussian,1.5,1.8669989318654328,259,SN13,1.906360084437669
1000,600,1,gaussian,1.5,1.8669989318654328,259,OptShrink,1.9105456406237487
1000,600,1,gaussian,1.5,1.8669989318654328,260,Algorithm 3,1.890473548722805
1000,600,1,gaussian,1.5,1.8669989318654328,260,SN13,1.9276338337789374
1000,600,1,gaussian,1.5,1.8669989318654328,260,OptShrink,1.9315871407384002
1000,600,1,gaussian,1.5,1.8669989318654328,261,Algorithm 3,1.8624086697169249
1000,600,1,gaussian,1.5,1.8669989318654328,261,SN13,1.879315052474752
1000,600,1,gaussian,1.5,1.8669989318654328,261,OptShrink,1.883390468812967
1000,600,1,gaussian,1.5,1.8669989318654328,262,Algorithm 3,1.9005016348783776
1000,600,1,gaussian,1.5,1.8669989318654328,262,SN13,1.9313214859523957
1000,600,1,gaussian,1.5,1.8669989318654328,262,OptShrink,1.935039743817011
1000,600,1,gaussian,1.5,1.8669989318654328,263,Algorithm 3,1.8386290090528719
1000,600,1,gaussian,1.5,1.8669989318654328,263,SN13,1.8637636832394708
1000,600,1,gaussian,1.5,1.8669989318654328,263,OptShrink,1.8679802023579155
1000,600,1,gaussian,1.5,1.8669989318654328,264,Algorithm 3,1.877016174763091
1000,600,1,gaussian,1.5,1.8669989318654328,264,SN13,1.8485418319864577
1000,600,1,gaussian,1.5,1.8669989318654328,264,OptShrink,1.8520595519844336
1000,600,1,gaussian,1.5,1.8669989318654328,265,Algorithm 3,1.9094249754855102
1000,600,1,gaussian,1.5,1.8669989318654328,265,SN13,1.8738108236576099
1000,600,1,gaussian,1.5,1.8669989318654328,265,OptShrink,1.8779889741536666
1000,600,1,gaussian,1.5,1.8669989318654328,266,Algorithm 3,1.8471676537734854
1000,600,1,gaussian,1.5,1.8669989318654328,266,SN13,1.842190118542259
1000,600,1,gaussian,1.5,1.8669989318654328,266,OptShrink,1.8455836131325127
1000,600,1,gaussian,1.5,1.8669989318654328,267,Algorithm 3,1.8191672696637566
1000,600,1,gaussian,1.5,1.8669989318654328,267,SN13,1.8993427031874266
1000,600,1,gaussian,1.5,1.8669989318654328,267,OptShrink,1.9031563377067422
1000,600,1,gaussian,1.5,1.8669989318654328,268,Algorithm 3,1.9274851848095225
1000,600,1,gaussian,1.5,1.8669989318654328,268,SN13,1.9089631988444304
1000,600,1,gaussian,1.5,1.8669989318654328,268,OptShrink,1.9129845199648068
1000,600,1,gaussian,1.5,1.8669989318654328,269,Algorithm 3,1.9055797906943084
1000,600,1,gaussian,1.5,1.8669989318654328,269,SN13,1.9131720189046668
1000,600,1,gaussian,1.5,1.8669989318654328,269,OptShrink,1.9173932887574976
1000,600,1,gaussian,1.5,1.8669989318654328,270,Algorithm 3,1.887806782243419
1000,600,1,gaussian,1.5,1.8669989318654328,270,SN13,1.899438356206389
1000,600,1,gaussian,1.5,1.8669989318654328,270,OptShrink,1.9037480629376131
1000,600,1,gaussian,1.5,1.8669989318654328,271,Algorithm 3,1.864610889541385
1000,600,1,gaussian,1.5,1.8669989318654328,271,SN13,1.851111595742275
1000,600,1,gaussian,1.5,1.8669989318654328,271,OptShrink,1.8550884638483651
1000,600,1,gaussian,1.5,1.8669989318654328,272,Algorithm 3,1.8445435244964716
1000,600,1,gaussian,1.5,1.8669989318654328,272,SN13,1.8216785566407983
1000,600,1,gaussian,1.5,1.8669989318654328,272,OptShrink,1.825961741650463
1000,600,1,gaussian,1.5,1.8669989318654328,273,Algorithm 3,1.9084613150577885
1000,600,1,gaussian,1.5,1.8669989318654328,273,SN13,1.8816247806695285
1000,600,1,gaussian,1.5,1.8669989318654328,273,OptShrink,1.8854612035027678
1000,600,1,gaussian,1.5,1.8669989318654328,274,Algorithm 3,1.8168410259195835
1000,600,1,gaussian,1.5,1.8669989318654328,274,SN13,1.8262885236663782
1000,600,1,gaussian,1.5,1.8669989318654328,274,OptShrink,1.8303196244778535
1000,600,1,gaussian,1.5,1.8669989318654328,275,Algorithm 3,1.769494628903045
1000,600,1,gaussian,1.5,1.8669989318654328,275,SN13,1.7988119821434476
1000,600,1,gaussian,1.5,1.8669989318654328,275,OptShrink,1.8033462224879673
1000,600,1,gaussian,1.5,1.8669989318654328,276,Algorithm 3,1.839685617628965
1000,600,1,gaussian,1.5,1.8669989318654328,276,SN13,1.8435846625074501
1000,600,1,gaussian,1.5,1.8669989318654328,276,OptShrink,1.8475259089353933
1000,600,1,gaussian,1.5,1.8669989318654328,277,Algorithm 3,1.8140406161013451
1000,600,1,gaussian,1.5,1.8669989318654328,277,SN13,1.8494025950120636
1000,600,1,gaussian,1.5,1.8669989318654328,277,OptShrink,1.8532765011309211
1000,600,1,gaussian,1.5,1.8669989318654328,278,Algorithm 3,1.8786189673556983
1000,600,1,gaussian,1.5,1.8669989318654328,278,SN13,1.8802207621263325
1000,600,1,gaussian,1.5,1.8669989318654328,278,OptShrink,1.8839041328763944
1000,600,1,gaussian,1.5,1.8669989318654328,279,Algorithm 3,1.8398001527605443
1000,600,1,gaussian,1.5,1.8669989318654328,279,SN13,1.8461117027201248
1000,600,1,gaussian,1.5,1.8669989318654328,279,OptShrink,1.8497545869505498
1000,600,1,gaussian,1.5,1.8669989318654328,280,Algorithm 3,1.8049128390442783
1000,600,1,gaussian,1.5,1.8669989318654328,280,SN13,1.8517993876417056
1000,600,1,gaussian,1.5,1.8669989318654328,280,OptShrink,1.8550196475112088
1000,600,1,gaussian,1.5,1.8669989318654328,281,Algorithm 3,1.828412958405087
1000,600,1,gaussian,1.5,1.8669989318654328,281,SN13,1.809420323621027
1000,600,1,gaussian,1.5,1.8669989318654328,281,OptShrink,1.8135254332735107
1000,600,1,gaussian,1.5,1.8669989318654328,282,Algorithm 3,1.9014050645445049
1000,600,1,gaussian,1.5,1.8669989318654328,282,SN13,1.8855058592930614
1000,600,1,gaussian,1.5,1.8669989318654328,282,OptShrink,1.8896860679217478
1000,600,1,gaussian,1.5,1.8669989318654328,283,Algorithm 3,1.8217116925563341
1000,600,1,gaussian,1.5,1.8669989318654328,283,SN13,1.8041767855700275
1000,600,1,gaussian,1.5,1.8669989318654328,283,OptShrink,1.8083183265156302
1000,600,1,gaussian,1.5,1.8669989318654328,284,Algorithm 3,1.8455393337160637
1000,600,1,gaussian,1.5,1.8669989318654328,284,SN13,1.89498224134193
1000,600,1,gaussian,1.5,1.8669989318654328,284,OptShrink,1.8986653522176438
1000,600,1,gaussian,1.5,1.8669989318654328,285,Algorithm 3,1.8091996891829731
1000,600,1,gaussian,1.5,1.8669989318654328,285,SN13,1.7882109791571803
1000,600,1,gaussian,1.5,1.8669989318654328,285,OptShrink,1.7916479761508546
1000,600,1,gaussian,1.5,1.8669989318654328,286,Algorithm 3,1.8786460242969947
1000,600,1,gaussian,1.5,1.8669989318654328,286,SN13,1.8737372623421
1000,600,1,gaussian,1.5,1.8669989318654328,286,OptShrink,1.877347391983382
1000,600,1,gaussian,1.5,1.8669989318654328,287,Algorithm 3,1.8693268470748816
1000,600,1,gaussian,1.5,1.8669989318654328,287,SN13,1.8758196464342816
1000,600,1,gaussian,1.5,1.8669989318654328,287,OptShrink,1.879605743788521
1000,600,1,gaussian,1.5,1.8669989318654328,288,Algorithm 3,1.9043952157733584
1000,600,1,gaussian,1.5,1.8669989318654328,288,SN13,1.919531029409577
1000,600,1,gaussian,1.5,1.8669989318654328,288,OptShrink,1.9240088050649287
1000,600,1,gaussian,1.5,1.8669989318654328,289,Algorithm 3,1.9119198794655525
1000,600,1,gaussian,1.5,1.8669989318654328,289,SN13,1.942711981718878
1000,600,1,gaussian,1.5,1.8669989318654328,289,OptShrink,1.94648016258611
1000,600,1,gaussian,1.5,1.8669989318654328,290,Algorithm 3,1.7690849117841905
1000,600,1,gaussian,1.5,1.8669989318654328,290,SN13,1.7778472765602493
1000,600,1,gaussian,1.5,1.8669989318654328,290,OptShrink,1.7811629581925654
1000,600,1,gaussian,1.5,1.8669989318654328,291,Algorithm 3,1.8943211080618378
1000,600,1,gaussian,1.5,1.8669989318654328,291,SN13,1.9045467826423346
1000,600,1,gaussian,1.5,1.8669989318654328,291,OptShrink,1.9080086935650298
1000,600,1,gaussian,1.5,1.8669989318654328,292,Algorithm 3,1.8695301629694645
1000,600,1,gaussian,1.5,1.8669989318654328,292,SN13,1.8680000630870808
1000,600,1,gaussian,1.5,1.8669989318654328,292,OptShrink,1.8717882994675499
1000,600,1,gaussian,1.5,1.8669989318654328,293,Algorithm 3,1.8473553193968761
1000,600,1,gaussian,1.5,1.8669989318654328,293,SN13,1.8405633203334921
1000,600,1,gaussian,1.5,1.8669989318654328,293,OptShrink,1.844208884370455
1000,600,1,gaussian,1.5,1.8669989318654328,294,Algorithm 3,1.8523480778783028
1000,600,1,gaussian,1.5,1.8669989318654328,294,SN13,1.8784175935401417
1000,600,1,gaussian,1.5,1.8669989318654328,294,OptShrink,1.8820146562938547
1000,600,1,gaussian,1.5,1.8669989318654328,295,Algorithm 3,1.9117067675122412
1000,600,1,gaussian,1.5,1.8669989318654328,295,SN13,1.8969885050630728
1000,600,1,gaussian,1.5,1.8669989318654328,295,OptShrink,1.9011481308659903
1000,600,1,gaussian,1.5,1.8669989318654328,296,Algorithm 3,1.8785931989338005
1000,600,1,gaussian,1.5,1.8669989318654328,296,SN13,1.8538960247743186
1000,600,1,gaussian,1.5,1.8669989318654328,296,OptShrink,1.8579458403016587
1000,600,1,gaussian,1.5,1.8669989318654328,297,Algorithm 3,1.906988713940522
1000,600,1,gaussian,1.5,1.8669989318654328,297,SN13,1.8660107992805426
1000,600,1,gaussian,1.5,1.8669989318654328,297,OptShrink,1.8694643845927683
1000,600,1,gaussian,1.5,1.8669989318654328,298,Algorithm 3,1.8361914985224113
1000,600,1,gaussian,1.5,1.8669989318654328,298,SN13,1.893804015208085
1000,600,1,gaussian,1.5,1.8669989318654328,298,OptShrink,1.8980422805186652
1000,600,1,gaussian,1.5,1.8669989318654328,299,Algorithm 3,1.9021216491161794
1000,600,1,gaussian,1.5,1.8669989318654328,299,SN13,1.9136627088405476
1000,600,1,gaussian,1.5,1.8669989318654328,299,OptShrink,1.9174082684613203
1000,600,1,gaussian,1.5,1.8669989318654328,300,Algorithm 3,1.8978397311027353
1000,600,1,gaussian,1.5,1.8669989318654328,300,SN13,1.8751767379440953
1000,600,1,gaussian,1.5,1.8669989318654328,300,OptShrink,1.8789150719742136
1000,600,1,gaussian,1.5,1.8669989318654328,301,Algorithm 3,1.7951273792632236
1000,600,1,gaussian,1.5,1.8669989318654328,301,SN13,1.8464651217047172
1000,600,1,gaussian,1.5,1.8669989318654328,301,OptShrink,1.8499738824112102
1000,600,1,gaussian,1.5,1.8669989318654328,302,Algorithm 3,1.7960409069606469
1000,600,1,gaussian,1.5,1.8669989318654328,302,SN13,1.8549095435048715
1000,600,1,gaussian,1.5,1.8669989318654328,302,OptShrink,1.85885736219708
1000,600,1,gaussian,1.5,1.8669989318654328,303,Algorithm 3,1.898691989384226
1000,600,1,gaussian,1.5,1.8669989318654328,303,SN13,1.9493384224573065
1000,600,1,gaussian,1.5,1.8669989318654328,303,OptShrink,1.9543060454841654
1000,600,1,gaussian,1.5,1.8669989318654328,304,Algorithm 3,1.799773267455583
1000,600,1,gaussian,1.5,1.8669989318654328,304,SN13,1.7939081684833857
1000,600,1,gaussian,1.5,1.8669989318654328,304,OptShrink,1.7974460447097906
1000,600,1,gaussian,1.5,1.8669989318654328,305,Algorithm 3,1.8587650309114956
1000,600,1,gaussian,1.5,1.8669989318654328,305,SN13,1.8398135831782838
1000,600,1,gaussian,1.5,1.8669989318654328,305,OptShrink,1.8440164139118516
1000,600,1,gaussian,1.5,1.8669989318654328,306,Algorithm 3,1.8158652766526382
1000,600,1,gaussian,1.5,1.8669989318654328,306,SN13,1.8137333597428584
1000,600,1,gaussian,1.5,1.8669989318654328,306,OptShrink,1.8178902969296469
1000,600,1,gaussian,1.5,1.8669989318654328,307,Algorithm 3,1.8998203399132791
1000,600,1,gaussian,1.5,1.8669989318654328,307,SN13,1.8951451875508862
1000,600,1,gaussian,1.5,1.8669989318654328,307,OptShrink,1.899002199280344
1000,600,1,gaussian,1.5,1.8669989318654328,308,Algorithm 3,1.8922061362428804
1000,600,1,gaussian,1.5,1.8669989318654328,308,SN13,1.8758022522430131
1000,600,1,gaussian,1.5,1.8669989318654328,308,OptShrink,1.8792752483988435
1000,600,1,gaussian,1.5,1.8669989318654328,309,Algorithm 3,1.8015678367098997
1000,600,1,gaussian,1.5,1.8669989318654328,309,SN13,1.8458512463182368
1000,600,1,gaussian,1.5,1.8669989318654328,309,OptShrink,1.8500540881225023
1000,600,1,gaussian,1.5,1.8669989318654328,310,Algorithm 3,1.8985266913488439
1000,600,1,gaussian,1.5,1.8669989318654328,310,SN13,1.9011425262278085
1000,600,1,gaussian,1.5,1.8669989318654328,310,OptShrink,1.9051826816186148
1000,600,1,gaussian,1.5,1.8669989318654328,311,Algorithm 3,1.8932954869845458
1000,600,1,gaussian,1.5,1.8669989318654328,311,SN13,1.8598672103923475
1000,600,1,gaussian,1.5,1.8669989318654328,311,OptShrink,1.8638730804030499
1000,600,1,gaussian,1.5,1.8669989318654328,312,Algorithm 3,1.8716199066615178
1000,600,1,gaussian,1.5,1.8669989318654328,312,SN13,1.8644264892266749
1000,600,1,gaussian,1.5,1.8669989318654328,312,OptShrink,1.8688010417511878
1000,600,1,gaussian,1.5,1.8669989318654328,313,Algorithm 3,1.8696971229792385
1000,600,1,gaussian,1.5,1.8669989318654328,313,SN13,1.8567600247473657
1000,600,1,gaussian,1.5,1.8669989318654328,313,OptShrink,1.860560312496298
1000,600,1,gaussian,1.5,1.8669989318654328,314,Algorithm 3,1.895900086777805
1000,600,1,gaussian,1.5,1.8669989318654328,314,SN13,1.8916101285278424
1000,600,1,gaussian,1.5,1.8669989318654328,314,OptShrink,1.8948247488225238
1000,600,1,gaussian,1.5,1.8669989318654328,315,Algorithm 3,1.8521818681815694
1000,600,1,gaussian,1.5,1.8669989318654328,315,SN13,1.866565032234375
1000,600,1,gaussian,1.5,1.8669989318654328,315,OptShrink,1.8705328870584088
1000,600,1,gaussian,1.5,1.8669989318654328,316,Algorithm 3,1.9311911079016755
1000,600,1,gaussian,1.5,1.8669989318654328,316,SN13,1.8917804980262274
1000,600,1,gaussian,1.5,1.8669989318654328,316,OptShrink,1.8956471391775023
1000,600,1,gaussian,1.5,1.8669989318654328,317,Algorithm 3,1.8486962430846772
1000,600,1,gaussian,1.5,1.8669989318654328,317,SN13,1.869817059983577
1000,600,1,gaussian,1.5,1.8669989318654328,317,OptShrink,1.8737385311421615
1000,600,1,gaussian,1.5,1.8669989318654328,318,Algorithm 3,1.8468956203943359
1000,600,1,gaussian,1.5,1.8669989318654328,318,SN13,1.8448965013686804
1000,600,1,gaussian,1.5,1.8669989318654328,318,OptShrink,1.8483820804359847
1000,600,1,gaussian,1.5,1.8669989318654328,319,Algorithm 3,1.818570469368829
1000,600,1,gaussian,1.5,1.8669989318654328,319,SN13,1.7903023144045684
1000,600,1,gaussian,1.5,1.8669989318654328,319,OptShrink,1.7938621593088127
1000,600,1,gaussian,1.5,1.8669989318654328,320,Algorithm 3,1.8715021239560679
1000,600,1,gaussian,1.5,1.8669989318654328,320,SN13,1.8684777760021218
1000,600,1,gaussian,1.5,1.8669989318654328,320,OptShrink,1.87266421839473
1000,600,1,gaussian,1.5,1.8669989318654328,321,Algorithm 3,1.8558730361031244
1000,600,1,gaussian,1.5,1.8669989318654328,321,SN13,1.8662630232031594
1000,600,1,gaussian,1.5,1.8669989318654328,321,OptShrink,1.869997715773185
1000,600,1,gaussian,1.5,1.8669989318654328,322,Algorithm 3,1.8795353471510072
1000,600,1,gaussian,1.5,1.8669989318654328,322,SN13,1.8456140348296397
1000,600,1,gaussian,1.5,1.8669989318654328,322,OptShrink,1.8496396198347251
1000,600,1,gaussian,1.5,1.8669989318654328,323,Algorithm 3,1.8076805059619228
1000,600,1,gaussian,1.5,1.8669989318654328,323,SN13,1.8362162224750052
1000,600,1,gaussian,1.5,1.8669989318654328,323,OptShrink,1.8398385028011297
1000,600,1,gaussian,1.5,1.8669989318654328,324,Algorithm 3,1.8795953975221038
1000,600,1,gaussian,1.5,1.8669989318654328,324,SN13,1.8927122346386935
1000,600,1,gaussian,1.5,1.8669989318654328,324,OptShrink,1.896445931998083
1000,600,1,gaussian,1.5,1.8669989318654328,325,Algorithm 3,1.8218549715421117
1000,600,1,gaussian,1.5,1.8669989318654328,325,SN13,1.8556097816566672
1000,600,1,gaussian,1.5,1.8669989318654328,325,OptShrink,1.8595317023691231
1000,600,1,gaussian,1.5,1.8669989318654328,326,Algorithm 3,1.8659645195865586
1000,600,1,gaussian,1.5,1.8669989318654328,326,SN13,1.8551432766987674
1000,600,1,gaussian,1.5,1.8669989318654328,326,OptShrink,1.8586090425578217
1000,600,1,gaussian,1.5,1.8669989318654328,327,Algorithm 3,1.9431684595112835
1000,600,1,gaussian,1.5,1.8669989318654328,327,SN13,1.9215771690282386
1000,600,1,gaussian,1.5,1.8669989318654328,327,OptShrink,1.9255340400986891
1000,600,1,gaussian,1.5,1.8669989318654328,328,Algorithm 3,1.8596245733737804
1000,600,1,gaussian,1.5,1.8669989318654328,328,SN13,1.881880925309556
1000,600,1,gaussian,1.5,1.8669989318654328,328,OptShrink,1.885765606254018
1000,600,1,gaussian,1.5,1.8669989318654328,329,Algorithm 3,1.9585239770278497
1000,600,1,gaussian,1.5,1.8669989318654328,329,SN13,1.9592484066418334
1000,600,1,gaussian,1.5,1.8669989318654328,329,OptShrink,1.9627115481746045
1000,600,1,gaussian,1.5,1.8669989318654328,330,Algorithm 3,1.8206099781169331
1000,600,1,gaussian,1.5,1.8669989318654328,330,SN13,1.836776861463026
1000,600,1,gaussian,1.5,1.8669989318654328,330,OptShrink,1.8404990491427338
1000,600,1,gaussian,1.5,1.8669989318654328,331,Algorithm 3,1.8879580270800709
1000,600,1,gaussian,1.5,1.8669989318654328,331,SN13,1.8868100603875213
1000,600,1,gaussian,1.5,1.8669989318654328,331,OptShrink,1.890526838893078
1000,600,1,gaussian,1.5,1.8669989318654328,332,Algorithm 3,1.914263221402346
1000,600,1,gaussian,1.5,1.8669989318654328,332,SN13,1.919897973560895
1000,600,1,gaussian,1.5,1.8669989318654328,332,OptShrink,1.923389107942186
1000,600,1,gaussian,1.5,1.8669989318654328,333,Algorithm 3,1.801392451568331
1000,600,1,gaussian,1.5,1.8669989318654328,333,SN13,1.7808436538212313
1000,600,1,gaussian,1.5,1.8669989318654328,333,OptShrink,1.7851674683936072
1000,600,1,gaussian,1.5,1.8669989318654328,334,Algorithm 3,1.8846913150882671
1000,600,1,gaussian,1.5,1.8669989318654328,334,SN13,1.9054713264752066
1000,600,1,gaussian,1.5,1.8669989318654328,334,OptShrink,1.9092871745477134
1000,600,1,gaussian,1.5,1.8669989318654328,335,Algorithm 3,1.8366891346805623
1000,600,1,gaussian,1.5,1.8669989318654328,335,SN13,1.818308694034317
1000,600,1,gaussian,1.5,1.8669989318654328,335,OptShrink,1.8219201812681138
1000,600,1,gaussian,1.5,1.8669989318654328,336,Algorithm 3,1.9042899531036965
1000,600,1,gaussian,1.5,1.8669989318654328,336,SN13,1.8816496130309714
1000,600,1,gaussian,1.5,1.8669989318654328,336,OptShrink,1.8851547350687892
1000,600,1,gaussian,1.5,1.8669989318654328,337,Algorithm 3,1.8739233571552552
1000,600,1,gaussian,1.5,1.8669989318654328,337,SN13,1.8625556706769202
1000,600,1,gaussian,1.5,1.8669989318654328,337,OptShrink,1.8662977123585105
1000,600,1,gaussian,1.5,1.8669989318654328,338,Algorithm 3,1.8558697618902804
1000,600,1,gaussian,1.5,1.8669989318654328,338,SN13,1.8485586254096935
1000,600,1,gaussian,1.5,1.8669989318654328,338,OptShrink,1.8527129445362664
1000,600,1,gaussian,1.5,1.8669989318654328,339,Algorithm 3,1.798631202608966
1000,600,1,gaussian,1.5,1.8669989318654328,339,SN13,1.846224048893437
1000,600,1,gaussian,1.5,1.8669989318654328,339,OptShrink,1.849143951690145
1000,600,1,gaussian,1.5,1.8669989318654328,340,Algorithm 3,1.8395823444577295
1000,600,1,gaussian,1.5,1.8669989318654328,340,SN13,1.883545775207742
1000,600,1,gaussian,1.5,1.8669989318654328,340,OptShrink,1.8879023021588865
1000,600,1,gaussian,1.5,1.8669989318654328,341,Algorithm 3,1.871684760969705
1000,600,1,gaussian,1.5,1.8669989318654328,341,SN13,1.833867731202755
1000,600,1,gaussian,1.5,1.8669989318654328,341,OptShrink,1.8374684361708598
1000,600,1,gaussian,1.5,1.8669989318654328,342,Algorithm 3,1.8238092459778927
1000,600,1,gaussian,1.5,1.8669989318654328,342,SN13,1.849350322087396
1000,600,1,gaussian,1.5,1.8669989318654328,342,OptShrink,1.853197706235495
1000,600,1,gaussian,1.5,1.8669989318654328,343,Algorithm 3,1.867281875740594
1000,600,1,gaussian,1.5,1.8669989318654328,343,SN13,1.8688034592480327
1000,600,1,gaussian,1.5,1.8669989318654328,343,OptShrink,1.8726045287133308
1000,600,1,gaussian,1.5,1.8669989318654328,344,Algorithm 3,1.8503988781812408
1000,600,1,gaussian,1.5,1.8669989318654328,344,SN13,1.8525698011025733
1000,600,1,gaussian,1.5,1.8669989318654328,344,OptShrink,1.8561909548231876
1000,600,1,gaussian,1.5,1.8669989318654328,345,Algorithm 3,1.8699360749001823
1000,600,1,gaussian,1.5,1.8669989318654328,345,SN13,1.8641172168055278
1000,600,1,gaussian,1.5,1.8669989318654328,345,OptShrink,1.8678110501900764
1000,600,1,gaussian,1.5,1.8669989318654328,346,Algorithm 3,1.9261596916658341
1000,600,1,gaussian,1.5,1.8669989318654328,346,SN13,1.9210030403806566
1000,600,1,gaussian,1.5,1.8669989318654328,346,OptShrink,1.9248380298324175
1000,600,1,gaussian,1.5,1.8669989318654328,347,Algorithm 3,1.872506227040778
1000,600,1,gaussian,1.5,1.8669989318654328,347,SN13,1.8596930872451758
1000,600,1,gaussian,1.5,1.8669989318654328,347,OptShrink,1.8634443791198894
1000,600,1,gaussian,1.5,1.8669989318654328,348,Algorithm 3,1.8267781321205923
1000,600,1,gaussian,1.5,1.8669989318654328,348,SN13,1.8293982969128486
1000,600,1,gaussian,1.5,1.8669989318654328,348,OptShrink,1.8327871987547824
1000,600,1,gaussian,1.5,1.8669989318654328,349,Algorithm 3,1.8514694714877638
1000,600,1,gaussian,1.5,1.8669989318654328,349,SN13,1.836579375988524
1000,600,1,gaussian,1.5,1.8669989318654328,349,OptShrink,1.840701064716435
1000,600,1,gaussian,1.5,1.8669989318654328,350,Algorithm 3,1.84434203912195
1000,600,1,gaussian,1.5,1.8669989318654328,350,SN13,1.8201607724678306
1000,600,1,gaussian,1.5,1.8669989318654328,350,OptShrink,1.8242515579165828
1000,600,1,gaussian,1.5,1.8669989318654328,351,Algorithm 3,1.861142372465325
1000,600,1,gaussian,1.5,1.8669989318654328,351,SN13,1.8720371897054864
1000,600,1,gaussian,1.5,1.8669989318654328,351,OptShrink,1.8755820109001893
1000,600,1,gaussian,1.5,1.8669989318654328,352,Algorithm 3,1.809874906597807
1000,600,1,gaussian,1.5,1.8669989318654328,352,SN13,1.7924148436969036
1000,600,1,gaussian,1.5,1.8669989318654328,352,OptShrink,1.7965407002727087
1000,600,1,gaussian,1.5,1.8669989318654328,353,Algorithm 3,1.7712175132463774
1000,600,1,gaussian,1.5,1.8669989318654328,353,SN13,1.799835458278466
1000,600,1,gaussian,1.5,1.8669989318654328,353,OptShrink,1.8033125705009052
1000,600,1,gaussian,1.5,1.8669989318654328,354,Algorithm 3,1.9189257097749022
1000,600,1,gaussian,1.5,1.8669989318654328,354,SN13,1.9159812045479492
1000,600,1,gaussian,1.5,1.8669989318654328,354,OptShrink,1.9198381521121382
1000,600,1,gaussian,1.5,1.8669989318654328,355,Algorithm 3,1.8636996508206276
1000,600,1,gaussian,1.5,1.8669989318654328,355,SN13,1.8593206622818719
1000,600,1,gaussian,1.5,1.8669989318654328,355,OptShrink,1.863162836806028
1000,600,1,gaussian,1.5,1.8669989318654328,356,Algorithm 3,1.8834429966375374
1000,600,1,gaussian,1.5,1.8669989318654328,356,SN13,1.8839683467956017
1000,600,1,gaussian,1.5,1.8669989318654328,356,OptShrink,1.8878177638981914
1000,600,1,gaussian,1.5,1.8669989318654328,357,Algorithm 3,1.8618377635111218
1000,600,1,gaussian,1.5,1.8669989318654328,357,SN13,1.8853706012416498
1000,600,1,gaussian,1.5,1.8669989318654328,357,OptShrink,1.8899324364111483
1000,600,1,gaussian,1.5,1.8669989318654328,358,Algorithm 3,1.7250635750339711
1000,600,1,gaussian,1.5,1.8669989318654328,358,SN13,1.782982059471486
1000,600,1,gaussian,1.5,1.8669989318654328,358,OptShrink,1.7872159909477827
1000,600,1,gaussian,1.5,1.8669989318654328,359,Algorithm 3,1.8783455607935413
1000,600,1,gaussian,1.5,1.8669989318654328,359,SN13,1.8823630358055738
1000,600,1,gaussian,1.5,1.8669989318654328,359,OptShrink,1.8863941535360425
1000,600,1,gaussian,1.5,1.8669989318654328,360,Algorithm 3,1.9266212459420995
1000,600,1,gaussian,1.5,1.8669989318654328,360,SN13,1.9222066483545792
1000,600,1,gaussian,1.5,1.8669989318654328,360,OptShrink,1.9256573241044947
1000,600,1,gaussian,1.5,1.8669989318654328,361,Algorithm 3,1.8260891762506182
1000,600,1,gaussian,1.5,1.8669989318654328,361,SN13,1.8353815446161055
1000,600,1,gaussian,1.5,1.8669989318654328,361,OptShrink,1.8388778264345917
1000,600,1,gaussian,1.5,1.8669989318654328,362,Algorithm 3,1.866385038243847
1000,600,1,gaussian,1.5,1.8669989318654328,362,SN13,1.842427729372919
1000,600,1,gaussian,1.5,1.8669989318654328,362,OptShrink,1.8461742584032004
1000,600,1,gaussian,1.5,1.8669989318654328,363,Algorithm 3,1.8981313987346242
1000,600,1,gaussian,1.5,1.8669989318654328,363,SN13,1.8716673290939585
1000,600,1,gaussian,1.5,1.8669989318654328,363,OptShrink,1.8762802594611299
1000,600,1,gaussian,1.5,1.8669989318654328,364,Algorithm 3,1.8349330075314105
1000,600,1,gaussian,1.5,1.8669989318654328,364,SN13,1.8722136217298577
1000,600,1,gaussian,1.5,1.8669989318654328,364,OptShrink,1.876235684078992
1000,600,1,gaussian,1.5,1.8669989318654328,365,Algorithm 3,1.8665084729416825
1000,600,1,gaussian,1.5,1.8669989318654328,365,SN13,1.8665992644883265
1000,600,1,gaussian,1.5,1.8669989318654328,365,OptShrink,1.8701370854317945
1000,600,1,gaussian,1.5,1.8669989318654328,366,Algorithm 3,1.866337860250183
1000,600,1,gaussian,1.5,1.8669989318654328,366,SN13,1.8791514854399658
1000,600,1,gaussian,1.5,1.8669989318654328,366,OptShrink,1.8826650164756886
1000,600,1,gaussian,1.5,1.8669989318654328,367,Algorithm 3,1.8841895291207607
1000,600,1,gaussian,1.5,1.8669989318654328,367,SN13,1.8922585188357137
1000,600,1,gaussian,1.5,1.8669989318654328,367,OptShrink,1.8963439165176394
1000,600,1,gaussian,1.5,1.8669989318654328,368,Algorithm 3,1.8877995538330221
1000,600,1,gaussian,1.5,1.8669989318654328,368,SN13,1.8917907874928979
1000,600,1,gaussian,1.5,1.8669989318654328,368,OptShrink,1.895854792349407
1000,600,1,gaussian,1.5,1.8669989318654328,369,Algorithm 3,1.9205073018080283
1000,600,1,gaussian,1.5,1.8669989318654328,369,SN13,1.8859676300714887
1000,600,1,gaussian,1.5,1.8669989318654328,369,OptShrink,1.8898065802567876
1000,600,1,gaussian,1.5,1.8669989318654328,370,Algorithm 3,1.765398204687946
1000,600,1,gaussian,1.5,1.8669989318654328,370,SN13,1.7853628071241787
1000,600,1,gaussian,1.5,1.8669989318654328,370,OptShrink,1.788877291593801
1000,600,1,gaussian,1.5,1.8669989318654328,371,Algorithm 3,1.8163347330196398
1000,600,1,gaussian,1.5,1.8669989318654328,371,SN13,1.8402390855381259
1000,600,1,gaussian,1.5,1.8669989318654328,371,OptShrink,1.8447239049955944
1000,600,1,gaussian,1.5,1.8669989318654328,372,Algorithm 3,1.8642546317462836
1000,600,1,gaussian,1.5,1.8669989318654328,372,SN13,1.8280880069166197
1000,600,1,gaussian,1.5,1.8669989318654328,372,OptShrink,1.8314022531640632
1000,600,1,gaussian,1.5,1.8669989318654328,373,Algorithm 3,1.8283482763120307
1000,600,1,gaussian,1.5,1.8669989318654328,373,SN13,1.8308261559899601
1000,600,1,gaussian,1.5,1.8669989318654328,373,OptShrink,1.8351790029253725
1000,600,1,gaussian,1.5,1.8669989318654328,374,Algorithm 3,1.884905447177655
1000,600,1,gaussian,1.5,1.8669989318654328,374,SN13,1.875772452477092
1000,600,1,gaussian,1.5,1.8669989318654328,374,OptShrink,1.8798308542268234
1000,600,1,gaussian,1.5,1.8669989318654328,375,Algorithm 3,1.8599858506427465
1000,600,1,gaussian,1.5,1.8669989318654328,375,SN13,1.8715224439794285
1000,600,1,gaussian,1.5,1.8669989318654328,375,OptShrink,1.875655125540715
1000,600,1,gaussian,1.5,1.8669989318654328,376,Algorithm 3,1.8721506498475722
1000,600,1,gaussian,1.5,1.8669989318654328,376,SN13,1.871794576734284
1000,600,1,gaussian,1.5,1.8669989318654328,376,OptShrink,1.8761923194052612
1000,600,1,gaussian,1.5,1.8669989318654328,377,Algorithm 3,1.9383846744685973
1000,600,1,gaussian,1.5,1.8669989318654328,377,SN13,1.90716476168952
1000,600,1,gaussian,1.5,1.8669989318654328,377,OptShrink,1.911455862246872
1000,600,1,gaussian,1.5,1.8669989318654328,378,Algorithm 3,1.931313562043393
1000,600,1,gaussian,1.5,1.8669989318654328,378,SN13,1.905489183041757
1000,600,1,gaussian,1.5,1.8669989318654328,378,OptShrink,1.909780362257354
1000,600,1,gaussian,1.5,1.8669989318654328,379,Algorithm 3,1.7971252402413125
1000,600,1,gaussian,1.5,1.8669989318654328,379,SN13,1.8117415518556266
1000,600,1,gaussian,1.5,1.8669989318654328,379,OptShrink,1.8151343785320595
1000,600,1,gaussian,1.5,1.8669989318654328,380,Algorithm 3,1.9002273880845917
1000,600,1,gaussian,1.5,1.8669989318654328,380,SN13,1.8563255628931612
1000,600,1,gaussian,1.5,1.8669989318654328,380,OptShrink,1.8603516084290452
1000,600,1,gaussian,1.5,1.8669989318654328,381,Algorithm 3,1.874828140839988
1000,600,1,gaussian,1.5,1.8669989318654328,381,SN13,1.8649150904892018
1000,600,1,gaussian,1.5,1.8669989318654328,381,OptShrink,1.8681090538555614
1000,600,1,gaussian,1.5,1.8669989318654328,382,Algorithm 3,1.9316831914572252
1000,600,1,gaussian,1.5,1.8669989318654328,382,SN13,1.9181069312952357
1000,600,1,gaussian,1.5,1.8669989318654328,382,OptShrink,1.921519449329052
1000,600,1,gaussian,1.5,1.8669989318654328,383,Algorithm 3,1.7702497723591697
1000,600,1,gaussian,1.5,1.8669989318654328,383,SN13,1.784819253444285
1000,600,1,gaussian,1.5,1.8669989318654328,383,OptShrink,1.78833248880552
1000,600,1,gaussian,1.5,1.8669989318654328,384,Algorithm 3,1.8300634457369307
1000,600,1,gaussian,1.5,1.8669989318654328,384,SN13,1.8419633929924675
1000,600,1,gaussian,1.5,1.8669989318654328,384,OptShrink,1.8457216849278613
1000,600,1,gaussian,1.5,1.8669989318654328,385,Algorithm 3,1.8474236726405162
1000,600,1,gaussian,1.5,1.8669989318654328,385,SN13,1.828846028185153
1000,600,1,gaussian,1.5,1.8669989318654328,385,OptShrink,1.8327025089259525
1000,600,1,gaussian,1.5,1.8669989318654328,386,Algorithm 3,1.9069079886625597
1000,600,1,gaussian,1.5,1.8669989318654328,386,SN13,1.9298652882391423
1000,600,1,gaussian,1.5,1.8669989318654328,386,OptShrink,1.9336500251600246
1000,600,1,gaussian,1.5,1.8669989318654328,387,Algorithm 3,1.8570236021596245
1000,600,1,gaussian,1.5,1.8669989318654328,387,SN13,1.8670745778265052
1000,600,1,gaussian,1.5,1.8669989318654328,387,OptShrink,1.8701990817430656
1000,600,1,gaussian,1.5,1.8669989318654328,388,Algorithm 3,1.8963809339314819
1000,600,1,gaussian,1.5,1.8669989318654328,388,SN13,1.9237616363803522
1000,600,1,gaussian,1.5,1.8669989318654328,388,OptShrink,1.9275185873764658
1000,600,1,gaussian,1.5,1.8669989318654328,389,Algorithm 3,1.8851521910034417
1000,600,1,gaussian,1.5,1.8669989318654328,389,SN13,1.8871516447189616
1000,600,1,gaussian,1.5,1.8669989318654328,389,OptShrink,1.890970268046535
1000,600,1,gaussian,1.5,1.8669989318654328,390,Algorithm 3,1.8646518394075897
1000,600,1,gaussian,1.5,1.8669989318654328,390,SN13,1.8587999803701953
1000,600,1,gaussian,1.5,1.8669989318654328,390,OptShrink,1.8634572709439636
1000,600,1,gaussian,1.5,1.8669989318654328,391,Algorithm 3,1.9239317431185938
1000,600,1,gaussian,1.5,1.8669989318654328,391,SN13,1.9314234745053263
1000,600,1,gaussian,1.5,1.8669989318654328,391,OptShrink,1.9357047781067112
1000,600,1,gaussian,1.5,1.8669989318654328,392,Algorithm 3,1.819805207884072
1000,600,1,gaussian,1.5,1.8669989318654328,392,SN13,1.8128283584376508
1000,600,1,gaussian,1.5,1.8669989318654328,392,OptShrink,1.8170598607834576
1000,600,1,gaussian,1.5,1.8669989318654328,393,Algorithm 3,1.906260834457345
1000,600,1,gaussian,1.5,1.8669989318654328,393,SN13,1.9035082890690682
1000,600,1,gaussian,1.5,1.8669989318654328,393,OptShrink,1.9071708117488797
1000,600,1,gaussian,1.5,1.8669989318654328,394,Algorithm 3,1.762499594771321
1000,600,1,gaussian,1.5,1.8669989318654328,394,SN13,1.797452041461089
1000,600,1,gaussian,1.5,1.8669989318654328,394,OptShrink,1.8008279727475542
1000,600,1,gaussian,1.5,1.8669989318654328,395,Algorithm 3,1.843045339718969
1000,600,1,gaussian,1.5,1.8669989318654328,395,SN13,1.846654874574228
1000,600,1,gaussian,1.5,1.8669989318654328,395,OptShrink,1.850063156772709
1000,600,1,gaussian,1.5,1.8669989318654328,396,Algorithm 3,1.8346193638071777
1000,600,1,gaussian,1.5,1.8669989318654328,396,SN13,1.8682702557106114
1000,600,1,gaussian,1.5,1.8669989318654328,396,OptShrink,1.8722112462830043
1000,600,1,gaussian,1.5,1.8669989318654328,397,Algorithm 3,1.8294354188160855
1000,600,1,gaussian,1.5,1.8669989318654328,397,SN13,1.8278344398770303
1000,600,1,gaussian,1.5,1.8669989318654328,397,OptShrink,1.8313292037901792
1000,600,1,gaussian,1.5,1.8669989318654328,398,Algorithm 3,1.8616295894843846
1000,600,1,gaussian,1.5,1.8669989318654328,398,SN13,1.8223766662294254
1000,600,1,gaussian,1.5,1.8669989318654328,398,OptShrink,1.826049200922935
1000,600,1,gaussian,1.5,1.8669989318654328,399,Algorithm 3,1.8630653184606547
1000,600,1,gaussian,1.5,1.8669989318654328,399,SN13,1.9065907964331865
1000,600,1,gaussian,1.5,1.8669989318654328,399,OptShrink,1.9104967391867966
1000,600,1,gaussian,1.5,1.8669989318654328,400,Algorithm 3,1.7849934647767676
1000,600,1,gaussian,1.5,1.8669989318654328,400,SN13,1.769332611673012
1000,600,1,gaussian,1.5,1.8669989318654328,400,OptShrink,1.7733883046164298
1000,600,1,gaussian,1.5,1.8669989318654328,401,Algorithm 3,1.8714923707993545
1000,600,1,gaussian,1.5,1.8669989318654328,401,SN13,1.885193644149548
1000,600,1,gaussian,1.5,1.8669989318654328,401,OptShrink,1.8891026363638845
1000,600,1,gaussian,1.5,1.8669989318654328,402,Algorithm 3,1.8138796272633761
1000,600,1,gaussian,1.5,1.8669989318654328,402,SN13,1.82182720184074
1000,600,1,gaussian,1.5,1.8669989318654328,402,OptShrink,1.8258396308714275
1000,600,1,gaussian,1.5,1.8669989318654328,403,Algorithm 3,1.8560930544080512
1000,600,1,gaussian,1.5,1.8669989318654328,403,SN13,1.8615333892261643
1000,600,1,gaussian,1.5,1.8669989318654328,403,OptShrink,1.8657372309492113
1000,600,1,gaussian,1.5,1.8669989318654328,404,Algorithm 3,1.820222113770374
1000,600,1,gaussian,1.5,1.8669989318654328,404,SN13,1.821816056319182
1000,600,1,gaussian,1.5,1.8669989318654328,404,OptShrink,1.825644529293197
1000,600,1,gaussian,1.5,1.8669989318654328,405,Algorithm 3,1.8290020626492365
1000,600,1,gaussian,1.5,1.8669989318654328,405,SN13,1.8393808507645992
1000,600,1,gaussian,1.5,1.8669989318654328,405,OptShrink,1.8435928426359178
1000,600,1,gaussian,1.5,1.8669989318654328,406,Algorithm 3,1.935124085552933
1000,600,1,gaussian,1.5,1.8669989318654328,406,SN13,1.8972832612032406
1000,600,1,gaussian,1.5,1.8669989318654328,406,OptShrink,1.9016955761880288
1000,600,1,gaussian,1.5,1.8669989318654328,407,Algorithm 3,1.826434247569699
1000,600,1,gaussian,1.5,1.8669989318654328,407,SN13,1.8333612449797148
1000,600,1,gaussian,1.5,1.8669989318654328,407,OptShrink,1.8378174201294952
1000,600,1,gaussian,1.5,1.8669989318654328,408,Algorithm 3,1.8833418014136263
1000,600,1,gaussian,1.5,1.8669989318654328,408,SN13,1.9008174166461946
1000,600,1,gaussian,1.5,1.8669989318654328,408,OptShrink,1.9042229013003293
1000,600,1,gaussian,1.5,1.8669989318654328,409,Algorithm 3,1.8414954891109974
1000,600,1,gaussian,1.5,1.8669989318654328,409,SN13,1.8982982354360067
1000,600,1,gaussian,1.5,1.8669989318654328,409,OptShrink,1.9023942461024594
1000,600,1,gaussian,1.5,1.8669989318654328,410,Algorithm 3,1.921606806308818
1000,600,1,gaussian,1.5,1.8669989318654328,410,SN13,1.8825554099385393
1000,600,1,gaussian,1.5,1.8669989318654328,410,OptShrink,1.8867783289468651
1000,600,1,gaussian,1.5,1.8669989318654328,411,Algorithm 3,1.867031367395175
1000,600,1,gaussian,1.5,1.8669989318654328,411,SN13,1.90391542118285
1000,600,1,gaussian,1.5,1.8669989318654328,411,OptShrink,1.907734346990663
1000,600,1,gaussian,1.5,1.8669989318654328,412,Algorithm 3,1.8299136631264958
1000,600,1,gaussian,1.5,1.8669989318654328,412,SN13,1.8189917353944673
1000,600,1,gaussian,1.5,1.8669989318654328,412,OptShrink,1.8231539287853182
1000,600,1,gaussian,1.5,1.8669989318654328,413,Algorithm 3,1.834343804610655
1000,600,1,gaussian,1.5,1.8669989318654328,413,SN13,1.859325898127554
1000,600,1,gaussian,1.5,1.8669989318654328,413,OptShrink,1.8636062512173173
1000,600,1,gaussian,1.5,1.8669989318654328,414,Algorithm 3,1.8224271384789552
1000,600,1,gaussian,1.5,1.8669989318654328,414,SN13,1.8314940826922228
1000,600,1,gaussian,1.5,1.8669989318654328,414,OptShrink,1.8360986083421338
1000,600,1,gaussian,1.5,1.8669989318654328,415,Algorithm 3,1.8431240273148386
1000,600,1,gaussian,1.5,1.8669989318654328,415,SN13,1.8410669738307484
1000,600,1,gaussian,1.5,1.8669989318654328,415,OptShrink,1.8454098185947565
1000,600,1,gaussian,1.5,1.8669989318654328,416,Algorithm 3,1.8599597203505274
1000,600,1,gaussian,1.5,1.8669989318654328,416,SN13,1.8894041469378036
1000,600,1,gaussian,1.5,1.8669989318654328,416,OptShrink,1.8934601508351343
1000,600,1,gaussian,1.5,1.8669989318654328,417,Algorithm 3,1.9214207149516236
1000,600,1,gaussian,1.5,1.8669989318654328,417,SN13,1.9066763446911923
1000,600,1,gaussian,1.5,1.8669989318654328,417,OptShrink,1.9107348033922362
1000,600,1,gaussian,1.5,1.8669989318654328,418,Algorithm 3,1.7873462142028587
1000,600,1,gaussian,1.5,1.8669989318654328,418,SN13,1.8155584260806035
1000,600,1,gaussian,1.5,1.8669989318654328,418,OptShrink,1.8192011596404707
1000,600,1,gaussian,1.5,1.8669989318654328,419,Algorithm 3,1.8570007548821974
1000,600,1,gaussian,1.5,1.8669989318654328,419,SN13,1.8624098837045733
1000,600,1,gaussian,1.5,1.8669989318654328,419,OptShrink,1.8662039539307111
1000,600,1,gaussian,1.5,1.8669989318654328,420,Algorithm 3,1.7728132200148674
1000,600,1,gaussian,1.5,1.8669989318654328,420,SN13,1.7740562813081873
1000,600,1,gaussian,1.5,1.8669989318654328,420,OptShrink,1.7777955522295448
1000,600,1,gaussian,1.5,1.8669989318654328,421,Algorithm 3,1.8379338076645297
1000,600,1,gaussian,1.5,1.8669989318654328,421,SN13,1.798570017611194
1000,600,1,gaussian,1.5,1.8669989318654328,421,OptShrink,1.8024048442418352
1000,600,1,gaussian,1.5,1.8669989318654328,422,Algorithm 3,1.7870408753240432
1000,600,1,gaussian,1.5,1.8669989318654328,422,SN13,1.8078430081730767
1000,600,1,gaussian,1.5,1.8669989318654328,422,OptShrink,1.8108637263986986
1000,600,1,gaussian,1.5,1.8669989318654328,423,Algorithm 3,1.904601928505167
1000,600,1,gaussian,1.5,1.8669989318654328,423,SN13,1.8919369907820196
1000,600,1,gaussian,1.5,1.8669989318654328,423,OptShrink,1.8958268424022506
1000,600,1,gaussian,1.5,1.8669989318654328,424,Algorithm 3,1.8176404786721514
1000,600,1,gaussian,1.5,1.8669989318654328,424,SN13,1.8381231339376494
1000,600,1,gaussian,1.5,1.8669989318654328,424,OptShrink,1.8415964864281218
1000,600,1,gaussian,1.5,1.8669989318654328,425,Algorithm 3,1.8291713589330865
1000,600,1,gaussian,1.5,1.8669989318654328,425,SN13,1.8306578533142976
1000,600,1,gaussian,1.5,1.8669989318654328,425,OptShrink,1.8345810862737664
1000,600,1,gaussian,1.5,1.8669989318654328,426,Algorithm 3,1.8781488202331875
1000,600,1,gaussian,1.5,1.8669989318654328,426,SN13,1.9015951579714114
1000,600,1,gaussian,1.5,1.8669989318654328,426,OptShrink,1.905084610649854
1000,600,1,gaussian,1.5,1.8669989318654328,427,Algorithm 3,1.8641626343530098
1000,600,1,gaussian,1.5,1.8669989318654328,427,SN13,1.8697241713004091
1000,600,1,gaussian,1.5,1.8669989318654328,427,OptShrink,1.8734093220634238
1000,600,1,gaussian,1.5,1.8669989318654328,428,Algorithm 3,1.916745789217798
1000,600,1,gaussian,1.5,1.8669989318654328,428,SN13,1.898912788995797
1000,600,1,gaussian,1.5,1.8669989318654328,428,OptShrink,1.902703234925218
1000,600,1,gaussian,1.5,1.8669989318654328,429,Algorithm 3,1.8605648414139357
1000,600,1,gaussian,1.5,1.8669989318654328,429,SN13,1.8577650664888634
1000,600,1,gaussian,1.5,1.8669989318654328,429,OptShrink,1.8617236026459116
1000,600,1,gaussian,1.5,1.8669989318654328,430,Algorithm 3,1.8092231699421406
1000,600,1,gaussian,1.5,1.8669989318654328,430,SN13,1.8373735865620995
1000,600,1,gaussian,1.5,1.8669989318654328,430,OptShrink,1.841861113892322
1000,600,1,gaussian,1.5,1.8669989318654328,431,Algorithm 3,1.8341278511943369
1000,600,1,gaussian,1.5,1.8669989318654328,431,SN13,1.8407046774049451
1000,600,1,gaussian,1.5,1.8669989318654328,431,OptShrink,1.8446700022721172
1000,600,1,gaussian,1.5,1.8669989318654328,432,Algorithm 3,1.8098331944115704
1000,600,1,gaussian,1.5,1.8669989318654328,432,SN13,1.8155554435058472
1000,600,1,gaussian,1.5,1.8669989318654328,432,OptShrink,1.8190321552125324
1000,600,1,gaussian,1.5,1.8669989318654328,433,Algorithm 3,1.8343810876674544
1000,600,1,gaussian,1.5,1.8669989318654328,433,SN13,1.8213947974108726
1000,600,1,gaussian,1.5,1.8669989318654328,433,OptShrink,1.8256262119475721
1000,600,1,gaussian,1.5,1.8669989318654328,434,Algorithm 3,1.7938677040945843
1000,600,1,gaussian,1.5,1.8669989318654328,434,SN13,1.7832298428992652
1000,600,1,gaussian,1.5,1.8669989318654328,434,OptShrink,1.7869961591066654
1000,600,1,gaussian,1.5,1.8669989318654328,435,Algorithm 3,1.8905392734611979
1000,600,1,gaussian,1.5,1.8669989318654328,435,SN13,1.9029648982146241
1000,600,1,gaussian,1.5,1.8669989318654328,435,OptShrink,1.9069198019359046
1000,600,1,gaussian,1.5,1.8669989318654328,436,Algorithm 3,1.9529390032288783
1000,600,1,gaussian,1.5,1.8669989318654328,436,SN13,1.9279280634718345
1000,600,1,gaussian,1.5,1.8669989318654328,436,OptShrink,1.9324239032334898
1000,600,1,gaussian,1.5,1.8669989318654328,437,Algorithm 3,1.8748007010173329
1000,600,1,gaussian,1.5,1.8669989318654328,437,SN13,1.872709372904337
1000,600,1,gaussian,1.5,1.8669989318654328,437,OptShrink,1.8767709718909968
1000,600,1,gaussian,1.5,1.8669989318654328,438,Algorithm 3,1.8378898716414394
1000,600,1,gaussian,1.5,1.8669989318654328,438,SN13,1.8593473665098375
1000,600,1,gaussian,1.5,1.8669989318654328,438,OptShrink,1.863247023773737
1000,600,1,gaussian,1.5,1.8669989318654328,439,Algorithm 3,1.8266564875112905
1000,600,1,gaussian,1.5,1.8669989318654328,439,SN13,1.844052382686237
1000,600,1,gaussian,1.5,1.8669989318654328,439,OptShrink,1.8479028569464984
1000,600,1,gaussian,1.5,1.8669989318654328,440,Algorithm 3,1.8259224693280705
1000,600,1,gaussian,1.5,1.8669989318654328,440,SN13,1.8407828972838216
1000,600,1,gaussian,1.5,1.8669989318654328,440,OptShrink,1.8449921192656284
1000,600,1,gaussian,1.5,1.8669989318654328,441,Algorithm 3,1.8644435736144183
1000,600,1,gaussian,1.5,1.8669989318654328,441,SN13,1.8737661507141121
1000,600,1,gaussian,1.5,1.8669989318654328,441,OptShrink,1.8775851974949038
1000,600,1,gaussian,1.5,1.8669989318654328,442,Algorithm 3,1.8941290737478003
1000,600,1,gaussian,1.5,1.8669989318654328,442,SN13,1.852842875063051
1000,600,1,gaussian,1.5,1.8669989318654328,442,OptShrink,1.8567803524108897
1000,600,1,gaussian,1.5,1.8669989318654328,443,Algorithm 3,1.7774539667878568
1000,600,1,gaussian,1.5,1.8669989318654328,443,SN13,1.7802839318260655
1000,600,1,gaussian,1.5,1.8669989318654328,443,OptShrink,1.7840909138356325
1000,600,1,gaussian,1.5,1.8669989318654328,444,Algorithm 3,1.9421030361946592
1000,600,1,gaussian,1.5,1.8669989318654328,444,SN13,1.9485513045171767
1000,600,1,gaussian,1.5,1.8669989318654328,444,OptShrink,1.952729895832664
1000,600,1,gaussian,1.5,1.8669989318654328,445,Algorithm 3,1.8608654837029395
1000,600,1,gaussian,1.5,1.8669989318654328,445,SN13,1.8842314071614086
1000,600,1,gaussian,1.5,1.8669989318654328,445,OptShrink,1.8877134437891696
1000,600,1,gaussian,1.5,1.8669989318654328,446,Algorithm 3,1.9269669310533555
1000,600,1,gaussian,1.5,1.8669989318654328,446,SN13,1.8786417878441939
1000,600,1,gaussian,1.5,1.8669989318654328,446,OptShrink,1.882739904206279
1000,600,1,gaussian,1.5,1.8669989318654328,447,Algorithm 3,1.8618656034473593
1000,600,1,gaussian,1.5,1.8669989318654328,447,SN13,1.8869466871588736
1000,600,1,gaussian,1.5,1.8669989318654328,447,OptShrink,1.891170458094373
1000,600,1,gaussian,1.5,1.8669989318654328,448,Algorithm 3,1.7892737665235479
1000,600,1,gaussian,1.5,1.8669989318654328,448,SN13,1.83292372088063
1000,600,1,gaussian,1.5,1.8669989318654328,448,OptShrink,1.836651863688591
1000,600,1,gaussian,1.5,1.8669989318654328,449,Algorithm 3,1.863320694764854
1000,600,1,gaussian,1.5,1.8669989318654328,449,SN13,1.8550756634980623
1000,600,1,gaussian,1.5,1.8669989318654328,449,OptShrink,1.8586379669904685
1000,600,1,gaussian,1.5,1.8669989318654328,450,Algorithm 3,1.82573265869217
1000,600,1,gaussian,1.5,1.8669989318654328,450,SN13,1.8445353792907089
1000,600,1,gaussian,1.5,1.8669989318654328,450,OptShrink,1.8481825308031474
1000,600,1,gaussian,1.5,1.8669989318654328,451,Algorithm 3,1.80350598188001
1000,600,1,gaussian,1.5,1.8669989318654328,451,SN13,1.8265594648461974
1000,600,1,gaussian,1.5,1.8669989318654328,451,OptShrink,1.8306762004015056
1000,600,1,gaussian,1.5,1.8669989318654328,452,Algorithm 3,1.8029209606977945
1000,600,1,gaussian,1.5,1.8669989318654328,452,SN13,1.8035481615572464
1000,600,1,gaussian,1.5,1.8669989318654328,452,OptShrink,1.8069432486698003
1000,600,1,gaussian,1.5,1.8669989318654328,453,Algorithm 3,1.8481448113632295
1000,600,1,gaussian,1.5,1.8669989318654328,453,SN13,1.8785000260554718
1000,600,1,gaussian,1.5,1.8669989318654328,453,OptShrink,1.8830025101236452
1000,600,1,gaussian,1.5,1.8669989318654328,454,Algorithm 3,1.8523267702080202
1000,600,1,gaussian,1.5,1.8669989318654328,454,SN13,1.8563534453008492
1000,600,1,gaussian,1.5,1.8669989318654328,454,OptShrink,1.8608382851534255
1000,600,1,gaussian,1.5,1.8669989318654328,455,Algorithm 3,1.8965087784545966
1000,600,1,gaussian,1.5,1.8669989318654328,455,SN13,1.9201455526987892
1000,600,1,gaussian,1.5,1.8669989318654328,455,OptShrink,1.9237668405661426
1000,600,1,gaussian,1.5,1.8669989318654328,456,Algorithm 3,1.9053625964372078
1000,600,1,gaussian,1.5,1.8669989318654328,456,SN13,1.8749035617438274
1000,600,1,gaussian,1.5,1.8669989318654328,456,OptShrink,1.8780207447445973
1000,600,1,gaussian,1.5,1.8669989318654328,457,Algorithm 3,1.877886976939747
1000,600,1,gaussian,1.5,1.8669989318654328,457,SN13,1.9196997282847905
1000,600,1,gaussian,1.5,1.8669989318654328,457,OptShrink,1.9232344754301292
1000,600,1,gaussian,1.5,1.8669989318654328,458,Algorithm 3,1.8859377774985646
1000,600,1,gaussian,1.5,1.8669989318654328,458,SN13,1.8673036706576231
1000,600,1,gaussian,1.5,1.8669989318654328,458,OptShrink,1.871405109122323
1000,600,1,gaussian,1.5,1.8669989318654328,459,Algorithm 3,1.9327936338199874
1000,600,1,gaussian,1.5,1.8669989318654328,459,SN13,1.890072972549606
1000,600,1,gaussian,1.5,1.8669989318654328,459,OptShrink,1.8943463107970222
1000,600,1,gaussian,1.5,1.8669989318654328,460,Algorithm 3,1.9095001031638816
1000,600,1,gaussian,1.5,1.8669989318654328,460,SN13,1.908759810400625
1000,600,1,gaussian,1.5,1.8669989318654328,460,OptShrink,1.9134170425858463
1000,600,1,gaussian,1.5,1.8669989318654328,461,Algorithm 3,1.8448556038803592
1000,600,1,gaussian,1.5,1.8669989318654328,461,SN13,1.8809938483477497
1000,600,1,gaussian,1.5,1.8669989318654328,461,OptShrink,1.8851407016161945
1000,600,1,gaussian,1.5,1.8669989318654328,462,Algorithm 3,1.8985046125996166
1000,600,1,gaussian,1.5,1.8669989318654328,462,SN13,1.9008109338921513
1000,600,1,gaussian,1.5,1.8669989318654328,462,OptShrink,1.9047816166150573
1000,600,1,gaussian,1.5,1.8669989318654328,463,Algorithm 3,1.888444735314021
1000,600,1,gaussian,1.5,1.8669989318654328,463,SN13,1.8960734574744222
1000,600,1,gaussian,1.5,1.8669989318654328,463,OptShrink,1.9000989452856534
1000,600,1,gaussian,1.5,1.8669989318654328,464,Algorithm 3,1.8382146168983744
1000,600,1,gaussian,1.5,1.8669989318654328,464,SN13,1.8487700557072182
1000,600,1,gaussian,1.5,1.8669989318654328,464,OptShrink,1.853261417187023
1000,600,1,gaussian,1.5,1.8669989318654328,465,Algorithm 3,1.8182458535056578
1000,600,1,gaussian,1.5,1.8669989318654328,465,SN13,1.8069300667927424
1000,600,1,gaussian,1.5,1.8669989318654328,465,OptShrink,1.8109712872611339
1000,600,1,gaussian,1.5,1.8669989318654328,466,Algorithm 3,1.8363209054210883
1000,600,1,gaussian,1.5,1.8669989318654328,466,SN13,1.8676687196008932
1000,600,1,gaussian,1.5,1.8669989318654328,466,OptShrink,1.871510920774994
1000,600,1,gaussian,1.5,1.8669989318654328,467,Algorithm 3,1.9196067759481266
1000,600,1,gaussian,1.5,1.8669989318654328,467,SN13,1.9294632517692802
1000,600,1,gaussian,1.5,1.8669989318654328,467,OptShrink,1.9335012363121367
1000,600,1,gaussian,1.5,1.8669989318654328,468,Algorithm 3,1.819055387007368
1000,600,1,gaussian,1.5,1.8669989318654328,468,SN13,1.7962515350845665
1000,600,1,gaussian,1.5,1.8669989318654328,468,OptShrink,1.8005869644368755
1000,600,1,gaussian,1.5,1.8669989318654328,469,Algorithm 3,1.8655005290996634
1000,600,1,gaussian,1.5,1.8669989318654328,469,SN13,1.8625561909053323
1000,600,1,gaussian,1.5,1.8669989318654328,469,OptShrink,1.8667768978474224
1000,600,1,gaussian,1.5,1.8669989318654328,470,Algorithm 3,1.8281686620027389
1000,600,1,gaussian,1.5,1.8669989318654328,470,SN13,1.849874770979961
1000,600,1,gaussian,1.5,1.8669989318654328,470,OptShrink,1.8535304679210962
1000,600,1,gaussian,1.5,1.8669989318654328,471,Algorithm 3,1.9235004786696885
1000,600,1,gaussian,1.5,1.8669989318654328,471,SN13,1.8905094485120875
1000,600,1,gaussian,1.5,1.8669989318654328,471,OptShrink,1.8947731525327367
1000,600,1,gaussian,1.5,1.8669989318654328,472,Algorithm 3,1.7367375847869393
1000,600,1,gaussian,1.5,1.8669989318654328,472,SN13,1.7599983447982794
1000,600,1,gaussian,1.5,1.8669989318654328,472,OptShrink,1.7639864259130853
1000,600,1,gaussian,1.5,1.8669989318654328,473,Algorithm 3,1.884475009874058
1000,600,1,gaussian,1.5,1.8669989318654328,473,SN13,1.8644140327373404
1000,600,1,gaussian,1.5,1.8669989318654328,473,OptShrink,1.8684542275480165
1000,600,1,gaussian,1.5,1.8669989318654328,474,Algorithm 3,1.8724929160791468
1000,600,1,gaussian,1.5,1.8669989318654328,474,SN13,1.8670516304079363
1000,600,1,gaussian,1.5,1.8669989318654328,474,OptShrink,1.8708805783579927
1000,600,1,gaussian,1.5,1.8669989318654328,475,Algorithm 3,1.8993779017112662
1000,600,1,gaussian,1.5,1.8669989318654328,475,SN13,1.8868032519893008
1000,600,1,gaussian,1.5,1.8669989318654328,475,OptShrink,1.8903692073542715
1000,600,1,gaussian,1.5,1.8669989318654328,476,Algorithm 3,1.784227112781453
1000,600,1,gaussian,1.5,1.8669989318654328,476,SN13,1.7969992540115454
1000,600,1,gaussian,1.5,1.8669989318654328,476,OptShrink,1.800975530771833
1000,600,1,gaussian,1.5,1.8669989318654328,477,Algorithm 3,1.8535104450400401
1000,600,1,gaussian,1.5,1.8669989318654328,477,SN13,1.8614167438316445
1000,600,1,gaussian,1.5,1.8669989318654328,477,OptShrink,1.8651880105912604
1000,600,1,gaussian,1.5,1.8669989318654328,478,Algorithm 3,1.8851344451167416
1000,600,1,gaussian,1.5,1.8669989318654328,478,SN13,1.8834156017293984
1000,600,1,gaussian,1.5,1.8669989318654328,478,OptShrink,1.887208991037146
1000,600,1,gaussian,1.5,1.8669989318654328,479,Algorithm 3,1.8506848484563274
1000,600,1,gaussian,1.5,1.8669989318654328,479,SN13,1.857400181595737
1000,600,1,gaussian,1.5,1.8669989318654328,479,OptShrink,1.861519344099843
1000,600,1,gaussian,1.5,1.8669989318654328,480,Algorithm 3,1.9459781290548774
1000,600,1,gaussian,1.5,1.8669989318654328,480,SN13,1.9029014448317656
1000,600,1,gaussian,1.5,1.8669989318654328,480,OptShrink,1.9073053269131202
1000,600,1,gaussian,1.5,1.8669989318654328,481,Algorithm 3,1.8885723092817
1000,600,1,gaussian,1.5,1.8669989318654328,481,SN13,1.872178515841875
1000,600,1,gaussian,1.5,1.8669989318654328,481,OptShrink,1.8759353064537863
1000,600,1,gaussian,1.5,1.8669989318654328,482,Algorithm 3,1.8114639082348427
1000,600,1,gaussian,1.5,1.8669989318654328,482,SN13,1.8217782702737821
1000,600,1,gaussian,1.5,1.8669989318654328,482,OptShrink,1.8252873282440925
1000,600,1,gaussian,1.5,1.8669989318654328,483,Algorithm 3,1.9401642415070433
1000,600,1,gaussian,1.5,1.8669989318654328,483,SN13,1.9477657865377376
1000,600,1,gaussian,1.5,1.8669989318654328,483,OptShrink,1.9517361538623101
1000,600,1,gaussian,1.5,1.8669989318654328,484,Algorithm 3,1.8611911128912593
1000,600,1,gaussian,1.5,1.8669989318654328,484,SN13,1.818996641607239
1000,600,1,gaussian,1.5,1.8669989318654328,484,OptShrink,1.82255654690679
1000,600,1,gaussian,1.5,1.8669989318654328,485,Algorithm 3,1.9497600455994364
1000,600,1,gaussian,1.5,1.8669989318654328,485,SN13,1.9531210747260468
1000,600,1,gaussian,1.5,1.8669989318654328,485,OptShrink,1.9571534145891807
1000,600,1,gaussian,1.5,1.8669989318654328,486,Algorithm 3,1.8912671306039626
1000,600,1,gaussian,1.5,1.8669989318654328,486,SN13,1.874651397079049
1000,600,1,gaussian,1.5,1.8669989318654328,486,OptShrink,1.8786557369493455
1000,600,1,gaussian,1.5,1.8669989318654328,487,Algorithm 3,1.8326644874694813
1000,600,1,gaussian,1.5,1.8669989318654328,487,SN13,1.8495217727213855
1000,600,1,gaussian,1.5,1.8669989318654328,487,OptShrink,1.8539317014488357
1000,600,1,gaussian,1.5,1.8669989318654328,488,Algorithm 3,1.8828110247982859
1000,600,1,gaussian,1.5,1.8669989318654328,488,SN13,1.8373621214707025
1000,600,1,gaussian,1.5,1.8669989318654328,488,OptShrink,1.8413728913063836
1000,600,1,gaussian,1.5,1.8669989318654328,489,Algorithm 3,1.8833560010287702
1000,600,1,gaussian,1.5,1.8669989318654328,489,SN13,1.8847614219981361
1000,600,1,gaussian,1.5,1.8669989318654328,489,OptShrink,1.8883917423141934
1000,600,1,gaussian,1.5,1.8669989318654328,490,Algorithm 3,1.9160483137726523
1000,600,1,gaussian,1.5,1.8669989318654328,490,SN13,1.9167532232719047
1000,600,1,gaussian,1.5,1.8669989318654328,490,OptShrink,1.9212929349833594
1000,600,1,gaussian,1.5,1.8669989318654328,491,Algorithm 3,1.8550489952858602
1000,600,1,gaussian,1.5,1.8669989318654328,491,SN13,1.836479590610589
1000,600,1,gaussian,1.5,1.8669989318654328,491,OptShrink,1.8400671743884838
1000,600,1,gaussian,1.5,1.8669989318654328,492,Algorithm 3,1.8578848120046751
1000,600,1,gaussian,1.5,1.8669989318654328,492,SN13,1.8965398813005043
1000,600,1,gaussian,1.5,1.8669989318654328,492,OptShrink,1.9001350990869532
1000,600,1,gaussian,1.5,1.8669989318654328,493,Algorithm 3,1.799085525197207
1000,600,1,gaussian,1.5,1.8669989318654328,493,SN13,1.7951622116662989
1000,600,1,gaussian,1.5,1.8669989318654328,493,OptShrink,1.798053893932536
1000,600,1,gaussian,1.5,1.8669989318654328,494,Algorithm 3,1.8540245994972384
1000,600,1,gaussian,1.5,1.8669989318654328,494,SN13,1.9027251628231878
1000,600,1,gaussian,1.5,1.8669989318654328,494,OptShrink,1.9058437769828915
1000,600,1,gaussian,1.5,1.8669989318654328,495,Algorithm 3,1.8872068984684363
1000,600,1,gaussian,1.5,1.8669989318654328,495,SN13,1.9010845685301156
1000,600,1,gaussian,1.5,1.8669989318654328,495,OptShrink,1.904622714338948
1000,600,1,gaussian,1.5,1.8669989318654328,496,Algorithm 3,1.806982419081241
1000,600,1,gaussian,1.5,1.8669989318654328,496,SN13,1.8512952861945455
1000,600,1,gaussian,1.5,1.8669989318654328,496,OptShrink,1.855044429458132
1000,600,1,gaussian,1.5,1.8669989318654328,497,Algorithm 3,1.8666718895738303
1000,600,1,gaussian,1.5,1.8669989318654328,497,SN13,1.868606550283112
1000,600,1,gaussian,1.5,1.8669989318654328,497,OptShrink,1.8723984010531072
1000,600,1,gaussian,1.5,1.8669989318654328,498,Algorithm 3,1.8483176757356046
1000,600,1,gaussian,1.5,1.8669989318654328,498,SN13,1.835795491354182
1000,600,1,gaussian,1.5,1.8669989318654328,498,OptShrink,1.8397478896552428
1000,600,1,gaussian,1.5,1.8669989318654328,499,Algorithm 3,1.8696115121804082
1000,600,1,gaussian,1.5,1.8669989318654328,499,SN13,1.8667073448682063
1000,600,1,gaussian,1.5,1.8669989318654328,499,OptShrink,1.8704272459875042
1000,600,1,gaussian,1.5,1.8669989318654328,500,Algorithm 3,1.850367444539168
1000,600,1,gaussian,1.5,1.8669989318654328,500,SN13,1.872664040172557
1000,600,1,gaussian,1.5,1.8669989318654328,500,OptShrink,1.8766552653093442
1000,600,1,rademacher,1.5,1.8669989318654328,1,Algorithm 3,1.818683880122979
1000,600,1,rademacher,1.5,1.8669989318654328,1,SN13,1.8279651269149297
1000,600,1,rademacher,1.5,1.8669989318654328,1,OptShrink,1.8325111596546153
1000,600,1,rademacher,1.5,1.8669989318654328,2,Algorithm 3,1.9075199710064208
1000,600,1,rademacher,1.5,1.8669989318654328,2,SN13,1.8996486634265422
1000,600,1,rademacher,1.5,1.8669989318654328,2,OptShrink,1.903767651925065
1000,600,1,rademacher,1.5,1.8669989318654328,3,Algorithm 3,1.908107927567724
1000,600,1,rademacher,1.5,1.8669989318654328,3,SN13,1.909186162441506
1000,600,1,rademacher,1.5,1.8669989318654328,3,OptShrink,1.913462728935107
1000,600,1,rademacher,1.5,1.8669989318654328,4,Algorithm 3,1.8055684648898789
1000,600,1,rademacher,1.5,1.8669989318654328,4,SN13,1.8241501677943959
1000,600,1,rademacher,1.5,1.8669989318654328,4,OptShrink,1.8280946801541338
1000,600,1,rademacher,1.5,1.8669989318654328,5,Algorithm 3,1.835225431800665
1000,600,1,rademacher,1.5,1.8669989318654328,5,SN13,1.8385396955721338
1000,600,1,rademacher,1.5,1.8669989318654328,5,OptShrink,1.8424808871600127
1000,600,1,rademacher,1.5,1.8669989318654328,6,Algorithm 3,1.9042546391849853
1000,600,1,rademacher,1.5,1.8669989318654328,6,SN13,1.8977404190426264
1000,600,1,rademacher,1.5,1.8669989318654328,6,OptShrink,1.901244577738196
1000,600,1,rademacher,1.5,1.8669989318654328,7,Algorithm 3,1.855815142815909
1000,600,1,rademacher,1.5,1.8669989318654328,7,SN13,1.876080213423563
1000,600,1,rademacher,1.5,1.8669989318654328,7,OptShrink,1.8797256005893195
1000,600,1,rademacher,1.5,1.8669989318654328,8,Algorithm 3,1.8216679967647917
1000,600,1,rademacher,1.5,1.8669989318654328,8,SN13,1.8482131003941424
1000,600,1,rademacher,1.5,1.8669989318654328,8,OptShrink,1.8522152109635168
1000,600,1,rademacher,1.5,1.8669989318654328,9,Algorithm 3,1.9073943425973445
1000,600,1,rademacher,1.5,1.8669989318654328,9,SN13,1.9081143095407285
1000,600,1,rademacher,1.5,1.8669989318654328,9,OptShrink,1.9121660827531264
1000,600,1,rademacher,1.5,1.8669989318654328,10,Algorithm 3,1.8662626562348705
1000,600,1,rademacher,1.5,1.8669989318654328,10,SN13,1.8765555361144244
1000,600,1,rademacher,1.5,1.8669989318654328,10,OptShrink,1.8806414450976057
1000,600,1,rademacher,1.5,1.8669989318654328,11,Algorithm 3,1.8578611886498442
1000,600,1,rademacher,1.5,1.8669989318654328,11,SN13,1.863062024251031
1000,600,1,rademacher,1.5,1.8669989318654328,11,OptShrink,1.8668378909431291
1000,600,1,rademacher,1.5,1.8669989318654328,12,Algorithm 3,1.8648358707620583
1000,600,1,rademacher,1.5,1.8669989318654328,12,SN13,1.853815335412742
1000,600,1,rademacher,1.5,1.8669989318654328,12,OptShrink,1.8582518514447979
1000,600,1,rademacher,1.5,1.8669989318654328,13,Algorithm 3,1.8334880434650116
1000,600,1,rademacher,1.5,1.8669989318654328,13,SN13,1.868323987179173
1000,600,1,rademacher,1.5,1.8669989318654328,13,OptShrink,1.8724387585121336
1000,600,1,rademacher,1.5,1.8669989318654328,14,Algorithm 3,1.9195383727426873
1000,600,1,rademacher,1.5,1.8669989318654328,14,SN13,1.878470163704315
1000,600,1,rademacher,1.5,1.8669989318654328,14,OptShrink,1.8824963536581005
1000,600,1,rademacher,1.5,1.8669989318654328,15,Algorithm 3,1.8096288979325246
1000,600,1,rademacher,1.5,1.8669989318654328,15,SN13,1.8291062665693993
1000,600,1,rademacher,1.5,1.8669989318654328,15,OptShrink,1.8335739520271683
1000,600,1,rademacher,1.5,1.8669989318654328,16,Algorithm 3,1.8483111349481134
1000,600,1,rademacher,1.5,1.8669989318654328,16,SN13,1.8260818730431465
1000,600,1,rademacher,1.5,1.8669989318654328,16,OptShrink,1.830234310038238
1000,600,1,rademacher,1.5,1.8669989318654328,17,Algorithm 3,1.880210645903092
1000,600,1,rademacher,1.5,1.8669989318654328,17,SN13,1.8883630096761244
1000,600,1,rademacher,1.5,1.8669989318654328,17,OptShrink,1.8922185250506007
1000,600,1,rademacher,1.5,1.8669989318654328,18,Algorithm 3,1.9283060651948973
1000,600,1,rademacher,1.5,1.8669989318654328,18,SN13,1.940572775166889
1000,600,1,rademacher,1.5,1.8669989318654328,18,OptShrink,1.9447525781680446
1000,600,1,rademacher,1.5,1.8669989318654328,19,Algorithm 3,1.9411088038092201
1000,600,1,rademacher,1.5,1.8669989318654328,19,SN13,1.941186792225294
1000,600,1,rademacher,1.5,1.8669989318654328,19,OptShrink,1.945516712995751
1000,600,1,rademacher,1.5,1.8669989318654328,20,Algorithm 3,1.7906568385014647
1000,600,1,rademacher,1.5,1.8669989318654328,20,SN13,1.8021295476572303
1000,600,1,rademacher,1.5,1.8669989318654328,20,OptShrink,1.805573849317871
1000,600,1,rademacher,1.5,1.8669989318654328,21,Algorithm 3,1.9236510406487233
1000,600,1,rademacher,1.5,1.8669989318654328,21,SN13,1.9542927408413973
1000,600,1,rademacher,1.5,1.8669989318654328,21,OptShrink,1.9585473414790546
1000,600,1,rademacher,1.5,1.8669989318654328,22,Algorithm 3,1.784898718953548
1000,600,1,rademacher,1.5,1.8669989318654328,22,SN13,1.7662884178151208
1000,600,1,rademacher,1.5,1.8669989318654328,22,OptShrink,1.7711197929130265
1000,600,1,rademacher,1.5,1.8669989318654328,23,Algorithm 3,1.8985325030726874
1000,600,1,rademacher,1.5,1.8669989318654328,23,SN13,1.9164755757945087
1000,600,1,rademacher,1.5,1.8669989318654328,23,OptShrink,1.920872145117381
1000,600,1,rademacher,1.5,1.8669989318654328,24,Algorithm 3,1.8867456158009646
1000,600,1,rademacher,1.5,1.8669989318654328,24,SN13,1.8842906231373495
1000,600,1,rademacher,1.5,1.8669989318654328,24,OptShrink,1.8880567870877023
1000,600,1,rademacher,1.5,1.8669989318654328,25,Algorithm 3,1.786289133154529
1000,600,1,rademacher,1.5,1.8669989318654328,25,SN13,1.79489493292532
1000,600,1,rademacher,1.5,1.8669989318654328,25,OptShrink,1.7986367676468542
1000,600,1,rademacher,1.5,1.8669989318654328,26,Algorithm 3,1.8358200482506954
1000,600,1,rademacher,1.5,1.8669989318654328,26,SN13,1.8576387098641387
1000,600,1,rademacher,1.5,1.8669989318654328,26,OptShrink,1.8615991784889543
1000,600,1,rademacher,1.5,1.8669989318654328,27,Algorithm 3,1.9402392851116304
1000,600,1,rademacher,1.5,1.8669989318654328,27,SN13,1.8996729100890317
1000,600,1,rademacher,1.5,1.8669989318654328,27,OptShrink,1.9037685321638427
1000,600,1,rademacher,1.5,1.8669989318654328,28,Algorithm 3,1.8649595852709777
1000,600,1,rademacher,1.5,1.8669989318654328,28,SN13,1.8785921152088934
1000,600,1,rademacher,1.5,1.8669989318654328,28,OptShrink,1.8834663173486932
1000,600,1,rademacher,1.5,1.8669989318654328,29,Algorithm 3,1.8091218938976095
1000,600,1,rademacher,1.5,1.8669989318654328,29,SN13,1.8365633120387583
1000,600,1,rademacher,1.5,1.8669989318654328,29,OptShrink,1.8403037444411372
1000,600,1,rademacher,1.5,1.8669989318654328,30,Algorithm 3,1.8930883227948008
1000,600,1,rademacher,1.5,1.8669989318654328,30,SN13,1.8740611008584231
1000,600,1,rademacher,1.5,1.8669989318654328,30,OptShrink,1.878239948072891
1000,600,1,rademacher,1.5,1.8669989318654328,31,Algorithm 3,1.851603028835333
1000,600,1,rademacher,1.5,1.8669989318654328,31,SN13,1.8662734046734968
1000,600,1,rademacher,1.5,1.8669989318654328,31,OptShrink,1.8706086424439459
1000,600,1,rademacher,1.5,1.8669989318654328,32,Algorithm 3,1.8316443169106151
1000,600,1,rademacher,1.5,1.8669989318654328,32,SN13,1.875863076355075
1000,600,1,rademacher,1.5,1.8669989318654328,32,OptShrink,1.8799192205002444
1000,600,1,rademacher,1.5,1.8669989318654328,33,Algorithm 3,1.8119595029317868
1000,600,1,rademacher,1.5,1.8669989318654328,33,SN13,1.822138334969441
1000,600,1,rademacher,1.5,1.8669989318654328,33,OptShrink,1.8264336524644627
1000,600,1,rademacher,1.5,1.8669989318654328,34,Algorithm 3,1.771591824755475
1000,600,1,rademacher,1.5,1.8669989318654328,34,SN13,1.7941621474391967
1000,600,1,rademacher,1.5,1.8669989318654328,34,OptShrink,1.7984910843105815
1000,600,1,rademacher,1.5,1.8669989318654328,35,Algorithm 3,1.9082024317171835
1000,600,1,rademacher,1.5,1.8669989318654328,35,SN13,1.8891923888114144
1000,600,1,rademacher,1.5,1.8669989318654328,35,OptShrink,1.8934541232506519
1000,600,1,rademacher,1.5,1.8669989318654328,36,Algorithm 3,1.875918493992011
1000,600,1,rademacher,1.5,1.8669989318654328,36,SN13,1.8713728493954476
1000,600,1,rademacher,1.5,1.8669989318654328,36,OptShrink,1.8761138976118699
1000,600,1,rademacher,1.5,1.8669989318654328,37,Algorithm 3,1.8979542641599827
1000,600,1,rademacher,1.5,1.8669989318654328,37,SN13,1.8906427978905778
1000,600,1,rademacher,1.5,1.8669989318654328,37,OptShrink,1.8946265232790396
1000,600,1,rademacher,1.5,1.8669989318654328,38,Algorithm 3,1.8895208896381084
1000,600,1,rademacher,1.5,1.8669989318654328,38,SN13,1.872021415317435
1000,600,1,rademacher,1.5,1.8669989318654328,38,OptShrink,1.8758505466235529
1000,600,1,rademacher,1.5,1.8669989318654328,39,Algorithm 3,1.9200903389952775
1000,600,1,rademacher,1.5,1.8669989318654328,39,SN13,1.9196884316760168
1000,600,1,rademacher,1.5,1.8669989318654328,39,OptShrink,1.923632508899505
1000,600,1,rademacher,1.5,1.8669989318654328,40,Algorithm 3,1.8397317012946595
1000,600,1,rademacher,1.5,1.8669989318654328,40,SN13,1.8200006000527
1000,600,1,rademacher,1.5,1.8669989318654328,40,OptShrink,1.8237779954752897
1000,600,1,rademacher,1.5,1.8669989318654328,41,Algorithm 3,1.852527869426867
1000,600,1,rademacher,1.5,1.8669989318654328,41,SN13,1.8358694913039395
1000,600,1,rademacher,1.5,1.8669989318654328,41,OptShrink,1.840124872894945
1000,600,1,rademacher,1.5,1.8669989318654328,42,Algorithm 3,1.90404513084507
1000,600,1,rademacher,1.5,1.8669989318654328,42,SN13,1.840327802073625
1000,600,1,rademacher,1.5,1.8669989318654328,42,OptShrink,1.8444292589579028
1000,600,1,rademacher,1.5,1.8669989318654328,43,Algorithm 3,1.8922047149687733
1000,600,1,rademacher,1.5,1.8669989318654328,43,SN13,1.9057387723019925
1000,600,1,rademacher,1.5,1.8669989318654328,43,OptShrink,1.9096550508940007
1000,600,1,rademacher,1.5,1.8669989318654328,44,Algorithm 3,1.8277822137761728
1000,600,1,rademacher,1.5,1.8669989318654328,44,SN13,1.8386326564432507
1000,600,1,rademacher,1.5,1.8669989318654328,44,OptShrink,1.8428614245064072
1000,600,1,rademacher,1.5,1.8669989318654328,45,Algorithm 3,1.8980239398697267
1000,600,1,rademacher,1.5,1.8669989318654328,45,SN13,1.8464912634319608
1000,600,1,rademacher,1.5,1.8669989318654328,45,OptShrink,1.850869649850372
1000,600,1,rademacher,1.5,1.8669989318654328,46,Algorithm 3,1.806464218495366
1000,600,1,rademacher,1.5,1.8669989318654328,46,SN13,1.7946087321599107
1000,600,1,rademacher,1.5,1.8669989318654328,46,OptShrink,1.7990745664331396
1000,600,1,rademacher,1.5,1.8669989318654328,47,Algorithm 3,1.7941787502841737
1000,600,1,rademacher,1.5,1.8669989318654328,47,SN13,1.8196925553457761
1000,600,1,rademacher,1.5,1.8669989318654328,47,OptShrink,1.82357258637375
1000,600,1,rademacher,1.5,1.8669989318654328,48,Algorithm 3,1.8158956351132924
1000,600,1,rademacher,1.5,1.8669989318654328,48,SN13,1.8427462789355182
1000,600,1,rademacher,1.5,1.8669989318654328,48,OptShrink,1.8466510611793483
1000,600,1,rademacher,1.5,1.8669989318654328,49,Algorithm 3,1.8672672451696357
1000,600,1,rademacher,1.5,1.8669989318654328,49,SN13,1.8689458009896547
1000,600,1,rademacher,1.5,1.8669989318654328,49,OptShrink,1.8729736054713069
1000,600,1,rademacher,1.5,1.8669989318654328,50,Algorithm 3,1.91090092006103
1000,600,1,rademacher,1.5,1.8669989318654328,50,SN13,1.9121683016797415
1000,600,1,rademacher,1.5,1.8669989318654328,50,OptShrink,1.9161861421028088
1000,600,1,rademacher,1.5,1.8669989318654328,51,Algorithm 3,1.8784366469468665
1000,600,1,rademacher,1.5,1.8669989318654328,51,SN13,1.8420118634784306
1000,600,1,rademacher,1.5,1.8669989318654328,51,OptShrink,1.8471297678401515
1000,600,1,rademacher,1.5,1.8669989318654328,52,Algorithm 3,1.8670905267264515
1000,600,1,rademacher,1.5,1.8669989318654328,52,SN13,1.9057727591033296
1000,600,1,rademacher,1.5,1.8669989318654328,52,OptShrink,1.909947270570203
1000,600,1,rademacher,1.5,1.8669989318654328,53,Algorithm 3,1.8759064957579263
1000,600,1,rademacher,1.5,1.8669989318654328,53,SN13,1.8698385731718048
1000,600,1,rademacher,1.5,1.8669989318654328,53,OptShrink,1.87377235829756
1000,600,1,rademacher,1.5,1.8669989318654328,54,Algorithm 3,1.8780437406725456
1000,600,1,rademacher,1.5,1.8669989318654328,54,SN13,1.8671757598976502
1000,600,1,rademacher,1.5,1.8669989318654328,54,OptShrink,1.8711192257281197
1000,600,1,rademacher,1.5,1.8669989318654328,55,Algorithm 3,1.8422110901433246
1000,600,1,rademacher,1.5,1.8669989318654328,55,SN13,1.8785080218803767
1000,600,1,rademacher,1.5,1.8669989318654328,55,OptShrink,1.8825710890941385
1000,600,1,rademacher,1.5,1.8669989318654328,56,Algorithm 3,1.8620328555968035
1000,600,1,rademacher,1.5,1.8669989318654328,56,SN13,1.871045831273912
1000,600,1,rademacher,1.5,1.8669989318654328,56,OptShrink,1.8753148690452528
1000,600,1,rademacher,1.5,1.8669989318654328,57,Algorithm 3,1.9302296878718423
1000,600,1,rademacher,1.5,1.8669989318654328,57,SN13,1.9109485423394688
1000,600,1,rademacher,1.5,1.8669989318654328,57,OptShrink,1.9153839038682687
1000,600,1,rademacher,1.5,1.8669989318654328,58,Algorithm 3,1.801019242919576
1000,600,1,rademacher,1.5,1.8669989318654328,58,SN13,1.8185076248187941
1000,600,1,rademacher,1.5,1.8669989318654328,58,OptShrink,1.8226007387256338
1000,600,1,rademacher,1.5,1.8669989318654328,59,Algorithm 3,1.8170231501536414
1000,600,1,rademacher,1.5,1.8669989318654328,59,SN13,1.85038649672735
1000,600,1,rademacher,1.5,1.8669989318654328,59,OptShrink,1.8551911060310893
1000,600,1,rademacher,1.5,1.8669989318654328,60,Algorithm 3,1.8699183284790986
1000,600,1,rademacher,1.5,1.8669989318654328,60,SN13,1.847152220229933
1000,600,1,rademacher,1.5,1.8669989318654328,60,OptShrink,1.8510594091983383
1000,600,1,rademacher,1.5,1.8669989318654328,61,Algorithm 3,1.8965674261692385
1000,600,1,rademacher,1.5,1.8669989318654328,61,SN13,1.8930511151640257
1000,600,1,rademacher,1.5,1.8669989318654328,61,OptShrink,1.8972197403065651
1000,600,1,rademacher,1.5,1.8669989318654328,62,Algorithm 3,1.9228459486645626
1000,600,1,rademacher,1.5,1.8669989318654328,62,SN13,1.8920402886991157
1000,600,1,rademacher,1.5,1.8669989318654328,62,OptShrink,1.8960966852435068
1000,600,1,rademacher,1.5,1.8669989318654328,63,Algorithm 3,1.856981509878591
1000,600,1,rademacher,1.5,1.8669989318654328,63,SN13,1.8375297031806406
1000,600,1,rademacher,1.5,1.8669989318654328,63,OptShrink,1.8416977478519758
1000,600,1,rademacher,1.5,1.8669989318654328,64,Algorithm 3,1.799459096888918
1000,600,1,rademacher,1.5,1.8669989318654328,64,SN13,1.8103842396109877
1000,600,1,rademacher,1.5,1.8669989318654328,64,OptShrink,1.8147647976257366
1000,600,1,rademacher,1.5,1.8669989318654328,65,Algorithm 3,1.8859949457162735
1000,600,1,rademacher,1.5,1.8669989318654328,65,SN13,1.8816510154961288
1000,600,1,rademacher,1.5,1.8669989318654328,65,OptShrink,1.8859259044433945
1000,600,1,rademacher,1.5,1.8669989318654328,66,Algorithm 3,1.7929244077728808
1000,600,1,rademacher,1.5,1.8669989318654328,66,SN13,1.830944916684914
1000,600,1,rademacher,1.5,1.8669989318654328,66,OptShrink,1.8347525279222896
1000,600,1,rademacher,1.5,1.8669989318654328,67,Algorithm 3,1.9124561036578283
1000,600,1,rademacher,1.5,1.8669989318654328,67,SN13,1.8616709587974338
1000,600,1,rademacher,1.5,1.8669989318654328,67,OptShrink,1.8653455544216015
1000,600,1,rademacher,1.5,1.8669989318654328,68,Algorithm 3,1.8688418496413692
1000,600,1,rademacher,1.5,1.8669989318654328,68,SN13,1.8893882040725287
1000,600,1,rademacher,1.5,1.8669989318654328,68,OptShrink,1.8938191839645693
1000,600,1,rademacher,1.5,1.8669989318654328,69,Algorithm 3,1.9147937774071253
1000,600,1,rademacher,1.5,1.8669989318654328,69,SN13,1.9072762494312108
1000,600,1,rademacher,1.5,1.8669989318654328,69,OptShrink,1.9111170868193241
1000,600,1,rademacher,1.5,1.8669989318654328,70,Algorithm 3,1.7787451726995456
1000,600,1,rademacher,1.5,1.8669989318654328,70,SN13,1.8217345463622252
1000,600,1,rademacher,1.5,1.8669989318654328,70,OptShrink,1.8261508729090283
1000,600,1,rademacher,1.5,1.8669989318654328,71,Algorithm 3,1.8355865831930633
1000,600,1,rademacher,1.5,1.8669989318654328,71,SN13,1.8399167778687118
1000,600,1,rademacher,1.5,1.8669989318654328,71,OptShrink,1.8443382572676557
1000,600,1,rademacher,1.5,1.8669989318654328,72,Algorithm 3,1.900999253952293
1000,600,1,rademacher,1.5,1.8669989318654328,72,SN13,1.8862594862659485
1000,600,1,rademacher,1.5,1.8669989318654328,72,OptShrink,1.8905494632681497
1000,600,1,rademacher,1.5,1.8669989318654328,73,Algorithm 3,1.8781279436823393
1000,600,1,rademacher,1.5,1.8669989318654328,73,SN13,1.873527104967333
1000,600,1,rademacher,1.5,1.8669989318654328,73,OptShrink,1.8779652287048625
1000,600,1,rademacher,1.5,1.8669989318654328,74,Algorithm 3,1.8607537960146117
1000,600,1,rademacher,1.5,1.8669989318654328,74,SN13,1.836860303446857
1000,600,1,rademacher,1.5,1.8669989318654328,74,OptShrink,1.8412212407156028
1000,600,1,rademacher,1.5,1.8669989318654328,75,Algorithm 3,1.8919914187030245
1000,600,1,rademacher,1.5,1.8669989318654328,75,SN13,1.8892231764486658
1000,600,1,rademacher,1.5,1.8669989318654328,75,OptShrink,1.8927302412440299
1000,600,1,rademacher,1.5,1.8669989318654328,76,Algorithm 3,1.8094314262556372
1000,600,1,rademacher,1.5,1.8669989318654328,76,SN13,1.8390981801508164
1000,600,1,rademacher,1.5,1.8669989318654328,76,OptShrink,1.8428949062543893
1000,600,1,rademacher,1.5,1.8669989318654328,77,Algorithm 3,1.9023757324982142
1000,600,1,rademacher,1.5,1.8669989318654328,77,SN13,1.9129877622219214
1000,600,1,rademacher,1.5,1.8669989318654328,77,OptShrink,1.9171304466398256
1000,600,1,rademacher,1.5,1.8669989318654328,78,Algorithm 3,1.8771198055605416
1000,600,1,rademacher,1.5,1.8669989318654328,78,SN13,1.866462843708694
1000,600,1,rademacher,1.5,1.8669989318654328,78,OptShrink,1.8705569454019386
1000,600,1,rademacher,1.5,1.8669989318654328,79,Algorithm 3,1.8566339346271468
1000,600,1,rademacher,1.5,1.8669989318654328,79,SN13,1.8670279520212403
1000,600,1,rademacher,1.5,1.8669989318654328,79,OptShrink,1.8709250751364888
1000,600,1,rademacher,1.5,1.8669989318654328,80,Algorithm 3,1.8766479263893594
1000,600,1,rademacher,1.5,1.8669989318654328,80,SN13,1.8873194347942808
1000,600,1,rademacher,1.5,1.8669989318654328,80,OptShrink,1.8909836264355868
1000,600,1,rademacher,1.5,1.8669989318654328,81,Algorithm 3,1.8999954073868368
1000,600,1,rademacher,1.5,1.8669989318654328,81,SN13,1.9228974326438806
1000,600,1,rademacher,1.5,1.8669989318654328,81,OptShrink,1.9269932306868343
1000,600,1,rademacher,1.5,1.8669989318654328,82,Algorithm 3,1.890571442895846
1000,600,1,rademacher,1.5,1.8669989318654328,82,SN13,1.8626044488139415
1000,600,1,rademacher,1.5,1.8669989318654328,82,OptShrink,1.867305480408766
1000,600,1,rademacher,1.5,1.8669989318654328,83,Algorithm 3,1.8315879960958568
1000,600,1,rademacher,1.5,1.8669989318654328,83,SN13,1.837633800005426
1000,600,1,rademacher,1.5,1.8669989318654328,83,OptShrink,1.842772028884024
1000,600,1,rademacher,1.5,1.8669989318654328,84,Algorithm 3,1.8522192308819787
1000,600,1,rademacher,1.5,1.8669989318654328,84,SN13,1.8636970311187226
1000,600,1,rademacher,1.5,1.8669989318654328,84,OptShrink,1.8671516953364558
1000,600,1,rademacher,1.5,1.8669989318654328,85,Algorithm 3,1.8688436297052384
1000,600,1,rademacher,1.5,1.8669989318654328,85,SN13,1.8533300798039702
1000,600,1,rademacher,1.5,1.8669989318654328,85,OptShrink,1.8574278104467463
1000,600,1,rademacher,1.5,1.8669989318654328,86,Algorithm 3,1.8349013694284113
1000,600,1,rademacher,1.5,1.8669989318654328,86,SN13,1.836248218258704
1000,600,1,rademacher,1.5,1.8669989318654328,86,OptShrink,1.8407574828942022
1000,600,1,rademacher,1.5,1.8669989318654328,87,Algorithm 3,1.897126128956456
1000,600,1,rademacher,1.5,1.8669989318654328,87,SN13,1.8858956725038292
1000,600,1,rademacher,1.5,1.8669989318654328,87,OptShrink,1.8906751604077308
1000,600,1,rademacher,1.5,1.8669989318654328,88,Algorithm 3,1.8300346169201147
1000,600,1,rademacher,1.5,1.8669989318654328,88,SN13,1.8338511039307148
1000,600,1,rademacher,1.5,1.8669989318654328,88,OptShrink,1.8375020735490069
1000,600,1,rademacher,1.5,1.8669989318654328,89,Algorithm 3,1.9025074665033213
1000,600,1,rademacher,1.5,1.8669989318654328,89,SN13,1.9033171684227759
1000,600,1,rademacher,1.5,1.8669989318654328,89,OptShrink,1.9072826119403707
1000,600,1,rademacher,1.5,1.8669989318654328,90,Algorithm 3,1.8319787683130444
1000,600,1,rademacher,1.5,1.8669989318654328,90,SN13,1.8360224038223563
1000,600,1,rademacher,1.5,1.8669989318654328,90,OptShrink,1.8405228553520578
1000,600,1,rademacher,1.5,1.8669989318654328,91,Algorithm 3,1.9087244250172033
1000,600,1,rademacher,1.5,1.8669989318654328,91,SN13,1.8910570915217673
1000,600,1,rademacher,1.5,1.8669989318654328,91,OptShrink,1.8953520783728677
1000,600,1,rademacher,1.5,1.8669989318654328,92,Algorithm 3,1.87283302706878
1000,600,1,rademacher,1.5,1.8669989318654328,92,SN13,1.8507864321778151
1000,600,1,rademacher,1.5,1.8669989318654328,92,OptShrink,1.854983678466594
1000,600,1,rademacher,1.5,1.8669989318654328,93,Algorithm 3,1.833448494182637
1000,600,1,rademacher,1.5,1.8669989318654328,93,SN13,1.82992937474273
1000,600,1,rademacher,1.5,1.8669989318654328,93,OptShrink,1.8340359965263835
1000,600,1,rademacher,1.5,1.8669989318654328,94,Algorithm 3,1.8476255185432644
1000,600,1,rademacher,1.5,1.8669989318654328,94,SN13,1.8296272917700043
1000,600,1,rademacher,1.5,1.8669989318654328,94,OptShrink,1.834022067440996
1000,600,1,rademacher,1.5,1.8669989318654328,95,Algorithm 3,1.9099349365801537
1000,600,1,rademacher,1.5,1.8669989318654328,95,SN13,1.90177230474218
1000,600,1,rademacher,1.5,1.8669989318654328,95,OptShrink,1.9061887034293052
1000,600,1,rademacher,1.5,1.8669989318654328,96,Algorithm 3,1.8534225708962517
1000,600,1,rademacher,1.5,1.8669989318654328,96,SN13,1.8399860682017872
1000,600,1,rademacher,1.5,1.8669989318654328,96,OptShrink,1.8442521484450196
1000,600,1,rademacher,1.5,1.8669989318654328,97,Algorithm 3,1.8569119318502727
1000,600,1,rademacher,1.5,1.8669989318654328,97,SN13,1.8710225326304581
1000,600,1,rademacher,1.5,1.8669989318654328,97,OptShrink,1.8753040034607464
1000,600,1,rademacher,1.5,1.8669989318654328,98,Algorithm 3,1.8547814986510873
1000,600,1,rademacher,1.5,1.8669989318654328,98,SN13,1.8667377180099753
1000,600,1,rademacher,1.5,1.8669989318654328,98,OptShrink,1.870679036832064
1000,600,1,rademacher,1.5,1.8669989318654328,99,Algorithm 3,1.8410773978690376
1000,600,1,rademacher,1.5,1.8669989318654328,99,SN13,1.8466050712389128
1000,600,1,rademacher,1.5,1.8669989318654328,99,OptShrink,1.850760651734926
1000,600,1,rademacher,1.5,1.8669989318654328,100,Algorithm 3,1.8836400214065978
1000,600,1,rademacher,1.5,1.8669989318654328,100,SN13,1.8386256429452392
1000,600,1,rademacher,1.5,1.8669989318654328,100,OptShrink,1.84298056953213
1000,600,1,rademacher,1.5,1.8669989318654328,101,Algorithm 3,1.893782782736553
1000,600,1,rademacher,1.5,1.8669989318654328,101,SN13,1.885013194389485
1000,600,1,rademacher,1.5,1.8669989318654328,101,OptShrink,1.8892473113869128
1000,600,1,rademacher,1.5,1.8669989318654328,102,Algorithm 3,1.9542369428714077
1000,600,1,rademacher,1.5,1.8669989318654328,102,SN13,1.9542245444348287
1000,600,1,rademacher,1.5,1.8669989318654328,102,OptShrink,1.9582009568660605
1000,600,1,rademacher,1.5,1.8669989318654328,103,Algorithm 3,1.9015508716097145
1000,600,1,rademacher,1.5,1.8669989318654328,103,SN13,1.8938124250819897
1000,600,1,rademacher,1.5,1.8669989318654328,103,OptShrink,1.8977725523193194
1000,600,1,rademacher,1.5,1.8669989318654328,104,Algorithm 3,1.8739596620869294
1000,600,1,rademacher,1.5,1.8669989318654328,104,SN13,1.8710222955284048
1000,600,1,rademacher,1.5,1.8669989318654328,104,OptShrink,1.8747689319619585
1000,600,1,rademacher,1.5,1.8669989318654328,105,Algorithm 3,1.8631595180331657
1000,600,1,rademacher,1.5,1.8669989318654328,105,SN13,1.8701712694112418
1000,600,1,rademacher,1.5,1.8669989318654328,105,OptShrink,1.8742678540734141
1000,600,1,rademacher,1.5,1.8669989318654328,106,Algorithm 3,1.8072205001204793
1000,600,1,rademacher,1.5,1.8669989318654328,106,SN13,1.8094633315937683
1000,600,1,rademacher,1.5,1.8669989318654328,106,OptShrink,1.814464090121077
1000,600,1,rademacher,1.5,1.8669989318654328,107,Algorithm 3,1.8611736813976076
1000,600,1,rademacher,1.5,1.8669989318654328,107,SN13,1.8505130783535162
1000,600,1,rademacher,1.5,1.8669989318654328,107,OptShrink,1.854812277604629
1000,600,1,rademacher,1.5,1.8669989318654328,108,Algorithm 3,1.9498826304122006
1000,600,1,rademacher,1.5,1.8669989318654328,108,SN13,1.930911192553535
1000,600,1,rademacher,1.5,1.8669989318654328,108,OptShrink,1.9351468641604155
1000,600,1,rademacher,1.5,1.8669989318654328,109,Algorithm 3,1.8313180870874333
1000,600,1,rademacher,1.5,1.8669989318654328,109,SN13,1.8230536507977324
1000,600,1,rademacher,1.5,1.8669989318654328,109,OptShrink,1.826974743965143
1000,600,1,rademacher,1.5,1.8669989318654328,110,Algorithm 3,1.8764415526983458
1000,600,1,rademacher,1.5,1.8669989318654328,110,SN13,1.881578672035101
1000,600,1,rademacher,1.5,1.8669989318654328,110,OptShrink,1.8853827206843135
1000,600,1,rademacher,1.5,1.8669989318654328,111,Algorithm 3,1.8201619791196377
1000,600,1,rademacher,1.5,1.8669989318654328,111,SN13,1.8293925901699066
1000,600,1,rademacher,1.5,1.8669989318654328,111,OptShrink,1.8333656777815337
1000,600,1,rademacher,1.5,1.8669989318654328,112,Algorithm 3,1.8865693242267376
1000,600,1,rademacher,1.5,1.8669989318654328,112,SN13,1.865476065094974
1000,600,1,rademacher,1.5,1.8669989318654328,112,OptShrink,1.8694281838679256
1000,600,1,rademacher,1.5,1.8669989318654328,113,Algorithm 3,1.8314446134226936
1000,600,1,rademacher,1.5,1.8669989318654328,113,SN13,1.81212592646437
1000,600,1,rademacher,1.5,1.8669989318654328,113,OptShrink,1.8167705163966688
1000,600,1,rademacher,1.5,1.8669989318654328,114,Algorithm 3,1.9387691375304534
1000,600,1,rademacher,1.5,1.8669989318654328,114,SN13,1.9322258992799217
1000,600,1,rademacher,1.5,1.8669989318654328,114,OptShrink,1.9364995360495365
1000,600,1,rademacher,1.5,1.8669989318654328,115,Algorithm 3,1.8857445201289058
1000,600,1,rademacher,1.5,1.8669989318654328,115,SN13,1.8515168899529488
1000,600,1,rademacher,1.5,1.8669989318654328,115,OptShrink,1.8558782182465594
1000,600,1,rademacher,1.5,1.8669989318654328,116,Algorithm 3,1.8209819303724764
1000,600,1,rademacher,1.5,1.8669989318654328,116,SN13,1.830529769971962
1000,600,1,rademacher,1.5,1.8669989318654328,116,OptShrink,1.8342773739363825
1000,600,1,rademacher,1.5,1.8669989318654328,117,Algorithm 3,1.832582699267682
1000,600,1,rademacher,1.5,1.8669989318654328,117,SN13,1.8731137277301257
1000,600,1,rademacher,1.5,1.8669989318654328,117,OptShrink,1.8776375352776862
1000,600,1,rademacher,1.5,1.8669989318654328,118,Algorithm 3,1.9134021462915953
1000,600,1,rademacher,1.5,1.8669989318654328,118,SN13,1.9335879459858514
1000,600,1,rademacher,1.5,1.8669989318654328,118,OptShrink,1.9379611062308792
1000,600,1,rademacher,1.5,1.8669989318654328,119,Algorithm 3,1.8205394146269767
1000,600,1,rademacher,1.5,1.8669989318654328,119,SN13,1.852414724174747
1000,600,1,rademacher,1.5,1.8669989318654328,119,OptShrink,1.8561010925773918
1000,600,1,rademacher,1.5,1.8669989318654328,120,Algorithm 3,1.8887188854302643
1000,600,1,rademacher,1.5,1.8669989318654328,120,SN13,1.888972018162287
1000,600,1,rademacher,1.5,1.8669989318654328,120,OptShrink,1.8933857239961709
1000,600,1,rademacher,1.5,1.8669989318654328,121,Algorithm 3,1.8659116759016074
1000,600,1,rademacher,1.5,1.8669989318654328,121,SN13,1.8805494567080918
1000,600,1,rademacher,1.5,1.8669989318654328,121,OptShrink,1.8846912474547495
1000,600,1,rademacher,1.5,1.8669989318654328,122,Algorithm 3,1.8060642759687777
1000,600,1,rademacher,1.5,1.8669989318654328,122,SN13,1.8462330224781778
1000,600,1,rademacher,1.5,1.8669989318654328,122,OptShrink,1.8504521281790782
1000,600,1,rademacher,1.5,1.8669989318654328,123,Algorithm 3,1.8056094201597142
1000,600,1,rademacher,1.5,1.8669989318654328,123,SN13,1.82799003430869
1000,600,1,rademacher,1.5,1.8669989318654328,123,OptShrink,1.8323232032239412
1000,600,1,rademacher,1.5,1.8669989318654328,124,Algorithm 3,1.8151097103480547
1000,600,1,rademacher,1.5,1.8669989318654328,124,SN13,1.8426413819513614
1000,600,1,rademacher,1.5,1.8669989318654328,124,OptShrink,1.8466769832476289
1000,600,1,rademacher,1.5,1.8669989318654328,125,Algorithm 3,1.7770899208007733
1000,600,1,rademacher,1.5,1.8669989318654328,125,SN13,1.808998697613365
1000,600,1,rademacher,1.5,1.8669989318654328,125,OptShrink,1.813918562745836
1000,600,1,rademacher,1.5,1.8669989318654328,126,Algorithm 3,1.8973310893063118
1000,600,1,rademacher,1.5,1.8669989318654328,126,SN13,1.8456686150743167
1000,600,1,rademacher,1.5,1.8669989318654328,126,OptShrink,1.8501669070235738
1000,600,1,rademacher,1.5,1.8669989318654328,127,Algorithm 3,1.9215388128718183
1000,600,1,rademacher,1.5,1.8669989318654328,127,SN13,1.8944777282716778
1000,600,1,rademacher,1.5,1.8669989318654328,127,OptShrink,1.898831593106419
1000,600,1,rademacher,1.5,1.8669989318654328,128,Algorithm 3,1.8580187725682606
1000,600,1,rademacher,1.5,1.8669989318654328,128,SN13,1.8589599241057762
1000,600,1,rademacher,1.5,1.8669989318654328,128,OptShrink,1.8630926320238228
1000,600,1,rademacher,1.5,1.8669989318654328,129,Algorithm 3,1.827281628611083
1000,600,1,rademacher,1.5,1.8669989318654328,129,SN13,1.8696224275511797
1000,600,1,rademacher,1.5,1.8669989318654328,129,OptShrink,1.8742903048020094
1000,600,1,rademacher,1.5,1.8669989318654328,130,Algorithm 3,1.8522574983266678
1000,600,1,rademacher,1.5,1.8669989318654328,130,SN13,1.8386671109251762
1000,600,1,rademacher,1.5,1.8669989318654328,130,OptShrink,1.8425107014022226
1000,600,1,rademacher,1.5,1.8669989318654328,131,Algorithm 3,1.8256604610200484
1000,600,1,rademacher,1.5,1.8669989318654328,131,SN13,1.8396809139032988
1000,600,1,rademacher,1.5,1.8669989318654328,131,OptShrink,1.8442370971789324
1000,600,1,rademacher,1.5,1.8669989318654328,132,Algorithm 3,1.8447732367786025
1000,600,1,rademacher,1.5,1.8669989318654328,132,SN13,1.8462649570904135
1000,600,1,rademacher,1.5,1.8669989318654328,132,OptShrink,1.8504621563531132
1000,600,1,rademacher,1.5,1.8669989318654328,133,Algorithm 3,1.8108407116871816
1000,600,1,rademacher,1.5,1.8669989318654328,133,SN13,1.8248650854849513
1000,600,1,rademacher,1.5,1.8669989318654328,133,OptShrink,1.8292291685276114
1000,600,1,rademacher,1.5,1.8669989318654328,134,Algorithm 3,1.8891136473174854
1000,600,1,rademacher,1.5,1.8669989318654328,134,SN13,1.892424439726864
1000,600,1,rademacher,1.5,1.8669989318654328,134,OptShrink,1.8963969310923126
1000,600,1,rademacher,1.5,1.8669989318654328,135,Algorithm 3,1.8702982145579021
1000,600,1,rademacher,1.5,1.8669989318654328,135,SN13,1.8684253752503113
1000,600,1,rademacher,1.5,1.8669989318654328,135,OptShrink,1.8725913948932453
1000,600,1,rademacher,1.5,1.8669989318654328,136,Algorithm 3,1.902077684144007
1000,600,1,rademacher,1.5,1.8669989318654328,136,SN13,1.8767028471032434
1000,600,1,rademacher,1.5,1.8669989318654328,136,OptShrink,1.8811668336218659
1000,600,1,rademacher,1.5,1.8669989318654328,137,Algorithm 3,1.922305244078076
1000,600,1,rademacher,1.5,1.8669989318654328,137,SN13,1.9313481287712668
1000,600,1,rademacher,1.5,1.8669989318654328,137,OptShrink,1.9359309255703696
1000,600,1,rademacher,1.5,1.8669989318654328,138,Algorithm 3,1.883572392197964
1000,600,1,rademacher,1.5,1.8669989318654328,138,SN13,1.8504638131379136
1000,600,1,rademacher,1.5,1.8669989318654328,138,OptShrink,1.854170861083434
1000,600,1,rademacher,1.5,1.8669989318654328,139,Algorithm 3,1.9343309979160503
1000,600,1,rademacher,1.5,1.8669989318654328,139,SN13,1.9176905879073127
1000,600,1,rademacher,1.5,1.8669989318654328,139,OptShrink,1.9215847079219632
1000,600,1,rademacher,1.5,1.8669989318654328,140,Algorithm 3,1.8672416790880266
1000,600,1,rademacher,1.5,1.8669989318654328,140,SN13,1.8663674633764884
1000,600,1,rademacher,1.5,1.8669989318654328,140,OptShrink,1.8702937554601229
1000,600,1,rademacher,1.5,1.8669989318654328,141,Algorithm 3,1.8741610606210124
1000,600,1,rademacher,1.5,1.8669989318654328,141,SN13,1.8537105871619286
1000,600,1,rademacher,1.5,1.8669989318654328,141,OptShrink,1.8574981710118579
1000,600,1,rademacher,1.5,1.8669989318654328,142,Algorithm 3,1.8898820954138222
1000,600,1,rademacher,1.5,1.8669989318654328,142,SN13,1.8894411815394476
1000,600,1,rademacher,1.5,1.8669989318654328,142,OptShrink,1.8937391455359613
1000,600,1,rademacher,1.5,1.8669989318654328,143,Algorithm 3,1.8960030861171508
1000,600,1,rademacher,1.5,1.8669989318654328,143,SN13,1.9136678657270505
1000,600,1,rademacher,1.5,1.8669989318654328,143,OptShrink,1.9177182847025434
1000,600,1,rademacher,1.5,1.8669989318654328,144,Algorithm 3,1.9029316542251808
1000,600,1,rademacher,1.5,1.8669989318654328,144,SN13,1.8953436567046136
1000,600,1,rademacher,1.5,1.8669989318654328,144,OptShrink,1.8996572417338484
1000,600,1,rademacher,1.5,1.8669989318654328,145,Algorithm 3,1.9095389072596831
1000,600,1,rademacher,1.5,1.8669989318654328,145,SN13,1.8986759177637906
1000,600,1,rademacher,1.5,1.8669989318654328,145,OptShrink,1.903138541686019
1000,600,1,rademacher,1.5,1.8669989318654328,146,Algorithm 3,1.771455063744307
1000,600,1,rademacher,1.5,1.8669989318654328,146,SN13,1.8647943950951276
1000,600,1,rademacher,1.5,1.8669989318654328,146,OptShrink,1.869114723918434
1000,600,1,rademacher,1.5,1.8669989318654328,147,Algorithm 3,1.9455956844503501
1000,600,1,rademacher,1.5,1.8669989318654328,147,SN13,1.9047183229869886
1000,600,1,rademacher,1.5,1.8669989318654328,147,OptShrink,1.9087507273950186
1000,600,1,rademacher,1.5,1.8669989318654328,148,Algorithm 3,1.9437205821111463
1000,600,1,rademacher,1.5,1.8669989318654328,148,SN13,1.9096733330347417
1000,600,1,rademacher,1.5,1.8669989318654328,148,OptShrink,1.9138108066538861
1000,600,1,rademacher,1.5,1.8669989318654328,149,Algorithm 3,1.7214031852787852
1000,600,1,rademacher,1.5,1.8669989318654328,149,SN13,1.7784914479260088
1000,600,1,rademacher,1.5,1.8669989318654328,149,OptShrink,1.7828068616237864
1000,600,1,rademacher,1.5,1.8669989318654328,150,Algorithm 3,1.8250188241273937
1000,600,1,rademacher,1.5,1.8669989318654328,150,SN13,1.8555948281270656
1000,600,1,rademacher,1.5,1.8669989318654328,150,OptShrink,1.8597385351184854
1000,600,1,rademacher,1.5,1.8669989318654328,151,Algorithm 3,1.9166883779131294
1000,600,1,rademacher,1.5,1.8669989318654328,151,SN13,1.880727482198202
1000,600,1,rademacher,1.5,1.8669989318654328,151,OptShrink,1.8847962147306931
1000,600,1,rademacher,1.5,1.8669989318654328,152,Algorithm 3,1.8719217601636602
1000,600,1,rademacher,1.5,1.8669989318654328,152,SN13,1.8837024472984358
1000,600,1,rademacher,1.5,1.8669989318654328,152,OptShrink,1.8878693562685809
1000,600,1,rademacher,1.5,1.8669989318654328,153,Algorithm 3,1.8621476593658643
1000,600,1,rademacher,1.5,1.8669989318654328,153,SN13,1.8549682185448995
1000,600,1,rademacher,1.5,1.8669989318654328,153,OptShrink,1.8591677890478848
1000,600,1,rademacher,1.5,1.8669989318654328,154,Algorithm 3,1.9064531012484167
1000,600,1,rademacher,1.5,1.8669989318654328,154,SN13,1.892681465528609
1000,600,1,rademacher,1.5,1.8669989318654328,154,OptShrink,1.8968723212410976
1000,600,1,rademacher,1.5,1.8669989318654328,155,Algorithm 3,1.8301876014108378
1000,600,1,rademacher,1.5,1.8669989318654328,155,SN13,1.82273495638067
1000,600,1,rademacher,1.5,1.8669989318654328,155,OptShrink,1.8271765371913404
1000,600,1,rademacher,1.5,1.8669989318654328,156,Algorithm 3,1.8616301451561525
1000,600,1,rademacher,1.5,1.8669989318654328,156,SN13,1.8291440131615317
1000,600,1,rademacher,1.5,1.8669989318654328,156,OptShrink,1.8336691791671347
1000,600,1,rademacher,1.5,1.8669989318654328,157,Algorithm 3,1.8085849824212648
1000,600,1,rademacher,1.5,1.8669989318654328,157,SN13,1.8271720352457883
1000,600,1,rademacher,1.5,1.8669989318654328,157,OptShrink,1.831148466746803
1000,600,1,rademacher,1.5,1.8669989318654328,158,Algorithm 3,1.9210259714241273
1000,600,1,rademacher,1.5,1.8669989318654328,158,SN13,1.941204929182587
1000,600,1,rademacher,1.5,1.8669989318654328,158,OptShrink,1.9454510656708373
1000,600,1,rademacher,1.5,1.8669989318654328,159,Algorithm 3,1.8569336591446721
1000,600,1,rademacher,1.5,1.8669989318654328,159,SN13,1.8467901503603892
1000,600,1,rademacher,1.5,1.8669989318654328,159,OptShrink,1.8510792331229577
1000,600,1,rademacher,1.5,1.8669989318654328,160,Algorithm 3,1.8703269225194505
1000,600,1,rademacher,1.5,1.8669989318654328,160,SN13,1.8855837682896837
1000,600,1,rademacher,1.5,1.8669989318654328,160,OptShrink,1.8898754575859227
1000,600,1,rademacher,1.5,1.8669989318654328,161,Algorithm 3,1.9224376993282282
1000,600,1,rademacher,1.5,1.8669989318654328,161,SN13,1.8977313047642983
1000,600,1,rademacher,1.5,1.8669989318654328,161,OptShrink,1.9020856055888369
1000,600,1,rademacher,1.5,1.8669989318654328,162,Algorithm 3,1.8607401798291798
1000,600,1,rademacher,1.5,1.8669989318654328,162,SN13,1.8386426024228744
1000,600,1,rademacher,1.5,1.8669989318654328,162,OptShrink,1.8432540155258252
1000,600,1,rademacher,1.5,1.8669989318654328,163,Algorithm 3,1.9019443744538491
1000,600,1,rademacher,1.5,1.8669989318654328,163,SN13,1.8684723164162371
1000,600,1,rademacher,1.5,1.8669989318654328,163,OptShrink,1.8727232175321349
1000,600,1,rademacher,1.5,1.8669989318654328,164,Algorithm 3,1.912414871216607
1000,600,1,rademacher,1.5,1.8669989318654328,164,SN13,1.8719118040025176
1000,600,1,rademacher,1.5,1.8669989318654328,164,OptShrink,1.8760359079351794
1000,600,1,rademacher,1.5,1.8669989318654328,165,Algorithm 3,1.9022703613266072
1000,600,1,rademacher,1.5,1.8669989318654328,165,SN13,1.8947921385189785
1000,600,1,rademacher,1.5,1.8669989318654328,165,OptShrink,1.8993912706428993
1000,600,1,rademacher,1.5,1.8669989318654328,166,Algorithm 3,1.898096087273324
1000,600,1,rademacher,1.5,1.8669989318654328,166,SN13,1.8844534596967433
1000,600,1,rademacher,1.5,1.8669989318654328,166,OptShrink,1.8883073088345599
1000,600,1,rademacher,1.5,1.8669989318654328,167,Algorithm 3,1.8643836028255798
1000,600,1,rademacher,1.5,1.8669989318654328,167,SN13,1.8902599879426925
1000,600,1,rademacher,1.5,1.8669989318654328,167,OptShrink,1.8944391919566874
1000,600,1,rademacher,1.5,1.8669989318654328,168,Algorithm 3,1.9029192134745254
1000,600,1,rademacher,1.5,1.8669989318654328,168,SN13,1.8642544094030695
1000,600,1,rademacher,1.5,1.8669989318654328,168,OptShrink,1.8691906753902565
1000,600,1,rademacher,1.5,1.8669989318654328,169,Algorithm 3,1.9281658931275296
1000,600,1,rademacher,1.5,1.8669989318654328,169,SN13,1.949871539938009
1000,600,1,rademacher,1.5,1.8669989318654328,169,OptShrink,1.9536660193020945
1000,600,1,rademacher,1.5,1.8669989318654328,170,Algorithm 3,1.8350905182529578
1000,600,1,rademacher,1.5,1.8669989318654328,170,SN13,1.8681792322861743
1000,600,1,rademacher,1.5,1.8669989318654328,170,OptShrink,1.8726619351024305
1000,600,1,rademacher,1.5,1.8669989318654328,171,Algorithm 3,1.8874754595799192
1000,600,1,rademacher,1.5,1.8669989318654328,171,SN13,1.8825937793480683
1000,600,1,rademacher,1.5,1.8669989318654328,171,OptShrink,1.886262694253827
1000,600,1,rademacher,1.5,1.8669989318654328,172,Algorithm 3,1.9021111512195439
1000,600,1,rademacher,1.5,1.8669989318654328,172,SN13,1.8583906563160697
1000,600,1,rademacher,1.5,1.8669989318654328,172,OptShrink,1.8628155445788646
1000,600,1,rademacher,1.5,1.8669989318654328,173,Algorithm 3,1.9010972044813579
1000,600,1,rademacher,1.5,1.8669989318654328,173,SN13,1.8727515550761642
1000,600,1,rademacher,1.5,1.8669989318654328,173,OptShrink,1.876776776050012
1000,600,1,rademacher,1.5,1.8669989318654328,174,Algorithm 3,1.8201857500914351
1000,600,1,rademacher,1.5,1.8669989318654328,174,SN13,1.7929338699636954
1000,600,1,rademacher,1.5,1.8669989318654328,174,OptShrink,1.7976801650121783
1000,600,1,rademacher,1.5,1.8669989318654328,175,Algorithm 3,1.8447009837984178
1000,600,1,rademacher,1.5,1.8669989318654328,175,SN13,1.890674194826065
1000,600,1,rademacher,1.5,1.8669989318654328,175,OptShrink,1.8947324853391874
1000,600,1,rademacher,1.5,1.8669989318654328,176,Algorithm 3,1.8961507214794129
1000,600,1,rademacher,1.5,1.8669989318654328,176,SN13,1.889545803067137
1000,600,1,rademacher,1.5,1.8669989318654328,176,OptShrink,1.8941762679677832
1000,600,1,rademacher,1.5,1.8669989318654328,177,Algorithm 3,1.8507680479684465
1000,600,1,rademacher,1.5,1.8669989318654328,177,SN13,1.8775359725453855
1000,600,1,rademacher,1.5,1.8669989318654328,177,OptShrink,1.8815436029318806
1000,600,1,rademacher,1.5,1.8669989318654328,178,Algorithm 3,1.7722556327996457
1000,600,1,rademacher,1.5,1.8669989318654328,178,SN13,1.8189731899868056
1000,600,1,rademacher,1.5,1.8669989318654328,178,OptShrink,1.8239905234372291
1000,600,1,rademacher,1.5,1.8669989318654328,179,Algorithm 3,1.8474135529580495
1000,600,1,rademacher,1.5,1.8669989318654328,179,SN13,1.8452675803390954
1000,600,1,rademacher,1.5,1.8669989318654328,179,OptShrink,1.8499083379467303
1000,600,1,rademacher,1.5,1.8669989318654328,180,Algorithm 3,1.864841834371636
1000,600,1,rademacher,1.5,1.8669989318654328,180,SN13,1.869041666891603
1000,600,1,rademacher,1.5,1.8669989318654328,180,OptShrink,1.8731846174539732
1000,600,1,rademacher,1.5,1.8669989318654328,181,Algorithm 3,1.9151771456109201
1000,600,1,rademacher,1.5,1.8669989318654328,181,SN13,1.9284799797323604
1000,600,1,rademacher,1.5,1.8669989318654328,181,OptShrink,1.9331871103565001
1000,600,1,rademacher,1.5,1.8669989318654328,182,Algorithm 3,1.7945359476266132
1000,600,1,rademacher,1.5,1.8669989318654328,182,SN13,1.802042007213757
1000,600,1,rademacher,1.5,1.8669989318654328,182,OptShrink,1.8063124115559464
1000,600,1,rademacher,1.5,1.8669989318654328,183,Algorithm 3,1.876849158313874
1000,600,1,rademacher,1.5,1.8669989318654328,183,SN13,1.8752477818267486
1000,600,1,rademacher,1.5,1.8669989318654328,183,OptShrink,1.8791670264259854
1000,600,1,rademacher,1.5,1.8669989318654328,184,Algorithm 3,1.8579103198774427
1000,600,1,rademacher,1.5,1.8669989318654328,184,SN13,1.8208864675416274
1000,600,1,rademacher,1.5,1.8669989318654328,184,OptShrink,1.8251991234583704
1000,600,1,rademacher,1.5,1.8669989318654328,185,Algorithm 3,1.8985788318325152
1000,600,1,rademacher,1.5,1.8669989318654328,185,SN13,1.8937983597204233
1000,600,1,rademacher,1.5,1.8669989318654328,185,OptShrink,1.8978276617071863
1000,600,1,rademacher,1.5,1.8669989318654328,186,Algorithm 3,1.8495065282775922
1000,600,1,rademacher,1.5,1.8669989318654328,186,SN13,1.8488391707283807
1000,600,1,rademacher,1.5,1.8669989318654328,186,OptShrink,1.8531622974623185
1000,600,1,rademacher,1.5,1.8669989318654328,187,Algorithm 3,1.8580333054123483
1000,600,1,rademacher,1.5,1.8669989318654328,187,SN13,1.862584998142935
1000,600,1,rademacher,1.5,1.8669989318654328,187,OptShrink,1.8667891195327122
1000,600,1,rademacher,1.5,1.8669989318654328,188,Algorithm 3,1.8733297114632879
1000,600,1,rademacher,1.5,1.8669989318654328,188,SN13,1.8397341950505772
1000,600,1,rademacher,1.5,1.8669989318654328,188,OptShrink,1.8443022717192852
1000,600,1,rademacher,1.5,1.8669989318654328,189,Algorithm 3,1.9339104286765365
1000,600,1,rademacher,1.5,1.8669989318654328,189,SN13,1.9123994805305968
1000,600,1,rademacher,1.5,1.8669989318654328,189,OptShrink,1.9165995078017712
1000,600,1,rademacher,1.5,1.8669989318654328,190,Algorithm 3,1.8677015286728935
1000,600,1,rademacher,1.5,1.8669989318654328,190,SN13,1.8561779171612993
1000,600,1,rademacher,1.5,1.8669989318654328,190,OptShrink,1.860685529223903
1000,600,1,rademacher,1.5,1.8669989318654328,191,Algorithm 3,1.8178103416879832
1000,600,1,rademacher,1.5,1.8669989318654328,191,SN13,1.836531030540909
1000,600,1,rademacher,1.5,1.8669989318654328,191,OptShrink,1.8411723363790018
1000,600,1,rademacher,1.5,1.8669989318654328,192,Algorithm 3,1.8520744666378206
1000,600,1,rademacher,1.5,1.8669989318654328,192,SN13,1.8258769369709775
1000,600,1,rademacher,1.5,1.8669989318654328,192,OptShrink,1.8298474732488403
1000,600,1,rademacher,1.5,1.8669989318654328,193,Algorithm 3,1.8215085893707297
1000,600,1,rademacher,1.5,1.8669989318654328,193,SN13,1.8395608403326942
1000,600,1,rademacher,1.5,1.8669989318654328,193,OptShrink,1.8436649479565528
1000,600,1,rademacher,1.5,1.8669989318654328,194,Algorithm 3,1.891221154083391
1000,600,1,rademacher,1.5,1.8669989318654328,194,SN13,1.8988210071106708
1000,600,1,rademacher,1.5,1.8669989318654328,194,OptShrink,1.9029098819012151
1000,600,1,rademacher,1.5,1.8669989318654328,195,Algorithm 3,1.930309008494437
1000,600,1,rademacher,1.5,1.8669989318654328,195,SN13,1.9228948764589042
1000,600,1,rademacher,1.5,1.8669989318654328,195,OptShrink,1.9270384948985086
1000,600,1,rademacher,1.5,1.8669989318654328,196,Algorithm 3,1.824688513652946
1000,600,1,rademacher,1.5,1.8669989318654328,196,SN13,1.8346693910677834
1000,600,1,rademacher,1.5,1.8669989318654328,196,OptShrink,1.8385488698183856
1000,600,1,rademacher,1.5,1.8669989318654328,197,Algorithm 3,1.870745654710785
1000,600,1,rademacher,1.5,1.8669989318654328,197,SN13,1.8447661605379713
1000,600,1,rademacher,1.5,1.8669989318654328,197,OptShrink,1.8488685833374254
1000,600,1,rademacher,1.5,1.8669989318654328,198,Algorithm 3,1.89772883466023
1000,600,1,rademacher,1.5,1.8669989318654328,198,SN13,1.875557325252909
1000,600,1,rademacher,1.5,1.8669989318654328,198,OptShrink,1.880292615977857
1000,600,1,rademacher,1.5,1.8669989318654328,199,Algorithm 3,1.8404060733065584
1000,600,1,rademacher,1.5,1.8669989318654328,199,SN13,1.8718301029774165
1000,600,1,rademacher,1.5,1.8669989318654328,199,OptShrink,1.8757862340817446
1000,600,1,rademacher,1.5,1.8669989318654328,200,Algorithm 3,1.816244515131218
1000,600,1,rademacher,1.5,1.8669989318654328,200,SN13,1.8373713298676848
1000,600,1,rademacher,1.5,1.8669989318654328,200,OptShrink,1.8406432986940842
1000,600,1,rademacher,1.5,1.8669989318654328,201,Algorithm 3,1.856490550220659
1000,600,1,rademacher,1.5,1.8669989318654328,201,SN13,1.8383577058291625
1000,600,1,rademacher,1.5,1.8669989318654328,201,OptShrink,1.8425473545020803
1000,600,1,rademacher,1.5,1.8669989318654328,202,Algorithm 3,1.8574692904926478
1000,600,1,rademacher,1.5,1.8669989318654328,202,SN13,1.8663760288686995
1000,600,1,rademacher,1.5,1.8669989318654328,202,OptShrink,1.8706296469793968
1000,600,1,rademacher,1.5,1.8669989318654328,203,Algorithm 3,1.8210237522737962
1000,600,1,rademacher,1.5,1.8669989318654328,203,SN13,1.848252529469653
1000,600,1,rademacher,1.5,1.8669989318654328,203,OptShrink,1.852846833702628
1000,600,1,rademacher,1.5,1.8669989318654328,204,Algorithm 3,1.8916386666055935
1000,600,1,rademacher,1.5,1.8669989318654328,204,SN13,1.8639315352347121
1000,600,1,rademacher,1.5,1.8669989318654328,204,OptShrink,1.867727184718686
1000,600,1,rademacher,1.5,1.8669989318654328,205,Algorithm 3,1.8366097814570446
1000,600,1,rademacher,1.5,1.8669989318654328,205,SN13,1.8259116372074917
1000,600,1,rademacher,1.5,1.8669989318654328,205,OptShrink,1.8303720523545015
1000,600,1,rademacher,1.5,1.8669989318654328,206,Algorithm 3,1.9360801975113253
1000,600,1,rademacher,1.5,1.8669989318654328,206,SN13,1.9383045916340886
1000,600,1,rademacher,1.5,1.8669989318654328,206,OptShrink,1.94301871350955
1000,600,1,rademacher,1.5,1.8669989318654328,207,Algorithm 3,1.8239852682329731
1000,600,1,rademacher,1.5,1.8669989318654328,207,SN13,1.8463730530238733
1000,600,1,rademacher,1.5,1.8669989318654328,207,OptShrink,1.8502099367141738
1000,600,1,rademacher,1.5,1.8669989318654328,208,Algorithm 3,1.912538815494514
1000,600,1,rademacher,1.5,1.8669989318654328,208,SN13,1.8822645832824487
1000,600,1,rademacher,1.5,1.8669989318654328,208,OptShrink,1.886772769539685
1000,600,1,rademacher,1.5,1.8669989318654328,209,Algorithm 3,1.920167398207111
1000,600,1,rademacher,1.5,1.8669989318654328,209,SN13,1.9018066416204031
1000,600,1,rademacher,1.5,1.8669989318654328,209,OptShrink,1.90585098124224
1000,600,1,rademacher,1.5,1.8669989318654328,210,Algorithm 3,1.8046492807847292
1000,600,1,rademacher,1.5,1.8669989318654328,210,SN13,1.8245253536405943
1000,600,1,rademacher,1.5,1.8669989318654328,210,OptShrink,1.8286661921629794
1000,600,1,rademacher,1.5,1.8669989318654328,211,Algorithm 3,1.8553171998792306
1000,600,1,rademacher,1.5,1.8669989318654328,211,SN13,1.8659388845352638
1000,600,1,rademacher,1.5,1.8669989318654328,211,OptShrink,1.8698591221102756
1000,600,1,rademacher,1.5,1.8669989318654328,212,Algorithm 3,1.850496927638815
1000,600,1,rademacher,1.5,1.8669989318654328,212,SN13,1.8461407797237164
1000,600,1,rademacher,1.5,1.8669989318654328,212,OptShrink,1.8501135556548143
1000,600,1,rademacher,1.5,1.8669989318654328,213,Algorithm 3,1.8267975583774745
1000,600,1,rademacher,1.5,1.8669989318654328,213,SN13,1.851266690218844
1000,600,1,rademacher,1.5,1.8669989318654328,213,OptShrink,1.8552278674956864
1000,600,1,rademacher,1.5,1.8669989318654328,214,Algorithm 3,1.9031051315143348
1000,600,1,rademacher,1.5,1.8669989318654328,214,SN13,1.9176240742029955
1000,600,1,rademacher,1.5,1.8669989318654328,214,OptShrink,1.9219473187136136
1000,600,1,rademacher,1.5,1.8669989318654328,215,Algorithm 3,1.8988077582091316
1000,600,1,rademacher,1.5,1.8669989318654328,215,SN13,1.8920436071597742
1000,600,1,rademacher,1.5,1.8669989318654328,215,OptShrink,1.8963671920182135
1000,600,1,rademacher,1.5,1.8669989318654328,216,Algorithm 3,1.8496725209372102
1000,600,1,rademacher,1.5,1.8669989318654328,216,SN13,1.8646517691959177
1000,600,1,rademacher,1.5,1.8669989318654328,216,OptShrink,1.8685312517737191
1000,600,1,rademacher,1.5,1.8669989318654328,217,Algorithm 3,1.8390613700265137
1000,600,1,rademacher,1.5,1.8669989318654328,217,SN13,1.8303122136555516
1000,600,1,rademacher,1.5,1.8669989318654328,217,OptShrink,1.8347529797099533
1000,600,1,rademacher,1.5,1.8669989318654328,218,Algorithm 3,1.8491033172199287
1000,600,1,rademacher,1.5,1.8669989318654328,218,SN13,1.8883028736753236
1000,600,1,rademacher,1.5,1.8669989318654328,218,OptShrink,1.8925296212626834
1000,600,1,rademacher,1.5,1.8669989318654328,219,Algorithm 3,1.8651031460342198
1000,600,1,rademacher,1.5,1.8669989318654328,219,SN13,1.8538058846732621
1000,600,1,rademacher,1.5,1.8669989318654328,219,OptShrink,1.8579330410950117
1000,600,1,rademacher,1.5,1.8669989318654328,220,Algorithm 3,1.9170973681856767
1000,600,1,rademacher,1.5,1.8669989318654328,220,SN13,1.9064005750138016
1000,600,1,rademacher,1.5,1.8669989318654328,220,OptShrink,1.9104243110521846
1000,600,1,rademacher,1.5,1.8669989318654328,221,Algorithm 3,1.9482879275962943
1000,600,1,rademacher,1.5,1.8669989318654328,221,SN13,1.9064348822811255
1000,600,1,rademacher,1.5,1.8669989318654328,221,OptShrink,1.9103627552055702
1000,600,1,rademacher,1.5,1.8669989318654328,222,Algorithm 3,1.7609361716370493
1000,600,1,rademacher,1.5,1.8669989318654328,222,SN13,1.7710959252181655
1000,600,1,rademacher,1.5,1.8669989318654328,222,OptShrink,1.7752522648443172
1000,600,1,rademacher,1.5,1.8669989318654328,223,Algorithm 3,1.8653130309397734
1000,600,1,rademacher,1.5,1.8669989318654328,223,SN13,1.8533001419439596
1000,600,1,rademacher,1.5,1.8669989318654328,223,OptShrink,1.8570063249917284
1000,600,1,rademacher,1.5,1.8669989318654328,224,Algorithm 3,1.8190532461548932
1000,600,1,rademacher,1.5,1.8669989318654328,224,SN13,1.8368285629777668
1000,600,1,rademacher,1.5,1.8669989318654328,224,OptShrink,1.8412445618451307
1000,600,1,rademacher,1.5,1.8669989318654328,225,Algorithm 3,1.8328546869948203
1000,600,1,rademacher,1.5,1.8669989318654328,225,SN13,1.853712111474958
1000,600,1,rademacher,1.5,1.8669989318654328,225,OptShrink,1.8583296511716751
1000,600,1,rademacher,1.5,1.8669989318654328,226,Algorithm 3,1.9066962314876044
1000,600,1,rademacher,1.5,1.8669989318654328,226,SN13,1.8994687489189759
1000,600,1,rademacher,1.5,1.8669989318654328,226,OptShrink,1.903510085078055
1000,600,1,rademacher,1.5,1.8669989318654328,227,Algorithm 3,1.8704248847633618
1000,600,1,rademacher,1.5,1.8669989318654328,227,SN13,1.8680178603601296
1000,600,1,rademacher,1.5,1.8669989318654328,227,OptShrink,1.8718240231475747
1000,600,1,rademacher,1.5,1.8669989318654328,228,Algorithm 3,1.8557122348773285
1000,600,1,rademacher,1.5,1.8669989318654328,228,SN13,1.864842464637568
1000,600,1,rademacher,1.5,1.8669989318654328,228,OptShrink,1.8690433248717833
1000,600,1,rademacher,1.5,1.8669989318654328,229,Algorithm 3,1.8522292814059902
1000,600,1,rademacher,1.5,1.8669989318654328,229,SN13,1.855793632667587
1000,600,1,rademacher,1.5,1.8669989318654328,229,OptShrink,1.8601895240004491
1000,600,1,rademacher,1.5,1.8669989318654328,230,Algorithm 3,1.895149810702457
1000,600,1,rademacher,1.5,1.8669989318654328,230,SN13,1.8690425168395584
1000,600,1,rademacher,1.5,1.8669989318654328,230,OptShrink,1.8735154791887585
1000,600,1,rademacher,1.5,1.8669989318654328,231,Algorithm 3,1.775309452002482
1000,600,1,rademacher,1.5,1.8669989318654328,231,SN13,1.820558103188552
1000,600,1,rademacher,1.5,1.8669989318654328,231,OptShrink,1.8245194829618347
1000,600,1,rademacher,1.5,1.8669989318654328,232,Algorithm 3,1.8681674862849333
1000,600,1,rademacher,1.5,1.8669989318654328,232,SN13,1.8581735607752874
1000,600,1,rademacher,1.5,1.8669989318654328,232,OptShrink,1.8626772053872076
1000,600,1,rademacher,1.5,1.8669989318654328,233,Algorithm 3,1.8901969331499457
1000,600,1,rademacher,1.5,1.8669989318654328,233,SN13,1.8771258057803089
1000,600,1,rademacher,1.5,1.8669989318654328,233,OptShrink,1.8815367759540822
1000,600,1,rademacher,1.5,1.8669989318654328,234,Algorithm 3,1.7735205241572396
1000,600,1,rademacher,1.5,1.8669989318654328,234,SN13,1.7908114926232956
1000,600,1,rademacher,1.5,1.8669989318654328,234,OptShrink,1.7949139365221216
1000,600,1,rademacher,1.5,1.8669989318654328,235,Algorithm 3,1.894023050829695
1000,600,1,rademacher,1.5,1.8669989318654328,235,SN13,1.9226314347229545
1000,600,1,rademacher,1.5,1.8669989318654328,235,OptShrink,1.9269396333526105
1000,600,1,rademacher,1.5,1.8669989318654328,236,Algorithm 3,1.822373609769722
1000,600,1,rademacher,1.5,1.8669989318654328,236,SN13,1.7820751778045352
1000,600,1,rademacher,1.5,1.8669989318654328,236,OptShrink,1.7864044560564103
1000,600,1,rademacher,1.5,1.8669989318654328,237,Algorithm 3,1.7921012118220894
1000,600,1,rademacher,1.5,1.8669989318654328,237,SN13,1.8305941222662894
1000,600,1,rademacher,1.5,1.8669989318654328,237,OptShrink,1.834497715922194
1000,600,1,rademacher,1.5,1.8669989318654328,238,Algorithm 3,1.895486512238732
1000,600,1,rademacher,1.5,1.8669989318654328,238,SN13,1.8972110943493279
1000,600,1,rademacher,1.5,1.8669989318654328,238,OptShrink,1.9012643327760572
1000,600,1,rademacher,1.5,1.8669989318654328,239,Algorithm 3,1.8915473217662944
1000,600,1,rademacher,1.5,1.8669989318654328,239,SN13,1.9144276096577864
1000,600,1,rademacher,1.5,1.8669989318654328,239,OptShrink,1.9181544972980031
1000,600,1,rademacher,1.5,1.8669989318654328,240,Algorithm 3,1.8833587342109237
1000,600,1,rademacher,1.5,1.8669989318654328,240,SN13,1.8749644190744537
1000,600,1,rademacher,1.5,1.8669989318654328,240,OptShrink,1.8792186819686678
1000,600,1,rademacher,1.5,1.8669989318654328,241,Algorithm 3,1.86275030795063
1000,600,1,rademacher,1.5,1.8669989318654328,241,SN13,1.8649302442460527
1000,600,1,rademacher,1.5,1.8669989318654328,241,OptShrink,1.8689707309348644
1000,600,1,rademacher,1.5,1.8669989318654328,242,Algorithm 3,1.8720946760201582
1000,600,1,rademacher,1.5,1.8669989318654328,242,SN13,1.860984266238894
1000,600,1,rademacher,1.5,1.8669989318654328,242,OptShrink,1.864807016163461
1000,600,1,rademacher,1.5,1.8669989318654328,243,Algorithm 3,1.8350432749168877
1000,600,1,rademacher,1.5,1.8669989318654328,243,SN13,1.7988933064021704
1000,600,1,rademacher,1.5,1.8669989318654328,243,OptShrink,1.8031504083533267
1000,600,1,rademacher,1.5,1.8669989318654328,244,Algorithm 3,1.8969719010650512
1000,600,1,rademacher,1.5,1.8669989318654328,244,SN13,1.884571929324706
1000,600,1,rademacher,1.5,1.8669989318654328,244,OptShrink,1.8887523938493254
1000,600,1,rademacher,1.5,1.8669989318654328,245,Algorithm 3,1.7967055797824323
1000,600,1,rademacher,1.5,1.8669989318654328,245,SN13,1.8221150410754816
1000,600,1,rademacher,1.5,1.8669989318654328,245,OptShrink,1.8256177564928244
1000,600,1,rademacher,1.5,1.8669989318654328,246,Algorithm 3,1.9278386053228587
1000,600,1,rademacher,1.5,1.8669989318654328,246,SN13,1.912817684476084
1000,600,1,rademacher,1.5,1.8669989318654328,246,OptShrink,1.91713746559909
1000,600,1,rademacher,1.5,1.8669989318654328,247,Algorithm 3,1.8555443881032798
1000,600,1,rademacher,1.5,1.8669989318654328,247,SN13,1.8535413292907772
1000,600,1,rademacher,1.5,1.8669989318654328,247,OptShrink,1.8578635654616726
1000,600,1,rademacher,1.5,1.8669989318654328,248,Algorithm 3,1.8632112488252035
1000,600,1,rademacher,1.5,1.8669989318654328,248,SN13,1.859483464539782
1000,600,1,rademacher,1.5,1.8669989318654328,248,OptShrink,1.8638584894188928
1000,600,1,rademacher,1.5,1.8669989318654328,249,Algorithm 3,1.8297753489906319
1000,600,1,rademacher,1.5,1.8669989318654328,249,SN13,1.8034723342956813
1000,600,1,rademacher,1.5,1.8669989318654328,249,OptShrink,1.807560697737435
1000,600,1,rademacher,1.5,1.8669989318654328,250,Algorithm 3,1.887817212981795
1000,600,1,rademacher,1.5,1.8669989318654328,250,SN13,1.8959114363909262
1000,600,1,rademacher,1.5,1.8669989318654328,250,OptShrink,1.8996964953434325
1000,600,1,rademacher,1.5,1.8669989318654328,251,Algorithm 3,1.7649478598821242
1000,600,1,rademacher,1.5,1.8669989318654328,251,SN13,1.7882391971989033
1000,600,1,rademacher,1.5,1.8669989318654328,251,OptShrink,1.792802053531453
1000,600,1,rademacher,1.5,1.8669989318654328,252,Algorithm 3,1.866704383953278
1000,600,1,rademacher,1.5,1.8669989318654328,252,SN13,1.846779390953685
1000,600,1,rademacher,1.5,1.8669989318654328,252,OptShrink,1.8514006236687899
1000,600,1,rademacher,1.5,1.8669989318654328,253,Algorithm 3,1.8504922098733039
1000,600,1,rademacher,1.5,1.8669989318654328,253,SN13,1.865550815846465
1000,600,1,rademacher,1.5,1.8669989318654328,253,OptShrink,1.870082473917059
1000,600,1,rademacher,1.5,1.8669989318654328,254,Algorithm 3,1.8650691899363372
1000,600,1,rademacher,1.5,1.8669989318654328,254,SN13,1.9017593103822579
1000,600,1,rademacher,1.5,1.8669989318654328,254,OptShrink,1.9062962590303472
1000,600,1,rademacher,1.5,1.8669989318654328,255,Algorithm 3,1.8883237954653327
1000,600,1,rademacher,1.5,1.8669989318654328,255,SN13,1.8747460954073738
1000,600,1,rademacher,1.5,1.8669989318654328,255,OptShrink,1.8788332890464787
1000,600,1,rademacher,1.5,1.8669989318654328,256,Algorithm 3,1.8118158284631778
1000,600,1,rademacher,1.5,1.8669989318654328,256,SN13,1.7692303577027877
1000,600,1,rademacher,1.5,1.8669989318654328,256,OptShrink,1.7738053000200427
1000,600,1,rademacher,1.5,1.8669989318654328,257,Algorithm 3,1.874193045070499
1000,600,1,rademacher,1.5,1.8669989318654328,257,SN13,1.874087187657428
1000,600,1,rademacher,1.5,1.8669989318654328,257,OptShrink,1.8783963079734187
1000,600,1,rademacher,1.5,1.8669989318654328,258,Algorithm 3,1.8504710453933924
1000,600,1,rademacher,1.5,1.8669989318654328,258,SN13,1.8434928762817517
1000,600,1,rademacher,1.5,1.8669989318654328,258,OptShrink,1.8470676340155772
1000,600,1,rademacher,1.5,1.8669989318654328,259,Algorithm 3,1.8983834734708733
1000,600,1,rademacher,1.5,1.8669989318654328,259,SN13,1.867804929134707
1000,600,1,rademacher,1.5,1.8669989318654328,259,OptShrink,1.8717481090252057
1000,600,1,rademacher,1.5,1.8669989318654328,260,Algorithm 3,1.9297612262045316
1000,600,1,rademacher,1.5,1.8669989318654328,260,SN13,1.9054358538148464
1000,600,1,rademacher,1.5,1.8669989318654328,260,OptShrink,1.9099627048778112
1000,600,1,rademacher,1.5,1.8669989318654328,261,Algorithm 3,1.8749683961026848
1000,600,1,rademacher,1.5,1.8669989318654328,261,SN13,1.9131870818241161
1000,600,1,rademacher,1.5,1.8669989318654328,261,OptShrink,1.917550844078658
1000,600,1,rademacher,1.5,1.8669989318654328,262,Algorithm 3,1.8732378043934557
1000,600,1,rademacher,1.5,1.8669989318654328,262,SN13,1.8882375683630552
1000,600,1,rademacher,1.5,1.8669989318654328,262,OptShrink,1.8921853013652792
1000,600,1,rademacher,1.5,1.8669989318654328,263,Algorithm 3,1.8580381878797088
1000,600,1,rademacher,1.5,1.8669989318654328,263,SN13,1.8681388794754288
1000,600,1,rademacher,1.5,1.8669989318654328,263,OptShrink,1.8729861182585186
1000,600,1,rademacher,1.5,1.8669989318654328,264,Algorithm 3,1.9417608903783812
1000,600,1,rademacher,1.5,1.8669989318654328,264,SN13,1.9230131389929277
1000,600,1,rademacher,1.5,1.8669989318654328,264,OptShrink,1.9278226897458528
1000,600,1,rademacher,1.5,1.8669989318654328,265,Algorithm 3,1.872882408235882
1000,600,1,rademacher,1.5,1.8669989318654328,265,SN13,1.8722386189247668
1000,600,1,rademacher,1.5,1.8669989318654328,265,OptShrink,1.8767696876458504
1000,600,1,rademacher,1.5,1.8669989318654328,266,Algorithm 3,1.9099254329474982
1000,600,1,rademacher,1.5,1.8669989318654328,266,SN13,1.8917416852130384
1000,600,1,rademacher,1.5,1.8669989318654328,266,OptShrink,1.8961021114304106
1000,600,1,rademacher,1.5,1.8669989318654328,267,Algorithm 3,1.8310676580886738
1000,600,1,rademacher,1.5,1.8669989318654328,267,SN13,1.8189622818807685
1000,600,1,rademacher,1.5,1.8669989318654328,267,OptShrink,1.8236625382292182
1000,600,1,rademacher,1.5,1.8669989318654328,268,Algorithm 3,1.8716412221032641
1000,600,1,rademacher,1.5,1.8669989318654328,268,SN13,1.8753413123971916
1000,600,1,rademacher,1.5,1.8669989318654328,268,OptShrink,1.8796087402539943
1000,600,1,rademacher,1.5,1.8669989318654328,269,Algorithm 3,1.910857111668459
1000,600,1,rademacher,1.5,1.8669989318654328,269,SN13,1.9184932631261695
1000,600,1,rademacher,1.5,1.8669989318654328,269,OptShrink,1.922530595645173
1000,600,1,rademacher,1.5,1.8669989318654328,270,Algorithm 3,1.8568227683027063
1000,600,1,rademacher,1.5,1.8669989318654328,270,SN13,1.8428743227597282
1000,600,1,rademacher,1.5,1.8669989318654328,270,OptShrink,1.8462008105262733
1000,600,1,rademacher,1.5,1.8669989318654328,271,Algorithm 3,1.89251229010327
1000,600,1,rademacher,1.5,1.8669989318654328,271,SN13,1.8887518467354467
1000,600,1,rademacher,1.5,1.8669989318654328,271,OptShrink,1.8932004280347905
1000,600,1,rademacher,1.5,1.8669989318654328,272,Algorithm 3,1.7904678632540965
1000,600,1,rademacher,1.5,1.8669989318654328,272,SN13,1.8171231289634375
1000,600,1,rademacher,1.5,1.8669989318654328,272,OptShrink,1.822123426787744
1000,600,1,rademacher,1.5,1.8669989318654328,273,Algorithm 3,1.7731710729756653
1000,600,1,rademacher,1.5,1.8669989318654328,273,SN13,1.8121005460568578
1000,600,1,rademacher,1.5,1.8669989318654328,273,OptShrink,1.816735763134101
1000,600,1,rademacher,1.5,1.8669989318654328,274,Algorithm 3,1.779156856290877
1000,600,1,rademacher,1.5,1.8669989318654328,274,SN13,1.790449534922461
1000,600,1,rademacher,1.5,1.8669989318654328,274,OptShrink,1.7944352287228784
1000,600,1,rademacher,1.5,1.8669989318654328,275,Algorithm 3,1.8917767386627515
1000,600,1,rademacher,1.5,1.8669989318654328,275,SN13,1.9046424545828204
1000,600,1,rademacher,1.5,1.8669989318654328,275,OptShrink,1.9091515013088551
1000,600,1,rademacher,1.5,1.8669989318654328,276,Algorithm 3,1.8808130519378647
1000,600,1,rademacher,1.5,1.8669989318654328,276,SN13,1.885330649640495
1000,600,1,rademacher,1.5,1.8669989318654328,276,OptShrink,1.8893653197393558
1000,600,1,rademacher,1.5,1.8669989318654328,277,Algorithm 3,1.8695381720410829
1000,600,1,rademacher,1.5,1.8669989318654328,277,SN13,1.875217127136491
1000,600,1,rademacher,1.5,1.8669989318654328,277,OptShrink,1.878892853678429
1000,600,1,rademacher,1.5,1.8669989318654328,278,Algorithm 3,1.8114501107606724
1000,600,1,rademacher,1.5,1.8669989318654328,278,SN13,1.8262321156946204
1000,600,1,rademacher,1.5,1.8669989318654328,278,OptShrink,1.8299056424397637
1000,600,1,rademacher,1.5,1.8669989318654328,279,Algorithm 3,1.7734819462669205
1000,600,1,rademacher,1.5,1.8669989318654328,279,SN13,1.838899081515039
1000,600,1,rademacher,1.5,1.8669989318654328,279,OptShrink,1.8423355288217498
1000,600,1,rademacher,1.5,1.8669989318654328,280,Algorithm 3,1.8057607633604256
1000,600,1,rademacher,1.5,1.8669989318654328,280,SN13,1.8132677776917945
1000,600,1,rademacher,1.5,1.8669989318654328,280,OptShrink,1.817190285347754
1000,600,1,rademacher,1.5,1.8669989318654328,281,Algorithm 3,1.904059946393554
1000,600,1,rademacher,1.5,1.8669989318654328,281,SN13,1.89719235540617
1000,600,1,rademacher,1.5,1.8669989318654328,281,OptShrink,1.9012776023482978
1000,600,1,rademacher,1.5,1.8669989318654328,282,Algorithm 3,1.868393570238989
1000,600,1,rademacher,1.5,1.8669989318654328,282,SN13,1.864216218238911
1000,600,1,rademacher,1.5,1.8669989318654328,282,OptShrink,1.8683904899003578
1000,600,1,rademacher,1.5,1.8669989318654328,283,Algorithm 3,1.8712309027807215
1000,600,1,rademacher,1.5,1.8669989318654328,283,SN13,1.8744113698584586
1000,600,1,rademacher,1.5,1.8669989318654328,283,OptShrink,1.8788714853167032
1000,600,1,rademacher,1.5,1.8669989318654328,284,Algorithm 3,1.804771557241632
1000,600,1,rademacher,1.5,1.8669989318654328,284,SN13,1.8208806510711801
1000,600,1,rademacher,1.5,1.8669989318654328,284,OptShrink,1.8252326630947038
1000,600,1,rademacher,1.5,1.8669989318654328,285,Algorithm 3,1.8277560353625815
1000,600,1,rademacher,1.5,1.8669989318654328,285,SN13,1.8192300158520627
1000,600,1,rademacher,1.5,1.8669989318654328,285,OptShrink,1.8237112641131006
1000,600,1,rademacher,1.5,1.8669989318654328,286,Algorithm 3,1.844709197392105
1000,600,1,rademacher,1.5,1.8669989318654328,286,SN13,1.8681999916739929
1000,600,1,rademacher,1.5,1.8669989318654328,286,OptShrink,1.8720905076512262
1000,600,1,rademacher,1.5,1.8669989318654328,287,Algorithm 3,1.8428744024927504
1000,600,1,rademacher,1.5,1.8669989318654328,287,SN13,1.8881124366190492
1000,600,1,rademacher,1.5,1.8669989318654328,287,OptShrink,1.8920257133999752
1000,600,1,rademacher,1.5,1.8669989318654328,288,Algorithm 3,1.7963005102423044
1000,600,1,rademacher,1.5,1.8669989318654328,288,SN13,1.8503983054668773
1000,600,1,rademacher,1.5,1.8669989318654328,288,OptShrink,1.8545699363832586
1000,600,1,rademacher,1.5,1.8669989318654328,289,Algorithm 3,1.8846644716762198
1000,600,1,rademacher,1.5,1.8669989318654328,289,SN13,1.8695745897187586
1000,600,1,rademacher,1.5,1.8669989318654328,289,OptShrink,1.8737633396409006
1000,600,1,rademacher,1.5,1.8669989318654328,290,Algorithm 3,1.8598200145494983
1000,600,1,rademacher,1.5,1.8669989318654328,290,SN13,1.9161370207423662
1000,600,1,rademacher,1.5,1.8669989318654328,290,OptShrink,1.9203562256531412
1000,600,1,rademacher,1.5,1.8669989318654328,291,Algorithm 3,1.8746994925340201
1000,600,1,rademacher,1.5,1.8669989318654328,291,SN13,1.8494284450732825
1000,600,1,rademacher,1.5,1.8669989318654328,291,OptShrink,1.8534338329423812
1000,600,1,rademacher,1.5,1.8669989318654328,292,Algorithm 3,1.8316726460312116
1000,600,1,rademacher,1.5,1.8669989318654328,292,SN13,1.855155413843479
1000,600,1,rademacher,1.5,1.8669989318654328,292,OptShrink,1.8601724316162573
1000,600,1,rademacher,1.5,1.8669989318654328,293,Algorithm 3,1.8575855465691875
1000,600,1,rademacher,1.5,1.8669989318654328,293,SN13,1.8881576186643314
1000,600,1,rademacher,1.5,1.8669989318654328,293,OptShrink,1.8923071351129666
1000,600,1,rademacher,1.5,1.8669989318654328,294,Algorithm 3,1.781748863310185
1000,600,1,rademacher,1.5,1.8669989318654328,294,SN13,1.8016274641467442
1000,600,1,rademacher,1.5,1.8669989318654328,294,OptShrink,1.8061543621836493
1000,600,1,rademacher,1.5,1.8669989318654328,295,Algorithm 3,1.8916407783054012
1000,600,1,rademacher,1.5,1.8669989318654328,295,SN13,1.8983969718371234
1000,600,1,rademacher,1.5,1.8669989318654328,295,OptShrink,1.9023035810515077
1000,600,1,rademacher,1.5,1.8669989318654328,296,Algorithm 3,1.8604471994992615
1000,600,1,rademacher,1.5,1.8669989318654328,296,SN13,1.8835116918796697
1000,600,1,rademacher,1.5,1.8669989318654328,296,OptShrink,1.8876957907001892
1000,600,1,rademacher,1.5,1.8669989318654328,297,Algorithm 3,1.8428817741326025
1000,600,1,rademacher,1.5,1.8669989318654328,297,SN13,1.8599973171596802
1000,600,1,rademacher,1.5,1.8669989318654328,297,OptShrink,1.8639523851375996
1000,600,1,rademacher,1.5,1.8669989318654328,298,Algorithm 3,1.7899049854089366
1000,600,1,rademacher,1.5,1.8669989318654328,298,SN13,1.7986290700850105
1000,600,1,rademacher,1.5,1.8669989318654328,298,OptShrink,1.8021520194966105
1000,600,1,rademacher,1.5,1.8669989318654328,299,Algorithm 3,1.8758829877932681
1000,600,1,rademacher,1.5,1.8669989318654328,299,SN13,1.8720983095413406
1000,600,1,rademacher,1.5,1.8669989318654328,299,OptShrink,1.8760993638463557
1000,600,1,rademacher,1.5,1.8669989318654328,300,Algorithm 3,1.8595589372109804
1000,600,1,rademacher,1.5,1.8669989318654328,300,SN13,1.9075628188844598
1000,600,1,rademacher,1.5,1.8669989318654328,300,OptShrink,1.9115539313128251
1000,600,1,rademacher,1.5,1.8669989318654328,301,Algorithm 3,1.8330289585197732
1000,600,1,rademacher,1.5,1.8669989318654328,301,SN13,1.8363406160783062
1000,600,1,rademacher,1.5,1.8669989318654328,301,OptShrink,1.8404413656853493
1000,600,1,rademacher,1.5,1.8669989318654328,302,Algorithm 3,1.826092441641527
1000,600,1,rademacher,1.5,1.8669989318654328,302,SN13,1.8665096802102257
1000,600,1,rademacher,1.5,1.8669989318654328,302,OptShrink,1.871033781338086
1000,600,1,rademacher,1.5,1.8669989318654328,303,Algorithm 3,1.8206989283034698
1000,600,1,rademacher,1.5,1.8669989318654328,303,SN13,1.8086129881680226
1000,600,1,rademacher,1.5,1.8669989318654328,303,OptShrink,1.8129135860288281
1000,600,1,rademacher,1.5,1.8669989318654328,304,Algorithm 3,1.9458183631731767
1000,600,1,rademacher,1.5,1.8669989318654328,304,SN13,1.950406120601178
1000,600,1,rademacher,1.5,1.8669989318654328,304,OptShrink,1.9543807422509931
1000,600,1,rademacher,1.5,1.8669989318654328,305,Algorithm 3,1.8213519713423638
1000,600,1,rademacher,1.5,1.8669989318654328,305,SN13,1.813876436890586
1000,600,1,rademacher,1.5,1.8669989318654328,305,OptShrink,1.8178388576780236
1000,600,1,rademacher,1.5,1.8669989318654328,306,Algorithm 3,1.8903424982201447
1000,600,1,rademacher,1.5,1.8669989318654328,306,SN13,1.899226954589491
1000,600,1,rademacher,1.5,1.8669989318654328,306,OptShrink,1.9030945609050576
1000,600,1,rademacher,1.5,1.8669989318654328,307,Algorithm 3,1.7841052540611466
1000,600,1,rademacher,1.5,1.8669989318654328,307,SN13,1.80534630723202
1000,600,1,rademacher,1.5,1.8669989318654328,307,OptShrink,1.8092333202914832
1000,600,1,rademacher,1.5,1.8669989318654328,308,Algorithm 3,1.9133873856417518
1000,600,1,rademacher,1.5,1.8669989318654328,308,SN13,1.9161488399284177
1000,600,1,rademacher,1.5,1.8669989318654328,308,OptShrink,1.9208020146869595
1000,600,1,rademacher,1.5,1.8669989318654328,309,Algorithm 3,1.878267143423936
1000,600,1,rademacher,1.5,1.8669989318654328,309,SN13,1.8756384504718278
1000,600,1,rademacher,1.5,1.8669989318654328,309,OptShrink,1.879534606398316
1000,600,1,rademacher,1.5,1.8669989318654328,310,Algorithm 3,1.923376635584569
1000,600,1,rademacher,1.5,1.8669989318654328,310,SN13,1.900201325451462
1000,600,1,rademacher,1.5,1.8669989318654328,310,OptShrink,1.90424346984114
1000,600,1,rademacher,1.5,1.8669989318654328,311,Algorithm 3,1.784176180968375
1000,600,1,rademacher,1.5,1.8669989318654328,311,SN13,1.7906647785026872
1000,600,1,rademacher,1.5,1.8669989318654328,311,OptShrink,1.7950456600084563
1000,600,1,rademacher,1.5,1.8669989318654328,312,Algorithm 3,1.8250555987273698
1000,600,1,rademacher,1.5,1.8669989318654328,312,SN13,1.8301471531472184
1000,600,1,rademacher,1.5,1.8669989318654328,312,OptShrink,1.8348700154538502
1000,600,1,rademacher,1.5,1.8669989318654328,313,Algorithm 3,1.921222238038303
1000,600,1,rademacher,1.5,1.8669989318654328,313,SN13,1.9153694716585967
1000,600,1,rademacher,1.5,1.8669989318654328,313,OptShrink,1.9195260189564007
1000,600,1,rademacher,1.5,1.8669989318654328,314,Algorithm 3,1.8734681786394176
1000,600,1,rademacher,1.5,1.8669989318654328,314,SN13,1.873177742504931
1000,600,1,rademacher,1.5,1.8669989318654328,314,OptShrink,1.8773029422945
1000,600,1,rademacher,1.5,1.8669989318654328,315,Algorithm 3,1.813786252709314
1000,600,1,rademacher,1.5,1.8669989318654328,315,SN13,1.8411645289630396
1000,600,1,rademacher,1.5,1.8669989318654328,315,OptShrink,1.8450602185293388
1000,600,1,rademacher,1.5,1.8669989318654328,316,Algorithm 3,1.9012192816737836
1000,600,1,rademacher,1.5,1.8669989318654328,316,SN13,1.8942783359502162
1000,600,1,rademacher,1.5,1.8669989318654328,316,OptShrink,1.899029210751342
1000,600,1,rademacher,1.5,1.8669989318654328,317,Algorithm 3,1.8278514797455643
1000,600,1,rademacher,1.5,1.8669989318654328,317,SN13,1.8393465640420084
1000,600,1,rademacher,1.5,1.8669989318654328,317,OptShrink,1.8431853874476207
1000,600,1,rademacher,1.5,1.8669989318654328,318,Algorithm 3,1.850761530240183
1000,600,1,rademacher,1.5,1.8669989318654328,318,SN13,1.858172955429191
1000,600,1,rademacher,1.5,1.8669989318654328,318,OptShrink,1.862014517118004
1000,600,1,rademacher,1.5,1.8669989318654328,319,Algorithm 3,1.8640002791359302
1000,600,1,rademacher,1.5,1.8669989318654328,319,SN13,1.8560259068489322
1000,600,1,rademacher,1.5,1.8669989318654328,319,OptShrink,1.8597797291726055
1000,600,1,rademacher,1.5,1.8669989318654328,320,Algorithm 3,1.863856178540803
1000,600,1,rademacher,1.5,1.8669989318654328,320,SN13,1.8653298579616768
1000,600,1,rademacher,1.5,1.8669989318654328,320,OptShrink,1.8696901132702328
1000,600,1,rademacher,1.5,1.8669989318654328,321,Algorithm 3,1.9124361469024744
1000,600,1,rademacher,1.5,1.8669989318654328,321,SN13,1.907130216723372
1000,600,1,rademacher,1.5,1.8669989318654328,321,OptShrink,1.911795174475691
1000,600,1,rademacher,1.5,1.8669989318654328,322,Algorithm 3,1.8474074573115462
1000,600,1,rademacher,1.5,1.8669989318654328,322,SN13,1.8510047190966212
1000,600,1,rademacher,1.5,1.8669989318654328,322,OptShrink,1.8556963762732774
1000,600,1,rademacher,1.5,1.8669989318654328,323,Algorithm 3,1.928126433316291
1000,600,1,rademacher,1.5,1.8669989318654328,323,SN13,1.9384051413008763
1000,600,1,rademacher,1.5,1.8669989318654328,323,OptShrink,1.9425171104765437
1000,600,1,rademacher,1.5,1.8669989318654328,324,Algorithm 3,1.8193021528151467
1000,600,1,rademacher,1.5,1.8669989318654328,324,SN13,1.811140318673318
1000,600,1,rademacher,1.5,1.8669989318654328,324,OptShrink,1.8152019645930864
1000,600,1,rademacher,1.5,1.8669989318654328,325,Algorithm 3,1.891313687358677
1000,600,1,rademacher,1.5,1.8669989318654328,325,SN13,1.8936183233163886
1000,600,1,rademacher,1.5,1.8669989318654328,325,OptShrink,1.897985180805755
1000,600,1,rademacher,1.5,1.8669989318654328,326,Algorithm 3,1.9414186855235793
1000,600,1,rademacher,1.5,1.8669989318654328,326,SN13,1.919744791870452
1000,600,1,rademacher,1.5,1.8669989318654328,326,OptShrink,1.924015289320692
1000,600,1,rademacher,1.5,1.8669989318654328,327,Algorithm 3,1.8843313285193397
1000,600,1,rademacher,1.5,1.8669989318654328,327,SN13,1.8703427615679755
1000,600,1,rademacher,1.5,1.8669989318654328,327,OptShrink,1.8743179142236004
1000,600,1,rademacher,1.5,1.8669989318654328,328,Algorithm 3,1.8730920336225536
1000,600,1,rademacher,1.5,1.8669989318654328,328,SN13,1.8807274421776161
1000,600,1,rademacher,1.5,1.8669989318654328,328,OptShrink,1.8850379250571812
1000,600,1,rademacher,1.5,1.8669989318654328,329,Algorithm 3,1.8608044260526362
1000,600,1,rademacher,1.5,1.8669989318654328,329,SN13,1.8636274529002264
1000,600,1,rademacher,1.5,1.8669989318654328,329,OptShrink,1.8680188601892436
1000,600,1,rademacher,1.5,1.8669989318654328,330,Algorithm 3,1.8317809684435422
1000,600,1,rademacher,1.5,1.8669989318654328,330,SN13,1.8408201596543081
1000,600,1,rademacher,1.5,1.8669989318654328,330,OptShrink,1.8452150930494544
1000,600,1,rademacher,1.5,1.8669989318654328,331,Algorithm 3,1.8845702341945798
1000,600,1,rademacher,1.5,1.8669989318654328,331,SN13,1.8635293404968776
1000,600,1,rademacher,1.5,1.8669989318654328,331,OptShrink,1.8674363381643444
1000,600,1,rademacher,1.5,1.8669989318654328,332,Algorithm 3,1.8567134230648386
1000,600,1,rademacher,1.5,1.8669989318654328,332,SN13,1.8558028196835192
1000,600,1,rademacher,1.5,1.8669989318654328,332,OptShrink,1.8601876321668396
1000,600,1,rademacher,1.5,1.8669989318654328,333,Algorithm 3,1.8646190048378017
1000,600,1,rademacher,1.5,1.8669989318654328,333,SN13,1.8677279461731877
1000,600,1,rademacher,1.5,1.8669989318654328,333,OptShrink,1.8713154102886973
1000,600,1,rademacher,1.5,1.8669989318654328,334,Algorithm 3,1.7927833634844
1000,600,1,rademacher,1.5,1.8669989318654328,334,SN13,1.8112442694179895
1000,600,1,rademacher,1.5,1.8669989318654328,334,OptShrink,1.8153812344686555
1000,600,1,rademacher,1.5,1.8669989318654328,335,Algorithm 3,1.9247147838708938
1000,600,1,rademacher,1.5,1.8669989318654328,335,SN13,1.898576321423225
1000,600,1,rademacher,1.5,1.8669989318654328,335,OptShrink,1.9027599362536278
1000,600,1,rademacher,1.5,1.8669989318654328,336,Algorithm 3,1.900096665634584
1000,600,1,rademacher,1.5,1.8669989318654328,336,SN13,1.9016282393456836
1000,600,1,rademacher,1.5,1.8669989318654328,336,OptShrink,1.906257304903253
1000,600,1,rademacher,1.5,1.8669989318654328,337,Algorithm 3,1.85351997012367
1000,600,1,rademacher,1.5,1.8669989318654328,337,SN13,1.899017246308523
1000,600,1,rademacher,1.5,1.8669989318654328,337,OptShrink,1.902342338404976
1000,600,1,rademacher,1.5,1.8669989318654328,338,Algorithm 3,1.8542028201851097
1000,600,1,rademacher,1.5,1.8669989318654328,338,SN13,1.8371066768019926
1000,600,1,rademacher,1.5,1.8669989318654328,338,OptShrink,1.8416003925591988
1000,600,1,rademacher,1.5,1.8669989318654328,339,Algorithm 3,1.8389574850026864
1000,600,1,rademacher,1.5,1.8669989318654328,339,SN13,1.8604970498451494
1000,600,1,rademacher,1.5,1.8669989318654328,339,OptShrink,1.8643071384414522
1000,600,1,rademacher,1.5,1.8669989318654328,340,Algorithm 3,1.7913080059193225
1000,600,1,rademacher,1.5,1.8669989318654328,340,SN13,1.8523911269553177
1000,600,1,rademacher,1.5,1.8669989318654328,340,OptShrink,1.8571194647296605
1000,600,1,rademacher,1.5,1.8669989318654328,341,Algorithm 3,1.8543453909992935
1000,600,1,rademacher,1.5,1.8669989318654328,341,SN13,1.8364151258127948
1000,600,1,rademacher,1.5,1.8669989318654328,341,OptShrink,1.8406186786819647
1000,600,1,rademacher,1.5,1.8669989318654328,342,Algorithm 3,1.8381249787411411
1000,600,1,rademacher,1.5,1.8669989318654328,342,SN13,1.8548718103211579
1000,600,1,rademacher,1.5,1.8669989318654328,342,OptShrink,1.8589173963583288
1000,600,1,rademacher,1.5,1.8669989318654328,343,Algorithm 3,1.9368368332284085
1000,600,1,rademacher,1.5,1.8669989318654328,343,SN13,1.9230895743506506
1000,600,1,rademacher,1.5,1.8669989318654328,343,OptShrink,1.9275558192519862
1000,600,1,rademacher,1.5,1.8669989318654328,344,Algorithm 3,1.8589836964184623
1000,600,1,rademacher,1.5,1.8669989318654328,344,SN13,1.8903174617389056
1000,600,1,rademacher,1.5,1.8669989318654328,344,OptShrink,1.8942640344786539
1000,600,1,rademacher,1.5,1.8669989318654328,345,Algorithm 3,1.850178403426907
1000,600,1,rademacher,1.5,1.8669989318654328,345,SN13,1.8251615206552567
1000,600,1,rademacher,1.5,1.8669989318654328,345,OptShrink,1.8288685786857446
1000,600,1,rademacher,1.5,1.8669989318654328,346,Algorithm 3,1.883306487440393
1000,600,1,rademacher,1.5,1.8669989318654328,346,SN13,1.8599923139780186
1000,600,1,rademacher,1.5,1.8669989318654328,346,OptShrink,1.8639331909498016
1000,600,1,rademacher,1.5,1.8669989318654328,347,Algorithm 3,1.7520312975739063
1000,600,1,rademacher,1.5,1.8669989318654328,347,SN13,1.8376590467144223
1000,600,1,rademacher,1.5,1.8669989318654328,347,OptShrink,1.8416265695768004
1000,600,1,rademacher,1.5,1.8669989318654328,348,Algorithm 3,1.8711321448898817
1000,600,1,rademacher,1.5,1.8669989318654328,348,SN13,1.8600602861872846
1000,600,1,rademacher,1.5,1.8669989318654328,348,OptShrink,1.8645771049146338
1000,600,1,rademacher,1.5,1.8669989318654328,349,Algorithm 3,1.885965489303432
1000,600,1,rademacher,1.5,1.8669989318654328,349,SN13,1.9005929632849463
1000,600,1,rademacher,1.5,1.8669989318654328,349,OptShrink,1.9049686580102967
1000,600,1,rademacher,1.5,1.8669989318654328,350,Algorithm 3,1.8180777518572502
1000,600,1,rademacher,1.5,1.8669989318654328,350,SN13,1.8414669729983375
1000,600,1,rademacher,1.5,1.8669989318654328,350,OptShrink,1.8452199999203163
1000,600,1,rademacher,1.5,1.8669989318654328,351,Algorithm 3,1.8553109272355208
1000,600,1,rademacher,1.5,1.8669989318654328,351,SN13,1.875008756393988
1000,600,1,rademacher,1.5,1.8669989318654328,351,OptShrink,1.879216118270629
1000,600,1,rademacher,1.5,1.8669989318654328,352,Algorithm 3,1.835138261003312
1000,600,1,rademacher,1.5,1.8669989318654328,352,SN13,1.8370910373200249
1000,600,1,rademacher,1.5,1.8669989318654328,352,OptShrink,1.8413859721796955
1000,600,1,rademacher,1.5,1.8669989318654328,353,Algorithm 3,1.7063237255203916
1000,600,1,rademacher,1.5,1.8669989318654328,353,SN13,1.718354079720584
1000,600,1,rademacher,1.5,1.8669989318654328,353,OptShrink,1.7228055229048782
1000,600,1,rademacher,1.5,1.8669989318654328,354,Algorithm 3,1.869997215087977
1000,600,1,rademacher,1.5,1.8669989318654328,354,SN13,1.8682864772726357
1000,600,1,rademacher,1.5,1.8669989318654328,354,OptShrink,1.8727672836336968
1000,600,1,rademacher,1.5,1.8669989318654328,355,Algorithm 3,1.8637954081875467
1000,600,1,rademacher,1.5,1.8669989318654328,355,SN13,1.8636317918224612
1000,600,1,rademacher,1.5,1.8669989318654328,355,OptShrink,1.8680935889275359
1000,600,1,rademacher,1.5,1.8669989318654328,356,Algorithm 3,1.8617841535627928
1000,600,1,rademacher,1.5,1.8669989318654328,356,SN13,1.8729580421128054
1000,600,1,rademacher,1.5,1.8669989318654328,356,OptShrink,1.8768448589890114
1000,600,1,rademacher,1.5,1.8669989318654328,357,Algorithm 3,1.8001900061081586
1000,600,1,rademacher,1.5,1.8669989318654328,357,SN13,1.8050283168723815
1000,600,1,rademacher,1.5,1.8669989318654328,357,OptShrink,1.809543486379689
1000,600,1,rademacher,1.5,1.8669989318654328,358,Algorithm 3,1.8590186269618125
1000,600,1,rademacher,1.5,1.8669989318654328,358,SN13,1.8904411280145963
1000,600,1,rademacher,1.5,1.8669989318654328,358,OptShrink,1.8948164730842594
1000,600,1,rademacher,1.5,1.8669989318654328,359,Algorithm 3,1.936164454325381
1000,600,1,rademacher,1.5,1.8669989318654328,359,SN13,1.9498926287115006
1000,600,1,rademacher,1.5,1.8669989318654328,359,OptShrink,1.9534921833097918
1000,600,1,rademacher,1.5,1.8669989318654328,360,Algorithm 3,1.895950361293422
1000,600,1,rademacher,1.5,1.8669989318654328,360,SN13,1.911490922405551
1000,600,1,rademacher,1.5,1.8669989318654328,360,OptShrink,1.9159672971237407
1000,600,1,rademacher,1.5,1.8669989318654328,361,Algorithm 3,1.841789552214031
1000,600,1,rademacher,1.5,1.8669989318654328,361,SN13,1.84874306478998
1000,600,1,rademacher,1.5,1.8669989318654328,361,OptShrink,1.8526882340911603
1000,600,1,rademacher,1.5,1.8669989318654328,362,Algorithm 3,1.903908651759686
1000,600,1,rademacher,1.5,1.8669989318654328,362,SN13,1.9031284679105203
1000,600,1,rademacher,1.5,1.8669989318654328,362,OptShrink,1.9073470252275413
1000,600,1,rademacher,1.5,1.8669989318654328,363,Algorithm 3,1.8767271614566725
1000,600,1,rademacher,1.5,1.8669989318654328,363,SN13,1.8741257741973003
1000,600,1,rademacher,1.5,1.8669989318654328,363,OptShrink,1.8784398376311617
1000,600,1,rademacher,1.5,1.8669989318654328,364,Algorithm 3,1.842798168292861
1000,600,1,rademacher,1.5,1.8669989318654328,364,SN13,1.8356096180899875
1000,600,1,rademacher,1.5,1.8669989318654328,364,OptShrink,1.83976879856993
1000,600,1,rademacher,1.5,1.8669989318654328,365,Algorithm 3,1.804418694923419
1000,600,1,rademacher,1.5,1.8669989318654328,365,SN13,1.8203885907818633
1000,600,1,rademacher,1.5,1.8669989318654328,365,OptShrink,1.8245908767687304
1000,600,1,rademacher,1.5,1.8669989318654328,366,Algorithm 3,1.8814076486566478
1000,600,1,rademacher,1.5,1.8669989318654328,366,SN13,1.8542523304366632
1000,600,1,rademacher,1.5,1.8669989318654328,366,OptShrink,1.858481884773819
1000,600,1,rademacher,1.5,1.8669989318654328,367,Algorithm 3,1.8381934180834518
1000,600,1,rademacher,1.5,1.8669989318654328,367,SN13,1.8663290918699773
1000,600,1,rademacher,1.5,1.8669989318654328,367,OptShrink,1.8706832592871263
1000,600,1,rademacher,1.5,1.8669989318654328,368,Algorithm 3,1.806351147347454
1000,600,1,rademacher,1.5,1.8669989318654328,368,SN13,1.815523587231734
1000,600,1,rademacher,1.5,1.8669989318654328,368,OptShrink,1.81942275524729
1000,600,1,rademacher,1.5,1.8669989318654328,369,Algorithm 3,1.8609974440473758
1000,600,1,rademacher,1.5,1.8669989318654328,369,SN13,1.8410047886152885
1000,600,1,rademacher,1.5,1.8669989318654328,369,OptShrink,1.844962357485438
1000,600,1,rademacher,1.5,1.8669989318654328,370,Algorithm 3,1.8563883591001316
1000,600,1,rademacher,1.5,1.8669989318654328,370,SN13,1.8464868871842062
1000,600,1,rademacher,1.5,1.8669989318654328,370,OptShrink,1.850227721245561
1000,600,1,rademacher,1.5,1.8669989318654328,371,Algorithm 3,1.8622755469361076
1000,600,1,rademacher,1.5,1.8669989318654328,371,SN13,1.8841023032933315
1000,600,1,rademacher,1.5,1.8669989318654328,371,OptShrink,1.8880431975596716
1000,600,1,rademacher,1.5,1.8669989318654328,372,Algorithm 3,1.9364601953193055
1000,600,1,rademacher,1.5,1.8669989318654328,372,SN13,1.889712495427453
1000,600,1,rademacher,1.5,1.8669989318654328,372,OptShrink,1.8932562591994089
1000,600,1,rademacher,1.5,1.8669989318654328,373,Algorithm 3,1.9077316456947875
1000,600,1,rademacher,1.5,1.8669989318654328,373,SN13,1.911627184187165
1000,600,1,rademacher,1.5,1.8669989318654328,373,OptShrink,1.916041952177067
1000,600,1,rademacher,1.5,1.8669989318654328,374,Algorithm 3,1.9115838920449588
1000,600,1,rademacher,1.5,1.8669989318654328,374,SN13,1.915097927755624
1000,600,1,rademacher,1.5,1.8669989318654328,374,OptShrink,1.9191726447244557
1000,600,1,rademacher,1.5,1.8669989318654328,375,Algorithm 3,1.9482000274695368
1000,600,1,rademacher,1.5,1.8669989318654328,375,SN13,1.9294920004862615
1000,600,1,rademacher,1.5,1.8669989318654328,375,OptShrink,1.9333367801262835
1000,600,1,rademacher,1.5,1.8669989318654328,376,Algorithm 3,1.8785452156101285
1000,600,1,rademacher,1.5,1.8669989318654328,376,SN13,1.87624128309843
1000,600,1,rademacher,1.5,1.8669989318654328,376,OptShrink,1.8801655669817963
1000,600,1,rademacher,1.5,1.8669989318654328,377,Algorithm 3,1.8165754935411536
1000,600,1,rademacher,1.5,1.8669989318654328,377,SN13,1.8248610903881581
1000,600,1,rademacher,1.5,1.8669989318654328,377,OptShrink,1.8293769901535821
1000,600,1,rademacher,1.5,1.8669989318654328,378,Algorithm 3,1.847657607911917
1000,600,1,rademacher,1.5,1.8669989318654328,378,SN13,1.847111335653379
1000,600,1,rademacher,1.5,1.8669989318654328,378,OptShrink,1.8513446183789068
1000,600,1,rademacher,1.5,1.8669989318654328,379,Algorithm 3,1.9195838286125695
1000,600,1,rademacher,1.5,1.8669989318654328,379,SN13,1.894650973353992
1000,600,1,rademacher,1.5,1.8669989318654328,379,OptShrink,1.8991358429924134
1000,600,1,rademacher,1.5,1.8669989318654328,380,Algorithm 3,1.837810234589896
1000,600,1,rademacher,1.5,1.8669989318654328,380,SN13,1.8470953589502463
1000,600,1,rademacher,1.5,1.8669989318654328,380,OptShrink,1.8509704229058883
1000,600,1,rademacher,1.5,1.8669989318654328,381,Algorithm 3,1.8198623626077548
1000,600,1,rademacher,1.5,1.8669989318654328,381,SN13,1.8303535352263998
1000,600,1,rademacher,1.5,1.8669989318654328,381,OptShrink,1.8350314007131754
1000,600,1,rademacher,1.5,1.8669989318654328,382,Algorithm 3,1.8557407574008769
1000,600,1,rademacher,1.5,1.8669989318654328,382,SN13,1.8473519651215278
1000,600,1,rademacher,1.5,1.8669989318654328,382,OptShrink,1.8516161293021516
1000,600,1,rademacher,1.5,1.8669989318654328,383,Algorithm 3,1.853228459463527
1000,600,1,rademacher,1.5,1.8669989318654328,383,SN13,1.8571553599491042
1000,600,1,rademacher,1.5,1.8669989318654328,383,OptShrink,1.8615418753826016
1000,600,1,rademacher,1.5,1.8669989318654328,384,Algorithm 3,1.9093278694977684
1000,600,1,rademacher,1.5,1.8669989318654328,384,SN13,1.9505443402561202
1000,600,1,rademacher,1.5,1.8669989318654328,384,OptShrink,1.9549682998017717
1000,600,1,rademacher,1.5,1.8669989318654328,385,Algorithm 3,1.8282266640251654
1000,600,1,rademacher,1.5,1.8669989318654328,385,SN13,1.85598778737085
1000,600,1,rademacher,1.5,1.8669989318654328,385,OptShrink,1.8597739035381644
1000,600,1,rademacher,1.5,1.8669989318654328,386,Algorithm 3,1.8637383381481323
1000,600,1,rademacher,1.5,1.8669989318654328,386,SN13,1.8639767014088504
1000,600,1,rademacher,1.5,1.8669989318654328,386,OptShrink,1.8684479904004985
1000,600,1,rademacher,1.5,1.8669989318654328,387,Algorithm 3,1.8856710173033737
1000,600,1,rademacher,1.5,1.8669989318654328,387,SN13,1.8785914547736369
1000,600,1,rademacher,1.5,1.8669989318654328,387,OptShrink,1.8825705414931053
1000,600,1,rademacher,1.5,1.8669989318654328,388,Algorithm 3,1.8714482715439744
1000,600,1,rademacher,1.5,1.8669989318654328,388,SN13,1.864606110813329
1000,600,1,rademacher,1.5,1.8669989318654328,388,OptShrink,1.8685742060254122
1000,600,1,rademacher,1.5,1.8669989318654328,389,Algorithm 3,1.786382100383351
1000,600,1,rademacher,1.5,1.8669989318654328,389,SN13,1.8291158866636845
1000,600,1,rademacher,1.5,1.8669989318654328,389,OptShrink,1.8327817734655412
1000,600,1,rademacher,1.5,1.8669989318654328,390,Algorithm 3,1.8319747890638667
1000,600,1,rademacher,1.5,1.8669989318654328,390,SN13,1.8120344166264182
1000,600,1,rademacher,1.5,1.8669989318654328,390,OptShrink,1.8164288254320633
1000,600,1,rademacher,1.5,1.8669989318654328,391,Algorithm 3,1.8683389570272715
1000,600,1,rademacher,1.5,1.8669989318654328,391,SN13,1.8542236773660916
1000,600,1,rademacher,1.5,1.8669989318654328,391,OptShrink,1.8583969551533837
1000,600,1,rademacher,1.5,1.8669989318654328,392,Algorithm 3,1.8629238775961237
1000,600,1,rademacher,1.5,1.8669989318654328,392,SN13,1.852301219927948
1000,600,1,rademacher,1.5,1.8669989318654328,392,OptShrink,1.8563154784039473
1000,600,1,rademacher,1.5,1.8669989318654328,393,Algorithm 3,1.8769598496833801
1000,600,1,rademacher,1.5,1.8669989318654328,393,SN13,1.856544374972344
1000,600,1,rademacher,1.5,1.8669989318654328,393,OptShrink,1.8607468561557632
1000,600,1,rademacher,1.5,1.8669989318654328,394,Algorithm 3,1.8797952682569792
1000,600,1,rademacher,1.5,1.8669989318654328,394,SN13,1.894097415279853
1000,600,1,rademacher,1.5,1.8669989318654328,394,OptShrink,1.8980609617659558
1000,600,1,rademacher,1.5,1.8669989318654328,395,Algorithm 3,1.8577948741375605
1000,600,1,rademacher,1.5,1.8669989318654328,395,SN13,1.87454225465721
1000,600,1,rademacher,1.5,1.8669989318654328,395,OptShrink,1.8783911312207742
1000,600,1,rademacher,1.5,1.8669989318654328,396,Algorithm 3,1.9815085031319009
1000,600,1,rademacher,1.5,1.8669989318654328,396,SN13,1.9503275273140996
1000,600,1,rademacher,1.5,1.8669989318654328,396,OptShrink,1.9552983225937597
1000,600,1,rademacher,1.5,1.8669989318654328,397,Algorithm 3,1.925992834098999
1000,600,1,rademacher,1.5,1.8669989318654328,397,SN13,1.9082676899413187
1000,600,1,rademacher,1.5,1.8669989318654328,397,OptShrink,1.9124106494702453
1000,600,1,rademacher,1.5,1.8669989318654328,398,Algorithm 3,1.8992082437841427
1000,600,1,rademacher,1.5,1.8669989318654328,398,SN13,1.8815151633209837
1000,600,1,rademacher,1.5,1.8669989318654328,398,OptShrink,1.8859132951408186
1000,600,1,rademacher,1.5,1.8669989318654328,399,Algorithm 3,1.9706938970386014
1000,600,1,rademacher,1.5,1.8669989318654328,399,SN13,1.9461397076910112
1000,600,1,rademacher,1.5,1.8669989318654328,399,OptShrink,1.9506725810546701
1000,600,1,rademacher,1.5,1.8669989318654328,400,Algorithm 3,1.9112748469660024
1000,600,1,rademacher,1.5,1.8669989318654328,400,SN13,1.9195654002444618
1000,600,1,rademacher,1.5,1.8669989318654328,400,OptShrink,1.92395962709576
1000,600,1,rademacher,1.5,1.8669989318654328,401,Algorithm 3,1.9108168004820283
1000,600,1,rademacher,1.5,1.8669989318654328,401,SN13,1.8945361931975138
1000,600,1,rademacher,1.5,1.8669989318654328,401,OptShrink,1.8989648350649802
1000,600,1,rademacher,1.5,1.8669989318654328,402,Algorithm 3,1.8996324283342652
1000,600,1,rademacher,1.5,1.8669989318654328,402,SN13,1.8571261954469171
1000,600,1,rademacher,1.5,1.8669989318654328,402,OptShrink,1.8615928244380502
1000,600,1,rademacher,1.5,1.8669989318654328,403,Algorithm 3,1.852518754261158
1000,600,1,rademacher,1.5,1.8669989318654328,403,SN13,1.82866278631048
1000,600,1,rademacher,1.5,1.8669989318654328,403,OptShrink,1.8324242757972204
1000,600,1,rademacher,1.5,1.8669989318654328,404,Algorithm 3,1.8669610045567429
1000,600,1,rademacher,1.5,1.8669989318654328,404,SN13,1.8576777373921278
1000,600,1,rademacher,1.5,1.8669989318654328,404,OptShrink,1.8622138089151166
1000,600,1,rademacher,1.5,1.8669989318654328,405,Algorithm 3,1.805039507218289
1000,600,1,rademacher,1.5,1.8669989318654328,405,SN13,1.8104728775089172
1000,600,1,rademacher,1.5,1.8669989318654328,405,OptShrink,1.8143252823576523
1000,600,1,rademacher,1.5,1.8669989318654328,406,Algorithm 3,1.8278461826899155
1000,600,1,rademacher,1.5,1.8669989318654328,406,SN13,1.8283953394602523
1000,600,1,rademacher,1.5,1.8669989318654328,406,OptShrink,1.832229339810344
1000,600,1,rademacher,1.5,1.8669989318654328,407,Algorithm 3,1.8774556706610042
1000,600,1,rademacher,1.5,1.8669989318654328,407,SN13,1.863655182099415
1000,600,1,rademacher,1.5,1.8669989318654328,407,OptShrink,1.8670534274695194
1000,600,1,rademacher,1.5,1.8669989318654328,408,Algorithm 3,1.7902204208137076
1000,600,1,rademacher,1.5,1.8669989318654328,408,SN13,1.7950982301895368
1000,600,1,rademacher,1.5,1.8669989318654328,408,OptShrink,1.7993265427512577
1000,600,1,rademacher,1.5,1.8669989318654328,409,Algorithm 3,1.8478242790727684
1000,600,1,rademacher,1.5,1.8669989318654328,409,SN13,1.8570033173804972
1000,600,1,rademacher,1.5,1.8669989318654328,409,OptShrink,1.8610432347561996
1000,600,1,rademacher,1.5,1.8669989318654328,410,Algorithm 3,1.921827581281622
1000,600,1,rademacher,1.5,1.8669989318654328,410,SN13,1.8926395982507493
1000,600,1,rademacher,1.5,1.8669989318654328,410,OptShrink,1.8965425763975075
1000,600,1,rademacher,1.5,1.8669989318654328,411,Algorithm 3,1.863331822412385
1000,600,1,rademacher,1.5,1.8669989318654328,411,SN13,1.8632321175009516
1000,600,1,rademacher,1.5,1.8669989318654328,411,OptShrink,1.8671439521117341
1000,600,1,rademacher,1.5,1.8669989318654328,412,Algorithm 3,1.9021512262727283
1000,600,1,rademacher,1.5,1.8669989318654328,412,SN13,1.8940672371098786
1000,600,1,rademacher,1.5,1.8669989318654328,412,OptShrink,1.898367871844595
1000,600,1,rademacher,1.5,1.8669989318654328,413,Algorithm 3,1.8694626910772916
1000,600,1,rademacher,1.5,1.8669989318654328,413,SN13,1.8625028417538307
1000,600,1,rademacher,1.5,1.8669989318654328,413,OptShrink,1.8664460433081353
1000,600,1,rademacher,1.5,1.8669989318654328,414,Algorithm 3,1.8540033296412206
1000,600,1,rademacher,1.5,1.8669989318654328,414,SN13,1.862237175765866
1000,600,1,rademacher,1.5,1.8669989318654328,414,OptShrink,1.8663573409549987
1000,600,1,rademacher,1.5,1.8669989318654328,415,Algorithm 3,1.8618611953656643
1000,600,1,rademacher,1.5,1.8669989318654328,415,SN13,1.9237733323165171
1000,600,1,rademacher,1.5,1.8669989318654328,415,OptShrink,1.9275800184154326
1000,600,1,rademacher,1.5,1.8669989318654328,416,Algorithm 3,1.8528350490934034
1000,600,1,rademacher,1.5,1.8669989318654328,416,SN13,1.869771106632802
1000,600,1,rademacher,1.5,1.8669989318654328,416,OptShrink,1.8738210515453877
1000,600,1,rademacher,1.5,1.8669989318654328,417,Algorithm 3,1.8627436702531366
1000,600,1,rademacher,1.5,1.8669989318654328,417,SN13,1.8239742644573314
1000,600,1,rademacher,1.5,1.8669989318654328,417,OptShrink,1.8279563793465208
1000,600,1,rademacher,1.5,1.8669989318654328,418,Algorithm 3,1.7289454252567913
1000,600,1,rademacher,1.5,1.8669989318654328,418,SN13,1.7517050699281005
1000,600,1,rademacher,1.5,1.8669989318654328,418,OptShrink,1.7557488792062035
1000,600,1,rademacher,1.5,1.8669989318654328,419,Algorithm 3,1.920681996307538
1000,600,1,rademacher,1.5,1.8669989318654328,419,SN13,1.8874959652779963
1000,600,1,rademacher,1.5,1.8669989318654328,419,OptShrink,1.8916697933010904
1000,600,1,rademacher,1.5,1.8669989318654328,420,Algorithm 3,1.8748189922545475
1000,600,1,rademacher,1.5,1.8669989318654328,420,SN13,1.8598582026932067
1000,600,1,rademacher,1.5,1.8669989318654328,420,OptShrink,1.8638005420104657
1000,600,1,rademacher,1.5,1.8669989318654328,421,Algorithm 3,1.8467526742337208
1000,600,1,rademacher,1.5,1.8669989318654328,421,SN13,1.8488417322716482
1000,600,1,rademacher,1.5,1.8669989318654328,421,OptShrink,1.8527578377120086
1000,600,1,rademacher,1.5,1.8669989318654328,422,Algorithm 3,1.8165753310051762
1000,600,1,rademacher,1.5,1.8669989318654328,422,SN13,1.8240698615384392
1000,600,1,rademacher,1.5,1.8669989318654328,422,OptShrink,1.8279234964932447
1000,600,1,rademacher,1.5,1.8669989318654328,423,Algorithm 3,1.8982515322083304
1000,600,1,rademacher,1.5,1.8669989318654328,423,SN13,1.8981918479566844
1000,600,1,rademacher,1.5,1.8669989318654328,423,OptShrink,1.9020347593484002
1000,600,1,rademacher,1.5,1.8669989318654328,424,Algorithm 3,1.85213987861545
1000,600,1,rademacher,1.5,1.8669989318654328,424,SN13,1.85240960460667
1000,600,1,rademacher,1.5,1.8669989318654328,424,OptShrink,1.856454431526708
1000,600,1,rademacher,1.5,1.8669989318654328,425,Algorithm 3,1.8611220804762303
1000,600,1,rademacher,1.5,1.8669989318654328,425,SN13,1.8631080102403925
1000,600,1,rademacher,1.5,1.8669989318654328,425,OptShrink,1.8676459544069273
1000,600,1,rademacher,1.5,1.8669989318654328,426,Algorithm 3,1.8759629452553566
1000,600,1,rademacher,1.5,1.8669989318654328,426,SN13,1.853556184014193
1000,600,1,rademacher,1.5,1.8669989318654328,426,OptShrink,1.8578790454046648
1000,600,1,rademacher,1.5,1.8669989318654328,427,Algorithm 3,1.941410003751619
1000,600,1,rademacher,1.5,1.8669989318654328,427,SN13,1.9584348310459028
1000,600,1,rademacher,1.5,1.8669989318654328,427,OptShrink,1.9630191896590916
1000,600,1,rademacher,1.5,1.8669989318654328,428,Algorithm 3,1.839424448423049
1000,600,1,rademacher,1.5,1.8669989318654328,428,SN13,1.8273245952504273
1000,600,1,rademacher,1.5,1.8669989318654328,428,OptShrink,1.8320115409939026
1000,600,1,rademacher,1.5,1.8669989318654328,429,Algorithm 3,1.8341380993671197
1000,600,1,rademacher,1.5,1.8669989318654328,429,SN13,1.8393276327402144
1000,600,1,rademacher,1.5,1.8669989318654328,429,OptShrink,1.8440455598819645
1000,600,1,rademacher,1.5,1.8669989318654328,430,Algorithm 3,1.9256568085684962
1000,600,1,rademacher,1.5,1.8669989318654328,430,SN13,1.8904943752843417
1000,600,1,rademacher,1.5,1.8669989318654328,430,OptShrink,1.8950657110752431
1000,600,1,rademacher,1.5,1.8669989318654328,431,Algorithm 3,1.8437997040464402
1000,600,1,rademacher,1.5,1.8669989318654328,431,SN13,1.8115429534670218
1000,600,1,rademacher,1.5,1.8669989318654328,431,OptShrink,1.81584609373421
1000,600,1,rademacher,1.5,1.8669989318654328,432,Algorithm 3,1.779169231571546
1000,600,1,rademacher,1.5,1.8669989318654328,432,SN13,1.798937635869725
1000,600,1,rademacher,1.5,1.8669989318654328,432,OptShrink,1.8031836289812764
1000,600,1,rademacher,1.5,1.8669989318654328,433,Algorithm 3,1.8475092467687624
1000,600,1,rademacher,1.5,1.8669989318654328,433,SN13,1.8296470601916879
1000,600,1,rademacher,1.5,1.8669989318654328,433,OptShrink,1.8340835167560998
1000,600,1,rademacher,1.5,1.8669989318654328,434,Algorithm 3,1.846861655856656
1000,600,1,rademacher,1.5,1.8669989318654328,434,SN13,1.837727421021881
1000,600,1,rademacher,1.5,1.8669989318654328,434,OptShrink,1.841782313313906
1000,600,1,rademacher,1.5,1.8669989318654328,435,Algorithm 3,1.8623155153968627
1000,600,1,rademacher,1.5,1.8669989318654328,435,SN13,1.854685473003069
1000,600,1,rademacher,1.5,1.8669989318654328,435,OptShrink,1.8589528089209488
1000,600,1,rademacher,1.5,1.8669989318654328,436,Algorithm 3,1.844038886361556
1000,600,1,rademacher,1.5,1.8669989318654328,436,SN13,1.8158123102994246
1000,600,1,rademacher,1.5,1.8669989318654328,436,OptShrink,1.8202868452863699
1000,600,1,rademacher,1.5,1.8669989318654328,437,Algorithm 3,1.8777977829112484
1000,600,1,rademacher,1.5,1.8669989318654328,437,SN13,1.871420314767354
1000,600,1,rademacher,1.5,1.8669989318654328,437,OptShrink,1.8750594454734804
1000,600,1,rademacher,1.5,1.8669989318654328,438,Algorithm 3,1.846338774601337
1000,600,1,rademacher,1.5,1.8669989318654328,438,SN13,1.8863138857698445
1000,600,1,rademacher,1.5,1.8669989318654328,438,OptShrink,1.8905169932715888
1000,600,1,rademacher,1.5,1.8669989318654328,439,Algorithm 3,1.8192130155172428
1000,600,1,rademacher,1.5,1.8669989318654328,439,SN13,1.8588074971202493
1000,600,1,rademacher,1.5,1.8669989318654328,439,OptShrink,1.8631351301452823
1000,600,1,rademacher,1.5,1.8669989318654328,440,Algorithm 3,1.830641037254704
1000,600,1,rademacher,1.5,1.8669989318654328,440,SN13,1.8549406473915584
1000,600,1,rademacher,1.5,1.8669989318654328,440,OptShrink,1.8589651543997852
1000,600,1,rademacher,1.5,1.8669989318654328,441,Algorithm 3,1.843702299465544
1000,600,1,rademacher,1.5,1.8669989318654328,441,SN13,1.8810108659493725
1000,600,1,rademacher,1.5,1.8669989318654328,441,OptShrink,1.8849485269350676
1000,600,1,rademacher,1.5,1.8669989318654328,442,Algorithm 3,1.8779271618217674
1000,600,1,rademacher,1.5,1.8669989318654328,442,SN13,1.8761773058335414
1000,600,1,rademacher,1.5,1.8669989318654328,442,OptShrink,1.8807177271761066
1000,600,1,rademacher,1.5,1.8669989318654328,443,Algorithm 3,1.8513811609151969
1000,600,1,rademacher,1.5,1.8669989318654328,443,SN13,1.8342312806393393
1000,600,1,rademacher,1.5,1.8669989318654328,443,OptShrink,1.838831864436231
1000,600,1,rademacher,1.5,1.8669989318654328,444,Algorithm 3,1.8671134540145469
1000,600,1,rademacher,1.5,1.8669989318654328,444,SN13,1.8496576090586947
1000,600,1,rademacher,1.5,1.8669989318654328,444,OptShrink,1.8534446849413857
1000,600,1,rademacher,1.5,1.8669989318654328,445,Algorithm 3,1.910318414420857
1000,600,1,rademacher,1.5,1.8669989318654328,445,SN13,1.873542283595119
1000,600,1,rademacher,1.5,1.8669989318654328,445,OptShrink,1.8779072104393812
1000,600,1,rademacher,1.5,1.8669989318654328,446,Algorithm 3,1.8015778180959583
1000,600,1,rademacher,1.5,1.8669989318654328,446,SN13,1.8725058312746128
1000,600,1,rademacher,1.5,1.8669989318654328,446,OptShrink,1.8762742137809876
1000,600,1,rademacher,1.5,1.8669989318654328,447,Algorithm 3,1.8871468847090238
1000,600,1,rademacher,1.5,1.8669989318654328,447,SN13,1.8686622556123533
1000,600,1,rademacher,1.5,1.8669989318654328,447,OptShrink,1.8731266845673455
1000,600,1,rademacher,1.5,1.8669989318654328,448,Algorithm 3,1.8189771923066655
1000,600,1,rademacher,1.5,1.8669989318654328,448,SN13,1.8258040613695579
1000,600,1,rademacher,1.5,1.8669989318654328,448,OptShrink,1.8297427898508274
1000,600,1,rademacher,1.5,1.8669989318654328,449,Algorithm 3,1.9078385521625247
1000,600,1,rademacher,1.5,1.8669989318654328,449,SN13,1.8961759668237916
1000,600,1,rademacher,1.5,1.8669989318654328,449,OptShrink,1.9004447804656341
1000,600,1,rademacher,1.5,1.8669989318654328,450,Algorithm 3,1.81113299477009
1000,600,1,rademacher,1.5,1.8669989318654328,450,SN13,1.8240094044963495
1000,600,1,rademacher,1.5,1.8669989318654328,450,OptShrink,1.8282252083332073
1000,600,1,rademacher,1.5,1.8669989318654328,451,Algorithm 3,1.787626398647325
1000,600,1,rademacher,1.5,1.8669989318654328,451,SN13,1.8160409389842505
1000,600,1,rademacher,1.5,1.8669989318654328,451,OptShrink,1.820222347543046
1000,600,1,rademacher,1.5,1.8669989318654328,452,Algorithm 3,1.8717137736138252
1000,600,1,rademacher,1.5,1.8669989318654328,452,SN13,1.8929236128331821
1000,600,1,rademacher,1.5,1.8669989318654328,452,OptShrink,1.897050692864827
1000,600,1,rademacher,1.5,1.8669989318654328,453,Algorithm 3,1.7687768287592265
1000,600,1,rademacher,1.5,1.8669989318654328,453,SN13,1.8171708409764218
1000,600,1,rademacher,1.5,1.8669989318654328,453,OptShrink,1.8213653399709424
1000,600,1,rademacher,1.5,1.8669989318654328,454,Algorithm 3,1.8209925073677378
1000,600,1,rademacher,1.5,1.8669989318654328,454,SN13,1.8257454915815223
1000,600,1,rademacher,1.5,1.8669989318654328,454,OptShrink,1.829824739620705
1000,600,1,rademacher,1.5,1.8669989318654328,455,Algorithm 3,1.834863334551985
1000,600,1,rademacher,1.5,1.8669989318654328,455,SN13,1.839377642393694
1000,600,1,rademacher,1.5,1.8669989318654328,455,OptShrink,1.843383572913483
1000,600,1,rademacher,1.5,1.8669989318654328,456,Algorithm 3,1.7975635064247026
1000,600,1,rademacher,1.5,1.8669989318654328,456,SN13,1.856957440385158
1000,600,1,rademacher,1.5,1.8669989318654328,456,OptShrink,1.8617360565194696
1000,600,1,rademacher,1.5,1.8669989318654328,457,Algorithm 3,1.8061124152846932
1000,600,1,rademacher,1.5,1.8669989318654328,457,SN13,1.7971653516125934
1000,600,1,rademacher,1.5,1.8669989318654328,457,OptShrink,1.8011242911201655
1000,600,1,rademacher,1.5,1.8669989318654328,458,Algorithm 3,1.874364582376235
1000,600,1,rademacher,1.5,1.8669989318654328,458,SN13,1.924441826644355
1000,600,1,rademacher,1.5,1.8669989318654328,458,OptShrink,1.9279177844807422
1000,600,1,rademacher,1.5,1.8669989318654328,459,Algorithm 3,1.8769167230201904
1000,600,1,rademacher,1.5,1.8669989318654328,459,SN13,1.886946847788681
1000,600,1,rademacher,1.5,1.8669989318654328,459,OptShrink,1.8904504680531464
1000,600,1,rademacher,1.5,1.8669989318654328,460,Algorithm 3,1.828659077397096
1000,600,1,rademacher,1.5,1.8669989318654328,460,SN13,1.8564964253472718
1000,600,1,rademacher,1.5,1.8669989318654328,460,OptShrink,1.8607443197092637
1000,600,1,rademacher,1.5,1.8669989318654328,461,Algorithm 3,1.864108526073038
1000,600,1,rademacher,1.5,1.8669989318654328,461,SN13,1.866097923713791
1000,600,1,rademacher,1.5,1.8669989318654328,461,OptShrink,1.870431111059568
1000,600,1,rademacher,1.5,1.8669989318654328,462,Algorithm 3,1.8790429631186822
1000,600,1,rademacher,1.5,1.8669989318654328,462,SN13,1.8927738139443784
1000,600,1,rademacher,1.5,1.8669989318654328,462,OptShrink,1.896935493014452
1000,600,1,rademacher,1.5,1.8669989318654328,463,Algorithm 3,1.8671181397981875
1000,600,1,rademacher,1.5,1.8669989318654328,463,SN13,1.8857828767511033
1000,600,1,rademacher,1.5,1.8669989318654328,463,OptShrink,1.8895737754986115
1000,600,1,rademacher,1.5,1.8669989318654328,464,Algorithm 3,1.8621268072971457
1000,600,1,rademacher,1.5,1.8669989318654328,464,SN13,1.8107225638120905
1000,600,1,rademacher,1.5,1.8669989318654328,464,OptShrink,1.8153278920748446
1000,600,1,rademacher,1.5,1.8669989318654328,465,Algorithm 3,1.8308616658591184
1000,600,1,rademacher,1.5,1.8669989318654328,465,SN13,1.8322153184205328
1000,600,1,rademacher,1.5,1.8669989318654328,465,OptShrink,1.8360736892541512
1000,600,1,rademacher,1.5,1.8669989318654328,466,Algorithm 3,1.9308957534500057
1000,600,1,rademacher,1.5,1.8669989318654328,466,SN13,1.903285899336565
1000,600,1,rademacher,1.5,1.8669989318654328,466,OptShrink,1.9077231032773954
1000,600,1,rademacher,1.5,1.8669989318654328,467,Algorithm 3,1.8388595425302814
1000,600,1,rademacher,1.5,1.8669989318654328,467,SN13,1.8457895656980101
1000,600,1,rademacher,1.5,1.8669989318654328,467,OptShrink,1.8501634269058682
1000,600,1,rademacher,1.5,1.8669989318654328,468,Algorithm 3,1.8787607595097213
1000,600,1,rademacher,1.5,1.8669989318654328,468,SN13,1.8606780795756768
1000,600,1,rademacher,1.5,1.8669989318654328,468,OptShrink,1.8639150424280797
1000,600,1,rademacher,1.5,1.8669989318654328,469,Algorithm 3,1.8268625466177404
1000,600,1,rademacher,1.5,1.8669989318654328,469,SN13,1.8243504654594838
1000,600,1,rademacher,1.5,1.8669989318654328,469,OptShrink,1.8283871919112862
1000,600,1,rademacher,1.5,1.8669989318654328,470,Algorithm 3,1.8644954273269532
1000,600,1,rademacher,1.5,1.8669989318654328,470,SN13,1.8492468822913188
1000,600,1,rademacher,1.5,1.8669989318654328,470,OptShrink,1.853298384929731
1000,600,1,rademacher,1.5,1.8669989318654328,471,Algorithm 3,1.8457323183749736
1000,600,1,rademacher,1.5,1.8669989318654328,471,SN13,1.836068733270145
1000,600,1,rademacher,1.5,1.8669989318654328,471,OptShrink,1.8402287276969158
1000,600,1,rademacher,1.5,1.8669989318654328,472,Algorithm 3,1.8754313592321257
1000,600,1,rademacher,1.5,1.8669989318654328,472,SN13,1.848891640729195
1000,600,1,rademacher,1.5,1.8669989318654328,472,OptShrink,1.8527660251755111
1000,600,1,rademacher,1.5,1.8669989318654328,473,Algorithm 3,1.8922014473837314
1000,600,1,rademacher,1.5,1.8669989318654328,473,SN13,1.883202017307617
1000,600,1,rademacher,1.5,1.8669989318654328,473,OptShrink,1.8879181645726637
1000,600,1,rademacher,1.5,1.8669989318654328,474,Algorithm 3,1.848118781022988
1000,600,1,rademacher,1.5,1.8669989318654328,474,SN13,1.8340942896766652
1000,600,1,rademacher,1.5,1.8669989318654328,474,OptShrink,1.838331701092483
1000,600,1,rademacher,1.5,1.8669989318654328,475,Algorithm 3,1.7754244132694068
1000,600,1,rademacher,1.5,1.8669989318654328,475,SN13,1.8084958874954213
1000,600,1,rademacher,1.5,1.8669989318654328,475,OptShrink,1.8128054448778408
1000,600,1,rademacher,1.5,1.8669989318654328,476,Algorithm 3,1.846659458295853
1000,600,1,rademacher,1.5,1.8669989318654328,476,SN13,1.785517729030614
1000,600,1,rademacher,1.5,1.8669989318654328,476,OptShrink,1.7900297407707555
1000,600,1,rademacher,1.5,1.8669989318654328,477,Algorithm 3,1.880683409989075
1000,600,1,rademacher,1.5,1.8669989318654328,477,SN13,1.8985758558065988
1000,600,1,rademacher,1.5,1.8669989318654328,477,OptShrink,1.9028778481179598
1000,600,1,rademacher,1.5,1.8669989318654328,478,Algorithm 3,1.860072657469775
1000,600,1,rademacher,1.5,1.8669989318654328,478,SN13,1.8606173947943678
1000,600,1,rademacher,1.5,1.8669989318654328,478,OptShrink,1.8648574284274755
1000,600,1,rademacher,1.5,1.8669989318654328,479,Algorithm 3,1.7908641192053902
1000,600,1,rademacher,1.5,1.8669989318654328,479,SN13,1.7997849168690805
1000,600,1,rademacher,1.5,1.8669989318654328,479,OptShrink,1.8046870410900386
1000,600,1,rademacher,1.5,1.8669989318654328,480,Algorithm 3,1.9671886202654327
1000,600,1,rademacher,1.5,1.8669989318654328,480,SN13,1.9412228322967942
1000,600,1,rademacher,1.5,1.8669989318654328,480,OptShrink,1.9453808363282272
1000,600,1,rademacher,1.5,1.8669989318654328,481,Algorithm 3,1.8871321934144685
1000,600,1,rademacher,1.5,1.8669989318654328,481,SN13,1.8570987068942946
1000,600,1,rademacher,1.5,1.8669989318654328,481,OptShrink,1.861573915949594
1000,600,1,rademacher,1.5,1.8669989318654328,482,Algorithm 3,1.885018858452992
1000,600,1,rademacher,1.5,1.8669989318654328,482,SN13,1.9044063372061153
1000,600,1,rademacher,1.5,1.8669989318654328,482,OptShrink,1.908749175260831
1000,600,1,rademacher,1.5,1.8669989318654328,483,Algorithm 3,1.8094806352559507
1000,600,1,rademacher,1.5,1.8669989318654328,483,SN13,1.8465855482723217
1000,600,1,rademacher,1.5,1.8669989318654328,483,OptShrink,1.8510742170996304
1000,600,1,rademacher,1.5,1.8669989318654328,484,Algorithm 3,1.7935660069169899
1000,600,1,rademacher,1.5,1.8669989318654328,484,SN13,1.836468078834323
1000,600,1,rademacher,1.5,1.8669989318654328,484,OptShrink,1.8406060906963222
1000,600,1,rademacher,1.5,1.8669989318654328,485,Algorithm 3,1.8650071508206012
1000,600,1,rademacher,1.5,1.8669989318654328,485,SN13,1.8834856882830435
1000,600,1,rademacher,1.5,1.8669989318654328,485,OptShrink,1.8877686953245818
1000,600,1,rademacher,1.5,1.8669989318654328,486,Algorithm 3,1.8784497269442546
1000,600,1,rademacher,1.5,1.8669989318654328,486,SN13,1.8754292108903612
1000,600,1,rademacher,1.5,1.8669989318654328,486,OptShrink,1.8798205839547182
1000,600,1,rademacher,1.5,1.8669989318654328,487,Algorithm 3,1.893140349752641
1000,600,1,rademacher,1.5,1.8669989318654328,487,SN13,1.8767812134207518
1000,600,1,rademacher,1.5,1.8669989318654328,487,OptShrink,1.8809904925516605
1000,600,1,rademacher,1.5,1.8669989318654328,488,Algorithm 3,1.8696187667590485
1000,600,1,rademacher,1.5,1.8669989318654328,488,SN13,1.8510048065546085
1000,600,1,rademacher,1.5,1.8669989318654328,488,OptShrink,1.8550118513323834
1000,600,1,rademacher,1.5,1.8669989318654328,489,Algorithm 3,1.885390403511478
1000,600,1,rademacher,1.5,1.8669989318654328,489,SN13,1.9010534588283572
1000,600,1,rademacher,1.5,1.8669989318654328,489,OptShrink,1.905163192770206
1000,600,1,rademacher,1.5,1.8669989318654328,490,Algorithm 3,1.8670421155914005
1000,600,1,rademacher,1.5,1.8669989318654328,490,SN13,1.8563325033249372
1000,600,1,rademacher,1.5,1.8669989318654328,490,OptShrink,1.8610208156225267
1000,600,1,rademacher,1.5,1.8669989318654328,491,Algorithm 3,1.9754392917331112
1000,600,1,rademacher,1.5,1.8669989318654328,491,SN13,1.9215366513749723
1000,600,1,rademacher,1.5,1.8669989318654328,491,OptShrink,1.9256771083287203
1000,600,1,rademacher,1.5,1.8669989318654328,492,Algorithm 3,1.8997944590759697
1000,600,1,rademacher,1.5,1.8669989318654328,492,SN13,1.9000299018332132
1000,600,1,rademacher,1.5,1.8669989318654328,492,OptShrink,1.9044876317344404
1000,600,1,rademacher,1.5,1.8669989318654328,493,Algorithm 3,1.8995473071165558
1000,600,1,rademacher,1.5,1.8669989318654328,493,SN13,1.8926708629992222
1000,600,1,rademacher,1.5,1.8669989318654328,493,OptShrink,1.8967650440002055
1000,600,1,rademacher,1.5,1.8669989318654328,494,Algorithm 3,1.8666099431402612
1000,600,1,rademacher,1.5,1.8669989318654328,494,SN13,1.827830309754278
1000,600,1,rademacher,1.5,1.8669989318654328,494,OptShrink,1.8313481862364773
1000,600,1,rademacher,1.5,1.8669989318654328,495,Algorithm 3,1.8257067554416755
1000,600,1,rademacher,1.5,1.8669989318654328,495,SN13,1.8384622984802903
1000,600,1,rademacher,1.5,1.8669989318654328,495,OptShrink,1.8423238281508056
1000,600,1,rademacher,1.5,1.8669989318654328,496,Algorithm 3,1.7889731519821714
1000,600,1,rademacher,1.5,1.8669989318654328,496,SN13,1.7603752041490395
1000,600,1,rademacher,1.5,1.8669989318654328,496,OptShrink,1.7646504929660287
1000,600,1,rademacher,1.5,1.8669989318654328,497,Algorithm 3,1.8944236226747937
1000,600,1,rademacher,1.5,1.8669989318654328,497,SN13,1.9215030131815483
1000,600,1,rademacher,1.5,1.8669989318654328,497,OptShrink,1.925436400705224
1000,600,1,rademacher,1.5,1.8669989318654328,498,Algorithm 3,1.8865869175460168
1000,600,1,rademacher,1.5,1.8669989318654328,498,SN13,1.868102144640793
1000,600,1,rademacher,1.5,1.8669989318654328,498,OptShrink,1.8721109157491402
1000,600,1,rademacher,1.5,1.8669989318654328,499,Algorithm 3,1.821561322785057
1000,600,1,rademacher,1.5,1.8669989318654328,499,SN13,1.8318597376420955
1000,600,1,rademacher,1.5,1.8669989318654328,499,OptShrink,1.8354997852676973
1000,600,1,rademacher,1.5,1.8669989318654328,500,Algorithm 3,1.8964171051091412
1000,600,1,rademacher,1.5,1.8669989318654328,500,SN13,1.864566118727186
1000,600,1,rademacher,1.5,1.8669989318654328,500,OptShrink,1.868973666928351
1000,600,4,gaussian,1.5,2.7384412125023427,1,Algorithm 3,2.729786944430808
1000,600,4,gaussian,1.5,2.7384412125023427,1,SN13,2.988832472298659
1000,600,4,gaussian,1.5,2.7384412125023427,1,OptShrink,2.959047806153147
1000,600,4,gaussian,1.5,2.7384412125023427,2,Algorithm 3,2.778906198888913
1000,600,4,gaussian,1.5,2.7384412125023427,2,SN13,2.984821800494054
1000,600,4,gaussian,1.5,2.7384412125023427,2,OptShrink,2.9548774808787384
1000,600,4,gaussian,1.5,2.7384412125023427,3,Algorithm 3,2.8307752839214797
1000,600,4,gaussian,1.5,2.7384412125023427,3,SN13,3.0574230909590727
1000,600,4,gaussian,1.5,2.7384412125023427,3,OptShrink,3.030003523761984
1000,600,4,gaussian,1.5,2.7384412125023427,4,Algorithm 3,2.8071837566955655
1000,600,4,gaussian,1.5,2.7384412125023427,4,SN13,2.970975682273164
1000,600,4,gaussian,1.5,2.7384412125023427,4,OptShrink,2.9388755789231444
1000,600,4,gaussian,1.5,2.7384412125023427,5,Algorithm 3,2.723589559180243
1000,600,4,gaussian,1.5,2.7384412125023427,5,SN13,2.968570021172177
1000,600,4,gaussian,1.5,2.7384412125023427,5,OptShrink,2.936182374233477
1000,600,4,gaussian,1.5,2.7384412125023427,6,Algorithm 3,2.643314614727674
1000,600,4,gaussian,1.5,2.7384412125023427,6,SN13,2.854977923457845
1000,600,4,gaussian,1.5,2.7384412125023427,6,OptShrink,2.819127323165526
1000,600,4,gaussian,1.5,2.7384412125023427,7,Algorithm 3,2.6303761765132534
1000,600,4,gaussian,1.5,2.7384412125023427,7,SN13,2.809854003594345
1000,600,4,gaussian,1.5,2.7384412125023427,7,OptShrink,2.7707386801335536
1000,600,4,gaussian,1.5,2.7384412125023427,8,Algorithm 3,2.6689813589350067
1000,600,4,gaussian,1.5,2.7384412125023427,8,SN13,2.893456776527279
1000,600,4,gaussian,1.5,2.7384412125023427,8,OptShrink,2.8582979577476477
1000,600,4,gaussian,1.5,2.7384412125023427,9,Algorithm 3,2.71197799293294
1000,600,4,gaussian,1.5,2.7384412125023427,9,SN13,2.8765040214279787
1000,600,4,gaussian,1.5,2.7384412125023427,9,OptShrink,2.841462602668849
1000,600,4,gaussian,1.5,2.7384412125023427,10,Algorithm 3,2.7954023096453287
1000,600,4,gaussian,1.5,2.7384412125023427,10,SN13,2.9426776949563145
1000,600,4,gaussian,1.5,2.7384412125023427,10,OptShrink,2.909143855955354
1000,600,4,gaussian,1.5,2.7384412125023427,11,Algorithm 3,2.782173971564679
1000,600,4,gaussian,1.5,2.7384412125023427,11,SN13,2.914490731253917
1000,600,4,gaussian,1.5,2.7384412125023427,11,OptShrink,2.881602261224919
1000,600,4,gaussian,1.5,2.7384412125023427,12,Algorithm 3,2.7449607554536803
1000,600,4,gaussian,1.5,2.7384412125023427,12,SN13,2.9276595023836767
1000,600,4,gaussian,1.5,2.7384412125023427,12,OptShrink,2.894624581191862
1000,600,4,gaussian,1.5,2.7384412125023427,13,Algorithm 3,2.777080134872449
1000,600,4,gaussian,1.5,2.7384412125023427,13,SN13,3.01610064420918
1000,600,4,gaussian,1.5,2.7384412125023427,13,OptShrink,2.986813873578808
1000,600,4,gaussian,1.5,2.7384412125023427,14,Algorithm 3,2.6891320302371535
1000,600,4,gaussian,1.5,2.7384412125023427,14,SN13,2.9073219463471256
1000,600,4,gaussian,1.5,2.7384412125023427,14,OptShrink,2.8719850470256865
1000,600,4,gaussian,1.5,2.7384412125023427,15,Algorithm 3,2.751814871609581
1000,600,4,gaussian,1.5,2.7384412125023427,15,SN13,2.990476664462662
1000,600,4,gaussian,1.5,2.7384412125023427,15,OptShrink,2.9595548591617846
1000,600,4,gaussian,1.5,2.7384412125023427,16,Algorithm 3,2.616089115886856
1000,600,4,gaussian,1.5,2.7384412125023427,16,SN13,2.85523077026219
1000,600,4,gaussian,1.5,2.7384412125023427,16,OptShrink,2.8174265500643796
1000,600,4,gaussian,1.5,2.7384412125023427,17,Algorithm 3,2.700623662328644
1000,600,4,gaussian,1.5,2.7384412125023427,17,SN13,2.972830118277901
1000,600,4,gaussian,1.5,2.7384412125023427,17,OptShrink,2.9410665734630417
1000,600,4,gaussian,1.5,2.7384412125023427,18,Algorithm 3,2.61004762184623
1000,600,4,gaussian,1.5,2.7384412125023427,18,SN13,2.881473379649488
1000,600,4,gaussian,1.5,2.7384412125023427,18,OptShrink,2.8456666485885944
1000,600,4,gaussian,1.5,2.7384412125023427,19,Algorithm 3,2.5663322475756
1000,600,4,gaussian,1.5,2.7384412125023427,19,SN13,2.8720140591502212
1000,600,4,gaussian,1.5,2.7384412125023427,19,OptShrink,2.8355702234697095
1000,600,4,gaussian,1.5,2.7384412125023427,20,Algorithm 3,2.6356438357896264
1000,600,4,gaussian,1.5,2.7384412125023427,20,SN13,2.9222920574446634
1000,600,4,gaussian,1.5,2.7384412125023427,20,OptShrink,2.8879113360114017
1000,600,4,gaussian,1.5,2.7384412125023427,21,Algorithm 3,2.7599628605237703
1000,600,4,gaussian,1.5,2.7384412125023427,21,SN13,2.946585805327989
1000,600,4,gaussian,1.5,2.7384412125023427,21,OptShrink,2.914150126500044
1000,600,4,gaussian,1.5,2.7384412125023427,22,Algorithm 3,2.6917014818586904
1000,600,4,gaussian,1.5,2.7384412125023427,22,SN13,2.9335373702116327
1000,600,4,gaussian,1.5,2.7384412125023427,22,OptShrink,2.900524845865724
1000,600,4,gaussian,1.5,2.7384412125023427,23,Algorithm 3,2.6316193760196174
1000,600,4,gaussian,1.5,2.7384412125023427,23,SN13,2.82936869697787
1000,600,4,gaussian,1.5,2.7384412125023427,23,OptShrink,2.7910153886482387
1000,600,4,gaussian,1.5,2.7384412125023427,24,Algorithm 3,2.6381354778722677
1000,600,4,gaussian,1.5,2.7384412125023427,24,SN13,2.8893731846637825
1000,600,4,gaussian,1.5,2.7384412125023427,24,OptShrink,2.8537157208941424
1000,600,4,gaussian,1.5,2.7384412125023427,25,Algorithm 3,2.854555166105516
1000,600,4,gaussian,1.5,2.7384412125023427,25,SN13,3.023544350849627
1000,600,4,gaussian,1.5,2.7384412125023427,25,OptShrink,2.9940776202662023
1000,600,4,gaussian,1.5,2.7384412125023427,26,Algorithm 3,2.699979803456801
1000,600,4,gaussian,1.5,2.7384412125023427,26,SN13,2.9115262623038864
1000,600,4,gaussian,1.5,2.7384412125023427,26,OptShrink,2.8759949896928663
1000,600,4,gaussian,1.5,2.7384412125023427,27,Algorithm 3,2.754849531239368
1000,600,4,gaussian,1.5,2.7384412125023427,27,SN13,2.933081286697229
1000,600,4,gaussian,1.5,2.7384412125023427,27,OptShrink,2.900411580362326
1000,600,4,gaussian,1.5,2.7384412125023427,28,Algorithm 3,2.7072113064612675
1000,600,4,gaussian,1.5,2.7384412125023427,28,SN13,2.9430455384066967
1000,600,4,gaussian,1.5,2.7384412125023427,28,OptShrink,2.9099821829473043
1000,600,4,gaussian,1.5,2.7384412125023427,29,Algorithm 3,2.7288840993241683
1000,600,4,gaussian,1.5,2.7384412125023427,29,SN13,2.952626242079457
1000,600,4,gaussian,1.5,2.7384412125023427,29,OptShrink,2.9211891010892233
1000,600,4,gaussian,1.5,2.7384412125023427,30,Algorithm 3,2.620631668885529
1000,600,4,gaussian,1.5,2.7384412125023427,30,SN13,2.85315005160318
1000,600,4,gaussian,1.5,2.7384412125023427,30,OptShrink,2.814803432421591
1000,600,4,gaussian,1.5,2.7384412125023427,31,Algorithm 3,2.8622908153107463
1000,600,4,gaussian,1.5,2.7384412125023427,31,SN13,3.0021503357601707
1000,600,4,gaussian,1.5,2.7384412125023427,31,OptShrink,2.9720633196235045
1000,600,4,gaussian,1.5,2.7384412125023427,32,Algorithm 3,2.682152210054504
1000,600,4,gaussian,1.5,2.7384412125023427,32,SN13,2.8931172008179638
1000,600,4,gaussian,1.5,2.7384412125023427,32,OptShrink,2.85825069226266
1000,600,4,gaussian,1.5,2.7384412125023427,33,Algorithm 3,2.7218462872014904
1000,600,4,gaussian,1.5,2.7384412125023427,33,SN13,2.9357101074575014
1000,600,4,gaussian,1.5,2.7384412125023427,33,OptShrink,2.9020036950475205
1000,600,4,gaussian,1.5,2.7384412125023427,34,Algorithm 3,2.6735042471640873
1000,600,4,gaussian,1.5,2.7384412125023427,34,SN13,2.915526422970647
1000,600,4,gaussian,1.5,2.7384412125023427,34,OptShrink,2.88178806061554
1000,600,4,gaussian,1.5,2.7384412125023427,35,Algorithm 3,2.825578630108965
1000,600,4,gaussian,1.5,2.7384412125023427,35,SN13,3.0145364147860363
1000,600,4,gaussian,1.5,2.7384412125023427,35,OptShrink,2.9857281869113685
1000,600,4,gaussian,1.5,2.7384412125023427,36,Algorithm 3,2.625807882874415
1000,600,4,gaussian,1.5,2.7384412125023427,36,SN13,2.8665323249319696
1000,600,4,gaussian,1.5,2.7384412125023427,36,OptShrink,2.828779427956447
1000,600,4,gaussian,1.5,2.7384412125023427,37,Algorithm 3,2.8087264261589664
1000,600,4,gaussian,1.5,2.7384412125023427,37,SN13,3.036665524194694
1000,600,4,gaussian,1.5,2.7384412125023427,37,OptShrink,3.0091177409663077
1000,600,4,gaussian,1.5,2.7384412125023427,38,Algorithm 3,2.7371680475344244
1000,600,4,gaussian,1.5,2.7384412125023427,38,SN13,2.956364534992884
1000,600,4,gaussian,1.5,2.7384412125023427,38,OptShrink,2.9244207600946015
1000,600,4,gaussian,1.5,2.7384412125023427,39,Algorithm 3,2.6003850840971063
1000,600,4,gaussian,1.5,2.7384412125023427,39,SN13,2.9079489197757833
1000,600,4,gaussian,1.5,2.7384412125023427,39,OptShrink,2.872419220513599
1000,600,4,gaussian,1.5,2.7384412125023427,40,Algorithm 3,2.8080828640354465
1000,600,4,gaussian,1.5,2.7384412125023427,40,SN13,2.962749000728575
1000,600,4,gaussian,1.5,2.7384412125023427,40,OptShrink,2.930714092169721
1000,600,4,gaussian,1.5,2.7384412125023427,41,Algorithm 3,2.6884168544988643
1000,600,4,gaussian,1.5,2.7384412125023427,41,SN13,2.873116309791531
1000,600,4,gaussian,1.5,2.7384412125023427,41,OptShrink,2.8371127764073347
1000,600,4,gaussian,1.5,2.7384412125023427,42,Algorithm 3,2.8179214766072125
1000,600,4,gaussian,1.5,2.7384412125023427,42,SN13,2.9514732544756694
1000,600,4,gaussian,1.5,2.7384412125023427,42,OptShrink,2.91926412365585
1000,600,4,gaussian,1.5,2.7384412125023427,43,Algorithm 3,2.853199150514317
1000,600,4,gaussian,1.5,2.7384412125023427,43,SN13,3.049338644330499
1000,600,4,gaussian,1.5,2.7384412125023427,43,OptShrink,3.0216251378770047
1000,600,4,gaussian,1.5,2.7384412125023427,44,Algorithm 3,2.6858483516530556
1000,600,4,gaussian,1.5,2.7384412125023427,44,SN13,2.905770569850799
1000,600,4,gaussian,1.5,2.7384412125023427,44,OptShrink,2.8711731557759808
1000,600,4,gaussian,1.5,2.7384412125023427,45,Algorithm 3,2.7390631276999646
1000,600,4,gaussian,1.5,2.7384412125023427,45,SN13,2.9491438568300743
1000,600,4,gaussian,1.5,2.7384412125023427,45,OptShrink,2.9180504306773383
1000,600,4,gaussian,1.5,2.7384412125023427,46,Algorithm 3,2.7569360277792496
1000,600,4,gaussian,1.5,2.7384412125023427,46,SN13,2.9343365944870343
1000,600,4,gaussian,1.5,2.7384412125023427,46,OptShrink,2.902474954806384
1000,600,4,gaussian,1.5,2.7384412125023427,47,Algorithm 3,2.5682842880565806
1000,600,4,gaussian,1.5,2.7384412125023427,47,SN13,2.883852198878574
1000,600,4,gaussian,1.5,2.7384412125023427,47,OptShrink,2.8472360239549905
1000,600,4,gaussian,1.5,2.7384412125023427,48,Algorithm 3,2.7480062132494716
1000,600,4,gaussian,1.5,2.7384412125023427,48,SN13,2.904472097815077
1000,600,4,gaussian,1.5,2.7384412125023427,48,OptShrink,2.8705941942381994
1000,600,4,gaussian,1.5,2.7384412125023427,49,Algorithm 3,2.6066343319018843
1000,600,4,gaussian,1.5,2.7384412125023427,49,SN13,2.832488349106823
1000,600,4,gaussian,1.5,2.7384412125023427,49,OptShrink,2.79335147610886
1000,600,4,gaussian,1.5,2.7384412125023427,50,Algorithm 3,2.722232067846919
1000,600,4,gaussian,1.5,2.7384412125023427,50,SN13,3.0035937680893454
1000,600,4,gaussian,1.5,2.7384412125023427,50,OptShrink,2.9744244742082375
1000,600,4,gaussian,1.5,2.7384412125023427,51,Algorithm 3,2.85910905557814
1000,600,4,gaussian,1.5,2.7384412125023427,51,SN13,3.0766001715208753
1000,600,4,gaussian,1.5,2.7384412125023427,51,OptShrink,3.0497561206531087
1000,600,4,gaussian,1.5,2.7384412125023427,52,Algorithm 3,2.768686843213962
1000,600,4,gaussian,1.5,2.7384412125023427,52,SN13,2.974528782787395
1000,600,4,gaussian,1.5,2.7384412125023427,52,OptShrink,2.944671510187064
1000,600,4,gaussian,1.5,2.7384412125023427,53,Algorithm 3,2.654263347766596
1000,600,4,gaussian,1.5,2.7384412125023427,53,SN13,2.8924340324975106
1000,600,4,gaussian,1.5,2.7384412125023427,53,OptShrink,2.8571697312187454
1000,600,4,gaussian,1.5,2.7384412125023427,54,Algorithm 3,2.685179937635962
1000,600,4,gaussian,1.5,2.7384412125023427,54,SN13,2.9128414280112973
1000,600,4,gaussian,1.5,2.7384412125023427,54,OptShrink,2.8799122046182144
1000,600,4,gaussian,1.5,2.7384412125023427,55,Algorithm 3,2.711812091581561
1000,600,4,gaussian,1.5,2.7384412125023427,55,SN13,2.902976150122254
1000,600,4,gaussian,1.5,2.7384412125023427,55,OptShrink,2.8675201311962373
1000,600,4,gaussian,1.5,2.7384412125023427,56,Algorithm 3,2.6898015753222513
1000,600,4,gaussian,1.5,2.7384412125023427,56,SN13,2.899603468168848
1000,600,4,gaussian,1.5,2.7384412125023427,56,OptShrink,2.8653794946770192
1000,600,4,gaussian,1.5,2.7384412125023427,57,Algorithm 3,2.6933652352061404
1000,600,4,gaussian,1.5,2.7384412125023427,57,SN13,2.941315041489549
1000,600,4,gaussian,1.5,2.7384412125023427,57,OptShrink,2.9094190694751365
1000,600,4,gaussian,1.5,2.7384412125023427,58,Algorithm 3,2.7248583826267514
1000,600,4,gaussian,1.5,2.7384412125023427,58,SN13,2.987065597571095
1000,600,4,gaussian,1.5,2.7384412125023427,58,OptShrink,2.957037657353937
1000,600,4,gaussian,1.5,2.7384412125023427,59,Algorithm 3,2.7106271396586763
1000,600,4,gaussian,1.5,2.7384412125023427,59,SN13,2.88581371484074
1000,600,4,gaussian,1.5,2.7384412125023427,59,OptShrink,2.850155237927389
1000,600,4,gaussian,1.5,2.7384412125023427,60,Algorithm 3,2.7285129915280915
1000,600,4,gaussian,1.5,2.7384412125023427,60,SN13,2.9586684274242563
1000,600,4,gaussian,1.5,2.7384412125023427,60,OptShrink,2.927082554177014
1000,600,4,gaussian,1.5,2.7384412125023427,61,Algorithm 3,2.7118981844438306
1000,600,4,gaussian,1.5,2.7384412125023427,61,SN13,2.9615848721607234
1000,600,4,gaussian,1.5,2.7384412125023427,61,OptShrink,2.9291740942710494
1000,600,4,gaussian,1.5,2.7384412125023427,62,Algorithm 3,2.7978254450533875
1000,600,4,gaussian,1.5,2.7384412125023427,62,SN13,2.997896559062802
1000,600,4,gaussian,1.5,2.7384412125023427,62,OptShrink,2.9670703900486863
1000,600,4,gaussian,1.5,2.7384412125023427,63,Algorithm 3,2.671038864175061
1000,600,4,gaussian,1.5,2.7384412125023427,63,SN13,2.9352045047170967
1000,600,4,gaussian,1.5,2.7384412125023427,63,OptShrink,2.904091105772872
1000,600,4,gaussian,1.5,2.7384412125023427,64,Algorithm 3,2.7115717126321184
1000,600,4,gaussian,1.5,2.7384412125023427,64,SN13,2.900131060332628
1000,600,4,gaussian,1.5,2.7384412125023427,64,OptShrink,2.86544118126517
1000,600,4,gaussian,1.5,2.7384412125023427,65,Algorithm 3,2.771730685378176
1000,600,4,gaussian,1.5,2.7384412125023427,65,SN13,2.964598982930448
1000,600,4,gaussian,1.5,2.7384412125023427,65,OptShrink,2.93376129684408
1000,600,4,gaussian,1.5,2.7384412125023427,66,Algorithm 3,2.8019250824442907
1000,600,4,gaussian,1.5,2.7384412125023427,66,SN13,2.9807655914328532
1000,600,4,gaussian,1.5,2.7384412125023427,66,OptShrink,2.9500506860356257
1000,600,4,gaussian,1.5,2.7384412125023427,67,Algorithm 3,2.575864559707435
1000,600,4,gaussian,1.5,2.7384412125023427,67,SN13,2.911241331912813
1000,600,4,gaussian,1.5,2.7384412125023427,67,OptShrink,2.877035669211162
1000,600,4,gaussian,1.5,2.7384412125023427,68,Algorithm 3,2.7032682592683326
1000,600,4,gaussian,1.5,2.7384412125023427,68,SN13,2.9135132917051942
1000,600,4,gaussian,1.5,2.7384412125023427,68,OptShrink,2.879753412219403
1000,600,4,gaussian,1.5,2.7384412125023427,69,Algorithm 3,2.7284505679984155
1000,600,4,gaussian,1.5,2.7384412125023427,69,SN13,2.9672311199326757
1000,600,4,gaussian,1.5,2.7384412125023427,69,OptShrink,2.935784646065758
1000,600,4,gaussian,1.5,2.7384412125023427,70,Algorithm 3,2.626862774151183
1000,600,4,gaussian,1.5,2.7384412125023427,70,SN13,2.9074901287394073
1000,600,4,gaussian,1.5,2.7384412125023427,70,OptShrink,2.8726945525987464
1000,600,4,gaussian,1.5,2.7384412125023427,71,Algorithm 3,2.7143503471247925
1000,600,4,gaussian,1.5,2.7384412125023427,71,SN13,2.9700507101980227
1000,600,4,gaussian,1.5,2.7384412125023427,71,OptShrink,2.9386644899733323
1000,600,4,gaussian,1.5,2.7384412125023427,72,Algorithm 3,2.852906385361003
1000,600,4,gaussian,1.5,2.7384412125023427,72,SN13,2.994556346724867
1000,600,4,gaussian,1.5,2.7384412125023427,72,OptShrink,2.963833557474184
1000,600,4,gaussian,1.5,2.7384412125023427,73,Algorithm 3,2.5684251452548543
1000,600,4,gaussian,1.5,2.7384412125023427,73,SN13,2.781901769724884
1000,600,4,gaussian,1.5,2.7384412125023427,73,OptShrink,2.739752299063535
1000,600,4,gaussian,1.5,2.7384412125023427,74,Algorithm 3,2.6029820806223727
1000,600,4,gaussian,1.5,2.7384412125023427,74,SN13,2.9041951144999802
1000,600,4,gaussian,1.5,2.7384412125023427,74,OptShrink,2.868991101505751
1000,600,4,gaussian,1.5,2.7384412125023427,75,Algorithm 3,2.7497405835967816
1000,600,4,gaussian,1.5,2.7384412125023427,75,SN13,2.940592572041615
1000,600,4,gaussian,1.5,2.7384412125023427,75,OptShrink,2.9069796986558756
1000,600,4,gaussian,1.5,2.7384412125023427,76,Algorithm 3,2.7758251007955224
1000,600,4,gaussian,1.5,2.7384412125023427,76,SN13,2.941709202785165
1000,600,4,gaussian,1.5,2.7384412125023427,76,OptShrink,2.9102429416985514
1000,600,4,gaussian,1.5,2.7384412125023427,77,Algorithm 3,2.7375143532486206
1000,600,4,gaussian,1.5,2.7384412125023427,77,SN13,2.9597108668532046
1000,600,4,gaussian,1.5,2.7384412125023427,77,OptShrink,2.928105948613549
1000,600,4,gaussian,1.5,2.7384412125023427,78,Algorithm 3,2.746833430702368
1000,600,4,gaussian,1.5,2.7384412125023427,78,SN13,3.0181844385478334
1000,600,4,gaussian,1.5,2.7384412125023427,78,OptShrink,2.989310213163501
1000,600,4,gaussian,1.5,2.7384412125023427,79,Algorithm 3,2.7569246453697542
1000,600,4,gaussian,1.5,2.7384412125023427,79,SN13,2.96616173850877
1000,600,4,gaussian,1.5,2.7384412125023427,79,OptShrink,2.93502695962245
1000,600,4,gaussian,1.5,2.7384412125023427,80,Algorithm 3,2.7734005095157293
1000,600,4,gaussian,1.5,2.7384412125023427,80,SN13,2.9910774583500217
1000,600,4,gaussian,1.5,2.7384412125023427,80,OptShrink,2.9597419278821215
1000,600,4,gaussian,1.5,2.7384412125023427,81,Algorithm 3,2.5335481723136017
1000,600,4,gaussian,1.5,2.7384412125023427,81,SN13,2.8855340439315245
1000,600,4,gaussian,1.5,2.7384412125023427,81,OptShrink,2.849738256402325
1000,600,4,gaussian,1.5,2.7384412125023427,82,Algorithm 3,2.6427143161577447
1000,600,4,gaussian,1.5,2.7384412125023427,82,SN13,2.8577277617352896
1000,600,4,gaussian,1.5,2.7384412125023427,82,OptShrink,2.819631426096677
1000,600,4,gaussian,1.5,2.7384412125023427,83,Algorithm 3,2.673096473665969
1000,600,4,gaussian,1.5,2.7384412125023427,83,SN13,2.8763018821573483
1000,600,4,gaussian,1.5,2.7384412125023427,83,OptShrink,2.8400824794412394
1000,600,4,gaussian,1.5,2.7384412125023427,84,Algorithm 3,2.6433778244758077
1000,600,4,gaussian,1.5,2.7384412125023427,84,SN13,2.816196038500208
1000,600,4,gaussian,1.5,2.7384412125023427,84,OptShrink,2.776924618210781
1000,600,4,gaussian,1.5,2.7384412125023427,85,Algorithm 3,2.765491728868733
1000,600,4,gaussian,1.5,2.7384412125023427,85,SN13,2.9948306968376057
1000,600,4,gaussian,1.5,2.7384412125023427,85,OptShrink,2.965070951261094
1000,600,4,gaussian,1.5,2.7384412125023427,86,Algorithm 3,2.880359843366522
1000,600,4,gaussian,1.5,2.7384412125023427,86,SN13,3.036141173009081
1000,600,4,gaussian,1.5,2.7384412125023427,86,OptShrink,3.0084242476831164
1000,600,4,gaussian,1.5,2.7384412125023427,87,Algorithm 3,2.5560260302460183
1000,600,4,gaussian,1.5,2.7384412125023427,87,SN13,2.7657561060176032
1000,600,4,gaussian,1.5,2.7384412125023427,87,OptShrink,2.7219281232190746
1000,600,4,gaussian,1.5,2.7384412125023427,88,Algorithm 3,2.743616577169386
1000,600,4,gaussian,1.5,2.7384412125023427,88,SN13,2.9144993580341154
1000,600,4,gaussian,1.5,2.7384412125023427,88,OptShrink,2.881429811744757
1000,600,4,gaussian,1.5,2.7384412125023427,89,Algorithm 3,2.7042708307939187
1000,600,4,gaussian,1.5,2.7384412125023427,89,SN13,2.9149231762445114
1000,600,4,gaussian,1.5,2.7384412125023427,89,OptShrink,2.880116634467433
1000,600,4,gaussian,1.5,2.7384412125023427,90,Algorithm 3,2.700358028478899
1000,600,4,gaussian,1.5,2.7384412125023427,90,SN13,2.890556761483668
1000,600,4,gaussian,1.5,2.7384412125023427,90,OptShrink,2.8564065066555293
1000,600,4,gaussian,1.5,2.7384412125023427,91,Algorithm 3,2.7597908320592928
1000,600,4,gaussian,1.5,2.7384412125023427,91,SN13,2.985926576683317
1000,600,4,gaussian,1.5,2.7384412125023427,91,OptShrink,2.956118641063388
1000,600,4,gaussian,1.5,2.7384412125023427,92,Algorithm 3,2.712234421654165
1000,600,4,gaussian,1.5,2.7384412125023427,92,SN13,2.9637548907872127
1000,600,4,gaussian,1.5,2.7384412125023427,92,OptShrink,2.931714794690391
1000,600,4,gaussian,1.5,2.7384412125023427,93,Algorithm 3,2.797712408424393
1000,600,4,gaussian,1.5,2.7384412125023427,93,SN13,3.033438450345321
1000,600,4,gaussian,1.5,2.7384412125023427,93,OptShrink,3.0047112146314907
1000,600,4,gaussian,1.5,2.7384412125023427,94,Algorithm 3,2.6485780616119547
1000,600,4,gaussian,1.5,2.7384412125023427,94,SN13,2.968127254823828
1000,600,4,gaussian,1.5,2.7384412125023427,94,OptShrink,2.937193699797892
1000,600,4,gaussian,1.5,2.7384412125023427,95,Algorithm 3,2.7343674816067396
1000,600,4,gaussian,1.5,2.7384412125023427,95,SN13,2.927329459886618
1000,600,4,gaussian,1.5,2.7384412125023427,95,OptShrink,2.8932924735412526
1000,600,4,gaussian,1.5,2.7384412125023427,96,Algorithm 3,2.6092865873557485
1000,600,4,gaussian,1.5,2.7384412125023427,96,SN13,2.9271925682739006
1000,600,4,gaussian,1.5,2.7384412125023427,96,OptShrink,2.89477668112503
1000,600,4,gaussian,1.5,2.7384412125023427,97,Algorithm 3,2.689036204145611
1000,600,4,gaussian,1.5,2.7384412125023427,97,SN13,2.9407281358283113
1000,600,4,gaussian,1.5,2.7384412125023427,97,OptShrink,2.9083976230222057
1000,600,4,gaussian,1.5,2.7384412125023427,98,Algorithm 3,2.8690861542544837
1000,600,4,gaussian,1.5,2.7384412125023427,98,SN13,3.0378697714562457
1000,600,4,gaussian,1.5,2.7384412125023427,98,OptShrink,3.0093996081566012
1000,600,4,gaussian,1.5,2.7384412125023427,99,Algorithm 3,2.7727606815843204
1000,600,4,gaussian,1.5,2.7384412125023427,99,SN13,3.015394442254031
1000,600,4,gaussian,1.5,2.7384412125023427,99,OptShrink,2.9851857897343623
1000,600,4,gaussian,1.5,2.7384412125023427,100,Algorithm 3,2.842288397919682
1000,600,4,gaussian,1.5,2.7384412125023427,100,SN13,2.9949537133181208
1000,600,4,gaussian,1.5,2.7384412125023427,100,OptShrink,2.9642026459422324
1000,600,4,gaussian,1.5,2.7384412125023427,101,Algorithm 3,2.6491986552696187
1000,600,4,gaussian,1.5,2.7384412125023427,101,SN13,2.8555267464174254
1000,600,4,gaussian,1.5,2.7384412125023427,101,OptShrink,2.820736362025322
1000,600,4,gaussian,1.5,2.7384412125023427,102,Algorithm 3,2.5945156681815917
1000,600,4,gaussian,1.5,2.7384412125023427,102,SN13,2.724435892868282
1000,600,4,gaussian,1.5,2.7384412125023427,102,OptShrink,2.6793342493719408
1000,600,4,gaussian,1.5,2.7384412125023427,103,Algorithm 3,2.7720198655295087
1000,600,4,gaussian,1.5,2.7384412125023427,103,SN13,2.940883338483285
1000,600,4,gaussian,1.5,2.7384412125023427,103,OptShrink,2.9088946089775902
1000,600,4,gaussian,1.5,2.7384412125023427,104,Algorithm 3,2.6855127707402677
1000,600,4,gaussian,1.5,2.7384412125023427,104,SN13,2.956151204171767
1000,600,4,gaussian,1.5,2.7384412125023427,104,OptShrink,2.923720586065926
1000,600,4,gaussian,1.5,2.7384412125023427,105,Algorithm 3,2.725760570902882
1000,600,4,gaussian,1.5,2.7384412125023427,105,SN13,2.9484451032209344
1000,600,4,gaussian,1.5,2.7384412125023427,105,OptShrink,2.916524488054956
1000,600,4,gaussian,1.5,2.7384412125023427,106,Algorithm 3,2.6487615158393933
1000,600,4,gaussian,1.5,2.7384412125023427,106,SN13,2.901973147907215
1000,600,4,gaussian,1.5,2.7384412125023427,106,OptShrink,2.866684735304899
1000,600,4,gaussian,1.5,2.7384412125023427,107,Algorithm 3,2.7415710244776914
1000,600,4,gaussian,1.5,2.7384412125023427,107,SN13,2.969613427378076
1000,600,4,gaussian,1.5,2.7384412125023427,107,OptShrink,2.937942692297465
1000,600,4,gaussian,1.5,2.7384412125023427,108,Algorithm 3,2.779725641124875
1000,600,4,gaussian,1.5,2.7384412125023427,108,SN13,3.0214093477040236
1000,600,4,gaussian,1.5,2.7384412125023427,108,OptShrink,2.9933477851442367
1000,600,4,gaussian,1.5,2.7384412125023427,109,Algorithm 3,2.7363331203718806
1000,600,4,gaussian,1.5,2.7384412125023427,109,SN13,2.9025723077170436
1000,600,4,gaussian,1.5,2.7384412125023427,109,OptShrink,2.868465686038907
1000,600,4,gaussian,1.5,2.7384412125023427,110,Algorithm 3,2.7049324143053615
1000,600,4,gaussian,1.5,2.7384412125023427,110,SN13,2.911578740487511
1000,600,4,gaussian,1.5,2.7384412125023427,110,OptShrink,2.877658402138788
1000,600,4,gaussian,1.5,2.7384412125023427,111,Algorithm 3,2.6084199713006875
1000,600,4,gaussian,1.5,2.7384412125023427,111,SN13,2.8694251926330825
1000,600,4,gaussian,1.5,2.7384412125023427,111,OptShrink,2.8315627484780834
1000,600,4,gaussian,1.5,2.7384412125023427,112,Algorithm 3,2.7938677369856126
1000,600,4,gaussian,1.5,2.7384412125023427,112,SN13,2.9662748721540053
1000,600,4,gaussian,1.5,2.7384412125023427,112,OptShrink,2.9352860546326918
1000,600,4,gaussian,1.5,2.7384412125023427,113,Algorithm 3,2.633352409956851
1000,600,4,gaussian,1.5,2.7384412125023427,113,SN13,2.8825698682730323
1000,600,4,gaussian,1.5,2.7384412125023427,113,OptShrink,2.8474578688823513
1000,600,4,gaussian,1.5,2.7384412125023427,114,Algorithm 3,2.6410950701118296
1000,600,4,gaussian,1.5,2.7384412125023427,114,SN13,2.8527963330249038
1000,600,4,gaussian,1.5,2.7384412125023427,114,OptShrink,2.8149960830436025
1000,600,4,gaussian,1.5,2.7384412125023427,115,Algorithm 3,2.8176175852941965
1000,600,4,gaussian,1.5,2.7384412125023427,115,SN13,3.0101002635607643
1000,600,4,gaussian,1.5,2.7384412125023427,115,OptShrink,2.9791714115376124
1000,600,4,gaussian,1.5,2.7384412125023427,116,Algorithm 3,2.43740054716268
1000,600,4,gaussian,1.5,2.7384412125023427,116,SN13,2.769818107690315
1000,600,4,gaussian,1.5,2.7384412125023427,116,OptShrink,2.7268900703332317
1000,600,4,gaussian,1.5,2.7384412125023427,117,Algorithm 3,2.8189834563469844
1000,600,4,gaussian,1.5,2.7384412125023427,117,SN13,2.9617497025216952
1000,600,4,gaussian,1.5,2.7384412125023427,117,OptShrink,2.9307481557498476
1000,600,4,gaussian,1.5,2.7384412125023427,118,Algorithm 3,2.5172625412706853
1000,600,4,gaussian,1.5,2.7384412125023427,118,SN13,2.784816290316596
1000,600,4,gaussian,1.5,2.7384412125023427,118,OptShrink,2.7422319350085003
1000,600,4,gaussian,1.5,2.7384412125023427,119,Algorithm 3,2.722817497416825
1000,600,4,gaussian,1.5,2.7384412125023427,119,SN13,2.955560154628389
1000,600,4,gaussian,1.5,2.7384412125023427,119,OptShrink,2.923817552813589
1000,600,4,gaussian,1.5,2.7384412125023427,120,Algorithm 3,2.7177314978027876
1000,600,4,gaussian,1.5,2.7384412125023427,120,SN13,2.9099318711335176
1000,600,4,gaussian,1.5,2.7384412125023427,120,OptShrink,2.8761353385971513
1000,600,4,gaussian,1.5,2.7384412125023427,121,Algorithm 3,2.557575614574859
1000,600,4,gaussian,1.5,2.7384412125023427,121,SN13,2.825937988143855
1000,600,4,gaussian,1.5,2.7384412125023427,121,OptShrink,2.786563099515231
1000,600,4,gaussian,1.5,2.7384412125023427,122,Algorithm 3,2.677727253820522
1000,600,4,gaussian,1.5,2.7384412125023427,122,SN13,2.8924533331521354
1000,600,4,gaussian,1.5,2.7384412125023427,122,OptShrink,2.856672181452558
1000,600,4,gaussian,1.5,2.7384412125023427,123,Algorithm 3,2.7226923092173476
1000,600,4,gaussian,1.5,2.7384412125023427,123,SN13,2.8654795659468255
1000,600,4,gaussian,1.5,2.7384412125023427,123,OptShrink,2.8282820587765443
1000,600,4,gaussian,1.5,2.7384412125023427,124,Algorithm 3,2.737405536083721
1000,600,4,gaussian,1.5,2.7384412125023427,124,SN13,2.948180809967192
1000,600,4,gaussian,1.5,2.7384412125023427,124,OptShrink,2.91604723647996
1000,600,4,gaussian,1.5,2.7384412125023427,125,Algorithm 3,2.712369024641468
1000,600,4,gaussian,1.5,2.7384412125023427,125,SN13,2.945983279114881
1000,600,4,gaussian,1.5,2.7384412125023427,125,OptShrink,2.9135209706100516
1000,600,4,gaussian,1.5,2.7384412125023427,126,Algorithm 3,2.8133059725220617
1000,600,4,gaussian,1.5,2.7384412125023427,126,SN13,2.9983503187558824
1000,600,4,gaussian,1.5,2.7384412125023427,126,OptShrink,2.9682832071764915
1000,600,4,gaussian,1.5,2.7384412125023427,127,Algorithm 3,2.7090016785463074
1000,600,4,gaussian,1.5,2.7384412125023427,127,SN13,2.90759953375735
1000,600,4,gaussian,1.5,2.7384412125023427,127,OptShrink,2.874854183757134
1000,600,4,gaussian,1.5,2.7384412125023427,128,Algorithm 3,2.702252247112319
1000,600,4,gaussian,1.5,2.7384412125023427,128,SN13,2.8761062975782568
1000,600,4,gaussian,1.5,2.7384412125023427,128,OptShrink,2.840829309325729
1000,600,4,gaussian,1.5,2.7384412125023427,129,Algorithm 3,2.611206109944225
1000,600,4,gaussian,1.5,2.7384412125023427,129,SN13,2.783475451975472
1000,600,4,gaussian,1.5,2.7384412125023427,129,OptShrink,2.7432200601508785
1000,600,4,gaussian,1.5,2.7384412125023427,130,Algorithm 3,2.7118138874453788
1000,600,4,gaussian,1.5,2.7384412125023427,130,SN13,2.9202026113850135
1000,600,4,gaussian,1.5,2.7384412125023427,130,OptShrink,2.8847756660068735
1000,600,4,gaussian,1.5,2.7384412125023427,131,Algorithm 3,2.7842706200641376
1000,600,4,gaussian,1.5,2.7384412125023427,131,SN13,2.9596004480529587
1000,600,4,gaussian,1.5,2.7384412125023427,131,OptShrink,2.927103957951881
1000,600,4,gaussian,1.5,2.7384412125023427,132,Algorithm 3,2.895663169636389
1000,600,4,gaussian,1.5,2.7384412125023427,132,SN13,3.057268865339825
1000,600,4,gaussian,1.5,2.7384412125023427,132,OptShrink,3.028922528564409
1000,600,4,gaussian,1.5,2.7384412125023427,133,Algorithm 3,2.6824797816408643
1000,600,4,gaussian,1.5,2.7384412125023427,133,SN13,2.9263795892951965
1000,600,4,gaussian,1.5,2.7384412125023427,133,OptShrink,2.892679203186835
1000,600,4,gaussian,1.5,2.7384412125023427,134,Algorithm 3,2.751335913134085
1000,600,4,gaussian,1.5,2.7384412125023427,134,SN13,2.919914289103869
1000,600,4,gaussian,1.5,2.7384412125023427,134,OptShrink,2.88566613467816
1000,600,4,gaussian,1.5,2.7384412125023427,135,Algorithm 3,2.8078825935529816
1000,600,4,gaussian,1.5,2.7384412125023427,135,SN13,2.9251672350011266
1000,600,4,gaussian,1.5,2.7384412125023427,135,OptShrink,2.8915409252298527
1000,600,4,gaussian,1.5,2.7384412125023427,136,Algorithm 3,2.643583443293512
1000,600,4,gaussian,1.5,2.7384412125023427,136,SN13,2.8854857215049954
1000,600,4,gaussian,1.5,2.7384412125023427,136,OptShrink,2.849826914337931
1000,600,4,gaussian,1.5,2.7384412125023427,137,Algorithm 3,2.7027394032445327
1000,600,4,gaussian,1.5,2.7384412125023427,137,SN13,2.913873700459937
1000,600,4,gaussian,1.5,2.7384412125023427,137,OptShrink,2.8807608046184634
1000,600,4,gaussian,1.5,2.7384412125023427,138,Algorithm 3,2.8064518974071335
1000,600,4,gaussian,1.5,2.7384412125023427,138,SN13,2.967037537497947
1000,600,4,gaussian,1.5,2.7384412125023427,138,OptShrink,2.9349452780524485
1000,600,4,gaussian,1.5,2.7384412125023427,139,Algorithm 3,2.715417078600319
1000,600,4,gaussian,1.5,2.7384412125023427,139,SN13,2.920244569865061
1000,600,4,gaussian,1.5,2.7384412125023427,139,OptShrink,2.886020052448585
1000,600,4,gaussian,1.5,2.7384412125023427,140,Algorithm 3,2.6420447091432298
1000,600,4,gaussian,1.5,2.7384412125023427,140,SN13,2.924760382942366
1000,600,4,gaussian,1.5,2.7384412125023427,140,OptShrink,2.890636742250335
1000,600,4,gaussian,1.5,2.7384412125023427,141,Algorithm 3,2.7075931429802744
1000,600,4,gaussian,1.5,2.7384412125023427,141,SN13,2.92860651960988
1000,600,4,gaussian,1.5,2.7384412125023427,141,OptShrink,2.8947430559596534
1000,600,4,gaussian,1.5,2.7384412125023427,142,Algorithm 3,2.7112920575974813
1000,600,4,gaussian,1.5,2.7384412125023427,142,SN13,2.877182730516728
1000,600,4,gaussian,1.5,2.7384412125023427,142,OptShrink,2.8415468907802808
1000,600,4,gaussian,1.5,2.7384412125023427,143,Algorithm 3,2.780183392809998
1000,600,4,gaussian,1.5,2.7384412125023427,143,SN13,2.9357125615158055
1000,600,4,gaussian,1.5,2.7384412125023427,143,OptShrink,2.903145581420516
1000,600,4,gaussian,1.5,2.7384412125023427,144,Algorithm 3,2.75302120696667
1000,600,4,gaussian,1.5,2.7384412125023427,144,SN13,2.895431732867498
1000,600,4,gaussian,1.5,2.7384412125023427,144,OptShrink,2.861305631592531
1000,600,4,gaussian,1.5,2.7384412125023427,145,Algorithm 3,2.751083708456959
1000,600,4,gaussian,1.5,2.7384412125023427,145,SN13,2.9432373745989997
1000,600,4,gaussian,1.5,2.7384412125023427,145,OptShrink,2.9108707012935673
1000,600,4,gaussian,1.5,2.7384412125023427,146,Algorithm 3,2.6709264588043964
1000,600,4,gaussian,1.5,2.7384412125023427,146,SN13,2.8582240302175324
1000,600,4,gaussian,1.5,2.7384412125023427,146,OptShrink,2.819725192504946
1000,600,4,gaussian,1.5,2.7384412125023427,147,Algorithm 3,2.6645903311315555
1000,600,4,gaussian,1.5,2.7384412125023427,147,SN13,2.8857201036235627
1000,600,4,gaussian,1.5,2.7384412125023427,147,OptShrink,2.848951132542843
1000,600,4,gaussian,1.5,2.7384412125023427,148,Algorithm 3,2.7637077394905387
1000,600,4,gaussian,1.5,2.7384412125023427,148,SN13,2.9481674650883467
1000,600,4,gaussian,1.5,2.7384412125023427,148,OptShrink,2.9150515847983156
1000,600,4,gaussian,1.5,2.7384412125023427,149,Algorithm 3,2.628558212684747
1000,600,4,gaussian,1.5,2.7384412125023427,149,SN13,2.8856301795412365
1000,600,4,gaussian,1.5,2.7384412125023427,149,OptShrink,2.8506194160816922
1000,600,4,gaussian,1.5,2.7384412125023427,150,Algorithm 3,2.8647228725957707
1000,600,4,gaussian,1.5,2.7384412125023427,150,SN13,2.9874926987107067
1000,600,4,gaussian,1.5,2.7384412125023427,150,OptShrink,2.9572008392656954
1000,600,4,gaussian,1.5,2.7384412125023427,151,Algorithm 3,2.7092533127594964
1000,600,4,gaussian,1.5,2.7384412125023427,151,SN13,2.8917645058137427
1000,600,4,gaussian,1.5,2.7384412125023427,151,OptShrink,2.8571130857902225
1000,600,4,gaussian,1.5,2.7384412125023427,152,Algorithm 3,2.867654041534731
1000,600,4,gaussian,1.5,2.7384412125023427,152,SN13,3.024775469721031
1000,600,4,gaussian,1.5,2.7384412125023427,152,OptShrink,2.996525750212834
1000,600,4,gaussian,1.5,2.7384412125023427,153,Algorithm 3,2.750579047717232
1000,600,4,gaussian,1.5,2.7384412125023427,153,SN13,2.9645262138662285
1000,600,4,gaussian,1.5,2.7384412125023427,153,OptShrink,2.932166392240213
1000,600,4,gaussian,1.5,2.7384412125023427,154,Algorithm 3,2.6378980894823782
1000,600,4,gaussian,1.5,2.7384412125023427,154,SN13,2.912018511832292
1000,600,4,gaussian,1.5,2.7384412125023427,154,OptShrink,2.8777752288455147
1000,600,4,gaussian,1.5,2.7384412125023427,155,Algorithm 3,2.645017518258883
1000,600,4,gaussian,1.5,2.7384412125023427,155,SN13,2.885442119285587
1000,600,4,gaussian,1.5,2.7384412125023427,155,OptShrink,2.850976719799465
1000,600,4,gaussian,1.5,2.7384412125023427,156,Algorithm 3,2.7963188144154607
1000,600,4,gaussian,1.5,2.7384412125023427,156,SN13,3.0019352459678426
1000,600,4,gaussian,1.5,2.7384412125023427,156,OptShrink,2.9715756794298787
1000,600,4,gaussian,1.5,2.7384412125023427,157,Algorithm 3,2.5569057267962703
1000,600,4,gaussian,1.5,2.7384412125023427,157,SN13,2.816220377940003
1000,600,4,gaussian,1.5,2.7384412125023427,157,OptShrink,2.778117681290085
1000,600,4,gaussian,1.5,2.7384412125023427,158,Algorithm 3,2.6643067700201146
1000,600,4,gaussian,1.5,2.7384412125023427,158,SN13,2.903439844377603
1000,600,4,gaussian,1.5,2.7384412125023427,158,OptShrink,2.8698722695101533
1000,600,4,gaussian,1.5,2.7384412125023427,159,Algorithm 3,2.725187722525296
1000,600,4,gaussian,1.5,2.7384412125023427,159,SN13,2.88723916549341
1000,600,4,gaussian,1.5,2.7384412125023427,159,OptShrink,2.8514145446195793
1000,600,4,gaussian,1.5,2.7384412125023427,160,Algorithm 3,2.761387941586199
1000,600,4,gaussian,1.5,2.7384412125023427,160,SN13,2.9595201652514866
1000,600,4,gaussian,1.5,2.7384412125023427,160,OptShrink,2.9281338925366613
1000,600,4,gaussian,1.5,2.7384412125023427,161,Algorithm 3,2.8540408952187617
1000,600,4,gaussian,1.5,2.7384412125023427,161,SN13,3.0375175139236115
1000,600,4,gaussian,1.5,2.7384412125023427,161,OptShrink,3.008992249723519
1000,600,4,gaussian,1.5,2.7384412125023427,162,Algorithm 3,2.809231256744672
1000,600,4,gaussian,1.5,2.7384412125023427,162,SN13,3.030199780341144
1000,600,4,gaussian,1.5,2.7384412125023427,162,OptShrink,3.0024596751575676
1000,600,4,gaussian,1.5,2.7384412125023427,163,Algorithm 3,2.765631723050338
1000,600,4,gaussian,1.5,2.7384412125023427,163,SN13,2.8913098122647174
1000,600,4,gaussian,1.5,2.7384412125023427,163,OptShrink,2.857384290977705
1000,600,4,gaussian,1.5,2.7384412125023427,164,Algorithm 3,2.668100721869805
1000,600,4,gaussian,1.5,2.7384412125023427,164,SN13,2.875956977492254
1000,600,4,gaussian,1.5,2.7384412125023427,164,OptShrink,2.839083089631683
1000,600,4,gaussian,1.5,2.7384412125023427,165,Algorithm 3,2.7540508822043566
1000,600,4,gaussian,1.5,2.7384412125023427,165,SN13,2.8994839454422956
1000,600,4,gaussian,1.5,2.7384412125023427,165,OptShrink,2.8638802478394725
1000,600,4,gaussian,1.5,2.7384412125023427,166,Algorithm 3,2.6982862577355604
1000,600,4,gaussian,1.5,2.7384412125023427,166,SN13,2.905494382586353
1000,600,4,gaussian,1.5,2.7384412125023427,166,OptShrink,2.869247394578914
1000,600,4,gaussian,1.5,2.7384412125023427,167,Algorithm 3,2.8329333554599634
1000,600,4,gaussian,1.5,2.7384412125023427,167,SN13,2.984017089449037
1000,600,4,gaussian,1.5,2.7384412125023427,167,OptShrink,2.953938307643002
1000,600,4,gaussian,1.5,2.7384412125023427,168,Algorithm 3,2.47733309533852
1000,600,4,gaussian,1.5,2.7384412125023427,168,SN13,2.7170546482077214
1000,600,4,gaussian,1.5,2.7384412125023427,168,OptShrink,2.6708224214551524
1000,600,4,gaussian,1.5,2.7384412125023427,169,Algorithm 3,2.6277151331195516
1000,600,4,gaussian,1.5,2.7384412125023427,169,SN13,2.881357404853553
1000,600,4,gaussian,1.5,2.7384412125023427,169,OptShrink,2.8456207737999986
1000,600,4,gaussian,1.5,2.7384412125023427,170,Algorithm 3,2.592055237331772
1000,600,4,gaussian,1.5,2.7384412125023427,170,SN13,2.8763020935023524
1000,600,4,gaussian,1.5,2.7384412125023427,170,OptShrink,2.8407587140502053
1000,600,4,gaussian,1.5,2.7384412125023427,171,Algorithm 3,2.8232344492361294
1000,600,4,gaussian,1.5,2.7384412125023427,171,SN13,3.0133850865518474
1000,600,4,gaussian,1.5,2.7384412125023427,171,OptShrink,2.984911812351471
1000,600,4,gaussian,1.5,2.7384412125023427,172,Algorithm 3,2.720175821829614
1000,600,4,gaussian,1.5,2.7384412125023427,172,SN13,2.927265618370042
1000,600,4,gaussian,1.5,2.7384412125023427,172,OptShrink,2.8939123391717554
1000,600,4,gaussian,1.5,2.7384412125023427,173,Algorithm 3,2.8437139067992887
1000,600,4,gaussian,1.5,2.7384412125023427,173,SN13,3.016776879410102
1000,600,4,gaussian,1.5,2.7384412125023427,173,OptShrink,2.987462475446138
1000,600,4,gaussian,1.5,2.7384412125023427,174,Algorithm 3,2.6400424808571707
1000,600,4,gaussian,1.5,2.7384412125023427,174,SN13,2.8901809343423817
1000,600,4,gaussian,1.5,2.7384412125023427,174,OptShrink,2.853719094090114
1000,600,4,gaussian,1.5,2.7384412125023427,175,Algorithm 3,2.7840610573101907
1000,600,4,gaussian,1.5,2.7384412125023427,175,SN13,2.9800339623006775
1000,600,4,gaussian,1.5,2.7384412125023427,175,OptShrink,2.950514400028006
1000,600,4,gaussian,1.5,2.7384412125023427,176,Algorithm 3,2.6849625851995556
1000,600,4,gaussian,1.5,2.7384412125023427,176,SN13,2.8409511665830367
1000,600,4,gaussian,1.5,2.7384412125023427,176,OptShrink,2.8029331682205245
1000,600,4,gaussian,1.5,2.7384412125023427,177,Algorithm 3,2.633611146311382
1000,600,4,gaussian,1.5,2.7384412125023427,177,SN13,2.893735244087515
1000,600,4,gaussian,1.5,2.7384412125023427,177,OptShrink,2.857255479837137
1000,600,4,gaussian,1.5,2.7384412125023427,178,Algorithm 3,2.6458971628902694
1000,600,4,gaussian,1.5,2.7384412125023427,178,SN13,2.8809316845020443
1000,600,4,gaussian,1.5,2.7384412125023427,178,OptShrink,2.8448460779436098
1000,600,4,gaussian,1.5,2.7384412125023427,179,Algorithm 3,2.783300770507801
1000,600,4,gaussian,1.5,2.7384412125023427,179,SN13,3.001158999107737
1000,600,4,gaussian,1.5,2.7384412125023427,179,OptShrink,2.97075900211352
1000,600,4,gaussian,1.5,2.7384412125023427,180,Algorithm 3,2.925044640314269
1000,600,4,gaussian,1.5,2.7384412125023427,180,SN13,3.0678360931057265
1000,600,4,gaussian,1.5,2.7384412125023427,180,OptShrink,3.0401367686722893
1000,600,4,gaussian,1.5,2.7384412125023427,181,Algorithm 3,2.689220305476569
1000,600,4,gaussian,1.5,2.7384412125023427,181,SN13,2.873885335441502
1000,600,4,gaussian,1.5,2.7384412125023427,181,OptShrink,2.836920284563819
1000,600,4,gaussian,1.5,2.7384412125023427,182,Algorithm 3,2.617872384082871
1000,600,4,gaussian,1.5,2.7384412125023427,182,SN13,2.89176858446301
1000,600,4,gaussian,1.5,2.7384412125023427,182,OptShrink,2.8564904609539936
1000,600,4,gaussian,1.5,2.7384412125023427,183,Algorithm 3,2.8871298356801476
1000,600,4,gaussian,1.5,2.7384412125023427,183,SN13,2.9949429906168796
1000,600,4,gaussian,1.5,2.7384412125023427,183,OptShrink,2.9652338481635376
1000,600,4,gaussian,1.5,2.7384412125023427,184,Algorithm 3,2.809490523051168
1000,600,4,gaussian,1.5,2.7384412125023427,184,SN13,3.049039620512893
1000,600,4,gaussian,1.5,2.7384412125023427,184,OptShrink,3.02114274020521
1000,600,4,gaussian,1.5,2.7384412125023427,185,Algorithm 3,2.76746829951895
1000,600,4,gaussian,1.5,2.7384412125023427,185,SN13,2.9694810120174466
1000,600,4,gaussian,1.5,2.7384412125023427,185,OptShrink,2.9385915278093244
1000,600,4,gaussian,1.5,2.7384412125023427,186,Algorithm 3,2.7140879813877126
1000,600,4,gaussian,1.5,2.7384412125023427,186,SN13,2.954080828092405
1000,600,4,gaussian,1.5,2.7384412125023427,186,OptShrink,2.921209224805106
1000,600,4,gaussian,1.5,2.7384412125023427,187,Algorithm 3,2.901459756991534
1000,600,4,gaussian,1.5,2.7384412125023427,187,SN13,3.0364870073307895
1000,600,4,gaussian,1.5,2.7384412125023427,187,OptShrink,3.0084774666062692
1000,600,4,gaussian,1.5,2.7384412125023427,188,Algorithm 3,2.8029366384150673
1000,600,4,gaussian,1.5,2.7384412125023427,188,SN13,2.9964141818851067
1000,600,4,gaussian,1.5,2.7384412125023427,188,OptShrink,2.9665695022138014
1000,600,4,gaussian,1.5,2.7384412125023427,189,Algorithm 3,2.77109949135335
1000,600,4,gaussian,1.5,2.7384412125023427,189,SN13,2.946611699725806
1000,600,4,gaussian,1.5,2.7384412125023427,189,OptShrink,2.9139719468703804
1000,600,4,gaussian,1.5,2.7384412125023427,190,Algorithm 3,2.708763722039687
1000,600,4,gaussian,1.5,2.7384412125023427,190,SN13,2.85447332093894
1000,600,4,gaussian,1.5,2.7384412125023427,190,OptShrink,2.8165516822529044
1000,600,4,gaussian,1.5,2.7384412125023427,191,Algorithm 3,2.73622841623949
1000,600,4,gaussian,1.5,2.7384412125023427,191,SN13,2.9245182693583702
1000,600,4,gaussian,1.5,2.7384412125023427,191,OptShrink,2.889934488862808
1000,600,4,gaussian,1.5,2.7384412125023427,192,Algorithm 3,2.683113301261882
1000,600,4,gaussian,1.5,2.7384412125023427,192,SN13,2.9160799807303217
1000,600,4,gaussian,1.5,2.7384412125023427,192,OptShrink,2.882654880459683
1000,600,4,gaussian,1.5,2.7384412125023427,193,Algorithm 3,2.7880401408524866
1000,600,4,gaussian,1.5,2.7384412125023427,193,SN13,2.9458579379213297
1000,600,4,gaussian,1.5,2.7384412125023427,193,OptShrink,2.913394591998861
1000,600,4,gaussian,1.5,2.7384412125023427,194,Algorithm 3,2.6178233718443567
1000,600,4,gaussian,1.5,2.7384412125023427,194,SN13,2.842401585747724
1000,600,4,gaussian,1.5,2.7384412125023427,194,OptShrink,2.8023728420105165
1000,600,4,gaussian,1.5,2.7384412125023427,195,Algorithm 3,2.5931108562063474
1000,600,4,gaussian,1.5,2.7384412125023427,195,SN13,2.8100497516143284
1000,600,4,gaussian,1.5,2.7384412125023427,195,OptShrink,2.7700431912922214
1000,600,4,gaussian,1.5,2.7384412125023427,196,Algorithm 3,2.7127713283349957
1000,600,4,gaussian,1.5,2.7384412125023427,196,SN13,2.9533979074374135
1000,600,4,gaussian,1.5,2.7384412125023427,196,OptShrink,2.9219024079043203
1000,600,4,gaussian,1.5,2.7384412125023427,197,Algorithm 3,2.837871159004702
1000,600,4,gaussian,1.5,2.7384412125023427,197,SN13,2.983076702226511
1000,600,4,gaussian,1.5,2.7384412125023427,197,OptShrink,2.952342496616915
1000,600,4,gaussian,1.5,2.7384412125023427,198,Algorithm 3,2.8193965200551188
1000,600,4,gaussian,1.5,2.7384412125023427,198,SN13,2.9694192951228695
1000,600,4,gaussian,1.5,2.7384412125023427,198,OptShrink,2.938254108669706
1000,600,4,gaussian,1.5,2.7384412125023427,199,Algorithm 3,2.7901523446082055
1000,600,4,gaussian,1.5,2.7384412125023427,199,SN13,2.978986620781483
1000,600,4,gaussian,1.5,2.7384412125023427,199,OptShrink,2.947201241539771
1000,600,4,gaussian,1.5,2.7384412125023427,200,Algorithm 3,2.8435355394154906
1000,600,4,gaussian,1.5,2.7384412125023427,200,SN13,3.0244467560767494
1000,600,4,gaussian,1.5,2.7384412125023427,200,OptShrink,2.996175001380266
1000,600,4,gaussian,1.5,2.7384412125023427,201,Algorithm 3,2.7656216423890667
1000,600,4,gaussian,1.5,2.7384412125023427,201,SN13,2.9390999540267924
1000,600,4,gaussian,1.5,2.7384412125023427,201,OptShrink,2.90661865962277
1000,600,4,gaussian,1.5,2.7384412125023427,202,Algorithm 3,2.7353223068034227
1000,600,4,gaussian,1.5,2.7384412125023427,202,SN13,2.96370187124036
1000,600,4,gaussian,1.5,2.7384412125023427,202,OptShrink,2.932546438470975
1000,600,4,gaussian,1.5,2.7384412125023427,203,Algorithm 3,2.7142658315094166
1000,600,4,gaussian,1.5,2.7384412125023427,203,SN13,2.9390043464939146
1000,600,4,gaussian,1.5,2.7384412125023427,203,OptShrink,2.906114682698581
1000,600,4,gaussian,1.5,2.7384412125023427,204,Algorithm 3,2.712913299442575
1000,600,4,gaussian,1.5,2.7384412125023427,204,SN13,3.011268114726083
1000,600,4,gaussian,1.5,2.7384412125023427,204,OptShrink,2.982308341888617
1000,600,4,gaussian,1.5,2.7384412125023427,205,Algorithm 3,2.6903458365964847
1000,600,4,gaussian,1.5,2.7384412125023427,205,SN13,2.961388477017781
1000,600,4,gaussian,1.5,2.7384412125023427,205,OptShrink,2.9293503400517844
1000,600,4,gaussian,1.5,2.7384412125023427,206,Algorithm 3,2.7701584915160704
1000,600,4,gaussian,1.5,2.7384412125023427,206,SN13,2.9841750695000906
1000,600,4,gaussian,1.5,2.7384412125023427,206,OptShrink,2.9539806241793376
1000,600,4,gaussian,1.5,2.7384412125023427,207,Algorithm 3,2.8691507577836615
1000,600,4,gaussian,1.5,2.7384412125023427,207,SN13,3.0634117804274656
1000,600,4,gaussian,1.5,2.7384412125023427,207,OptShrink,3.0354716937796757
1000,600,4,gaussian,1.5,2.7384412125023427,208,Algorithm 3,2.7438717846057905
1000,600,4,gaussian,1.5,2.7384412125023427,208,SN13,2.906673487754777
1000,600,4,gaussian,1.5,2.7384412125023427,208,OptShrink,2.8714044539561825
1000,600,4,gaussian,1.5,2.7384412125023427,209,Algorithm 3,2.6647209009375823
1000,600,4,gaussian,1.5,2.7384412125023427,209,SN13,2.916268852718506
1000,600,4,gaussian,1.5,2.7384412125023427,209,OptShrink,2.8814950305207323
1000,600,4,gaussian,1.5,2.7384412125023427,210,Algorithm 3,2.604780234919505
1000,600,4,gaussian,1.5,2.7384412125023427,210,SN13,2.8439700026463783
1000,600,4,gaussian,1.5,2.7384412125023427,210,OptShrink,2.8057973547240977
1000,600,4,gaussian,1.5,2.7384412125023427,211,Algorithm 3,2.9070721904935457
1000,600,4,gaussian,1.5,2.7384412125023427,211,SN13,3.0650572601388517
1000,600,4,gaussian,1.5,2.7384412125023427,211,OptShrink,3.0379901321935376
1000,600,4,gaussian,1.5,2.7384412125023427,212,Algorithm 3,2.8670275421330573
1000,600,4,gaussian,1.5,2.7384412125023427,212,SN13,3.0325845814671
1000,600,4,gaussian,1.5,2.7384412125023427,212,OptShrink,3.004082788341321
1000,600,4,gaussian,1.5,2.7384412125023427,213,Algorithm 3,2.7309485707496544
1000,600,4,gaussian,1.5,2.7384412125023427,213,SN13,2.950650289841005
1000,600,4,gaussian,1.5,2.7384412125023427,213,OptShrink,2.9185741665336864
1000,600,4,gaussian,1.5,2.7384412125023427,214,Algorithm 3,2.67275358921345
1000,600,4,gaussian,1.5,2.7384412125023427,214,SN13,2.9051132780168065
1000,600,4,gaussian,1.5,2.7384412125023427,214,OptShrink,2.8715178835997537
1000,600,4,gaussian,1.5,2.7384412125023427,215,Algorithm 3,2.6476460428913873
1000,600,4,gaussian,1.5,2.7384412125023427,215,SN13,2.930580388675493
1000,600,4,gaussian,1.5,2.7384412125023427,215,OptShrink,2.897392776931054
1000,600,4,gaussian,1.5,2.7384412125023427,216,Algorithm 3,2.932159025224484
1000,600,4,gaussian,1.5,2.7384412125023427,216,SN13,3.098620383439851
1000,600,4,gaussian,1.5,2.7384412125023427,216,OptShrink,3.0730194886413407
1000,600,4,gaussian,1.5,2.7384412125023427,217,Algorithm 3,2.7531041487580903
1000,600,4,gaussian,1.5,2.7384412125023427,217,SN13,2.9331366680371436
1000,600,4,gaussian,1.5,2.7384412125023427,217,OptShrink,2.8993856301960466
1000,600,4,gaussian,1.5,2.7384412125023427,218,Algorithm 3,2.8329677948416356
1000,600,4,gaussian,1.5,2.7384412125023427,218,SN13,3.0064197388730713
1000,600,4,gaussian,1.5,2.7384412125023427,218,OptShrink,2.9764554241861627
1000,600,4,gaussian,1.5,2.7384412125023427,219,Algorithm 3,2.704104628449121
1000,600,4,gaussian,1.5,2.7384412125023427,219,SN13,2.8963129874633857
1000,600,4,gaussian,1.5,2.7384412125023427,219,OptShrink,2.860231713451869
1000,600,4,gaussian,1.5,2.7384412125023427,220,Algorithm 3,2.5431830782907006
1000,600,4,gaussian,1.5,2.7384412125023427,220,SN13,2.867148939015355
1000,600,4,gaussian,1.5,2.7384412125023427,220,OptShrink,2.829372011993494
1000,600,4,gaussian,1.5,2.7384412125023427,221,Algorithm 3,2.5549248708889976
1000,600,4,gaussian,1.5,2.7384412125023427,221,SN13,2.8507254854049244
1000,600,4,gaussian,1.5,2.7384412125023427,221,OptShrink,2.811991374456057
1000,600,4,gaussian,1.5,2.7384412125023427,222,Algorithm 3,2.7308481416871957
1000,600,4,gaussian,1.5,2.7384412125023427,222,SN13,2.9555813076204798
1000,600,4,gaussian,1.5,2.7384412125023427,222,OptShrink,2.923621977962755
1000,600,4,gaussian,1.5,2.7384412125023427,223,Algorithm 3,2.718136863844282
1000,600,4,gaussian,1.5,2.7384412125023427,223,SN13,2.9388889841394703
1000,600,4,gaussian,1.5,2.7384412125023427,223,OptShrink,2.906551909467741
1000,600,4,gaussian,1.5,2.7384412125023427,224,Algorithm 3,2.6908853397652557
1000,600,4,gaussian,1.5,2.7384412125023427,224,SN13,2.911051431628755
1000,600,4,gaussian,1.5,2.7384412125023427,224,OptShrink,2.875228992507625
1000,600,4,gaussian,1.5,2.7384412125023427,225,Algorithm 3,2.6161290346599873
1000,600,4,gaussian,1.5,2.7384412125023427,225,SN13,2.8842337726953815
1000,600,4,gaussian,1.5,2.7384412125023427,225,OptShrink,2.8489658909511433
1000,600,4,gaussian,1.5,2.7384412125023427,226,Algorithm 3,2.567278415422949
1000,600,4,gaussian,1.5,2.7384412125023427,226,SN13,2.868939666035976
1000,600,4,gaussian,1.5,2.7384412125023427,226,OptShrink,2.833338523714039
1000,600,4,gaussian,1.5,2.7384412125023427,227,Algorithm 3,2.790053904745837
1000,600,4,gaussian,1.5,2.7384412125023427,227,SN13,2.959469409359604
1000,600,4,gaussian,1.5,2.7384412125023427,227,OptShrink,2.926475639488433
1000,600,4,gaussian,1.5,2.7384412125023427,228,Algorithm 3,2.839859964368123
1000,600,4,gaussian,1.5,2.7384412125023427,228,SN13,3.019747548109868
1000,600,4,gaussian,1.5,2.7384412125023427,228,OptShrink,2.9908357746059924
1000,600,4,gaussian,1.5,2.7384412125023427,229,Algorithm 3,2.698197257782401
1000,600,4,gaussian,1.5,2.7384412125023427,229,SN13,2.9594189754489335
1000,600,4,gaussian,1.5,2.7384412125023427,229,OptShrink,2.9271305630354623
1000,600,4,gaussian,1.5,2.7384412125023427,230,Algorithm 3,2.858026408589411
1000,600,4,gaussian,1.5,2.7384412125023427,230,SN13,3.047797125895219
1000,600,4,gaussian,1.5,2.7384412125023427,230,OptShrink,3.020190260467798
1000,600,4,gaussian,1.5,2.7384412125023427,231,Algorithm 3,2.8552421977721965
1000,600,4,gaussian,1.5,2.7384412125023427,231,SN13,3.0172981227047813
1000,600,4,gaussian,1.5,2.7384412125023427,231,OptShrink,2.987645204141206
1000,600,4,gaussian,1.5,2.7384412125023427,232,Algorithm 3,2.7077078084849537
1000,600,4,gaussian,1.5,2.7384412125023427,232,SN13,2.8714837104412436
1000,600,4,gaussian,1.5,2.7384412125023427,232,OptShrink,2.8358409678839536
1000,600,4,gaussian,1.5,2.7384412125023427,233,Algorithm 3,2.8265164047299667
1000,600,4,gaussian,1.5,2.7384412125023427,233,SN13,3.014249640599838
1000,600,4,gaussian,1.5,2.7384412125023427,233,OptShrink,2.983933535873166
1000,600,4,gaussian,1.5,2.7384412125023427,234,Algorithm 3,2.811089444674282
1000,600,4,gaussian,1.5,2.7384412125023427,234,SN13,3.0137833904239355
1000,600,4,gaussian,1.5,2.7384412125023427,234,OptShrink,2.9830232076446532
1000,600,4,gaussian,1.5,2.7384412125023427,235,Algorithm 3,2.8749270868823786
1000,600,4,gaussian,1.5,2.7384412125023427,235,SN13,3.057648865822294
1000,600,4,gaussian,1.5,2.7384412125023427,235,OptShrink,3.029814517151263
1000,600,4,gaussian,1.5,2.7384412125023427,236,Algorithm 3,2.7487955834643056
1000,600,4,gaussian,1.5,2.7384412125023427,236,SN13,2.9169543578662926
1000,600,4,gaussian,1.5,2.7384412125023427,236,OptShrink,2.8840232937115737
1000,600,4,gaussian,1.5,2.7384412125023427,237,Algorithm 3,2.6747627681410346
1000,600,4,gaussian,1.5,2.7384412125023427,237,SN13,2.8730693134828993
1000,600,4,gaussian,1.5,2.7384412125023427,237,OptShrink,2.8373889100079044
1000,600,4,gaussian,1.5,2.7384412125023427,238,Algorithm 3,2.7982808806498674
1000,600,4,gaussian,1.5,2.7384412125023427,238,SN13,2.96049877179423
1000,600,4,gaussian,1.5,2.7384412125023427,238,OptShrink,2.9288635742113627
1000,600,4,gaussian,1.5,2.7384412125023427,239,Algorithm 3,2.818731097684297
1000,600,4,gaussian,1.5,2.7384412125023427,239,SN13,2.9784041575958184
1000,600,4,gaussian,1.5,2.7384412125023427,239,OptShrink,2.9479111168295167
1000,600,4,gaussian,1.5,2.7384412125023427,240,Algorithm 3,2.7058400585102658
1000,600,4,gaussian,1.5,2.7384412125023427,240,SN13,2.879039076871108
1000,600,4,gaussian,1.5,2.7384412125023427,240,OptShrink,2.842795138255164
1000,600,4,gaussian,1.5,2.7384412125023427,241,Algorithm 3,2.7884138165068664
1000,600,4,gaussian,1.5,2.7384412125023427,241,SN13,2.95790400273697
1000,600,4,gaussian,1.5,2.7384412125023427,241,OptShrink,2.92534106471606
1000,600,4,gaussian,1.5,2.7384412125023427,242,Algorithm 3,2.5964228812891927
1000,600,4,gaussian,1.5,2.7384412125023427,242,SN13,2.8740371998053074
1000,600,4,gaussian,1.5,2.7384412125023427,242,OptShrink,2.83828277562431
1000,600,4,gaussian,1.5,2.7384412125023427,243,Algorithm 3,2.894584853712413
1000,600,4,gaussian,1.5,2.7384412125023427,243,SN13,3.044803864189325
1000,600,4,gaussian,1.5,2.7384412125023427,243,OptShrink,3.016083923702019
1000,600,4,gaussian,1.5,2.7384412125023427,244,Algorithm 3,2.5831581056563766
1000,600,4,gaussian,1.5,2.7384412125023427,244,SN13,2.816103502592209
1000,600,4,gaussian,1.5,2.7384412125023427,244,OptShrink,2.7763800205403095
1000,600,4,gaussian,1.5,2.7384412125023427,245,Algorithm 3,2.70510142005488
1000,600,4,gaussian,1.5,2.7384412125023427,245,SN13,2.8621966058069286
1000,600,4,gaussian,1.5,2.7384412125023427,245,OptShrink,2.8251178526534706
1000,600,4,gaussian,1.5,2.7384412125023427,246,Algorithm 3,2.844650168388951
1000,600,4,gaussian,1.5,2.7384412125023427,246,SN13,3.027542432947836
1000,600,4,gaussian,1.5,2.7384412125023427,246,OptShrink,2.9991243120609004
1000,600,4,gaussian,1.5,2.7384412125023427,247,Algorithm 3,2.7502325430511614
1000,600,4,gaussian,1.5,2.7384412125023427,247,SN13,2.990624012431503
1000,600,4,gaussian,1.5,2.7384412125023427,247,OptShrink,2.958053129770366
1000,600,4,gaussian,1.5,2.7384412125023427,248,Algorithm 3,2.677223291803188
1000,600,4,gaussian,1.5,2.7384412125023427,248,SN13,2.8547176990992122
1000,600,4,gaussian,1.5,2.7384412125023427,248,OptShrink,2.8165091283787933
1000,600,4,gaussian,1.5,2.7384412125023427,249,Algorithm 3,2.6694181735719744
1000,600,4,gaussian,1.5,2.7384412125023427,249,SN13,2.8868897425622455
1000,600,4,gaussian,1.5,2.7384412125023427,249,OptShrink,2.8511523946476074
1000,600,4,gaussian,1.5,2.7384412125023427,250,Algorithm 3,2.753199365155471
1000,600,4,gaussian,1.5,2.7384412125023427,250,SN13,2.9303606394220996
1000,600,4,gaussian,1.5,2.7384412125023427,250,OptShrink,2.8967288811094605
1000,600,4,gaussian,1.5,2.7384412125023427,251,Algorithm 3,2.6776282704932037
1000,600,4,gaussian,1.5,2.7384412125023427,251,SN13,2.8972642008764127
1000,600,4,gaussian,1.5,2.7384412125023427,251,OptShrink,2.8618094289889364
1000,600,4,gaussian,1.5,2.7384412125023427,252,Algorithm 3,2.836195573471369
1000,600,4,gaussian,1.5,2.7384412125023427,252,SN13,2.9910617607791328
1000,600,4,gaussian,1.5,2.7384412125023427,252,OptShrink,2.9606055079165166
1000,600,4,gaussian,1.5,2.7384412125023427,253,Algorithm 3,2.705483802290529
1000,600,4,gaussian,1.5,2.7384412125023427,253,SN13,2.869364918650455
1000,600,4,gaussian,1.5,2.7384412125023427,253,OptShrink,2.8340035293628714
1000,600,4,gaussian,1.5,2.7384412125023427,254,Algorithm 3,2.824076095395405
1000,600,4,gaussian,1.5,2.7384412125023427,254,SN13,2.9809448935202307
1000,600,4,gaussian,1.5,2.7384412125023427,254,OptShrink,2.9500816111591073
1000,600,4,gaussian,1.5,2.7384412125023427,255,Algorithm 3,2.6988525433070714
1000,600,4,gaussian,1.5,2.7384412125023427,255,SN13,2.900922336235199
1000,600,4,gaussian,1.5,2.7384412125023427,255,OptShrink,2.8671342969194953
1000,600,4,gaussian,1.5,2.7384412125023427,256,Algorithm 3,2.7347492078357485
1000,600,4,gaussian,1.5,2.7384412125023427,256,SN13,2.945996931587851
1000,600,4,gaussian,1.5,2.7384412125023427,256,OptShrink,2.913618977340774
1000,600,4,gaussian,1.5,2.7384412125023427,257,Algorithm 3,2.7561237373651424
1000,600,4,gaussian,1.5,2.7384412125023427,257,SN13,2.9358336263441984
1000,600,4,gaussian,1.5,2.7384412125023427,257,OptShrink,2.9031790967667597
1000,600,4,gaussian,1.5,2.7384412125023427,258,Algorithm 3,2.621403447543932
1000,600,4,gaussian,1.5,2.7384412125023427,258,SN13,2.9118814614361725
1000,600,4,gaussian,1.5,2.7384412125023427,258,OptShrink,2.878800699434927
1000,600,4,gaussian,1.5,2.7384412125023427,259,Algorithm 3,2.8787036730022137
1000,600,4,gaussian,1.5,2.7384412125023427,259,SN13,3.097459317342994
1000,600,4,gaussian,1.5,2.7384412125023427,259,OptShrink,3.0719632095528895
1000,600,4,gaussian,1.5,2.7384412125023427,260,Algorithm 3,2.6653120871400158
1000,600,4,gaussian,1.5,2.7384412125023427,260,SN13,2.8842269238363185
1000,600,4,gaussian,1.5,2.7384412125023427,260,OptShrink,2.848062518637641
1000,600,4,gaussian,1.5,2.7384412125023427,261,Algorithm 3,2.7248528338299094
1000,600,4,gaussian,1.5,2.7384412125023427,261,SN13,2.920346534432256
1000,600,4,gaussian,1.5,2.7384412125023427,261,OptShrink,2.8854038064947627
1000,600,4,gaussian,1.5,2.7384412125023427,262,Algorithm 3,2.569028287199503
1000,600,4,gaussian,1.5,2.7384412125023427,262,SN13,2.7705429144693596
1000,600,4,gaussian,1.5,2.7384412125023427,262,OptShrink,2.7284056352584733
1000,600,4,gaussian,1.5,2.7384412125023427,263,Algorithm 3,2.7037397554106626
1000,600,4,gaussian,1.5,2.7384412125023427,263,SN13,2.973233325310921
1000,600,4,gaussian,1.5,2.7384412125023427,263,OptShrink,2.942967606486428
1000,600,4,gaussian,1.5,2.7384412125023427,264,Algorithm 3,2.707674184895895
1000,600,4,gaussian,1.5,2.7384412125023427,264,SN13,2.9367230529852106
1000,600,4,gaussian,1.5,2.7384412125023427,264,OptShrink,2.9033899833743506
1000,600,4,gaussian,1.5,2.7384412125023427,265,Algorithm 3,2.7507387414661606
1000,600,4,gaussian,1.5,2.7384412125023427,265,SN13,2.9228672487901086
1000,600,4,gaussian,1.5,2.7384412125023427,265,OptShrink,2.8892561496196727
1000,600,4,gaussian,1.5,2.7384412125023427,266,Algorithm 3,2.8169450591469753
1000,600,4,gaussian,1.5,2.7384412125023427,266,SN13,3.014309603129746
1000,600,4,gaussian,1.5,2.7384412125023427,266,OptShrink,2.9850840871896684
1000,600,4,gaussian,1.5,2.7384412125023427,267,Algorithm 3,2.8427949066857057
1000,600,4,gaussian,1.5,2.7384412125023427,267,SN13,3.069859311191171
1000,600,4,gaussian,1.5,2.7384412125023427,267,OptShrink,3.043017208943693
1000,600,4,gaussian,1.5,2.7384412125023427,268,Algorithm 3,2.716508543422412
1000,600,4,gaussian,1.5,2.7384412125023427,268,SN13,2.9467294875355843
1000,600,4,gaussian,1.5,2.7384412125023427,268,OptShrink,2.914949801118453
1000,600,4,gaussian,1.5,2.7384412125023427,269,Algorithm 3,2.7673371654830143
1000,600,4,gaussian,1.5,2.7384412125023427,269,SN13,2.897561706834848
1000,600,4,gaussian,1.5,2.7384412125023427,269,OptShrink,2.86244234703523
1000,600,4,gaussian,1.5,2.7384412125023427,270,Algorithm 3,2.8295823033984298
1000,600,4,gaussian,1.5,2.7384412125023427,270,SN13,2.997833694431925
1000,600,4,gaussian,1.5,2.7384412125023427,270,OptShrink,2.9677748944738624
1000,600,4,gaussian,1.5,2.7384412125023427,271,Algorithm 3,2.6565020728144035
1000,600,4,gaussian,1.5,2.7384412125023427,271,SN13,2.9233442254892945
1000,600,4,gaussian,1.5,2.7384412125023427,271,OptShrink,2.8886139797907315
1000,600,4,gaussian,1.5,2.7384412125023427,272,Algorithm 3,2.6131921529288964
1000,600,4,gaussian,1.5,2.7384412125023427,272,SN13,2.870254757474318
1000,600,4,gaussian,1.5,2.7384412125023427,272,OptShrink,2.8336356582156026
1000,600,4,gaussian,1.5,2.7384412125023427,273,Algorithm 3,2.606857652567663
1000,600,4,gaussian,1.5,2.7384412125023427,273,SN13,2.8752880015750253
1000,600,4,gaussian,1.5,2.7384412125023427,273,OptShrink,2.8398027528106313
1000,600,4,gaussian,1.5,2.7384412125023427,274,Algorithm 3,2.7673021354263208
1000,600,4,gaussian,1.5,2.7384412125023427,274,SN13,3.003981654960693
1000,600,4,gaussian,1.5,2.7384412125023427,274,OptShrink,2.974064301479902
1000,600,4,gaussian,1.5,2.7384412125023427,275,Algorithm 3,2.6787073632754055
1000,600,4,gaussian,1.5,2.7384412125023427,275,SN13,2.9162195178485217
1000,600,4,gaussian,1.5,2.7384412125023427,275,OptShrink,2.8825288541814555
1000,600,4,gaussian,1.5,2.7384412125023427,276,Algorithm 3,2.8253786794694276
1000,600,4,gaussian,1.5,2.7384412125023427,276,SN13,2.9638362079673337
1000,600,4,gaussian,1.5,2.7384412125023427,276,OptShrink,2.9322657756515498
1000,600,4,gaussian,1.5,2.7384412125023427,277,Algorithm 3,2.717733479011174
1000,600,4,gaussian,1.5,2.7384412125023427,277,SN13,2.9291563471073734
1000,600,4,gaussian,1.5,2.7384412125023427,277,OptShrink,2.8951038468900934
1000,600,4,gaussian,1.5,2.7384412125023427,278,Algorithm 3,2.751419414399406
1000,600,4,gaussian,1.5,2.7384412125023427,278,SN13,2.9292714765603245
1000,600,4,gaussian,1.5,2.7384412125023427,278,OptShrink,2.896243794930686
1000,600,4,gaussian,1.5,2.7384412125023427,279,Algorithm 3,2.6978519551580997
1000,600,4,gaussian,1.5,2.7384412125023427,279,SN13,2.8492141242213656
1000,600,4,gaussian,1.5,2.7384412125023427,279,OptShrink,2.812459298697076
1000,600,4,gaussian,1.5,2.7384412125023427,280,Algorithm 3,2.6997619854931485
1000,600,4,gaussian,1.5,2.7384412125023427,280,SN13,2.935490437629313
1000,600,4,gaussian,1.5,2.7384412125023427,280,OptShrink,2.9030219069275547
1000,600,4,gaussian,1.5,2.7384412125023427,281,Algorithm 3,2.6303997609328866
1000,600,4,gaussian,1.5,2.7384412125023427,281,SN13,2.8833453151767503
1000,600,4,gaussian,1.5,2.7384412125023427,281,OptShrink,2.8485644251330084
1000,600,4,gaussian,1.5,2.7384412125023427,282,Algorithm 3,2.730186429950256
1000,600,4,gaussian,1.5,2.7384412125023427,282,SN13,2.9608275817081666
1000,600,4,gaussian,1.5,2.7384412125023427,282,OptShrink,2.929496270490585
1000,600,4,gaussian,1.5,2.7384412125023427,283,Algorithm 3,2.5339927957608546
1000,600,4,gaussian,1.5,2.7384412125023427,283,SN13,2.8314821247747304
1000,600,4,gaussian,1.5,2.7384412125023427,283,OptShrink,2.7929449632210863
1000,600,4,gaussian,1.5,2.7384412125023427,284,Algorithm 3,2.6680063794291096
1000,600,4,gaussian,1.5,2.7384412125023427,284,SN13,2.881221793811829
1000,600,4,gaussian,1.5,2.7384412125023427,284,OptShrink,2.845845275905318
1000,600,4,gaussian,1.5,2.7384412125023427,285,Algorithm 3,2.7676071870868104
1000,600,4,gaussian,1.5,2.7384412125023427,285,SN13,2.977114659568827
1000,600,4,gaussian,1.5,2.7384412125023427,285,OptShrink,2.9458474770231486
1000,600,4,gaussian,1.5,2.7384412125023427,286,Algorithm 3,2.825007149038068
1000,600,4,gaussian,1.5,2.7384412125023427,286,SN13,2.9376428555005996
1000,600,4,gaussian,1.5,2.7384412125023427,286,OptShrink,2.9064935923881174
1000,600,4,gaussian,1.5,2.7384412125023427,287,Algorithm 3,2.5957899331463112
1000,600,4,gaussian,1.5,2.7384412125023427,287,SN13,2.8368813641286867
1000,600,4,gaussian,1.5,2.7384412125023427,287,OptShrink,2.799213718066332
1000,600,4,gaussian,1.5,2.7384412125023427,288,Algorithm 3,2.827252214056411
1000,600,4,gaussian,1.5,2.7384412125023427,288,SN13,3.0107884413097925
1000,600,4,gaussian,1.5,2.7384412125023427,288,OptShrink,2.982760753835313
1000,600,4,gaussian,1.5,2.7384412125023427,289,Algorithm 3,2.7619722493444994
1000,600,4,gaussian,1.5,2.7384412125023427,289,SN13,2.999148699899828
1000,600,4,gaussian,1.5,2.7384412125023427,289,OptShrink,2.9698761794845443
1000,600,4,gaussian,1.5,2.7384412125023427,290,Algorithm 3,2.7491752280689643
1000,600,4,gaussian,1.5,2.7384412125023427,290,SN13,2.979152768613191
1000,600,4,gaussian,1.5,2.7384412125023427,290,OptShrink,2.9482072516112683
1000,600,4,gaussian,1.5,2.7384412125023427,291,Algorithm 3,2.839667388406098
1000,600,4,gaussian,1.5,2.7384412125023427,291,SN13,3.0162176774781315
1000,600,4,gaussian,1.5,2.7384412125023427,291,OptShrink,2.987465663934974
1000,600,4,gaussian,1.5,2.7384412125023427,292,Algorithm 3,2.7733500471988033
1000,600,4,gaussian,1.5,2.7384412125023427,292,SN13,3.0392401232546624
1000,600,4,gaussian,1.5,2.7384412125023427,292,OptShrink,3.0118707178259
1000,600,4,gaussian,1.5,2.7384412125023427,293,Algorithm 3,2.6737607665774865
1000,600,4,gaussian,1.5,2.7384412125023427,293,SN13,2.8826832062417234
1000,600,4,gaussian,1.5,2.7384412125023427,293,OptShrink,2.84656917651689
1000,600,4,gaussian,1.5,2.7384412125023427,294,Algorithm 3,2.762122146263342
1000,600,4,gaussian,1.5,2.7384412125023427,294,SN13,2.9786989017293743
1000,600,4,gaussian,1.5,2.7384412125023427,294,OptShrink,2.9480812184443876
1000,600,4,gaussian,1.5,2.7384412125023427,295,Algorithm 3,2.594656881983187
1000,600,4,gaussian,1.5,2.7384412125023427,295,SN13,2.9079914889555396
1000,600,4,gaussian,1.5,2.7384412125023427,295,OptShrink,2.8736764205876204
1000,600,4,gaussian,1.5,2.7384412125023427,296,Algorithm 3,2.680269244427842
1000,600,4,gaussian,1.5,2.7384412125023427,296,SN13,2.9237921779447538
1000,600,4,gaussian,1.5,2.7384412125023427,296,OptShrink,2.8893997113141356
1000,600,4,gaussian,1.5,2.7384412125023427,297,Algorithm 3,2.629062674177008
1000,600,4,gaussian,1.5,2.7384412125023427,297,SN13,2.901703374259265
1000,600,4,gaussian,1.5,2.7384412125023427,297,OptShrink,2.867656298138643
1000,600,4,gaussian,1.5,2.7384412125023427,298,Algorithm 3,2.629292104860627
1000,600,4,gaussian,1.5,2.7384412125023427,298,SN13,2.87615117427626
1000,600,4,gaussian,1.5,2.7384412125023427,298,OptShrink,2.839933396219803
1000,600,4,gaussian,1.5,2.7384412125023427,299,Algorithm 3,2.545003647014568
1000,600,4,gaussian,1.5,2.7384412125023427,299,SN13,2.8645496511682986
1000,600,4,gaussian,1.5,2.7384412125023427,299,OptShrink,2.8257436367465663
1000,600,4,gaussian,1.5,2.7384412125023427,300,Algorithm 3,2.800630847016685
1000,600,4,gaussian,1.5,2.7384412125023427,300,SN13,2.9590361274675825
1000,600,4,gaussian,1.5,2.7384412125023427,300,OptShrink,2.928320277412715
1000,600,4,gaussian,1.5,2.7384412125023427,301,Algorithm 3,2.8100561475876527
1000,600,4,gaussian,1.5,2.7384412125023427,301,SN13,2.944630595184616
1000,600,4,gaussian,1.5,2.7384412125023427,301,OptShrink,2.9108758439405156
1000,600,4,gaussian,1.5,2.7384412125023427,302,Algorithm 3,2.7096086802425745
1000,600,4,gaussian,1.5,2.7384412125023427,302,SN13,2.950547904240795
1000,600,4,gaussian,1.5,2.7384412125023427,302,OptShrink,2.918827370397713
1000,600,4,gaussian,1.5,2.7384412125023427,303,Algorithm 3,2.793510145541725
1000,600,4,gaussian,1.5,2.7384412125023427,303,SN13,2.980656719242726
1000,600,4,gaussian,1.5,2.7384412125023427,303,OptShrink,2.949154791353233
1000,600,4,gaussian,1.5,2.7384412125023427,304,Algorithm 3,2.6060084865481343
1000,600,4,gaussian,1.5,2.7384412125023427,304,SN13,2.872408020284612
1000,600,4,gaussian,1.5,2.7384412125023427,304,OptShrink,2.835587306034239
1000,600,4,gaussian,1.5,2.7384412125023427,305,Algorithm 3,2.7462996834451965
1000,600,4,gaussian,1.5,2.7384412125023427,305,SN13,2.884296651895165
1000,600,4,gaussian,1.5,2.7384412125023427,305,OptShrink,2.8489498513494294
1000,600,4,gaussian,1.5,2.7384412125023427,306,Algorithm 3,2.7355078127181267
1000,600,4,gaussian,1.5,2.7384412125023427,306,SN13,2.9911344332892793
1000,600,4,gaussian,1.5,2.7384412125023427,306,OptShrink,2.9609239847972315
1000,600,4,gaussian,1.5,2.7384412125023427,307,Algorithm 3,2.812579892272954
1000,600,4,gaussian,1.5,2.7384412125023427,307,SN13,2.992406555601851
1000,600,4,gaussian,1.5,2.7384412125023427,307,OptShrink,2.962234895255931
1000,600,4,gaussian,1.5,2.7384412125023427,308,Algorithm 3,2.8267500426617955
1000,600,4,gaussian,1.5,2.7384412125023427,308,SN13,2.965127744692515
1000,600,4,gaussian,1.5,2.7384412125023427,308,OptShrink,2.935005905270156
1000,600,4,gaussian,1.5,2.7384412125023427,309,Algorithm 3,2.657916008640534
1000,600,4,gaussian,1.5,2.7384412125023427,309,SN13,2.896994736338902
1000,600,4,gaussian,1.5,2.7384412125023427,309,OptShrink,2.86283757423689
1000,600,4,gaussian,1.5,2.7384412125023427,310,Algorithm 3,2.8375364437931916
1000,600,4,gaussian,1.5,2.7384412125023427,310,SN13,3.013573793090445
1000,600,4,gaussian,1.5,2.7384412125023427,310,OptShrink,2.9837877037604787
1000,600,4,gaussian,1.5,2.7384412125023427,311,Algorithm 3,2.9048234050677877
1000,600,4,gaussian,1.5,2.7384412125023427,311,SN13,3.0202451803703716
1000,600,4,gaussian,1.5,2.7384412125023427,311,OptShrink,2.989954334672436
1000,600,4,gaussian,1.5,2.7384412125023427,312,Algorithm 3,2.6872023941113103
1000,600,4,gaussian,1.5,2.7384412125023427,312,SN13,2.8611720882394307
1000,600,4,gaussian,1.5,2.7384412125023427,312,OptShrink,2.8234932128918535
1000,600,4,gaussian,1.5,2.7384412125023427,313,Algorithm 3,2.803499129161551
1000,600,4,gaussian,1.5,2.7384412125023427,313,SN13,3.007218296968499
1000,600,4,gaussian,1.5,2.7384412125023427,313,OptShrink,2.97721405582416
1000,600,4,gaussian,1.5,2.7384412125023427,314,Algorithm 3,2.6200497646226744
1000,600,4,gaussian,1.5,2.7384412125023427,314,SN13,2.8563844702585826
1000,600,4,gaussian,1.5,2.7384412125023427,314,OptShrink,2.8180635148334883
1000,600,4,gaussian,1.5,2.7384412125023427,315,Algorithm 3,2.8619389630376917
1000,600,4,gaussian,1.5,2.7384412125023427,315,SN13,3.0106923539061885
1000,600,4,gaussian,1.5,2.7384412125023427,315,OptShrink,2.9808976486709895
1000,600,4,gaussian,1.5,2.7384412125023427,316,Algorithm 3,2.8066491731075844
1000,600,4,gaussian,1.5,2.7384412125023427,316,SN13,3.0554327365165364
1000,600,4,gaussian,1.5,2.7384412125023427,316,OptShrink,3.0273096446952508
1000,600,4,gaussian,1.5,2.7384412125023427,317,Algorithm 3,2.9065459669192637
1000,600,4,gaussian,1.5,2.7384412125023427,317,SN13,3.070539208562585
1000,600,4,gaussian,1.5,2.7384412125023427,317,OptShrink,3.0435889584466915
1000,600,4,gaussian,1.5,2.7384412125023427,318,Algorithm 3,2.73795696407628
1000,600,4,gaussian,1.5,2.7384412125023427,318,SN13,2.9899319408906964
1000,600,4,gaussian,1.5,2.7384412125023427,318,OptShrink,2.9596020918888137
1000,600,4,gaussian,1.5,2.7384412125023427,319,Algorithm 3,2.765586078657642
1000,600,4,gaussian,1.5,2.7384412125023427,319,SN13,2.8987368306211128
1000,600,4,gaussian,1.5,2.7384412125023427,319,OptShrink,2.8625929172688522
1000,600,4,gaussian,1.5,2.7384412125023427,320,Algorithm 3,2.793478207458114
1000,600,4,gaussian,1.5,2.7384412125023427,320,SN13,2.9939769648124055
1000,600,4,gaussian,1.5,2.7384412125023427,320,OptShrink,2.963386368726792
1000,600,4,gaussian,1.5,2.7384412125023427,321,Algorithm 3,2.812720117996901
1000,600,4,gaussian,1.5,2.7384412125023427,321,SN13,2.9634086699864968
1000,600,4,gaussian,1.5,2.7384412125023427,321,OptShrink,2.93127449506395
1000,600,4,gaussian,1.5,2.7384412125023427,322,Algorithm 3,2.737319701389548
1000,600,4,gaussian,1.5,2.7384412125023427,322,SN13,2.9784454435300614
1000,600,4,gaussian,1.5,2.7384412125023427,322,OptShrink,2.947947308943221
1000,600,4,gaussian,1.5,2.7384412125023427,323,Algorithm 3,2.7054908517922627
1000,600,4,gaussian,1.5,2.7384412125023427,323,SN13,2.8945631223451285
1000,600,4,gaussian,1.5,2.7384412125023427,323,OptShrink,2.860632974576097
1000,600,4,gaussian,1.5,2.7384412125023427,324,Algorithm 3,2.8030753140307345
1000,600,4,gaussian,1.5,2.7384412125023427,324,SN13,2.9849525941860593
1000,600,4,gaussian,1.5,2.7384412125023427,324,OptShrink,2.9543129320449424
1000,600,4,gaussian,1.5,2.7384412125023427,325,Algorithm 3,2.7863632776354894
1000,600,4,gaussian,1.5,2.7384412125023427,325,SN13,2.981823689561964
1000,600,4,gaussian,1.5,2.7384412125023427,325,OptShrink,2.950930428363053
1000,600,4,gaussian,1.5,2.7384412125023427,326,Algorithm 3,2.6100524638508737
1000,600,4,gaussian,1.5,2.7384412125023427,326,SN13,2.8616047350884437
1000,600,4,gaussian,1.5,2.7384412125023427,326,OptShrink,2.8253116515189576
1000,600,4,gaussian,1.5,2.7384412125023427,327,Algorithm 3,2.656777306936457
1000,600,4,gaussian,1.5,2.7384412125023427,327,SN13,2.8867931307848176
1000,600,4,gaussian,1.5,2.7384412125023427,327,OptShrink,2.8514137391323926
1000,600,4,gaussian,1.5,2.7384412125023427,328,Algorithm 3,2.805662298182653
1000,600,4,gaussian,1.5,2.7384412125023427,328,SN13,2.9285035664981485
1000,600,4,gaussian,1.5,2.7384412125023427,328,OptShrink,2.8944312420614904
1000,600,4,gaussian,1.5,2.7384412125023427,329,Algorithm 3,2.7280702692484513
1000,600,4,gaussian,1.5,2.7384412125023427,329,SN13,2.9330388872624784
1000,600,4,gaussian,1.5,2.7384412125023427,329,OptShrink,2.9004790358857333
1000,600,4,gaussian,1.5,2.7384412125023427,330,Algorithm 3,2.6458950627571327
1000,600,4,gaussian,1.5,2.7384412125023427,330,SN13,2.841476772978219
1000,600,4,gaussian,1.5,2.7384412125023427,330,OptShrink,2.8033787946100155
1000,600,4,gaussian,1.5,2.7384412125023427,331,Algorithm 3,2.8220000217918444
1000,600,4,gaussian,1.5,2.7384412125023427,331,SN13,2.9953843972064282
1000,600,4,gaussian,1.5,2.7384412125023427,331,OptShrink,2.965692850084602
1000,600,4,gaussian,1.5,2.7384412125023427,332,Algorithm 3,2.725452625460512
1000,600,4,gaussian,1.5,2.7384412125023427,332,SN13,2.936922894454056
1000,600,4,gaussian,1.5,2.7384412125023427,332,OptShrink,2.904144036887456
1000,600,4,gaussian,1.5,2.7384412125023427,333,Algorithm 3,2.715205041115672
1000,600,4,gaussian,1.5,2.7384412125023427,333,SN13,2.9118927881375996
1000,600,4,gaussian,1.5,2.7384412125023427,333,OptShrink,2.8769923549211187
1000,600,4,gaussian,1.5,2.7384412125023427,334,Algorithm 3,2.676397277024416
1000,600,4,gaussian,1.5,2.7384412125023427,334,SN13,2.8912387040288996
1000,600,4,gaussian,1.5,2.7384412125023427,334,OptShrink,2.855410557254488
1000,600,4,gaussian,1.5,2.7384412125023427,335,Algorithm 3,2.7625588123190403
1000,600,4,gaussian,1.5,2.7384412125023427,335,SN13,2.9085209752954415
1000,600,4,gaussian,1.5,2.7384412125023427,335,OptShrink,2.874779061659887
1000,600,4,gaussian,1.5,2.7384412125023427,336,Algorithm 3,2.741094271814721
1000,600,4,gaussian,1.5,2.7384412125023427,336,SN13,2.9518830784324903
1000,600,4,gaussian,1.5,2.7384412125023427,336,OptShrink,2.9205569967548444
1000,600,4,gaussian,1.5,2.7384412125023427,337,Algorithm 3,2.672626395797876
1000,600,4,gaussian,1.5,2.7384412125023427,337,SN13,2.859568095384986
1000,600,4,gaussian,1.5,2.7384412125023427,337,OptShrink,2.8223031654466726
1000,600,4,gaussian,1.5,2.7384412125023427,338,Algorithm 3,2.801156364837301
1000,600,4,gaussian,1.5,2.7384412125023427,338,SN13,2.9481467730207758
1000,600,4,gaussian,1.5,2.7384412125023427,338,OptShrink,2.9155877325920803
1000,600,4,gaussian,1.5,2.7384412125023427,339,Algorithm 3,2.771598803434513
1000,600,4,gaussian,1.5,2.7384412125023427,339,SN13,3.0187805724064125
1000,600,4,gaussian,1.5,2.7384412125023427,339,OptShrink,2.990438416017032
1000,600,4,gaussian,1.5,2.7384412125023427,340,Algorithm 3,2.8238325329509313
1000,600,4,gaussian,1.5,2.7384412125023427,340,SN13,3.0214161776325885
1000,600,4,gaussian,1.5,2.7384412125023427,340,OptShrink,2.9932502118462474
1000,600,4,gaussian,1.5,2.7384412125023427,341,Algorithm 3,2.661337956199672
1000,600,4,gaussian,1.5,2.7384412125023427,341,SN13,2.865214311962944
1000,600,4,gaussian,1.5,2.7384412125023427,341,OptShrink,2.8297301180425416
1000,600,4,gaussian,1.5,2.7384412125023427,342,Algorithm 3,2.7868853348494755
1000,600,4,gaussian,1.5,2.7384412125023427,342,SN13,2.9154284548603626
1000,600,4,gaussian,1.5,2.7384412125023427,342,OptShrink,2.8814598386765664
1000,600,4,gaussian,1.5,2.7384412125023427,343,Algorithm 3,2.7655738908842458
1000,600,4,gaussian,1.5,2.7384412125023427,343,SN13,2.985185599027674
1000,600,4,gaussian,1.5,2.7384412125023427,343,OptShrink,2.9539661006133504
1000,600,4,gaussian,1.5,2.7384412125023427,344,Algorithm 3,2.6455596498461085
1000,600,4,gaussian,1.5,2.7384412125023427,344,SN13,2.9290134493651614
1000,600,4,gaussian,1.5,2.7384412125023427,344,OptShrink,2.895070867278014
1000,600,4,gaussian,1.5,2.7384412125023427,345,Algorithm 3,2.6967714240506213
1000,600,4,gaussian,1.5,2.7384412125023427,345,SN13,2.9230728350297315
1000,600,4,gaussian,1.5,2.7384412125023427,345,OptShrink,2.889683670736253
1000,600,4,gaussian,1.5,2.7384412125023427,346,Algorithm 3,2.732631137009655
1000,600,4,gaussian,1.5,2.7384412125023427,346,SN13,2.8811705885139496
1000,600,4,gaussian,1.5,2.7384412125023427,346,OptShrink,2.846429958689021
1000,600,4,gaussian,1.5,2.7384412125023427,347,Algorithm 3,2.8324340382250424
1000,600,4,gaussian,1.5,2.7384412125023427,347,SN13,3.005801603654459
1000,600,4,gaussian,1.5,2.7384412125023427,347,OptShrink,2.9760536310034365
1000,600,4,gaussian,1.5,2.7384412125023427,348,Algorithm 3,2.667235281707718
1000,600,4,gaussian,1.5,2.7384412125023427,348,SN13,2.851036388557775
1000,600,4,gaussian,1.5,2.7384412125023427,348,OptShrink,2.812430587852124
1000,600,4,gaussian,1.5,2.7384412125023427,349,Algorithm 3,2.8745682262650125
1000,600,4,gaussian,1.5,2.7384412125023427,349,SN13,3.0465898738612918
1000,600,4,gaussian,1.5,2.7384412125023427,349,OptShrink,3.018905855244129
1000,600,4,gaussian,1.5,2.7384412125023427,350,Algorithm 3,2.8424721464964513
1000,600,4,gaussian,1.5,2.7384412125023427,350,SN13,3.069045032882676
1000,600,4,gaussian,1.5,2.7384412125023427,350,OptShrink,3.0408766900774733
1000,600,4,gaussian,1.5,2.7384412125023427,351,Algorithm 3,2.6619591917958103
1000,600,4,gaussian,1.5,2.7384412125023427,351,SN13,2.889911346304786
1000,600,4,gaussian,1.5,2.7384412125023427,351,OptShrink,2.853604130249894
1000,600,4,gaussian,1.5,2.7384412125023427,352,Algorithm 3,2.688039999492784
1000,600,4,gaussian,1.5,2.7384412125023427,352,SN13,2.878100240143614
1000,600,4,gaussian,1.5,2.7384412125023427,352,OptShrink,2.8427006834271404
1000,600,4,gaussian,1.5,2.7384412125023427,353,Algorithm 3,2.7592053950189612
1000,600,4,gaussian,1.5,2.7384412125023427,353,SN13,2.9302190868156006
1000,600,4,gaussian,1.5,2.7384412125023427,353,OptShrink,2.8966864434104207
1000,600,4,gaussian,1.5,2.7384412125023427,354,Algorithm 3,2.729366138002632
1000,600,4,gaussian,1.5,2.7384412125023427,354,SN13,2.9126308472582365
1000,600,4,gaussian,1.5,2.7384412125023427,354,OptShrink,2.879287172380613
1000,600,4,gaussian,1.5,2.7384412125023427,355,Algorithm 3,2.6945481811318577
1000,600,4,gaussian,1.5,2.7384412125023427,355,SN13,2.935629074456534
1000,600,4,gaussian,1.5,2.7384412125023427,355,OptShrink,2.902852408674121
1000,600,4,gaussian,1.5,2.7384412125023427,356,Algorithm 3,2.6851686500501213
1000,600,4,gaussian,1.5,2.7384412125023427,356,SN13,2.9357010922359903
1000,600,4,gaussian,1.5,2.7384412125023427,356,OptShrink,2.9032643531584963
1000,600,4,gaussian,1.5,2.7384412125023427,357,Algorithm 3,2.8094686661256905
1000,600,4,gaussian,1.5,2.7384412125023427,357,SN13,3.0226067994735026
1000,600,4,gaussian,1.5,2.7384412125023427,357,OptShrink,2.9950180351808453
1000,600,4,gaussian,1.5,2.7384412125023427,358,Algorithm 3,2.643137487647653
1000,600,4,gaussian,1.5,2.7384412125023427,358,SN13,2.838988985689701
1000,600,4,gaussian,1.5,2.7384412125023427,358,OptShrink,2.8000664354742617
1000,600,4,gaussian,1.5,2.7384412125023427,359,Algorithm 3,2.7772930097990542
1000,600,4,gaussian,1.5,2.7384412125023427,359,SN13,2.944985079304659
1000,600,4,gaussian,1.5,2.7384412125023427,359,OptShrink,2.9111502449826325
1000,600,4,gaussian,1.5,2.7384412125023427,360,Algorithm 3,2.7230867218871113
1000,600,4,gaussian,1.5,2.7384412125023427,360,SN13,2.8959710926157274
1000,600,4,gaussian,1.5,2.7384412125023427,360,OptShrink,2.861240512743189
1000,600,4,gaussian,1.5,2.7384412125023427,361,Algorithm 3,2.8143553201553995
1000,600,4,gaussian,1.5,2.7384412125023427,361,SN13,2.9714807987513048
1000,600,4,gaussian,1.5,2.7384412125023427,361,OptShrink,2.941053742909648
1000,600,4,gaussian,1.5,2.7384412125023427,362,Algorithm 3,2.75782056893646
1000,600,4,gaussian,1.5,2.7384412125023427,362,SN13,2.977720716756683
1000,600,4,gaussian,1.5,2.7384412125023427,362,OptShrink,2.9464122008359257
1000,600,4,gaussian,1.5,2.7384412125023427,363,Algorithm 3,2.881221478635505
1000,600,4,gaussian,1.5,2.7384412125023427,363,SN13,3.020262679900019
1000,600,4,gaussian,1.5,2.7384412125023427,363,OptShrink,2.9915390368010497
1000,600,4,gaussian,1.5,2.7384412125023427,364,Algorithm 3,2.7193157801206462
1000,600,4,gaussian,1.5,2.7384412125023427,364,SN13,2.963300128968062
1000,600,4,gaussian,1.5,2.7384412125023427,364,OptShrink,2.931713120678207
1000,600,4,gaussian,1.5,2.7384412125023427,365,Algorithm 3,2.6043640869784204
1000,600,4,gaussian,1.5,2.7384412125023427,365,SN13,2.827490116066806
1000,600,4,gaussian,1.5,2.7384412125023427,365,OptShrink,2.789006463913333
1000,600,4,gaussian,1.5,2.7384412125023427,366,Algorithm 3,2.678402993219998
1000,600,4,gaussian,1.5,2.7384412125023427,366,SN13,2.9413563277658885
1000,600,4,gaussian,1.5,2.7384412125023427,366,OptShrink,2.9083912543856028
1000,600,4,gaussian,1.5,2.7384412125023427,367,Algorithm 3,2.736622399683637
1000,600,4,gaussian,1.5,2.7384412125023427,367,SN13,2.941264510713426
1000,600,4,gaussian,1.5,2.7384412125023427,367,OptShrink,2.90830878582945
1000,600,4,gaussian,1.5,2.7384412125023427,368,Algorithm 3,2.816866817450894
1000,600,4,gaussian,1.5,2.7384412125023427,368,SN13,2.967252043910363
1000,600,4,gaussian,1.5,2.7384412125023427,368,OptShrink,2.9362781715273147
1000,600,4,gaussian,1.5,2.7384412125023427,369,Algorithm 3,2.7380660874280975
1000,600,4,gaussian,1.5,2.7384412125023427,369,SN13,2.9124272922896015
1000,600,4,gaussian,1.5,2.7384412125023427,369,OptShrink,2.8781254985030458
1000,600,4,gaussian,1.5,2.7384412125023427,370,Algorithm 3,2.733170506602948
1000,600,4,gaussian,1.5,2.7384412125023427,370,SN13,2.949280925197429
1000,600,4,gaussian,1.5,2.7384412125023427,370,OptShrink,2.9180424099162154
1000,600,4,gaussian,1.5,2.7384412125023427,371,Algorithm 3,2.65471170844285
1000,600,4,gaussian,1.5,2.7384412125023427,371,SN13,2.8482645230305375
1000,600,4,gaussian,1.5,2.7384412125023427,371,OptShrink,2.8107933452800937
1000,600,4,gaussian,1.5,2.7384412125023427,372,Algorithm 3,2.779196914380776
1000,600,4,gaussian,1.5,2.7384412125023427,372,SN13,2.978653921392479
1000,600,4,gaussian,1.5,2.7384412125023427,372,OptShrink,2.9472888102903614
1000,600,4,gaussian,1.5,2.7384412125023427,373,Algorithm 3,2.871060423167381
1000,600,4,gaussian,1.5,2.7384412125023427,373,SN13,3.0270427865434937
1000,600,4,gaussian,1.5,2.7384412125023427,373,OptShrink,2.99712964084254
1000,600,4,gaussian,1.5,2.7384412125023427,374,Algorithm 3,2.7131289216429875
1000,600,4,gaussian,1.5,2.7384412125023427,374,SN13,2.9385711352614496
1000,600,4,gaussian,1.5,2.7384412125023427,374,OptShrink,2.905350136730823
1000,600,4,gaussian,1.5,2.7384412125023427,375,Algorithm 3,2.7588493465699298
1000,600,4,gaussian,1.5,2.7384412125023427,375,SN13,2.922378587459724
1000,600,4,gaussian,1.5,2.7384412125023427,375,OptShrink,2.888867783815223
1000,600,4,gaussian,1.5,2.7384412125023427,376,Algorithm 3,2.770312515059177
1000,600,4,gaussian,1.5,2.7384412125023427,376,SN13,2.9641424960453513
1000,600,4,gaussian,1.5,2.7384412125023427,376,OptShrink,2.932224497410371
1000,600,4,gaussian,1.5,2.7384412125023427,377,Algorithm 3,2.867200807149746
1000,600,4,gaussian,1.5,2.7384412125023427,377,SN13,2.9866592921078925
1000,600,4,gaussian,1.5,2.7384412125023427,377,OptShrink,2.9563386471704405
1000,600,4,gaussian,1.5,2.7384412125023427,378,Algorithm 3,2.6058428643647487
1000,600,4,gaussian,1.5,2.7384412125023427,378,SN13,2.9019179317340864
1000,600,4,gaussian,1.5,2.7384412125023427,378,OptShrink,2.8680056858560348
1000,600,4,gaussian,1.5,2.7384412125023427,379,Algorithm 3,2.6645598178450527
1000,600,4,gaussian,1.5,2.7384412125023427,379,SN13,2.929947945089518
1000,600,4,gaussian,1.5,2.7384412125023427,379,OptShrink,2.8966827298906987
1000,600,4,gaussian,1.5,2.7384412125023427,380,Algorithm 3,2.837851810988399
1000,600,4,gaussian,1.5,2.7384412125023427,380,SN13,3.0195625776137516
1000,600,4,gaussian,1.5,2.7384412125023427,380,OptShrink,2.9908023864851985
1000,600,4,gaussian,1.5,2.7384412125023427,381,Algorithm 3,2.826189933515969
1000,600,4,gaussian,1.5,2.7384412125023427,381,SN13,2.9981556675771874
1000,600,4,gaussian,1.5,2.7384412125023427,381,OptShrink,2.968479762655618
1000,600,4,gaussian,1.5,2.7384412125023427,382,Algorithm 3,2.6902997750197883
1000,600,4,gaussian,1.5,2.7384412125023427,382,SN13,2.892983586054074
1000,600,4,gaussian,1.5,2.7384412125023427,382,OptShrink,2.8582210880043255
1000,600,4,gaussian,1.5,2.7384412125023427,383,Algorithm 3,2.7543895760114174
1000,600,4,gaussian,1.5,2.7384412125023427,383,SN13,2.9842995928708995
1000,600,4,gaussian,1.5,2.7384412125023427,383,OptShrink,2.953393845887104
1000,600,4,gaussian,1.5,2.7384412125023427,384,Algorithm 3,2.8600390710046137
1000,600,4,gaussian,1.5,2.7384412125023427,384,SN13,2.941279109017186
1000,600,4,gaussian,1.5,2.7384412125023427,384,OptShrink,2.9086340793095777
1000,600,4,gaussian,1.5,2.7384412125023427,385,Algorithm 3,2.8202033720327706
1000,600,4,gaussian,1.5,2.7384412125023427,385,SN13,2.9849279337174837
1000,600,4,gaussian,1.5,2.7384412125023427,385,OptShrink,2.955431427463471
1000,600,4,gaussian,1.5,2.7384412125023427,386,Algorithm 3,2.636863074681912
1000,600,4,gaussian,1.5,2.7384412125023427,386,SN13,2.9451583307100067
1000,600,4,gaussian,1.5,2.7384412125023427,386,OptShrink,2.911631512629009
1000,600,4,gaussian,1.5,2.7384412125023427,387,Algorithm 3,2.7692022657609465
1000,600,4,gaussian,1.5,2.7384412125023427,387,SN13,2.953361552082218
1000,600,4,gaussian,1.5,2.7384412125023427,387,OptShrink,2.9230948806730574
1000,600,4,gaussian,1.5,2.7384412125023427,388,Algorithm 3,2.6137029484598306
1000,600,4,gaussian,1.5,2.7384412125023427,388,SN13,2.8526295639889914
1000,600,4,gaussian,1.5,2.7384412125023427,388,OptShrink,2.8150849191889207
1000,600,4,gaussian,1.5,2.7384412125023427,389,Algorithm 3,2.778177960090993
1000,600,4,gaussian,1.5,2.7384412125023427,389,SN13,2.937615623034225
1000,600,4,gaussian,1.5,2.7384412125023427,389,OptShrink,2.9057110162885813
1000,600,4,gaussian,1.5,2.7384412125023427,390,Algorithm 3,2.8194772201895377
1000,600,4,gaussian,1.5,2.7384412125023427,390,SN13,2.9586467308774385
1000,600,4,gaussian,1.5,2.7384412125023427,390,OptShrink,2.928622235677943
1000,600,4,gaussian,1.5,2.7384412125023427,391,Algorithm 3,2.6841047856725853
1000,600,4,gaussian,1.5,2.7384412125023427,391,SN13,2.870546943348657
1000,600,4,gaussian,1.5,2.7384412125023427,391,OptShrink,2.8336644850750186
1000,600,4,gaussian,1.5,2.7384412125023427,392,Algorithm 3,2.5621292093845387
1000,600,4,gaussian,1.5,2.7384412125023427,392,SN13,2.8437683536689935
1000,600,4,gaussian,1.5,2.7384412125023427,392,OptShrink,2.8055314795053667
1000,600,4,gaussian,1.5,2.7384412125023427,393,Algorithm 3,2.6803429918375703
1000,600,4,gaussian,1.5,2.7384412125023427,393,SN13,2.9099650030432214
1000,600,4,gaussian,1.5,2.7384412125023427,393,OptShrink,2.877153321590173
1000,600,4,gaussian,1.5,2.7384412125023427,394,Algorithm 3,2.7326516496865163
1000,600,4,gaussian,1.5,2.7384412125023427,394,SN13,2.867844084185721
1000,600,4,gaussian,1.5,2.7384412125023427,394,OptShrink,2.8310229096568826
1000,600,4,gaussian,1.5,2.7384412125023427,395,Algorithm 3,2.7006162852313365
1000,600,4,gaussian,1.5,2.7384412125023427,395,SN13,2.997226419327978
1000,600,4,gaussian,1.5,2.7384412125023427,395,OptShrink,2.96796153123084
1000,600,4,gaussian,1.5,2.7384412125023427,396,Algorithm 3,2.7976791930383693
1000,600,4,gaussian,1.5,2.7384412125023427,396,SN13,2.9530015930465923
1000,600,4,gaussian,1.5,2.7384412125023427,396,OptShrink,2.9218110801222643
1000,600,4,gaussian,1.5,2.7384412125023427,397,Algorithm 3,2.758259511612155
1000,600,4,gaussian,1.5,2.7384412125023427,397,SN13,2.8873641744785727
1000,600,4,gaussian,1.5,2.7384412125023427,397,OptShrink,2.85069275971396
1000,600,4,gaussian,1.5,2.7384412125023427,398,Algorithm 3,2.8835730807385285
1000,600,4,gaussian,1.5,2.7384412125023427,398,SN13,3.0239927364499297
1000,600,4,gaussian,1.5,2.7384412125023427,398,OptShrink,2.9962888587639642
1000,600,4,gaussian,1.5,2.7384412125023427,399,Algorithm 3,2.8031366931033466
1000,600,4,gaussian,1.5,2.7384412125023427,399,SN13,2.9770052647986214
1000,600,4,gaussian,1.5,2.7384412125023427,399,OptShrink,2.946833283613634
1000,600,4,gaussian,1.5,2.7384412125023427,400,Algorithm 3,2.656569474936042
1000,600,4,gaussian,1.5,2.7384412125023427,400,SN13,2.860968691224834
1000,600,4,gaussian,1.5,2.7384412125023427,400,OptShrink,2.825252275473294
1000,600,4,gaussian,1.5,2.7384412125023427,401,Algorithm 3,2.74112905751782
1000,600,4,gaussian,1.5,2.7384412125023427,401,SN13,2.9526483300009985
1000,600,4,gaussian,1.5,2.7384412125023427,401,OptShrink,2.9208580669526683
1000,600,4,gaussian,1.5,2.7384412125023427,402,Algorithm 3,2.6258535230153393
1000,600,4,gaussian,1.5,2.7384412125023427,402,SN13,2.875205080550587
1000,600,4,gaussian,1.5,2.7384412125023427,402,OptShrink,2.838756108709094
1000,600,4,gaussian,1.5,2.7384412125023427,403,Algorithm 3,2.758443940590781
1000,600,4,gaussian,1.5,2.7384412125023427,403,SN13,2.9018717515842645
1000,600,4,gaussian,1.5,2.7384412125023427,403,OptShrink,2.8675262446503647
1000,600,4,gaussian,1.5,2.7384412125023427,404,Algorithm 3,2.6539435250935064
1000,600,4,gaussian,1.5,2.7384412125023427,404,SN13,2.8460763294258324
1000,600,4,gaussian,1.5,2.7384412125023427,404,OptShrink,2.8097193834711067
1000,600,4,gaussian,1.5,2.7384412125023427,405,Algorithm 3,2.6868269957746955
1000,600,4,gaussian,1.5,2.7384412125023427,405,SN13,2.8671282639813764
1000,600,4,gaussian,1.5,2.7384412125023427,405,OptShrink,2.8311069806332574
1000,600,4,gaussian,1.5,2.7384412125023427,406,Algorithm 3,2.7872800612992386
1000,600,4,gaussian,1.5,2.7384412125023427,406,SN13,3.0084277988313275
1000,600,4,gaussian,1.5,2.7384412125023427,406,OptShrink,2.9788325086650054
1000,600,4,gaussian,1.5,2.7384412125023427,407,Algorithm 3,2.731377935662645
1000,600,4,gaussian,1.5,2.7384412125023427,407,SN13,2.932558275383422
1000,600,4,gaussian,1.5,2.7384412125023427,407,OptShrink,2.899715126864565
1000,600,4,gaussian,1.5,2.7384412125023427,408,Algorithm 3,2.7441018236632155
1000,600,4,gaussian,1.5,2.7384412125023427,408,SN13,2.9691221891444943
1000,600,4,gaussian,1.5,2.7384412125023427,408,OptShrink,2.937947469571168
1000,600,4,gaussian,1.5,2.7384412125023427,409,Algorithm 3,2.8818675146675647
1000,600,4,gaussian,1.5,2.7384412125023427,409,SN13,3.000543189811066
1000,600,4,gaussian,1.5,2.7384412125023427,409,OptShrink,2.9697936761693593
1000,600,4,gaussian,1.5,2.7384412125023427,410,Algorithm 3,2.637536653010203
1000,600,4,gaussian,1.5,2.7384412125023427,410,SN13,2.869782022431836
1000,600,4,gaussian,1.5,2.7384412125023427,410,OptShrink,2.83443618787714
1000,600,4,gaussian,1.5,2.7384412125023427,411,Algorithm 3,2.782118608464056
1000,600,4,gaussian,1.5,2.7384412125023427,411,SN13,2.972602971525649
1000,600,4,gaussian,1.5,2.7384412125023427,411,OptShrink,2.9407939761210993
1000,600,4,gaussian,1.5,2.7384412125023427,412,Algorithm 3,2.6994602594434074
1000,600,4,gaussian,1.5,2.7384412125023427,412,SN13,2.9717219885894486
1000,600,4,gaussian,1.5,2.7384412125023427,412,OptShrink,2.9406225118115668
1000,600,4,gaussian,1.5,2.7384412125023427,413,Algorithm 3,2.7784820901889127
1000,600,4,gaussian,1.5,2.7384412125023427,413,SN13,2.9368268831842883
1000,600,4,gaussian,1.5,2.7384412125023427,413,OptShrink,2.905571725239769
1000,600,4,gaussian,1.5,2.7384412125023427,414,Algorithm 3,2.6831462990080537
1000,600,4,gaussian,1.5,2.7384412125023427,414,SN13,2.9318420995476937
1000,600,4,gaussian,1.5,2.7384412125023427,414,OptShrink,2.8990314315492656
1000,600,4,gaussian,1.5,2.7384412125023427,415,Algorithm 3,2.7642968786142843
1000,600,4,gaussian,1.5,2.7384412125023427,415,SN13,2.8858752904246328
1000,600,4,gaussian,1.5,2.7384412125023427,415,OptShrink,2.84908911126513
1000,600,4,gaussian,1.5,2.7384412125023427,416,Algorithm 3,2.660254081083223
1000,600,4,gaussian,1.5,2.7384412125023427,416,SN13,2.9154777185502723
1000,600,4,gaussian,1.5,2.7384412125023427,416,OptShrink,2.8813367894220026
1000,600,4,gaussian,1.5,2.7384412125023427,417,Algorithm 3,2.7238838365958866
1000,600,4,gaussian,1.5,2.7384412125023427,417,SN13,2.9488747571830976
1000,600,4,gaussian,1.5,2.7384412125023427,417,OptShrink,2.916374137434477
1000,600,4,gaussian,1.5,2.7384412125023427,418,Algorithm 3,2.646778331900523
1000,600,4,gaussian,1.5,2.7384412125023427,418,SN13,2.9150043945527795
1000,600,4,gaussian,1.5,2.7384412125023427,418,OptShrink,2.881201271696398
1000,600,4,gaussian,1.5,2.7384412125023427,419,Algorithm 3,2.684250077279194
1000,600,4,gaussian,1.5,2.7384412125023427,419,SN13,2.84071792857876
1000,600,4,gaussian,1.5,2.7384412125023427,419,OptShrink,2.802664415381043
1000,600,4,gaussian,1.5,2.7384412125023427,420,Algorithm 3,2.769984391935464
1000,600,4,gaussian,1.5,2.7384412125023427,420,SN13,2.9589128629459993
1000,600,4,gaussian,1.5,2.7384412125023427,420,OptShrink,2.9271560476980976
1000,600,4,gaussian,1.5,2.7384412125023427,421,Algorithm 3,2.8102820255302716
1000,600,4,gaussian,1.5,2.7384412125023427,421,SN13,2.9918239556923507
1000,600,4,gaussian,1.5,2.7384412125023427,421,OptShrink,2.960772997895302
1000,600,4,gaussian,1.5,2.7384412125023427,422,Algorithm 3,2.654122646524948
1000,600,4,gaussian,1.5,2.7384412125023427,422,SN13,2.915334699292821
1000,600,4,gaussian,1.5,2.7384412125023427,422,OptShrink,2.8802869876346646
1000,600,4,gaussian,1.5,2.7384412125023427,423,Algorithm 3,2.7120742479861057
1000,600,4,gaussian,1.5,2.7384412125023427,423,SN13,2.8933502353062095
1000,600,4,gaussian,1.5,2.7384412125023427,423,OptShrink,2.8572978375414113
1000,600,4,gaussian,1.5,2.7384412125023427,424,Algorithm 3,2.723001899031617
1000,600,4,gaussian,1.5,2.7384412125023427,424,SN13,2.9116750780636926
1000,600,4,gaussian,1.5,2.7384412125023427,424,OptShrink,2.8778352316897347
1000,600,4,gaussian,1.5,2.7384412125023427,425,Algorithm 3,2.6506258260020616
1000,600,4,gaussian,1.5,2.7384412125023427,425,SN13,2.9044584018867328
1000,600,4,gaussian,1.5,2.7384412125023427,425,OptShrink,2.8695923241041412
1000,600,4,gaussian,1.5,2.7384412125023427,426,Algorithm 3,2.749041245852444
1000,600,4,gaussian,1.5,2.7384412125023427,426,SN13,2.981456932145116
1000,600,4,gaussian,1.5,2.7384412125023427,426,OptShrink,2.9487412414566223
1000,600,4,gaussian,1.5,2.7384412125023427,427,Algorithm 3,2.839654736728999
1000,600,4,gaussian,1.5,2.7384412125023427,427,SN13,2.9730598341118806
1000,600,4,gaussian,1.5,2.7384412125023427,427,OptShrink,2.9417728223474837
1000,600,4,gaussian,1.5,2.7384412125023427,428,Algorithm 3,2.5889023648742953
1000,600,4,gaussian,1.5,2.7384412125023427,428,SN13,2.8329472860341918
1000,600,4,gaussian,1.5,2.7384412125023427,428,OptShrink,2.7943261510666826
1000,600,4,gaussian,1.5,2.7384412125023427,429,Algorithm 3,2.6908704004802164
1000,600,4,gaussian,1.5,2.7384412125023427,429,SN13,2.8951994627883373
1000,600,4,gaussian,1.5,2.7384412125023427,429,OptShrink,2.860352358328957
1000,600,4,gaussian,1.5,2.7384412125023427,430,Algorithm 3,2.6760156518688056
1000,600,4,gaussian,1.5,2.7384412125023427,430,SN13,2.941241039245279
1000,600,4,gaussian,1.5,2.7384412125023427,430,OptShrink,2.907929814352412
1000,600,4,gaussian,1.5,2.7384412125023427,431,Algorithm 3,2.754221128758145
1000,600,4,gaussian,1.5,2.7384412125023427,431,SN13,2.94004358256756
1000,600,4,gaussian,1.5,2.7384412125023427,431,OptShrink,2.9078493743925287
1000,600,4,gaussian,1.5,2.7384412125023427,432,Algorithm 3,2.8848276249568685
1000,600,4,gaussian,1.5,2.7384412125023427,432,SN13,3.096548503359037
1000,600,4,gaussian,1.5,2.7384412125023427,432,OptShrink,3.070493396278759
1000,600,4,gaussian,1.5,2.7384412125023427,433,Algorithm 3,2.819861615610536
1000,600,4,gaussian,1.5,2.7384412125023427,433,SN13,2.991426651952304
1000,600,4,gaussian,1.5,2.7384412125023427,433,OptShrink,2.96171537336823
1000,600,4,gaussian,1.5,2.7384412125023427,434,Algorithm 3,2.6963727555902044
1000,600,4,gaussian,1.5,2.7384412125023427,434,SN13,2.912914749731103
1000,600,4,gaussian,1.5,2.7384412125023427,434,OptShrink,2.877213122733511
1000,600,4,gaussian,1.5,2.7384412125023427,435,Algorithm 3,2.6675209796640087
1000,600,4,gaussian,1.5,2.7384412125023427,435,SN13,2.9193903239054992
1000,600,4,gaussian,1.5,2.7384412125023427,435,OptShrink,2.8856540813725124
1000,600,4,gaussian,1.5,2.7384412125023427,436,Algorithm 3,2.779612619470316
1000,600,4,gaussian,1.5,2.7384412125023427,436,SN13,2.9061957790948982
1000,600,4,gaussian,1.5,2.7384412125023427,436,OptShrink,2.8719928418086127
1000,600,4,gaussian,1.5,2.7384412125023427,437,Algorithm 3,2.738852314699203
1000,600,4,gaussian,1.5,2.7384412125023427,437,SN13,2.985993245119236
1000,600,4,gaussian,1.5,2.7384412125023427,437,OptShrink,2.9547775720233402
1000,600,4,gaussian,1.5,2.7384412125023427,438,Algorithm 3,2.795844749669533
1000,600,4,gaussian,1.5,2.7384412125023427,438,SN13,2.980962953953146
1000,600,4,gaussian,1.5,2.7384412125023427,438,OptShrink,2.9498212564053
1000,600,4,gaussian,1.5,2.7384412125023427,439,Algorithm 3,2.814854772625827
1000,600,4,gaussian,1.5,2.7384412125023427,439,SN13,3.0037248797278306
1000,600,4,gaussian,1.5,2.7384412125023427,439,OptShrink,2.9748034099887684
1000,600,4,gaussian,1.5,2.7384412125023427,440,Algorithm 3,2.7381549423539924
1000,600,4,gaussian,1.5,2.7384412125023427,440,SN13,2.904180055975203
1000,600,4,gaussian,1.5,2.7384412125023427,440,OptShrink,2.8678483578937484
1000,600,4,gaussian,1.5,2.7384412125023427,441,Algorithm 3,2.940072889777234
1000,600,4,gaussian,1.5,2.7384412125023427,441,SN13,3.0850162186982164
1000,600,4,gaussian,1.5,2.7384412125023427,441,OptShrink,3.059294032302628
1000,600,4,gaussian,1.5,2.7384412125023427,442,Algorithm 3,2.7709349905492453
1000,600,4,gaussian,1.5,2.7384412125023427,442,SN13,3.018789430467669
1000,600,4,gaussian,1.5,2.7384412125023427,442,OptShrink,2.9900263127952713
1000,600,4,gaussian,1.5,2.7384412125023427,443,Algorithm 3,2.7077523877483687
1000,600,4,gaussian,1.5,2.7384412125023427,443,SN13,2.8738631700603303
1000,600,4,gaussian,1.5,2.7384412125023427,443,OptShrink,2.8380294177550933
1000,600,4,gaussian,1.5,2.7384412125023427,444,Algorithm 3,2.82788820183486
1000,600,4,gaussian,1.5,2.7384412125023427,444,SN13,3.0214340266825985
1000,600,4,gaussian,1.5,2.7384412125023427,444,OptShrink,2.9925573058405854
1000,600,4,gaussian,1.5,2.7384412125023427,445,Algorithm 3,2.6943602574163883
1000,600,4,gaussian,1.5,2.7384412125023427,445,SN13,2.930318710044172
1000,600,4,gaussian,1.5,2.7384412125023427,445,OptShrink,2.8972659888029804
1000,600,4,gaussian,1.5,2.7384412125023427,446,Algorithm 3,2.6631152850707025
1000,600,4,gaussian,1.5,2.7384412125023427,446,SN13,2.901968442630052
1000,600,4,gaussian,1.5,2.7384412125023427,446,OptShrink,2.8654041267447754
1000,600,4,gaussian,1.5,2.7384412125023427,447,Algorithm 3,2.867152894328302
1000,600,4,gaussian,1.5,2.7384412125023427,447,SN13,3.0486040534570114
1000,600,4,gaussian,1.5,2.7384412125023427,447,OptShrink,3.0223018953038925
1000,600,4,gaussian,1.5,2.7384412125023427,448,Algorithm 3,2.7903216917452993
1000,600,4,gaussian,1.5,2.7384412125023427,448,SN13,3.002153184297741
1000,600,4,gaussian,1.5,2.7384412125023427,448,OptShrink,2.9714180940823915
1000,600,4,gaussian,1.5,2.7384412125023427,449,Algorithm 3,2.5962758666041514
1000,600,4,gaussian,1.5,2.7384412125023427,449,SN13,2.8317498835291213
1000,600,4,gaussian,1.5,2.7384412125023427,449,OptShrink,2.7927851514545394
1000,600,4,gaussian,1.5,2.7384412125023427,450,Algorithm 3,2.8146012210103275
1000,600,4,gaussian,1.5,2.7384412125023427,450,SN13,2.955862279611263
1000,600,4,gaussian,1.5,2.7384412125023427,450,OptShrink,2.923381067290711
1000,600,4,gaussian,1.5,2.7384412125023427,451,Algorithm 3,2.73142060553203
1000,600,4,gaussian,1.5,2.7384412125023427,451,SN13,2.910539054678383
1000,600,4,gaussian,1.5,2.7384412125023427,451,OptShrink,2.875636604289324
1000,600,4,gaussian,1.5,2.7384412125023427,452,Algorithm 3,2.8528255843012587
1000,600,4,gaussian,1.5,2.7384412125023427,452,SN13,3.037652234652697
1000,600,4,gaussian,1.5,2.7384412125023427,452,OptShrink,3.0093592584376214
1000,600,4,gaussian,1.5,2.7384412125023427,453,Algorithm 3,2.717117670984256
1000,600,4,gaussian,1.5,2.7384412125023427,453,SN13,2.9023265942460164
1000,600,4,gaussian,1.5,2.7384412125023427,453,OptShrink,2.865914079734362
1000,600,4,gaussian,1.5,2.7384412125023427,454,Algorithm 3,2.6605742816668374
1000,600,4,gaussian,1.5,2.7384412125023427,454,SN13,2.9662366043745454
1000,600,4,gaussian,1.5,2.7384412125023427,454,OptShrink,2.9343871617335613
1000,600,4,gaussian,1.5,2.7384412125023427,455,Algorithm 3,2.7372944812122753
1000,600,4,gaussian,1.5,2.7384412125023427,455,SN13,2.9355734425451137
1000,600,4,gaussian,1.5,2.7384412125023427,455,OptShrink,2.902334063484514
1000,600,4,gaussian,1.5,2.7384412125023427,456,Algorithm 3,2.765618177123413
1000,600,4,gaussian,1.5,2.7384412125023427,456,SN13,2.953359446330701
1000,600,4,gaussian,1.5,2.7384412125023427,456,OptShrink,2.9194508487024633
1000,600,4,gaussian,1.5,2.7384412125023427,457,Algorithm 3,2.698577974730493
1000,600,4,gaussian,1.5,2.7384412125023427,457,SN13,2.923871970682375
1000,600,4,gaussian,1.5,2.7384412125023427,457,OptShrink,2.8899850258810704
1000,600,4,gaussian,1.5,2.7384412125023427,458,Algorithm 3,2.817420980375523
1000,600,4,gaussian,1.5,2.7384412125023427,458,SN13,2.9655534141119033
1000,600,4,gaussian,1.5,2.7384412125023427,458,OptShrink,2.9339798925943104
1000,600,4,gaussian,1.5,2.7384412125023427,459,Algorithm 3,2.754298792666861
1000,600,4,gaussian,1.5,2.7384412125023427,459,SN13,3.022979198698576
1000,600,4,gaussian,1.5,2.7384412125023427,459,OptShrink,2.9940929490853487
1000,600,4,gaussian,1.5,2.7384412125023427,460,Algorithm 3,2.5841179412870017
1000,600,4,gaussian,1.5,2.7384412125023427,460,SN13,2.878231561164694
1000,600,4,gaussian,1.5,2.7384412125023427,460,OptShrink,2.8415309877320616
1000,600,4,gaussian,1.5,2.7384412125023427,461,Algorithm 3,2.7254338266518614
1000,600,4,gaussian,1.5,2.7384412125023427,461,SN13,2.9371761211360523
1000,600,4,gaussian,1.5,2.7384412125023427,461,OptShrink,2.9051116477738304
1000,600,4,gaussian,1.5,2.7384412125023427,462,Algorithm 3,2.7759323904916293
1000,600,4,gaussian,1.5,2.7384412125023427,462,SN13,2.975213008498042
1000,600,4,gaussian,1.5,2.7384412125023427,462,OptShrink,2.944541785007683
1000,600,4,gaussian,1.5,2.7384412125023427,463,Algorithm 3,2.5332249150300488
1000,600,4,gaussian,1.5,2.7384412125023427,463,SN13,2.904060446178533
1000,600,4,gaussian,1.5,2.7384412125023427,463,OptShrink,2.870564334526883
1000,600,4,gaussian,1.5,2.7384412125023427,464,Algorithm 3,2.6249458175079576
1000,600,4,gaussian,1.5,2.7384412125023427,464,SN13,2.886860404625619
1000,600,4,gaussian,1.5,2.7384412125023427,464,OptShrink,2.85176074202405
1000,600,4,gaussian,1.5,2.7384412125023427,465,Algorithm 3,2.847947534190971
1000,600,4,gaussian,1.5,2.7384412125023427,465,SN13,3.0142352766660423
1000,600,4,gaussian,1.5,2.7384412125023427,465,OptShrink,2.9853182711256627
1000,600,4,gaussian,1.5,2.7384412125023427,466,Algorithm 3,2.797394206748567
1000,600,4,gaussian,1.5,2.7384412125023427,466,SN13,2.9725116075513527
1000,600,4,gaussian,1.5,2.7384412125023427,466,OptShrink,2.9422433029986816
1000,600,4,gaussian,1.5,2.7384412125023427,467,Algorithm 3,2.52424251280449
1000,600,4,gaussian,1.5,2.7384412125023427,467,SN13,2.858760957318767
1000,600,4,gaussian,1.5,2.7384412125023427,467,OptShrink,2.8228080516869207
1000,600,4,gaussian,1.5,2.7384412125023427,468,Algorithm 3,2.8578944190281796
1000,600,4,gaussian,1.5,2.7384412125023427,468,SN13,3.041324778918478
1000,600,4,gaussian,1.5,2.7384412125023427,468,OptShrink,3.0120439464276787
1000,600,4,gaussian,1.5,2.7384412125023427,469,Algorithm 3,2.7701393498320552
1000,600,4,gaussian,1.5,2.7384412125023427,469,SN13,2.933793370785122
1000,600,4,gaussian,1.5,2.7384412125023427,469,OptShrink,2.900630414190539
1000,600,4,gaussian,1.5,2.7384412125023427,470,Algorithm 3,2.7235651202833515
1000,600,4,gaussian,1.5,2.7384412125023427,470,SN13,2.9401664593839656
1000,600,4,gaussian,1.5,2.7384412125023427,470,OptShrink,2.9079378576949337
1000,600,4,gaussian,1.5,2.7384412125023427,471,Algorithm 3,2.644425124660884
1000,600,4,gaussian,1.5,2.7384412125023427,471,SN13,2.878895533880199
1000,600,4,gaussian,1.5,2.7384412125023427,471,OptShrink,2.8442419870533877
1000,600,4,gaussian,1.5,2.7384412125023427,472,Algorithm 3,2.7959238919080542
1000,600,4,gaussian,1.5,2.7384412125023427,472,SN13,2.9637550691162375
1000,600,4,gaussian,1.5,2.7384412125023427,472,OptShrink,2.9332346433319563
1000,600,4,gaussian,1.5,2.7384412125023427,473,Algorithm 3,2.775472826614014
1000,600,4,gaussian,1.5,2.7384412125023427,473,SN13,2.9602657758178856
1000,600,4,gaussian,1.5,2.7384412125023427,473,OptShrink,2.928548386524316
1000,600,4,gaussian,1.5,2.7384412125023427,474,Algorithm 3,2.8922023819877656
1000,600,4,gaussian,1.5,2.7384412125023427,474,SN13,3.0852852575754883
1000,600,4,gaussian,1.5,2.7384412125023427,474,OptShrink,3.0587481447362266
1000,600,4,gaussian,1.5,2.7384412125023427,475,Algorithm 3,2.674579840230962
1000,600,4,gaussian,1.5,2.7384412125023427,475,SN13,2.900186404208982
1000,600,4,gaussian,1.5,2.7384412125023427,475,OptShrink,2.866375327477255
1000,600,4,gaussian,1.5,2.7384412125023427,476,Algorithm 3,2.754736806239884
1000,600,4,gaussian,1.5,2.7384412125023427,476,SN13,2.9060520223699053
1000,600,4,gaussian,1.5,2.7384412125023427,476,OptShrink,2.870939360972122
1000,600,4,gaussian,1.5,2.7384412125023427,477,Algorithm 3,2.60666092785025
1000,600,4,gaussian,1.5,2.7384412125023427,477,SN13,2.8440832991568783
1000,600,4,gaussian,1.5,2.7384412125023427,477,OptShrink,2.80686759182668
1000,600,4,gaussian,1.5,2.7384412125023427,478,Algorithm 3,2.6355142972735477
1000,600,4,gaussian,1.5,2.7384412125023427,478,SN13,2.8481361935787635
1000,600,4,gaussian,1.5,2.7384412125023427,478,OptShrink,2.8102501815083984
1000,600,4,gaussian,1.5,2.7384412125023427,479,Algorithm 3,2.782420100001625
1000,600,4,gaussian,1.5,2.7384412125023427,479,SN13,3.0168655201698726
1000,600,4,gaussian,1.5,2.7384412125023427,479,OptShrink,2.9871733084042047
1000,600,4,gaussian,1.5,2.7384412125023427,480,Algorithm 3,2.7367167162654797
1000,600,4,gaussian,1.5,2.7384412125023427,480,SN13,2.9514944524155884
1000,600,4,gaussian,1.5,2.7384412125023427,480,OptShrink,2.918077604939367
1000,600,4,gaussian,1.5,2.7384412125023427,481,Algorithm 3,2.871889420851837
1000,600,4,gaussian,1.5,2.7384412125023427,481,SN13,3.0134300028094256
1000,600,4,gaussian,1.5,2.7384412125023427,481,OptShrink,2.984514403402351
1000,600,4,gaussian,1.5,2.7384412125023427,482,Algorithm 3,2.774983530091997
1000,600,4,gaussian,1.5,2.7384412125023427,482,SN13,2.9557630333410483
1000,600,4,gaussian,1.5,2.7384412125023427,482,OptShrink,2.923074713299382
1000,600,4,gaussian,1.5,2.7384412125023427,483,Algorithm 3,2.889786339935658
1000,600,4,gaussian,1.5,2.7384412125023427,483,SN13,3.0133790285444224
1000,600,4,gaussian,1.5,2.7384412125023427,483,OptShrink,2.9844136685801996
1000,600,4,gaussian,1.5,2.7384412125023427,484,Algorithm 3,2.742797453025967
1000,600,4,gaussian,1.5,2.7384412125023427,484,SN13,2.9246700965429233
1000,600,4,gaussian,1.5,2.7384412125023427,484,OptShrink,2.8918737795255
1000,600,4,gaussian,1.5,2.7384412125023427,485,Algorithm 3,2.7222186122574943
1000,600,4,gaussian,1.5,2.7384412125023427,485,SN13,2.9229994039843
1000,600,4,gaussian,1.5,2.7384412125023427,485,OptShrink,2.8890701227898137
1000,600,4,gaussian,1.5,2.7384412125023427,486,Algorithm 3,2.726250953486359
1000,600,4,gaussian,1.5,2.7384412125023427,486,SN13,2.9169920760197923
1000,600,4,gaussian,1.5,2.7384412125023427,486,OptShrink,2.8843411303353736
1000,600,4,gaussian,1.5,2.7384412125023427,487,Algorithm 3,2.7657049722078604
1000,600,4,gaussian,1.5,2.7384412125023427,487,SN13,2.957205743336758
1000,600,4,gaussian,1.5,2.7384412125023427,487,OptShrink,2.9259095380896816
1000,600,4,gaussian,1.5,2.7384412125023427,488,Algorithm 3,2.679409500841203
1000,600,4,gaussian,1.5,2.7384412125023427,488,SN13,2.8901164566595954
1000,600,4,gaussian,1.5,2.7384412125023427,488,OptShrink,2.856172847213692
1000,600,4,gaussian,1.5,2.7384412125023427,489,Algorithm 3,2.741357654843548
1000,600,4,gaussian,1.5,2.7384412125023427,489,SN13,2.9335125707906626
1000,600,4,gaussian,1.5,2.7384412125023427,489,OptShrink,2.8996958736026746
1000,600,4,gaussian,1.5,2.7384412125023427,490,Algorithm 3,2.7172293483727006
1000,600,4,gaussian,1.5,2.7384412125023427,490,SN13,2.9667947326792015
1000,600,4,gaussian,1.5,2.7384412125023427,490,OptShrink,2.935254393592834
1000,600,4,gaussian,1.5,2.7384412125023427,491,Algorithm 3,2.672171843439458
1000,600,4,gaussian,1.5,2.7384412125023427,491,SN13,2.919424544357933
1000,600,4,gaussian,1.5,2.7384412125023427,491,OptShrink,2.8859870666925023
1000,600,4,gaussian,1.5,2.7384412125023427,492,Algorithm 3,2.595040992941699
1000,600,4,gaussian,1.5,2.7384412125023427,492,SN13,2.839515615140593
1000,600,4,gaussian,1.5,2.7384412125023427,492,OptShrink,2.801913008520987
1000,600,4,gaussian,1.5,2.7384412125023427,493,Algorithm 3,2.605897353231092
1000,600,4,gaussian,1.5,2.7384412125023427,493,SN13,2.881660625493012
1000,600,4,gaussian,1.5,2.7384412125023427,493,OptShrink,2.847648494897874
1000,600,4,gaussian,1.5,2.7384412125023427,494,Algorithm 3,2.7998074447854755
1000,600,4,gaussian,1.5,2.7384412125023427,494,SN13,2.953509883444866
1000,600,4,gaussian,1.5,2.7384412125023427,494,OptShrink,2.9214376723544335
1000,600,4,gaussian,1.5,2.7384412125023427,495,Algorithm 3,2.8660272191989087
1000,600,4,gaussian,1.5,2.7384412125023427,495,SN13,3.0300090149941132
1000,600,4,gaussian,1.5,2.7384412125023427,495,OptShrink,3.0008316036766343
1000,600,4,gaussian,1.5,2.7384412125023427,496,Algorithm 3,2.7164064093923046
1000,600,4,gaussian,1.5,2.7384412125023427,496,SN13,2.9255438997434573
1000,600,4,gaussian,1.5,2.7384412125023427,496,OptShrink,2.891896316620556
1000,600,4,gaussian,1.5,2.7384412125023427,497,Algorithm 3,2.9766902048696324
1000,600,4,gaussian,1.5,2.7384412125023427,497,SN13,3.111033011202986
1000,600,4,gaussian,1.5,2.7384412125023427,497,OptShrink,3.0844392510883583
1000,600,4,gaussian,1.5,2.7384412125023427,498,Algorithm 3,2.760782561309982
1000,600,4,gaussian,1.5,2.7384412125023427,498,SN13,3.040128943770162
1000,600,4,gaussian,1.5,2.7384412125023427,498,OptShrink,3.0116230848605685
1000,600,4,gaussian,1.5,2.7384412125023427,499,Algorithm 3,2.8368491225986845
1000,600,4,gaussian,1.5,2.7384412125023427,499,SN13,3.055623527158881
1000,600,4,gaussian,1.5,2.7384412125023427,499,OptShrink,3.027895450425098
1000,600,4,gaussian,1.5,2.7384412125023427,500,Algorithm 3,2.7387136161371393
1000,600,4,gaussian,1.5,2.7384412125023427,500,SN13,2.9530875711229334
1000,600,4,gaussian,1.5,2.7384412125023427,500,OptShrink,2.9207639049704732
1000,600,4,rademacher,1.5,2.7384412125023427,1,Algorithm 3,2.697706222141782
1000,600,4,rademacher,1.5,2.7384412125023427,1,SN13,2.952994853748343
1000,600,4,rademacher,1.5,2.7384412125023427,1,OptShrink,2.9208860711653784
1000,600,4,rademacher,1.5,2.7384412125023427,2,Algorithm 3,2.759452102667395
1000,600,4,rademacher,1.5,2.7384412125023427,2,SN13,2.946159729774743
1000,600,4,rademacher,1.5,2.7384412125023427,2,OptShrink,2.913551386960756
1000,600,4,rademacher,1.5,2.7384412125023427,3,Algorithm 3,2.7243214775553244
1000,600,4,rademacher,1.5,2.7384412125023427,3,SN13,2.925233983518922
1000,600,4,rademacher,1.5,2.7384412125023427,3,OptShrink,2.8929737575072734
1000,600,4,rademacher,1.5,2.7384412125023427,4,Algorithm 3,2.5970867218811846
1000,600,4,rademacher,1.5,2.7384412125023427,4,SN13,2.841196792712769
1000,600,4,rademacher,1.5,2.7384412125023427,4,OptShrink,2.8024926281291167
1000,600,4,rademacher,1.5,2.7384412125023427,5,Algorithm 3,2.71731198559783
1000,600,4,rademacher,1.5,2.7384412125023427,5,SN13,2.894223146168301
1000,600,4,rademacher,1.5,2.7384412125023427,5,OptShrink,2.859590853309188
1000,600,4,rademacher,1.5,2.7384412125023427,6,Algorithm 3,2.8314229075414903
1000,600,4,rademacher,1.5,2.7384412125023427,6,SN13,2.9862088238111255
1000,600,4,rademacher,1.5,2.7384412125023427,6,OptShrink,2.9556746632199644
1000,600,4,rademacher,1.5,2.7384412125023427,7,Algorithm 3,2.706200767091333
1000,600,4,rademacher,1.5,2.7384412125023427,7,SN13,3.0114809028543563
1000,600,4,rademacher,1.5,2.7384412125023427,7,OptShrink,2.9830517837975803
1000,600,4,rademacher,1.5,2.7384412125023427,8,Algorithm 3,2.765382780242968
1000,600,4,rademacher,1.5,2.7384412125023427,8,SN13,3.0081227704497486
1000,600,4,rademacher,1.5,2.7384412125023427,8,OptShrink,2.9797669741313864
1000,600,4,rademacher,1.5,2.7384412125023427,9,Algorithm 3,2.798931962424414
1000,600,4,rademacher,1.5,2.7384412125023427,9,SN13,2.9640850801183745
1000,600,4,rademacher,1.5,2.7384412125023427,9,OptShrink,2.933111040626696
1000,600,4,rademacher,1.5,2.7384412125023427,10,Algorithm 3,2.783047813466782
1000,600,4,rademacher,1.5,2.7384412125023427,10,SN13,3.039817296973316
1000,600,4,rademacher,1.5,2.7384412125023427,10,OptShrink,3.0123752639503665
1000,600,4,rademacher,1.5,2.7384412125023427,11,Algorithm 3,2.9005827264533726
1000,600,4,rademacher,1.5,2.7384412125023427,11,SN13,3.0640366309253437
1000,600,4,rademacher,1.5,2.7384412125023427,11,OptShrink,3.036979168939764
1000,600,4,rademacher,1.5,2.7384412125023427,12,Algorithm 3,2.681558586772374
1000,600,4,rademacher,1.5,2.7384412125023427,12,SN13,2.8479801542300254
1000,600,4,rademacher,1.5,2.7384412125023427,12,OptShrink,2.8116701120579366
1000,600,4,rademacher,1.5,2.7384412125023427,13,Algorithm 3,2.69814248013202
1000,600,4,rademacher,1.5,2.7384412125023427,13,SN13,2.940768804135916
1000,600,4,rademacher,1.5,2.7384412125023427,13,OptShrink,2.9087206829668837
1000,600,4,rademacher,1.5,2.7384412125023427,14,Algorithm 3,2.8127495987858286
1000,600,4,rademacher,1.5,2.7384412125023427,14,SN13,3.013306548880791
1000,600,4,rademacher,1.5,2.7384412125023427,14,OptShrink,2.983825558094736
1000,600,4,rademacher,1.5,2.7384412125023427,15,Algorithm 3,2.601588604232929
1000,600,4,rademacher,1.5,2.7384412125023427,15,SN13,2.8510061018080695
1000,600,4,rademacher,1.5,2.7384412125023427,15,OptShrink,2.814140761023991
1000,600,4,rademacher,1.5,2.7384412125023427,16,Algorithm 3,2.5837650071575444
1000,600,4,rademacher,1.5,2.7384412125023427,16,SN13,2.844811103626057
1000,600,4,rademacher,1.5,2.7384412125023427,16,OptShrink,2.808042123970336
1000,600,4,rademacher,1.5,2.7384412125023427,17,Algorithm 3,2.7759700444149753
1000,600,4,rademacher,1.5,2.7384412125023427,17,SN13,3.0500344094904746
1000,600,4,rademacher,1.5,2.7384412125023427,17,OptShrink,3.0231637842603485
1000,600,4,rademacher,1.5,2.7384412125023427,18,Algorithm 3,2.8001742108816745
1000,600,4,rademacher,1.5,2.7384412125023427,18,SN13,3.0037998667048265
1000,600,4,rademacher,1.5,2.7384412125023427,18,OptShrink,2.9753150769667434
1000,600,4,rademacher,1.5,2.7384412125023427,19,Algorithm 3,2.739107752166605
1000,600,4,rademacher,1.5,2.7384412125023427,19,SN13,2.997686911490884
1000,600,4,rademacher,1.5,2.7384412125023427,19,OptShrink,2.968935092807226
1000,600,4,rademacher,1.5,2.7384412125023427,20,Algorithm 3,2.5711598796802897
1000,600,4,rademacher,1.5,2.7384412125023427,20,SN13,2.880944835693052
1000,600,4,rademacher,1.5,2.7384412125023427,20,OptShrink,2.8457898630757503
1000,600,4,rademacher,1.5,2.7384412125023427,21,Algorithm 3,2.636082510598577
1000,600,4,rademacher,1.5,2.7384412125023427,21,SN13,2.84233145955218
1000,600,4,rademacher,1.5,2.7384412125023427,21,OptShrink,2.8055763043024973
1000,600,4,rademacher,1.5,2.7384412125023427,22,Algorithm 3,2.824010463783071
1000,600,4,rademacher,1.5,2.7384412125023427,22,SN13,3.0240051616517145
1000,600,4,rademacher,1.5,2.7384412125023427,22,OptShrink,2.994834578963827
1000,600,4,rademacher,1.5,2.7384412125023427,23,Algorithm 3,2.870193127035935
1000,600,4,rademacher,1.5,2.7384412125023427,23,SN13,3.012201523777565
1000,600,4,rademacher,1.5,2.7384412125023427,23,OptShrink,2.983684752782167
1000,600,4,rademacher,1.5,2.7384412125023427,24,Algorithm 3,2.723980407965096
1000,600,4,rademacher,1.5,2.7384412125023427,24,SN13,2.9634687478481183
1000,600,4,rademacher,1.5,2.7384412125023427,24,OptShrink,2.932907418617213
1000,600,4,rademacher,1.5,2.7384412125023427,25,Algorithm 3,2.6356840739768215
1000,600,4,rademacher,1.5,2.7384412125023427,25,SN13,2.864652090595131
1000,600,4,rademacher,1.5,2.7384412125023427,25,OptShrink,2.82852127371533
1000,600,4,rademacher,1.5,2.7384412125023427,26,Algorithm 3,2.7125694884726603
1000,600,4,rademacher,1.5,2.7384412125023427,26,SN13,2.9739482108965225
1000,600,4,rademacher,1.5,2.7384412125023427,26,OptShrink,2.9432770860043114
1000,600,4,rademacher,1.5,2.7384412125023427,27,Algorithm 3,2.6208841094414277
1000,600,4,rademacher,1.5,2.7384412125023427,27,SN13,2.8402691091814924
1000,600,4,rademacher,1.5,2.7384412125023427,27,OptShrink,2.803422306401147
1000,600,4,rademacher,1.5,2.7384412125023427,28,Algorithm 3,2.7699824452994672
1000,600,4,rademacher,1.5,2.7384412125023427,28,SN13,2.927258911321252
1000,600,4,rademacher,1.5,2.7384412125023427,28,OptShrink,2.8938118151586507
1000,600,4,rademacher,1.5,2.7384412125023427,29,Algorithm 3,2.773453473863948
1000,600,4,rademacher,1.5,2.7384412125023427,29,SN13,3.017049083911487
1000,600,4,rademacher,1.5,2.7384412125023427,29,OptShrink,2.988690762427849
1000,600,4,rademacher,1.5,2.7384412125023427,30,Algorithm 3,2.67011158004937
1000,600,4,rademacher,1.5,2.7384412125023427,30,SN13,2.934445712661809
1000,600,4,rademacher,1.5,2.7384412125023427,30,OptShrink,2.9025054343372694
1000,600,4,rademacher,1.5,2.7384412125023427,31,Algorithm 3,2.624497235271856
1000,600,4,rademacher,1.5,2.7384412125023427,31,SN13,2.9121656387020796
1000,600,4,rademacher,1.5,2.7384412125023427,31,OptShrink,2.878947931805168
1000,600,4,rademacher,1.5,2.7384412125023427,32,Algorithm 3,2.649999093477686
1000,600,4,rademacher,1.5,2.7384412125023427,32,SN13,2.8927977930998052
1000,600,4,rademacher,1.5,2.7384412125023427,32,OptShrink,2.858179123691268
1000,600,4,rademacher,1.5,2.7384412125023427,33,Algorithm 3,2.6441329920690073
1000,600,4,rademacher,1.5,2.7384412125023427,33,SN13,2.884539537301559
1000,600,4,rademacher,1.5,2.7384412125023427,33,OptShrink,2.849785467770229
1000,600,4,rademacher,1.5,2.7384412125023427,34,Algorithm 3,2.7130347773509835
1000,600,4,rademacher,1.5,2.7384412125023427,34,SN13,2.912994009168545
1000,600,4,rademacher,1.5,2.7384412125023427,34,OptShrink,2.87995524824719
1000,600,4,rademacher,1.5,2.7384412125023427,35,Algorithm 3,2.791296438573676
1000,600,4,rademacher,1.5,2.7384412125023427,35,SN13,2.9716285723037332
1000,600,4,rademacher,1.5,2.7384412125023427,35,OptShrink,2.9422806661837417
1000,600,4,rademacher,1.5,2.7384412125023427,36,Algorithm 3,2.698532994438458
1000,600,4,rademacher,1.5,2.7384412125023427,36,SN13,2.9684069931888377
1000,600,4,rademacher,1.5,2.7384412125023427,36,OptShrink,2.937792038390581
1000,600,4,rademacher,1.5,2.7384412125023427,37,Algorithm 3,2.6830846438811706
1000,600,4,rademacher,1.5,2.7384412125023427,37,SN13,2.934996454409916
1000,600,4,rademacher,1.5,2.7384412125023427,37,OptShrink,2.902938821527507
1000,600,4,rademacher,1.5,2.7384412125023427,38,Algorithm 3,2.743254919865432
1000,600,4,rademacher,1.5,2.7384412125023427,38,SN13,2.9560267661244373
1000,600,4,rademacher,1.5,2.7384412125023427,38,OptShrink,2.9237930897578304
1000,600,4,rademacher,1.5,2.7384412125023427,39,Algorithm 3,2.7006742230898904
1000,600,4,rademacher,1.5,2.7384412125023427,39,SN13,2.8720718538877192
1000,600,4,rademacher,1.5,2.7384412125023427,39,OptShrink,2.8368740272508775
1000,600,4,rademacher,1.5,2.7384412125023427,40,Algorithm 3,2.7984707782825184
1000,600,4,rademacher,1.5,2.7384412125023427,40,SN13,3.003328754943945
1000,600,4,rademacher,1.5,2.7384412125023427,40,OptShrink,2.973744469090484
1000,600,4,rademacher,1.5,2.7384412125023427,41,Algorithm 3,2.6008529096427484
1000,600,4,rademacher,1.5,2.7384412125023427,41,SN13,2.8405597585101
1000,600,4,rademacher,1.5,2.7384412125023427,41,OptShrink,2.802476317027874
1000,600,4,rademacher,1.5,2.7384412125023427,42,Algorithm 3,2.6593743815169506
1000,600,4,rademacher,1.5,2.7384412125023427,42,SN13,2.927879880643706
1000,600,4,rademacher,1.5,2.7384412125023427,42,OptShrink,2.8948178227423873
1000,600,4,rademacher,1.5,2.7384412125023427,43,Algorithm 3,2.7598540817008925
1000,600,4,rademacher,1.5,2.7384412125023427,43,SN13,2.973762788963285
1000,600,4,rademacher,1.5,2.7384412125023427,43,OptShrink,2.9441517586119597
1000,600,4,rademacher,1.5,2.7384412125023427,44,Algorithm 3,2.694535133260973
1000,600,4,rademacher,1.5,2.7384412125023427,44,SN13,2.9355095626376855
1000,600,4,rademacher,1.5,2.7384412125023427,44,OptShrink,2.902796592422336
1000,600,4,rademacher,1.5,2.7384412125023427,45,Algorithm 3,2.627891412723589
1000,600,4,rademacher,1.5,2.7384412125023427,45,SN13,2.8967492108608117
1000,600,4,rademacher,1.5,2.7384412125023427,45,OptShrink,2.862471952466982
1000,600,4,rademacher,1.5,2.7384412125023427,46,Algorithm 3,2.6502009230314125
1000,600,4,rademacher,1.5,2.7384412125023427,46,SN13,2.8845655822976264
1000,600,4,rademacher,1.5,2.7384412125023427,46,OptShrink,2.849729782451441
1000,600,4,rademacher,1.5,2.7384412125023427,47,Algorithm 3,2.759883058833033
1000,600,4,rademacher,1.5,2.7384412125023427,47,SN13,2.947152275154965
1000,600,4,rademacher,1.5,2.7384412125023427,47,OptShrink,2.9151137513697054
1000,600,4,rademacher,1.5,2.7384412125023427,48,Algorithm 3,2.822979176272486
1000,600,4,rademacher,1.5,2.7384412125023427,48,SN13,2.975070651864429
1000,600,4,rademacher,1.5,2.7384412125023427,48,OptShrink,2.9448235296839944
1000,600,4,rademacher,1.5,2.7384412125023427,49,Algorithm 3,2.666670892373632
1000,600,4,rademacher,1.5,2.7384412125023427,49,SN13,2.9006836706356887
1000,600,4,rademacher,1.5,2.7384412125023427,49,OptShrink,2.8668500578984286
1000,600,4,rademacher,1.5,2.7384412125023427,50,Algorithm 3,2.8141380079734746
1000,600,4,rademacher,1.5,2.7384412125023427,50,SN13,2.989621887843842
1000,600,4,rademacher,1.5,2.7384412125023427,50,OptShrink,2.960126255782753
1000,600,4,rademacher,1.5,2.7384412125023427,51,Algorithm 3,2.741588189857873
1000,600,4,rademacher,1.5,2.7384412125023427,51,SN13,2.973335141187174
1000,600,4,rademacher,1.5,2.7384412125023427,51,OptShrink,2.9427793723220215
1000,600,4,rademacher,1.5,2.7384412125023427,52,Algorithm 3,2.8726724253240894
1000,600,4,rademacher,1.5,2.7384412125023427,52,SN13,2.9875288661893746
1000,600,4,rademacher,1.5,2.7384412125023427,52,OptShrink,2.9569054524560334
1000,600,4,rademacher,1.5,2.7384412125023427,53,Algorithm 3,2.6760324493966254
1000,600,4,rademacher,1.5,2.7384412125023427,53,SN13,2.8966345082398353
1000,600,4,rademacher,1.5,2.7384412125023427,53,OptShrink,2.862313650155635
1000,600,4,rademacher,1.5,2.7384412125023427,54,Algorithm 3,2.6927731108171464
1000,600,4,rademacher,1.5,2.7384412125023427,54,SN13,2.90341240566409
1000,600,4,rademacher,1.5,2.7384412125023427,54,OptShrink,2.8704172750039185
1000,600,4,rademacher,1.5,2.7384412125023427,55,Algorithm 3,2.6422798476547626
1000,600,4,rademacher,1.5,2.7384412125023427,55,SN13,2.911029467339665
1000,600,4,rademacher,1.5,2.7384412125023427,55,OptShrink,2.8775481923098916
1000,600,4,rademacher,1.5,2.7384412125023427,56,Algorithm 3,2.829475651769386
1000,600,4,rademacher,1.5,2.7384412125023427,56,SN13,2.976853782883218
1000,600,4,rademacher,1.5,2.7384412125023427,56,OptShrink,2.9464110267968504
1000,600,4,rademacher,1.5,2.7384412125023427,57,Algorithm 3,2.7445569959738187
1000,600,4,rademacher,1.5,2.7384412125023427,57,SN13,2.9170498759752554
1000,600,4,rademacher,1.5,2.7384412125023427,57,OptShrink,2.8841333640991293
1000,600,4,rademacher,1.5,2.7384412125023427,58,Algorithm 3,2.5631112671556524
1000,600,4,rademacher,1.5,2.7384412125023427,58,SN13,2.8252626388005777
1000,600,4,rademacher,1.5,2.7384412125023427,58,OptShrink,2.787227535175031
1000,600,4,rademacher,1.5,2.7384412125023427,59,Algorithm 3,2.812868389868219
1000,600,4,rademacher,1.5,2.7384412125023427,59,SN13,3.018254182520787
1000,600,4,rademacher,1.5,2.7384412125023427,59,OptShrink,2.989218085657255
1000,600,4,rademacher,1.5,2.7384412125023427,60,Algorithm 3,2.89629673533177
1000,600,4,rademacher,1.5,2.7384412125023427,60,SN13,3.05420509208833
1000,600,4,rademacher,1.5,2.7384412125023427,60,OptShrink,3.0271710019359985
1000,600,4,rademacher,1.5,2.7384412125023427,61,Algorithm 3,2.712068304598962
1000,600,4,rademacher,1.5,2.7384412125023427,61,SN13,2.8882490856403233
1000,600,4,rademacher,1.5,2.7384412125023427,61,OptShrink,2.853679836818
1000,600,4,rademacher,1.5,2.7384412125023427,62,Algorithm 3,2.6737111700664693
1000,600,4,rademacher,1.5,2.7384412125023427,62,SN13,2.866981442245607
1000,600,4,rademacher,1.5,2.7384412125023427,62,OptShrink,2.8302236678592916
1000,600,4,rademacher,1.5,2.7384412125023427,63,Algorithm 3,2.8079263324174155
1000,600,4,rademacher,1.5,2.7384412125023427,63,SN13,2.9514779340846014
1000,600,4,rademacher,1.5,2.7384412125023427,63,OptShrink,2.920191480172094
1000,600,4,rademacher,1.5,2.7384412125023427,64,Algorithm 3,2.695429020751824
1000,600,4,rademacher,1.5,2.7384412125023427,64,SN13,3.007143718483448
1000,600,4,rademacher,1.5,2.7384412125023427,64,OptShrink,2.9777253917051043
1000,600,4,rademacher,1.5,2.7384412125023427,65,Algorithm 3,2.6649430245692995
1000,600,4,rademacher,1.5,2.7384412125023427,65,SN13,2.9109879787000903
1000,600,4,rademacher,1.5,2.7384412125023427,65,OptShrink,2.8769858709796496
1000,600,4,rademacher,1.5,2.7384412125023427,66,Algorithm 3,2.7214896623819307
1000,600,4,rademacher,1.5,2.7384412125023427,66,SN13,2.975270352474346
1000,600,4,rademacher,1.5,2.7384412125023427,66,OptShrink,2.944739227708514
1000,600,4,rademacher,1.5,2.7384412125023427,67,Algorithm 3,2.650670971206233
1000,600,4,rademacher,1.5,2.7384412125023427,67,SN13,2.8537900761689268
1000,600,4,rademacher,1.5,2.7384412125023427,67,OptShrink,2.816679349743453
1000,600,4,rademacher,1.5,2.7384412125023427,68,Algorithm 3,2.7439018785962714
1000,600,4,rademacher,1.5,2.7384412125023427,68,SN13,2.9476090290752714
1000,600,4,rademacher,1.5,2.7384412125023427,68,OptShrink,2.9150701094219764
1000,600,4,rademacher,1.5,2.7384412125023427,69,Algorithm 3,2.7635246799216837
1000,600,4,rademacher,1.5,2.7384412125023427,69,SN13,2.9403092173194936
1000,600,4,rademacher,1.5,2.7384412125023427,69,OptShrink,2.908470965962346
1000,600,4,rademacher,1.5,2.7384412125023427,70,Algorithm 3,2.737244591059758
1000,600,4,rademacher,1.5,2.7384412125023427,70,SN13,2.959114815787531
1000,600,4,rademacher,1.5,2.7384412125023427,70,OptShrink,2.9284904705236046
1000,600,4,rademacher,1.5,2.7384412125023427,71,Algorithm 3,2.8479669549125153
1000,600,4,rademacher,1.5,2.7384412125023427,71,SN13,2.9691082659924968
1000,600,4,rademacher,1.5,2.7384412125023427,71,OptShrink,2.9385717709701225
1000,600,4,rademacher,1.5,2.7384412125023427,72,Algorithm 3,2.8571853109724903
1000,600,4,rademacher,1.5,2.7384412125023427,72,SN13,3.05250698925224
1000,600,4,rademacher,1.5,2.7384412125023427,72,OptShrink,3.0248111628416283
1000,600,4,rademacher,1.5,2.7384412125023427,73,Algorithm 3,2.652197396757016
1000,600,4,rademacher,1.5,2.7384412125023427,73,SN13,2.915982627748438
1000,600,4,rademacher,1.5,2.7384412125023427,73,OptShrink,2.8827739506997183
1000,600,4,rademacher,1.5,2.7384412125023427,74,Algorithm 3,2.8372625339387696
1000,600,4,rademacher,1.5,2.7384412125023427,74,SN13,3.075284861329308
1000,600,4,rademacher,1.5,2.7384412125023427,74,OptShrink,3.048438015473264
1000,600,4,rademacher,1.5,2.7384412125023427,75,Algorithm 3,2.7188164681282476
1000,600,4,rademacher,1.5,2.7384412125023427,75,SN13,2.9330618581819365
1000,600,4,rademacher,1.5,2.7384412125023427,75,OptShrink,2.9009509252338885
1000,600,4,rademacher,1.5,2.7384412125023427,76,Algorithm 3,2.7246398717731477
1000,600,4,rademacher,1.5,2.7384412125023427,76,SN13,2.8744062022202344
1000,600,4,rademacher,1.5,2.7384412125023427,76,OptShrink,2.8383959593030825
1000,600,4,rademacher,1.5,2.7384412125023427,77,Algorithm 3,2.8468970481397284
1000,600,4,rademacher,1.5,2.7384412125023427,77,SN13,2.990601434379369
1000,600,4,rademacher,1.5,2.7384412125023427,77,OptShrink,2.9607904835440353
1000,600,4,rademacher,1.5,2.7384412125023427,78,Algorithm 3,2.628013134592321
1000,600,4,rademacher,1.5,2.7384412125023427,78,SN13,2.826921567480085
1000,600,4,rademacher,1.5,2.7384412125023427,78,OptShrink,2.7889484342908912
1000,600,4,rademacher,1.5,2.7384412125023427,79,Algorithm 3,2.7435601544410826
1000,600,4,rademacher,1.5,2.7384412125023427,79,SN13,2.9836911058572095
1000,600,4,rademacher,1.5,2.7384412125023427,79,OptShrink,2.9537601381918455
1000,600,4,rademacher,1.5,2.7384412125023427,80,Algorithm 3,2.779361667546278
1000,600,4,rademacher,1.5,2.7384412125023427,80,SN13,2.984818543764736
1000,600,4,rademacher,1.5,2.7384412125023427,80,OptShrink,2.953298930924588
1000,600,4,rademacher,1.5,2.7384412125023427,81,Algorithm 3,2.776429994493668
1000,600,4,rademacher,1.5,2.7384412125023427,81,SN13,2.968592498983623
1000,600,4,rademacher,1.5,2.7384412125023427,81,OptShrink,2.937629404851563
1000,600,4,rademacher,1.5,2.7384412125023427,82,Algorithm 3,2.56139943278558
1000,600,4,rademacher,1.5,2.7384412125023427,82,SN13,2.8523286893489517
1000,600,4,rademacher,1.5,2.7384412125023427,82,OptShrink,2.815269973498648
1000,600,4,rademacher,1.5,2.7384412125023427,83,Algorithm 3,2.634856189391137
1000,600,4,rademacher,1.5,2.7384412125023427,83,SN13,2.849722295258032
1000,600,4,rademacher,1.5,2.7384412125023427,83,OptShrink,2.813270934361072
1000,600,4,rademacher,1.5,2.7384412125023427,84,Algorithm 3,2.7702695242854163
1000,600,4,rademacher,1.5,2.7384412125023427,84,SN13,2.9951790005045416
1000,600,4,rademacher,1.5,2.7384412125023427,84,OptShrink,2.9664047190818597
1000,600,4,rademacher,1.5,2.7384412125023427,85,Algorithm 3,2.7099904070394563
1000,600,4,rademacher,1.5,2.7384412125023427,85,SN13,2.9153312376272544
1000,600,4,rademacher,1.5,2.7384412125023427,85,OptShrink,2.8829228884964215
1000,600,4,rademacher,1.5,2.7384412125023427,86,Algorithm 3,2.756977577918941
1000,600,4,rademacher,1.5,2.7384412125023427,86,SN13,2.94008474221613
1000,600,4,rademacher,1.5,2.7384412125023427,86,OptShrink,2.908080056023097
1000,600,4,rademacher,1.5,2.7384412125023427,87,Algorithm 3,2.78117351304017
1000,600,4,rademacher,1.5,2.7384412125023427,87,SN13,3.015648633913157
1000,600,4,rademacher,1.5,2.7384412125023427,87,OptShrink,2.9863335720672315
1000,600,4,rademacher,1.5,2.7384412125023427,88,Algorithm 3,2.7678573649316305
1000,600,4,rademacher,1.5,2.7384412125023427,88,SN13,2.9491777237516046
1000,600,4,rademacher,1.5,2.7384412125023427,88,OptShrink,2.917937143910022
1000,600,4,rademacher,1.5,2.7384412125023427,89,Algorithm 3,2.7804723728196685
1000,600,4,rademacher,1.5,2.7384412125023427,89,SN13,3.0055473441187357
1000,600,4,rademacher,1.5,2.7384412125023427,89,OptShrink,2.975655414629171
1000,600,4,rademacher,1.5,2.7384412125023427,90,Algorithm 3,2.6306075287577753
1000,600,4,rademacher,1.5,2.7384412125023427,90,SN13,2.844144831358498
1000,600,4,rademacher,1.5,2.7384412125023427,90,OptShrink,2.8065101165022788
1000,600,4,rademacher,1.5,2.7384412125023427,91,Algorithm 3,2.818840830238386
1000,600,4,rademacher,1.5,2.7384412125023427,91,SN13,3.0066692054400472
1000,600,4,rademacher,1.5,2.7384412125023427,91,OptShrink,2.977037075114229
1000,600,4,rademacher,1.5,2.7384412125023427,92,Algorithm 3,2.941861980027129
1000,600,4,rademacher,1.5,2.7384412125023427,92,SN13,3.092014604947043
1000,600,4,rademacher,1.5,2.7384412125023427,92,OptShrink,3.0664201684862
1000,600,4,rademacher,1.5,2.7384412125023427,93,Algorithm 3,2.8525699803744033
1000,600,4,rademacher,1.5,2.7384412125023427,93,SN13,3.064912268070996
1000,600,4,rademacher,1.5,2.7384412125023427,93,OptShrink,3.039130878018542
1000,600,4,rademacher,1.5,2.7384412125023427,94,Algorithm 3,2.6942666460663145
1000,600,4,rademacher,1.5,2.7384412125023427,94,SN13,2.9092859450114528
1000,600,4,rademacher,1.5,2.7384412125023427,94,OptShrink,2.8755578496514347
1000,600,4,rademacher,1.5,2.7384412125023427,95,Algorithm 3,2.6206709503022885
1000,600,4,rademacher,1.5,2.7384412125023427,95,SN13,2.8999099843970844
1000,600,4,rademacher,1.5,2.7384412125023427,95,OptShrink,2.8654551108031785
1000,600,4,rademacher,1.5,2.7384412125023427,96,Algorithm 3,2.706417493102337
1000,600,4,rademacher,1.5,2.7384412125023427,96,SN13,2.952832932544271
1000,600,4,rademacher,1.5,2.7384412125023427,96,OptShrink,2.9220032534100904
1000,600,4,rademacher,1.5,2.7384412125023427,97,Algorithm 3,2.582501525262925
1000,600,4,rademacher,1.5,2.7384412125023427,97,SN13,2.8399785212374726
1000,600,4,rademacher,1.5,2.7384412125023427,97,OptShrink,2.802074858396233
1000,600,4,rademacher,1.5,2.7384412125023427,98,Algorithm 3,2.8325181995686886
1000,600,4,rademacher,1.5,2.7384412125023427,98,SN13,3.012687412891294
1000,600,4,rademacher,1.5,2.7384412125023427,98,OptShrink,2.9832293632428972
1000,600,4,rademacher,1.5,2.7384412125023427,99,Algorithm 3,2.7491425277063017
1000,600,4,rademacher,1.5,2.7384412125023427,99,SN13,2.885919760100348
1000,600,4,rademacher,1.5,2.7384412125023427,99,OptShrink,2.851353297188538
1000,600,4,rademacher,1.5,2.7384412125023427,100,Algorithm 3,2.65137929401307
1000,600,4,rademacher,1.5,2.7384412125023427,100,SN13,2.8619712753964213
1000,600,4,rademacher,1.5,2.7384412125023427,100,OptShrink,2.8253290556801307
1000,600,4,rademacher,1.5,2.7384412125023427,101,Algorithm 3,2.518619698220308
1000,600,4,rademacher,1.5,2.7384412125023427,101,SN13,2.8070220135952537
1000,600,4,rademacher,1.5,2.7384412125023427,101,OptShrink,2.767401706242092
1000,600,4,rademacher,1.5,2.7384412125023427,102,Algorithm 3,2.68616706600742
1000,600,4,rademacher,1.5,2.7384412125023427,102,SN13,2.8643124694174587
1000,600,4,rademacher,1.5,2.7384412125023427,102,OptShrink,2.8268058484445655
1000,600,4,rademacher,1.5,2.7384412125023427,103,Algorithm 3,2.7374047699602837
1000,600,4,rademacher,1.5,2.7384412125023427,103,SN13,2.9077965615917725
1000,600,4,rademacher,1.5,2.7384412125023427,103,OptShrink,2.873931949918021
1000,600,4,rademacher,1.5,2.7384412125023427,104,Algorithm 3,2.8365554756265534
1000,600,4,rademacher,1.5,2.7384412125023427,104,SN13,2.9936003541320866
1000,600,4,rademacher,1.5,2.7384412125023427,104,OptShrink,2.963152562253332
1000,600,4,rademacher,1.5,2.7384412125023427,105,Algorithm 3,2.7730331366693175
1000,600,4,rademacher,1.5,2.7384412125023427,105,SN13,2.9704655319021676
1000,600,4,rademacher,1.5,2.7384412125023427,105,OptShrink,2.938430961118347
1000,600,4,rademacher,1.5,2.7384412125023427,106,Algorithm 3,2.717279296047353
1000,600,4,rademacher,1.5,2.7384412125023427,106,SN13,2.896458665656538
1000,600,4,rademacher,1.5,2.7384412125023427,106,OptShrink,2.8625462133917274
1000,600,4,rademacher,1.5,2.7384412125023427,107,Algorithm 3,2.9218071474290026
1000,600,4,rademacher,1.5,2.7384412125023427,107,SN13,3.0918599198669257
1000,600,4,rademacher,1.5,2.7384412125023427,107,OptShrink,3.0664338887844234
1000,600,4,rademacher,1.5,2.7384412125023427,108,Algorithm 3,2.6165049054099425
1000,600,4,rademacher,1.5,2.7384412125023427,108,SN13,2.8236769533890294
1000,600,4,rademacher,1.5,2.7384412125023427,108,OptShrink,2.785300536857381
1000,600,4,rademacher,1.5,2.7384412125023427,109,Algorithm 3,2.667819290837351
1000,600,4,rademacher,1.5,2.7384412125023427,109,SN13,2.8941658957570735
1000,600,4,rademacher,1.5,2.7384412125023427,109,OptShrink,2.8588109582921883
1000,600,4,rademacher,1.5,2.7384412125023427,110,Algorithm 3,2.8469553765379443
1000,600,4,rademacher,1.5,2.7384412125023427,110,SN13,2.967917369623218
1000,600,4,rademacher,1.5,2.7384412125023427,110,OptShrink,2.9375023270307525
1000,600,4,rademacher,1.5,2.7384412125023427,111,Algorithm 3,2.8082192937265926
1000,600,4,rademacher,1.5,2.7384412125023427,111,SN13,3.060296954005201
1000,600,4,rademacher,1.5,2.7384412125023427,111,OptShrink,3.033233029854425
1000,600,4,rademacher,1.5,2.7384412125023427,112,Algorithm 3,2.6910659762084363
1000,600,4,rademacher,1.5,2.7384412125023427,112,SN13,2.870423301378286
1000,600,4,rademacher,1.5,2.7384412125023427,112,OptShrink,2.836161416681441
1000,600,4,rademacher,1.5,2.7384412125023427,113,Algorithm 3,2.749126360424878
1000,600,4,rademacher,1.5,2.7384412125023427,113,SN13,2.9549620586122294
1000,600,4,rademacher,1.5,2.7384412125023427,113,OptShrink,2.923806337161014
1000,600,4,rademacher,1.5,2.7384412125023427,114,Algorithm 3,2.7717290864394752
1000,600,4,rademacher,1.5,2.7384412125023427,114,SN13,3.0090767424997487
1000,600,4,rademacher,1.5,2.7384412125023427,114,OptShrink,2.980522709563128
1000,600,4,rademacher,1.5,2.7384412125023427,115,Algorithm 3,2.822247596990899
1000,600,4,rademacher,1.5,2.7384412125023427,115,SN13,2.9795537337313105
1000,600,4,rademacher,1.5,2.7384412125023427,115,OptShrink,2.9494364717495127
1000,600,4,rademacher,1.5,2.7384412125023427,116,Algorithm 3,2.8134050173737757
1000,600,4,rademacher,1.5,2.7384412125023427,116,SN13,3.0108293004802276
1000,600,4,rademacher,1.5,2.7384412125023427,116,OptShrink,2.9819260199272613
1000,600,4,rademacher,1.5,2.7384412125023427,117,Algorithm 3,2.751134463429462
1000,600,4,rademacher,1.5,2.7384412125023427,117,SN13,2.9914511403702027
1000,600,4,rademacher,1.5,2.7384412125023427,117,OptShrink,2.9621121559539096
1000,600,4,rademacher,1.5,2.7384412125023427,118,Algorithm 3,2.7675482135828164
1000,600,4,rademacher,1.5,2.7384412125023427,118,SN13,2.9594879791483693
1000,600,4,rademacher,1.5,2.7384412125023427,118,OptShrink,2.928386787379259
1000,600,4,rademacher,1.5,2.7384412125023427,119,Algorithm 3,2.691491860649287
1000,600,4,rademacher,1.5,2.7384412125023427,119,SN13,2.9316750110884215
1000,600,4,rademacher,1.5,2.7384412125023427,119,OptShrink,2.8989193453955484
1000,600,4,rademacher,1.5,2.7384412125023427,120,Algorithm 3,2.837364792515064
1000,600,4,rademacher,1.5,2.7384412125023427,120,SN13,2.967618988077013
1000,600,4,rademacher,1.5,2.7384412125023427,120,OptShrink,2.9367050210006087
1000,600,4,rademacher,1.5,2.7384412125023427,121,Algorithm 3,2.6733541410961847
1000,600,4,rademacher,1.5,2.7384412125023427,121,SN13,2.9200887355649114
1000,600,4,rademacher,1.5,2.7384412125023427,121,OptShrink,2.886791030971442
1000,600,4,rademacher,1.5,2.7384412125023427,122,Algorithm 3,2.6584083826281493
1000,600,4,rademacher,1.5,2.7384412125023427,122,SN13,2.8697764162497874
1000,600,4,rademacher,1.5,2.7384412125023427,122,OptShrink,2.8329315019613848
1000,600,4,rademacher,1.5,2.7384412125023427,123,Algorithm 3,2.711453791253207
1000,600,4,rademacher,1.5,2.7384412125023427,123,SN13,2.9205840793658018
1000,600,4,rademacher,1.5,2.7384412125023427,123,OptShrink,2.886809051086224
1000,600,4,rademacher,1.5,2.7384412125023427,124,Algorithm 3,2.7265263263973343
1000,600,4,rademacher,1.5,2.7384412125023427,124,SN13,2.936809993651342
1000,600,4,rademacher,1.5,2.7384412125023427,124,OptShrink,2.9045661796949016
1000,600,4,rademacher,1.5,2.7384412125023427,125,Algorithm 3,2.6257038163148794
1000,600,4,rademacher,1.5,2.7384412125023427,125,SN13,2.842359069114291
1000,600,4,rademacher,1.5,2.7384412125023427,125,OptShrink,2.8046817769428394
1000,600,4,rademacher,1.5,2.7384412125023427,126,Algorithm 3,2.7086895016793595
1000,600,4,rademacher,1.5,2.7384412125023427,126,SN13,2.937691560576364
1000,600,4,rademacher,1.5,2.7384412125023427,126,OptShrink,2.9058260355553327
1000,600,4,rademacher,1.5,2.7384412125023427,127,Algorithm 3,2.7231444425926132
1000,600,4,rademacher,1.5,2.7384412125023427,127,SN13,2.8905851470939026
1000,600,4,rademacher,1.5,2.7384412125023427,127,OptShrink,2.855880243201225
1000,600,4,rademacher,1.5,2.7384412125023427,128,Algorithm 3,2.7440642901331973
1000,600,4,rademacher,1.5,2.7384412125023427,128,SN13,2.981249520703522
1000,600,4,rademacher,1.5,2.7384412125023427,128,OptShrink,2.9514628318791383
1000,600,4,rademacher,1.5,2.7384412125023427,129,Algorithm 3,2.721632834431752
1000,600,4,rademacher,1.5,2.7384412125023427,129,SN13,2.9698016812541224
1000,600,4,rademacher,1.5,2.7384412125023427,129,OptShrink,2.9381865183854643
1000,600,4,rademacher,1.5,2.7384412125023427,130,Algorithm 3,2.784964244656697
1000,600,4,rademacher,1.5,2.7384412125023427,130,SN13,2.949830491694397
1000,600,4,rademacher,1.5,2.7384412125023427,130,OptShrink,2.918143701019869
1000,600,4,rademacher,1.5,2.7384412125023427,131,Algorithm 3,2.723467676823009
1000,600,4,rademacher,1.5,2.7384412125023427,131,SN13,2.977206651226376
1000,600,4,rademacher,1.5,2.7384412125023427,131,OptShrink,2.9473559559032183
1000,600,4,rademacher,1.5,2.7384412125023427,132,Algorithm 3,2.772357952004985
1000,600,4,rademacher,1.5,2.7384412125023427,132,SN13,2.9830810060812234
1000,600,4,rademacher,1.5,2.7384412125023427,132,OptShrink,2.9524795858472577
1000,600,4,rademacher,1.5,2.7384412125023427,133,Algorithm 3,2.655036693631331
1000,600,4,rademacher,1.5,2.7384412125023427,133,SN13,2.842824113649947
1000,600,4,rademacher,1.5,2.7384412125023427,133,OptShrink,2.8048031078983504
1000,600,4,rademacher,1.5,2.7384412125023427,134,Algorithm 3,2.7665948848588426
1000,600,4,rademacher,1.5,2.7384412125023427,134,SN13,2.9761912604141094
1000,600,4,rademacher,1.5,2.7384412125023427,134,OptShrink,2.9452544584181695
1000,600,4,rademacher,1.5,2.7384412125023427,135,Algorithm 3,2.66819613091539
1000,600,4,rademacher,1.5,2.7384412125023427,135,SN13,2.859587779287202
1000,600,4,rademacher,1.5,2.7384412125023427,135,OptShrink,2.823925446844259
1000,600,4,rademacher,1.5,2.7384412125023427,136,Algorithm 3,2.795700722442089
1000,600,4,rademacher,1.5,2.7384412125023427,136,SN13,2.960248879499142
1000,600,4,rademacher,1.5,2.7384412125023427,136,OptShrink,2.9284593848185376
1000,600,4,rademacher,1.5,2.7384412125023427,137,Algorithm 3,2.695799072587661
1000,600,4,rademacher,1.5,2.7384412125023427,137,SN13,2.9049500872308895
1000,600,4,rademacher,1.5,2.7384412125023427,137,OptShrink,2.8694762154998945
1000,600,4,rademacher,1.5,2.7384412125023427,138,Algorithm 3,2.5884207584393573
1000,600,4,rademacher,1.5,2.7384412125023427,138,SN13,2.885776384864085
1000,600,4,rademacher,1.5,2.7384412125023427,138,OptShrink,2.8496556393227817
1000,600,4,rademacher,1.5,2.7384412125023427,139,Algorithm 3,2.6754396347316374
1000,600,4,rademacher,1.5,2.7384412125023427,139,SN13,2.906449299732814
1000,600,4,rademacher,1.5,2.7384412125023427,139,OptShrink,2.8727693829108314
1000,600,4,rademacher,1.5,2.7384412125023427,140,Algorithm 3,2.6186015514362966
1000,600,4,rademacher,1.5,2.7384412125023427,140,SN13,2.8551287426795855
1000,600,4,rademacher,1.5,2.7384412125023427,140,OptShrink,2.81812237065163
1000,600,4,rademacher,1.5,2.7384412125023427,141,Algorithm 3,2.5545893593275895
1000,600,4,rademacher,1.5,2.7384412125023427,141,SN13,2.8738524575643036
1000,600,4,rademacher,1.5,2.7384412125023427,141,OptShrink,2.8386344504578664
1000,600,4,rademacher,1.5,2.7384412125023427,142,Algorithm 3,2.567391802096275
1000,600,4,rademacher,1.5,2.7384412125023427,142,SN13,2.7917313008208104
1000,600,4,rademacher,1.5,2.7384412125023427,142,OptShrink,2.7516453505997487
1000,600,4,rademacher,1.5,2.7384412125023427,143,Algorithm 3,2.6125102214861586
1000,600,4,rademacher,1.5,2.7384412125023427,143,SN13,2.860838679349376
1000,600,4,rademacher,1.5,2.7384412125023427,143,OptShrink,2.823136564055073
1000,600,4,rademacher,1.5,2.7384412125023427,144,Algorithm 3,2.7268898860867266
1000,600,4,rademacher,1.5,2.7384412125023427,144,SN13,2.916580636534794
1000,600,4,rademacher,1.5,2.7384412125023427,144,OptShrink,2.8833916669106694
1000,600,4,rademacher,1.5,2.7384412125023427,145,Algorithm 3,2.6728099729975896
1000,600,4,rademacher,1.5,2.7384412125023427,145,SN13,2.8900959106898556
1000,600,4,rademacher,1.5,2.7384412125023427,145,OptShrink,2.85534046559665
1000,600,4,rademacher,1.5,2.7384412125023427,146,Algorithm 3,2.8370431273571417
1000,600,4,rademacher,1.5,2.7384412125023427,146,SN13,2.9971168908324968
1000,600,4,rademacher,1.5,2.7384412125023427,146,OptShrink,2.966909039212319
1000,600,4,rademacher,1.5,2.7384412125023427,147,Algorithm 3,2.6609040028764355
1000,600,4,rademacher,1.5,2.7384412125023427,147,SN13,2.875892609421916
1000,600,4,rademacher,1.5,2.7384412125023427,147,OptShrink,2.840699125178839
1000,600,4,rademacher,1.5,2.7384412125023427,148,Algorithm 3,2.5664601036073824
1000,600,4,rademacher,1.5,2.7384412125023427,148,SN13,2.8341818489204997
1000,600,4,rademacher,1.5,2.7384412125023427,148,OptShrink,2.795010725030352
1000,600,4,rademacher,1.5,2.7384412125023427,149,Algorithm 3,2.632803633012875
1000,600,4,rademacher,1.5,2.7384412125023427,149,SN13,2.8726105933276256
1000,600,4,rademacher,1.5,2.7384412125023427,149,OptShrink,2.8371276287221905
1000,600,4,rademacher,1.5,2.7384412125023427,150,Algorithm 3,2.6469775177179464
1000,600,4,rademacher,1.5,2.7384412125023427,150,SN13,2.8724510366039424
1000,600,4,rademacher,1.5,2.7384412125023427,150,OptShrink,2.836708070592535
1000,600,4,rademacher,1.5,2.7384412125023427,151,Algorithm 3,2.717023338106849
1000,600,4,rademacher,1.5,2.7384412125023427,151,SN13,2.9130735419569684
1000,600,4,rademacher,1.5,2.7384412125023427,151,OptShrink,2.8800573302108807
1000,600,4,rademacher,1.5,2.7384412125023427,152,Algorithm 3,2.636478687969682
1000,600,4,rademacher,1.5,2.7384412125023427,152,SN13,2.9352408561741794
1000,600,4,rademacher,1.5,2.7384412125023427,152,OptShrink,2.903013387332079
1000,600,4,rademacher,1.5,2.7384412125023427,153,Algorithm 3,2.643183575717496
1000,600,4,rademacher,1.5,2.7384412125023427,153,SN13,2.8760307189979017
1000,600,4,rademacher,1.5,2.7384412125023427,153,OptShrink,2.840537775435576
1000,600,4,rademacher,1.5,2.7384412125023427,154,Algorithm 3,2.750248431959047
1000,600,4,rademacher,1.5,2.7384412125023427,154,SN13,2.93986844047543
1000,600,4,rademacher,1.5,2.7384412125023427,154,OptShrink,2.9074019270937264
1000,600,4,rademacher,1.5,2.7384412125023427,155,Algorithm 3,2.8327638335550755
1000,600,4,rademacher,1.5,2.7384412125023427,155,SN13,3.0213656213323676
1000,600,4,rademacher,1.5,2.7384412125023427,155,OptShrink,2.993036917231398
1000,600,4,rademacher,1.5,2.7384412125023427,156,Algorithm 3,2.730639686298201
1000,600,4,rademacher,1.5,2.7384412125023427,156,SN13,2.9028881930329944
1000,600,4,rademacher,1.5,2.7384412125023427,156,OptShrink,2.868537145407506
1000,600,4,rademacher,1.5,2.7384412125023427,157,Algorithm 3,2.591343765831331
1000,600,4,rademacher,1.5,2.7384412125023427,157,SN13,2.867440170951027
1000,600,4,rademacher,1.5,2.7384412125023427,157,OptShrink,2.831554550281304
1000,600,4,rademacher,1.5,2.7384412125023427,158,Algorithm 3,2.947990901358088
1000,600,4,rademacher,1.5,2.7384412125023427,158,SN13,3.1457164493281145
1000,600,4,rademacher,1.5,2.7384412125023427,158,OptShrink,3.122029372286044
1000,600,4,rademacher,1.5,2.7384412125023427,159,Algorithm 3,2.893100927586798
1000,600,4,rademacher,1.5,2.7384412125023427,159,SN13,3.038701864212103
1000,600,4,rademacher,1.5,2.7384412125023427,159,OptShrink,3.011261503622841
1000,600,4,rademacher,1.5,2.7384412125023427,160,Algorithm 3,2.652438127429481
1000,600,4,rademacher,1.5,2.7384412125023427,160,SN13,2.893044500948447
1000,600,4,rademacher,1.5,2.7384412125023427,160,OptShrink,2.8593067859835406
1000,600,4,rademacher,1.5,2.7384412125023427,161,Algorithm 3,2.7164060921887443
1000,600,4,rademacher,1.5,2.7384412125023427,161,SN13,2.962888682227858
1000,600,4,rademacher,1.5,2.7384412125023427,161,OptShrink,2.9319833192824083
1000,600,4,rademacher,1.5,2.7384412125023427,162,Algorithm 3,2.7504754009405428
1000,600,4,rademacher,1.5,2.7384412125023427,162,SN13,3.011792990716413
1000,600,4,rademacher,1.5,2.7384412125023427,162,OptShrink,2.9821142608946265
1000,600,4,rademacher,1.5,2.7384412125023427,163,Algorithm 3,2.7371842108079045
1000,600,4,rademacher,1.5,2.7384412125023427,163,SN13,2.9622782149271485
1000,600,4,rademacher,1.5,2.7384412125023427,163,OptShrink,2.930854778531403
1000,600,4,rademacher,1.5,2.7384412125023427,164,Algorithm 3,2.7802669213100955
1000,600,4,rademacher,1.5,2.7384412125023427,164,SN13,2.949114691248202
1000,600,4,rademacher,1.5,2.7384412125023427,164,OptShrink,2.917589171883052
1000,600,4,rademacher,1.5,2.7384412125023427,165,Algorithm 3,2.739842118807339
1000,600,4,rademacher,1.5,2.7384412125023427,165,SN13,2.9556653487029405
1000,600,4,rademacher,1.5,2.7384412125023427,165,OptShrink,2.924425932746162
1000,600,4,rademacher,1.5,2.7384412125023427,166,Algorithm 3,2.8000569494123235
1000,600,4,rademacher,1.5,2.7384412125023427,166,SN13,2.9799055702363253
1000,600,4,rademacher,1.5,2.7384412125023427,166,OptShrink,2.949501824226209
1000,600,4,rademacher,1.5,2.7384412125023427,167,Algorithm 3,2.785441255814147
1000,600,4,rademacher,1.5,2.7384412125023427,167,SN13,2.9913226355796625
1000,600,4,rademacher,1.5,2.7384412125023427,167,OptShrink,2.961156543484307
1000,600,4,rademacher,1.5,2.7384412125023427,168,Algorithm 3,2.6930365697931276
1000,600,4,rademacher,1.5,2.7384412125023427,168,SN13,2.9353026146503516
1000,600,4,rademacher,1.5,2.7384412125023427,168,OptShrink,2.9025201097612956
1000,600,4,rademacher,1.5,2.7384412125023427,169,Algorithm 3,2.7807556843278425
1000,600,4,rademacher,1.5,2.7384412125023427,169,SN13,3.001806153672519
1000,600,4,rademacher,1.5,2.7384412125023427,169,OptShrink,2.973052002889966
1000,600,4,rademacher,1.5,2.7384412125023427,170,Algorithm 3,2.670644263222069
1000,600,4,rademacher,1.5,2.7384412125023427,170,SN13,2.8849062367733875
1000,600,4,rademacher,1.5,2.7384412125023427,170,OptShrink,2.850634222722559
1000,600,4,rademacher,1.5,2.7384412125023427,171,Algorithm 3,2.870477217129477
1000,600,4,rademacher,1.5,2.7384412125023427,171,SN13,2.9814730356721197
1000,600,4,rademacher,1.5,2.7384412125023427,171,OptShrink,2.950895658869539
1000,600,4,rademacher,1.5,2.7384412125023427,172,Algorithm 3,2.8048747953639555
1000,600,4,rademacher,1.5,2.7384412125023427,172,SN13,2.980739949179446
1000,600,4,rademacher,1.5,2.7384412125023427,172,OptShrink,2.9510391403324916
1000,600,4,rademacher,1.5,2.7384412125023427,173,Algorithm 3,2.7603099416087695
1000,600,4,rademacher,1.5,2.7384412125023427,173,SN13,2.974446152140374
1000,600,4,rademacher,1.5,2.7384412125023427,173,OptShrink,2.9436113348658632
1000,600,4,rademacher,1.5,2.7384412125023427,174,Algorithm 3,2.6041165407055655
1000,600,4,rademacher,1.5,2.7384412125023427,174,SN13,2.891780022063225
1000,600,4,rademacher,1.5,2.7384412125023427,174,OptShrink,2.8568307353339217
1000,600,4,rademacher,1.5,2.7384412125023427,175,Algorithm 3,2.6896595686887808
1000,600,4,rademacher,1.5,2.7384412125023427,175,SN13,2.944638545233169
1000,600,4,rademacher,1.5,2.7384412125023427,175,OptShrink,2.9129844024957174
1000,600,4,rademacher,1.5,2.7384412125023427,176,Algorithm 3,2.7623499082494374
1000,600,4,rademacher,1.5,2.7384412125023427,176,SN13,2.9448029453918547
1000,600,4,rademacher,1.5,2.7384412125023427,176,OptShrink,2.912559688150284
1000,600,4,rademacher,1.5,2.7384412125023427,177,Algorithm 3,2.688497213223771
1000,600,4,rademacher,1.5,2.7384412125023427,177,SN13,2.8847754976429636
1000,600,4,rademacher,1.5,2.7384412125023427,177,OptShrink,2.849562969811825
1000,600,4,rademacher,1.5,2.7384412125023427,178,Algorithm 3,2.7605847179940755
1000,600,4,rademacher,1.5,2.7384412125023427,178,SN13,2.895249128744767
1000,600,4,rademacher,1.5,2.7384412125023427,178,OptShrink,2.8609386401756733
1000,600,4,rademacher,1.5,2.7384412125023427,179,Algorithm 3,2.6983938606921405
1000,600,4,rademacher,1.5,2.7384412125023427,179,SN13,2.9710293395131435
1000,600,4,rademacher,1.5,2.7384412125023427,179,OptShrink,2.939985610689364
1000,600,4,rademacher,1.5,2.7384412125023427,180,Algorithm 3,2.715660785912842
1000,600,4,rademacher,1.5,2.7384412125023427,180,SN13,2.947843168471779
1000,600,4,rademacher,1.5,2.7384412125023427,180,OptShrink,2.9165223779316447
1000,600,4,rademacher,1.5,2.7384412125023427,181,Algorithm 3,2.6322100852065744
1000,600,4,rademacher,1.5,2.7384412125023427,181,SN13,2.8716762995355096
1000,600,4,rademacher,1.5,2.7384412125023427,181,OptShrink,2.835174804123204
1000,600,4,rademacher,1.5,2.7384412125023427,182,Algorithm 3,2.7005451849132323
1000,600,4,rademacher,1.5,2.7384412125023427,182,SN13,2.989584793987701
1000,600,4,rademacher,1.5,2.7384412125023427,182,OptShrink,2.9594381771085208
1000,600,4,rademacher,1.5,2.7384412125023427,183,Algorithm 3,2.723062691474833
1000,600,4,rademacher,1.5,2.7384412125023427,183,SN13,2.9014486334812206
1000,600,4,rademacher,1.5,2.7384412125023427,183,OptShrink,2.867826001866698
1000,600,4,rademacher,1.5,2.7384412125023427,184,Algorithm 3,2.6139977874328864
1000,600,4,rademacher,1.5,2.7384412125023427,184,SN13,2.8529120550888303
1000,600,4,rademacher,1.5,2.7384412125023427,184,OptShrink,2.816743675110676
1000,600,4,rademacher,1.5,2.7384412125023427,185,Algorithm 3,2.7580062617909373
1000,600,4,rademacher,1.5,2.7384412125023427,185,SN13,2.9520731952037353
1000,600,4,rademacher,1.5,2.7384412125023427,185,OptShrink,2.92150012190532
1000,600,4,rademacher,1.5,2.7384412125023427,186,Algorithm 3,2.6288850724392407
1000,600,4,rademacher,1.5,2.7384412125023427,186,SN13,2.893896583442133
1000,600,4,rademacher,1.5,2.7384412125023427,186,OptShrink,2.859814814711774
1000,600,4,rademacher,1.5,2.7384412125023427,187,Algorithm 3,2.5253764985272653
1000,600,4,rademacher,1.5,2.7384412125023427,187,SN13,2.784810647556432
1000,600,4,rademacher,1.5,2.7384412125023427,187,OptShrink,2.7427682472603157
1000,600,4,rademacher,1.5,2.7384412125023427,188,Algorithm 3,2.6201671749365487
1000,600,4,rademacher,1.5,2.7384412125023427,188,SN13,2.8613721139489106
1000,600,4,rademacher,1.5,2.7384412125023427,188,OptShrink,2.824121047256734
1000,600,4,rademacher,1.5,2.7384412125023427,189,Algorithm 3,2.8376543322671846
1000,600,4,rademacher,1.5,2.7384412125023427,189,SN13,2.989794324428788
1000,600,4,rademacher,1.5,2.7384412125023427,189,OptShrink,2.95994201430352
1000,600,4,rademacher,1.5,2.7384412125023427,190,Algorithm 3,2.841519769210989
1000,600,4,rademacher,1.5,2.7384412125023427,190,SN13,3.0633952747073003
1000,600,4,rademacher,1.5,2.7384412125023427,190,OptShrink,3.0365034719232633
1000,600,4,rademacher,1.5,2.7384412125023427,191,Algorithm 3,2.8118736025188373
1000,600,4,rademacher,1.5,2.7384412125023427,191,SN13,3.0436545022587054
1000,600,4,rademacher,1.5,2.7384412125023427,191,OptShrink,3.0157647903687126
1000,600,4,rademacher,1.5,2.7384412125023427,192,Algorithm 3,2.5446569362824567
1000,600,4,rademacher,1.5,2.7384412125023427,192,SN13,2.844160835606515
1000,600,4,rademacher,1.5,2.7384412125023427,192,OptShrink,2.8071305256761496
1000,600,4,rademacher,1.5,2.7384412125023427,193,Algorithm 3,2.7407544324312862
1000,600,4,rademacher,1.5,2.7384412125023427,193,SN13,2.915710381854746
1000,600,4,rademacher,1.5,2.7384412125023427,193,OptShrink,2.880878429058075
1000,600,4,rademacher,1.5,2.7384412125023427,194,Algorithm 3,2.771757026674067
1000,600,4,rademacher,1.5,2.7384412125023427,194,SN13,2.9108173661550722
1000,600,4,rademacher,1.5,2.7384412125023427,194,OptShrink,2.8769773475476077
1000,600,4,rademacher,1.5,2.7384412125023427,195,Algorithm 3,2.6279821699945782
1000,600,4,rademacher,1.5,2.7384412125023427,195,SN13,2.8522441595254326
1000,600,4,rademacher,1.5,2.7384412125023427,195,OptShrink,2.8153018708345527
1000,600,4,rademacher,1.5,2.7384412125023427,196,Algorithm 3,2.7310057875323057
1000,600,4,rademacher,1.5,2.7384412125023427,196,SN13,2.953206267096079
1000,600,4,rademacher,1.5,2.7384412125023427,196,OptShrink,2.9212880654469466
1000,600,4,rademacher,1.5,2.7384412125023427,197,Algorithm 3,2.755195745375323
1000,600,4,rademacher,1.5,2.7384412125023427,197,SN13,2.911302148653375
1000,600,4,rademacher,1.5,2.7384412125023427,197,OptShrink,2.8777425013722513
1000,600,4,rademacher,1.5,2.7384412125023427,198,Algorithm 3,2.7573663622143085
1000,600,4,rademacher,1.5,2.7384412125023427,198,SN13,2.9161719264984938
1000,600,4,rademacher,1.5,2.7384412125023427,198,OptShrink,2.88288523741579
1000,600,4,rademacher,1.5,2.7384412125023427,199,Algorithm 3,2.890815334665622
1000,600,4,rademacher,1.5,2.7384412125023427,199,SN13,2.986002899061117
1000,600,4,rademacher,1.5,2.7384412125023427,199,OptShrink,2.955652565290206
1000,600,4,rademacher,1.5,2.7384412125023427,200,Algorithm 3,2.6713142795899043
1000,600,4,rademacher,1.5,2.7384412125023427,200,SN13,2.895347981807443
1000,600,4,rademacher,1.5,2.7384412125023427,200,OptShrink,2.861151527700594
1000,600,4,rademacher,1.5,2.7384412125023427,201,Algorithm 3,2.8210412405453806
1000,600,4,rademacher,1.5,2.7384412125023427,201,SN13,2.950522645783515
1000,600,4,rademacher,1.5,2.7384412125023427,201,OptShrink,2.9192157470274203
1000,600,4,rademacher,1.5,2.7384412125023427,202,Algorithm 3,2.7953169765651045
1000,600,4,rademacher,1.5,2.7384412125023427,202,SN13,2.943528358488164
1000,600,4,rademacher,1.5,2.7384412125023427,202,OptShrink,2.9109924203406234
1000,600,4,rademacher,1.5,2.7384412125023427,203,Algorithm 3,2.773457350815097
1000,600,4,rademacher,1.5,2.7384412125023427,203,SN13,2.975308022075802
1000,600,4,rademacher,1.5,2.7384412125023427,203,OptShrink,2.945814952298347
1000,600,4,rademacher,1.5,2.7384412125023427,204,Algorithm 3,2.81210237501062
1000,600,4,rademacher,1.5,2.7384412125023427,204,SN13,2.937198217103999
1000,600,4,rademacher,1.5,2.7384412125023427,204,OptShrink,2.904771200967688
1000,600,4,rademacher,1.5,2.7384412125023427,205,Algorithm 3,2.7684650272615707
1000,600,4,rademacher,1.5,2.7384412125023427,205,SN13,2.9358756821608867
1000,600,4,rademacher,1.5,2.7384412125023427,205,OptShrink,2.903010026556454
1000,600,4,rademacher,1.5,2.7384412125023427,206,Algorithm 3,2.6228605929744706
1000,600,4,rademacher,1.5,2.7384412125023427,206,SN13,2.9059959596231533
1000,600,4,rademacher,1.5,2.7384412125023427,206,OptShrink,2.871457971899262
1000,600,4,rademacher,1.5,2.7384412125023427,207,Algorithm 3,2.7979137712104447
1000,600,4,rademacher,1.5,2.7384412125023427,207,SN13,2.9710641073240307
1000,600,4,rademacher,1.5,2.7384412125023427,207,OptShrink,2.9413322885026187
1000,600,4,rademacher,1.5,2.7384412125023427,208,Algorithm 3,2.815193612121965
1000,600,4,rademacher,1.5,2.7384412125023427,208,SN13,3.0216554942680385
1000,600,4,rademacher,1.5,2.7384412125023427,208,OptShrink,2.993618908635872
1000,600,4,rademacher,1.5,2.7384412125023427,209,Algorithm 3,2.6144350492135544
1000,600,4,rademacher,1.5,2.7384412125023427,209,SN13,2.846611190858859
1000,600,4,rademacher,1.5,2.7384412125023427,209,OptShrink,2.8090480433090583
1000,600,4,rademacher,1.5,2.7384412125023427,210,Algorithm 3,2.644705904975157
1000,600,4,rademacher,1.5,2.7384412125023427,210,SN13,2.8587099790420485
1000,600,4,rademacher,1.5,2.7384412125023427,210,OptShrink,2.8231253343386866
1000,600,4,rademacher,1.5,2.7384412125023427,211,Algorithm 3,2.6803834554137955
1000,600,4,rademacher,1.5,2.7384412125023427,211,SN13,2.883002539815186
1000,600,4,rademacher,1.5,2.7384412125023427,211,OptShrink,2.848184068549253
1000,600,4,rademacher,1.5,2.7384412125023427,212,Algorithm 3,2.8246359879159
1000,600,4,rademacher,1.5,2.7384412125023427,212,SN13,3.0722292183044297
1000,600,4,rademacher,1.5,2.7384412125023427,212,OptShrink,3.0467916665119925
1000,600,4,rademacher,1.5,2.7384412125023427,213,Algorithm 3,2.8699661001754153
1000,600,4,rademacher,1.5,2.7384412125023427,213,SN13,3.0609479520983762
1000,600,4,rademacher,1.5,2.7384412125023427,213,OptShrink,3.0327105897780555
1000,600,4,rademacher,1.5,2.7384412125023427,214,Algorithm 3,2.613490310565496
1000,600,4,rademacher,1.5,2.7384412125023427,214,SN13,2.7930512348762213
1000,600,4,rademacher,1.5,2.7384412125023427,214,OptShrink,2.7523358280230883
1000,600,4,rademacher,1.5,2.7384412125023427,215,Algorithm 3,2.8169789728203667
1000,600,4,rademacher,1.5,2.7384412125023427,215,SN13,2.9811640898520664
1000,600,4,rademacher,1.5,2.7384412125023427,215,OptShrink,2.951432117108415
1000,600,4,rademacher,1.5,2.7384412125023427,216,Algorithm 3,2.808182971128027
1000,600,4,rademacher,1.5,2.7384412125023427,216,SN13,2.9674970064269526
1000,600,4,rademacher,1.5,2.7384412125023427,216,OptShrink,2.936966099888428
1000,600,4,rademacher,1.5,2.7384412125023427,217,Algorithm 3,2.651376495050629
1000,600,4,rademacher,1.5,2.7384412125023427,217,SN13,2.90134409828263
1000,600,4,rademacher,1.5,2.7384412125023427,217,OptShrink,2.8675741383199447
1000,600,4,rademacher,1.5,2.7384412125023427,218,Algorithm 3,2.749304811318734
1000,600,4,rademacher,1.5,2.7384412125023427,218,SN13,2.9933669076123874
1000,600,4,rademacher,1.5,2.7384412125023427,218,OptShrink,2.9642032894290473
1000,600,4,rademacher,1.5,2.7384412125023427,219,Algorithm 3,2.7693858468570918
1000,600,4,rademacher,1.5,2.7384412125023427,219,SN13,3.000247127074855
1000,600,4,rademacher,1.5,2.7384412125023427,219,OptShrink,2.970493901975982
1000,600,4,rademacher,1.5,2.7384412125023427,220,Algorithm 3,2.843219551728145
1000,600,4,rademacher,1.5,2.7384412125023427,220,SN13,3.0004670277245107
1000,600,4,rademacher,1.5,2.7384412125023427,220,OptShrink,2.97122758287926
1000,600,4,rademacher,1.5,2.7384412125023427,221,Algorithm 3,2.72509242501209
1000,600,4,rademacher,1.5,2.7384412125023427,221,SN13,2.9489989964254835
1000,600,4,rademacher,1.5,2.7384412125023427,221,OptShrink,2.9171290586399965
1000,600,4,rademacher,1.5,2.7384412125023427,222,Algorithm 3,2.74194302984108
1000,600,4,rademacher,1.5,2.7384412125023427,222,SN13,3.0047096958739345
1000,600,4,rademacher,1.5,2.7384412125023427,222,OptShrink,2.975046612884611
1000,600,4,rademacher,1.5,2.7384412125023427,223,Algorithm 3,2.6977064002763695
1000,600,4,rademacher,1.5,2.7384412125023427,223,SN13,2.8627595743492686
1000,600,4,rademacher,1.5,2.7384412125023427,223,OptShrink,2.82749601193581
1000,600,4,rademacher,1.5,2.7384412125023427,224,Algorithm 3,2.6400281812147375
1000,600,4,rademacher,1.5,2.7384412125023427,224,SN13,2.867208026880841
1000,600,4,rademacher,1.5,2.7384412125023427,224,OptShrink,2.831769116787876
1000,600,4,rademacher,1.5,2.7384412125023427,225,Algorithm 3,2.7059601450620936
1000,600,4,rademacher,1.5,2.7384412125023427,225,SN13,2.9395372901939245
1000,600,4,rademacher,1.5,2.7384412125023427,225,OptShrink,2.9062783467361903
1000,600,4,rademacher,1.5,2.7384412125023427,226,Algorithm 3,2.724320480510077
1000,600,4,rademacher,1.5,2.7384412125023427,226,SN13,2.889989676855403
1000,600,4,rademacher,1.5,2.7384412125023427,226,OptShrink,2.8557475765054936
1000,600,4,rademacher,1.5,2.7384412125023427,227,Algorithm 3,2.830505421472842
1000,600,4,rademacher,1.5,2.7384412125023427,227,SN13,3.039609143881539
1000,600,4,rademacher,1.5,2.7384412125023427,227,OptShrink,3.0121474622402538
1000,600,4,rademacher,1.5,2.7384412125023427,228,Algorithm 3,2.629071159618059
1000,600,4,rademacher,1.5,2.7384412125023427,228,SN13,2.9083518140036184
1000,600,4,rademacher,1.5,2.7384412125023427,228,OptShrink,2.8745478883427524
1000,600,4,rademacher,1.5,2.7384412125023427,229,Algorithm 3,2.710093825764224
1000,600,4,rademacher,1.5,2.7384412125023427,229,SN13,2.9266636548815765
1000,600,4,rademacher,1.5,2.7384412125023427,229,OptShrink,2.894201764761929
1000,600,4,rademacher,1.5,2.7384412125023427,230,Algorithm 3,2.746055309783367
1000,600,4,rademacher,1.5,2.7384412125023427,230,SN13,2.9353375041733094
1000,600,4,rademacher,1.5,2.7384412125023427,230,OptShrink,2.9030306906493144
1000,600,4,rademacher,1.5,2.7384412125023427,231,Algorithm 3,2.881558830623969
1000,600,4,rademacher,1.5,2.7384412125023427,231,SN13,2.973806292407421
1000,600,4,rademacher,1.5,2.7384412125023427,231,OptShrink,2.942860590603836
1000,600,4,rademacher,1.5,2.7384412125023427,232,Algorithm 3,2.6776076171335306
1000,600,4,rademacher,1.5,2.7384412125023427,232,SN13,2.8804977843471464
1000,600,4,rademacher,1.5,2.7384412125023427,232,OptShrink,2.8447212367383914
1000,600,4,rademacher,1.5,2.7384412125023427,233,Algorithm 3,2.6205641723760946
1000,600,4,rademacher,1.5,2.7384412125023427,233,SN13,2.9183873669128237
1000,600,4,rademacher,1.5,2.7384412125023427,233,OptShrink,2.885928182338994
1000,600,4,rademacher,1.5,2.7384412125023427,234,Algorithm 3,2.7508742970005744
1000,600,4,rademacher,1.5,2.7384412125023427,234,SN13,2.9238472893045704
1000,600,4,rademacher,1.5,2.7384412125023427,234,OptShrink,2.8902336811173486
1000,600,4,rademacher,1.5,2.7384412125023427,235,Algorithm 3,2.696258800496405
1000,600,4,rademacher,1.5,2.7384412125023427,235,SN13,2.946369825163813
1000,600,4,rademacher,1.5,2.7384412125023427,235,OptShrink,2.9150130264208354
1000,600,4,rademacher,1.5,2.7384412125023427,236,Algorithm 3,2.7805297395575996
1000,600,4,rademacher,1.5,2.7384412125023427,236,SN13,2.949331401052393
1000,600,4,rademacher,1.5,2.7384412125023427,236,OptShrink,2.918290159676108
1000,600,4,rademacher,1.5,2.7384412125023427,237,Algorithm 3,2.600466344828613
1000,600,4,rademacher,1.5,2.7384412125023427,237,SN13,2.842964898621636
1000,600,4,rademacher,1.5,2.7384412125023427,237,OptShrink,2.805978287195488
1000,600,4,rademacher,1.5,2.7384412125023427,238,Algorithm 3,2.8289682769970077
1000,600,4,rademacher,1.5,2.7384412125023427,238,SN13,2.9765603356369326
1000,600,4,rademacher,1.5,2.7384412125023427,238,OptShrink,2.945762448663117
1000,600,4,rademacher,1.5,2.7384412125023427,239,Algorithm 3,2.665829248724529
1000,600,4,rademacher,1.5,2.7384412125023427,239,SN13,2.9103512525783897
1000,600,4,rademacher,1.5,2.7384412125023427,239,OptShrink,2.875992623780007
1000,600,4,rademacher,1.5,2.7384412125023427,240,Algorithm 3,2.6858407493735603
1000,600,4,rademacher,1.5,2.7384412125023427,240,SN13,2.8973748404456536
1000,600,4,rademacher,1.5,2.7384412125023427,240,OptShrink,2.8619867542535933
1000,600,4,rademacher,1.5,2.7384412125023427,241,Algorithm 3,2.7893995705776216
1000,600,4,rademacher,1.5,2.7384412125023427,241,SN13,3.0002188164716608
1000,600,4,rademacher,1.5,2.7384412125023427,241,OptShrink,2.9708312244115835
1000,600,4,rademacher,1.5,2.7384412125023427,242,Algorithm 3,2.706599121594876
1000,600,4,rademacher,1.5,2.7384412125023427,242,SN13,2.9462725525754916
1000,600,4,rademacher,1.5,2.7384412125023427,242,OptShrink,2.9144939167053288
1000,600,4,rademacher,1.5,2.7384412125023427,243,Algorithm 3,2.739246634202699
1000,600,4,rademacher,1.5,2.7384412125023427,243,SN13,2.9436475146088825
1000,600,4,rademacher,1.5,2.7384412125023427,243,OptShrink,2.9118381206132793
1000,600,4,rademacher,1.5,2.7384412125023427,244,Algorithm 3,2.6283250859484246
1000,600,4,rademacher,1.5,2.7384412125023427,244,SN13,2.9077978325873333
1000,600,4,rademacher,1.5,2.7384412125023427,244,OptShrink,2.8741980119600212
1000,600,4,rademacher,1.5,2.7384412125023427,245,Algorithm 3,2.725922631805711
1000,600,4,rademacher,1.5,2.7384412125023427,245,SN13,2.933150791387552
1000,600,4,rademacher,1.5,2.7384412125023427,245,OptShrink,2.90117453512049
1000,600,4,rademacher,1.5,2.7384412125023427,246,Algorithm 3,2.7979657194281904
1000,600,4,rademacher,1.5,2.7384412125023427,246,SN13,2.9947945396596594
1000,600,4,rademacher,1.5,2.7384412125023427,246,OptShrink,2.9647315540720838
1000,600,4,rademacher,1.5,2.7384412125023427,247,Algorithm 3,2.8083388481697007
1000,600,4,rademacher,1.5,2.7384412125023427,247,SN13,2.9381547956205423
1000,600,4,rademacher,1.5,2.7384412125023427,247,OptShrink,2.9063133544775357
1000,600,4,rademacher,1.5,2.7384412125023427,248,Algorithm 3,2.740875293720311
1000,600,4,rademacher,1.5,2.7384412125023427,248,SN13,2.930194552141401
1000,600,4,rademacher,1.5,2.7384412125023427,248,OptShrink,2.8974159033998537
1000,600,4,rademacher,1.5,2.7384412125023427,249,Algorithm 3,2.7252405004966804
1000,600,4,rademacher,1.5,2.7384412125023427,249,SN13,2.9186343850594727
1000,600,4,rademacher,1.5,2.7384412125023427,249,OptShrink,2.8858390258484934
1000,600,4,rademacher,1.5,2.7384412125023427,250,Algorithm 3,2.639594772948702
1000,600,4,rademacher,1.5,2.7384412125023427,250,SN13,2.950925539306744
1000,600,4,rademacher,1.5,2.7384412125023427,250,OptShrink,2.918953832219051
1000,600,4,rademacher,1.5,2.7384412125023427,251,Algorithm 3,2.807454164309045
1000,600,4,rademacher,1.5,2.7384412125023427,251,SN13,2.967026924871571
1000,600,4,rademacher,1.5,2.7384412125023427,251,OptShrink,2.935878396931672
1000,600,4,rademacher,1.5,2.7384412125023427,252,Algorithm 3,2.5914935089223636
1000,600,4,rademacher,1.5,2.7384412125023427,252,SN13,2.8781946192751575
1000,600,4,rademacher,1.5,2.7384412125023427,252,OptShrink,2.8429872199270525
1000,600,4,rademacher,1.5,2.7384412125023427,253,Algorithm 3,2.82040569564627
1000,600,4,rademacher,1.5,2.7384412125023427,253,SN13,3.042610701572021
1000,600,4,rademacher,1.5,2.7384412125023427,253,OptShrink,3.015267307891718
1000,600,4,rademacher,1.5,2.7384412125023427,254,Algorithm 3,2.5917682791700933
1000,600,4,rademacher,1.5,2.7384412125023427,254,SN13,2.8519090253266035
1000,600,4,rademacher,1.5,2.7384412125023427,254,OptShrink,2.8146843021416696
1000,600,4,rademacher,1.5,2.7384412125023427,255,Algorithm 3,2.746529714212304
1000,600,4,rademacher,1.5,2.7384412125023427,255,SN13,2.9203174261068026
1000,600,4,rademacher,1.5,2.7384412125023427,255,OptShrink,2.8870850178306675
1000,600,4,rademacher,1.5,2.7384412125023427,256,Algorithm 3,2.7211556900712943
1000,600,4,rademacher,1.5,2.7384412125023427,256,SN13,2.9588729203218485
1000,600,4,rademacher,1.5,2.7384412125023427,256,OptShrink,2.9268739437374056
1000,600,4,rademacher,1.5,2.7384412125023427,257,Algorithm 3,2.622534939530296
1000,600,4,rademacher,1.5,2.7384412125023427,257,SN13,2.876130479643254
1000,600,4,rademacher,1.5,2.7384412125023427,257,OptShrink,2.8413144873145395
1000,600,4,rademacher,1.5,2.7384412125023427,258,Algorithm 3,2.790327609948991
1000,600,4,rademacher,1.5,2.7384412125023427,258,SN13,2.9323714663804172
1000,600,4,rademacher,1.5,2.7384412125023427,258,OptShrink,2.8995287597215005
1000,600,4,rademacher,1.5,2.7384412125023427,259,Algorithm 3,2.6563452931365674
1000,600,4,rademacher,1.5,2.7384412125023427,259,SN13,2.8065604481181214
1000,600,4,rademacher,1.5,2.7384412125023427,259,OptShrink,2.767499257826065
1000,600,4,rademacher,1.5,2.7384412125023427,260,Algorithm 3,2.7260212574594105
1000,600,4,rademacher,1.5,2.7384412125023427,260,SN13,2.8950119790389244
1000,600,4,rademacher,1.5,2.7384412125023427,260,OptShrink,2.8611123295100285
1000,600,4,rademacher,1.5,2.7384412125023427,261,Algorithm 3,2.64185663582561
1000,600,4,rademacher,1.5,2.7384412125023427,261,SN13,2.872760538855819
1000,600,4,rademacher,1.5,2.7384412125023427,261,OptShrink,2.837507571550563
1000,600,4,rademacher,1.5,2.7384412125023427,262,Algorithm 3,2.81011565842559
1000,600,4,rademacher,1.5,2.7384412125023427,262,SN13,2.975416196150988
1000,600,4,rademacher,1.5,2.7384412125023427,262,OptShrink,2.944913249660027
1000,600,4,rademacher,1.5,2.7384412125023427,263,Algorithm 3,2.7483935636472467
1000,600,4,rademacher,1.5,2.7384412125023427,263,SN13,2.9985814487607647
1000,600,4,rademacher,1.5,2.7384412125023427,263,OptShrink,2.9690499400543673
1000,600,4,rademacher,1.5,2.7384412125023427,264,Algorithm 3,2.6638150798384554
1000,600,4,rademacher,1.5,2.7384412125023427,264,SN13,2.8995160189093108
1000,600,4,rademacher,1.5,2.7384412125023427,264,OptShrink,2.866215269286897
1000,600,4,rademacher,1.5,2.7384412125023427,265,Algorithm 3,2.9279975526825224
1000,600,4,rademacher,1.5,2.7384412125023427,265,SN13,3.1605543355627685
1000,600,4,rademacher,1.5,2.7384412125023427,265,OptShrink,3.1373168169355865
1000,600,4,rademacher,1.5,2.7384412125023427,266,Algorithm 3,2.803738168163187
1000,600,4,rademacher,1.5,2.7384412125023427,266,SN13,2.9885682847233697
1000,600,4,rademacher,1.5,2.7384412125023427,266,OptShrink,2.9587294928109755
1000,600,4,rademacher,1.5,2.7384412125023427,267,Algorithm 3,2.590259376803161
1000,600,4,rademacher,1.5,2.7384412125023427,267,SN13,2.823702288587928
1000,600,4,rademacher,1.5,2.7384412125023427,267,OptShrink,2.7846169660645237
1000,600,4,rademacher,1.5,2.7384412125023427,268,Algorithm 3,2.7032437208312303
1000,600,4,rademacher,1.5,2.7384412125023427,268,SN13,2.9146872756284004
1000,600,4,rademacher,1.5,2.7384412125023427,268,OptShrink,2.8820218162299924
1000,600,4,rademacher,1.5,2.7384412125023427,269,Algorithm 3,2.7995696904448986
1000,600,4,rademacher,1.5,2.7384412125023427,269,SN13,2.9684507011613466
1000,600,4,rademacher,1.5,2.7384412125023427,269,OptShrink,2.937825959027055
1000,600,4,rademacher,1.5,2.7384412125023427,270,Algorithm 3,2.615738688235662
1000,600,4,rademacher,1.5,2.7384412125023427,270,SN13,2.8830949574233524
1000,600,4,rademacher,1.5,2.7384412125023427,270,OptShrink,2.8479024499457055
1000,600,4,rademacher,1.5,2.7384412125023427,271,Algorithm 3,2.8446077504377674
1000,600,4,rademacher,1.5,2.7384412125023427,271,SN13,2.9999260621091928
1000,600,4,rademacher,1.5,2.7384412125023427,271,OptShrink,2.970634063547076
1000,600,4,rademacher,1.5,2.7384412125023427,272,Algorithm 3,2.793079003335032
1000,600,4,rademacher,1.5,2.7384412125023427,272,SN13,2.9781473760018184
1000,600,4,rademacher,1.5,2.7384412125023427,272,OptShrink,2.9480504390740174
1000,600,4,rademacher,1.5,2.7384412125023427,273,Algorithm 3,2.726852922017647
1000,600,4,rademacher,1.5,2.7384412125023427,273,SN13,2.9693755478589483
1000,600,4,rademacher,1.5,2.7384412125023427,273,OptShrink,2.9392836040730086
1000,600,4,rademacher,1.5,2.7384412125023427,274,Algorithm 3,2.569599016343831
1000,600,4,rademacher,1.5,2.7384412125023427,274,SN13,2.852159810966055
1000,600,4,rademacher,1.5,2.7384412125023427,274,OptShrink,2.8144037434472904
1000,600,4,rademacher,1.5,2.7384412125023427,275,Algorithm 3,2.761439530864546
1000,600,4,rademacher,1.5,2.7384412125023427,275,SN13,2.9105163814361137
1000,600,4,rademacher,1.5,2.7384412125023427,275,OptShrink,2.8764833500740403
1000,600,4,rademacher,1.5,2.7384412125023427,276,Algorithm 3,2.77842427497635
1000,600,4,rademacher,1.5,2.7384412125023427,276,SN13,3.00017518794471
1000,600,4,rademacher,1.5,2.7384412125023427,276,OptShrink,2.9707666528265793
1000,600,4,rademacher,1.5,2.7384412125023427,277,Algorithm 3,2.7478891886915617
1000,600,4,rademacher,1.5,2.7384412125023427,277,SN13,2.9877815123610048
1000,600,4,rademacher,1.5,2.7384412125023427,277,OptShrink,2.95768445475765
1000,600,4,rademacher,1.5,2.7384412125023427,278,Algorithm 3,2.7825521682142127
1000,600,4,rademacher,1.5,2.7384412125023427,278,SN13,3.0096764561233105
1000,600,4,rademacher,1.5,2.7384412125023427,278,OptShrink,2.9807104147335854
1000,600,4,rademacher,1.5,2.7384412125023427,279,Algorithm 3,2.908458807413275
1000,600,4,rademacher,1.5,2.7384412125023427,279,SN13,3.049650656552431
1000,600,4,rademacher,1.5,2.7384412125023427,279,OptShrink,3.022928672629824
1000,600,4,rademacher,1.5,2.7384412125023427,280,Algorithm 3,2.586397078816907
1000,600,4,rademacher,1.5,2.7384412125023427,280,SN13,2.7920512596914793
1000,600,4,rademacher,1.5,2.7384412125023427,280,OptShrink,2.7521638313751255
1000,600,4,rademacher,1.5,2.7384412125023427,281,Algorithm 3,2.788575670323235
1000,600,4,rademacher,1.5,2.7384412125023427,281,SN13,2.994859435379875
1000,600,4,rademacher,1.5,2.7384412125023427,281,OptShrink,2.964894324306077
1000,600,4,rademacher,1.5,2.7384412125023427,282,Algorithm 3,2.795970695264407
1000,600,4,rademacher,1.5,2.7384412125023427,282,SN13,3.025092703775853
1000,600,4,rademacher,1.5,2.7384412125023427,282,OptShrink,2.996645594229819
1000,600,4,rademacher,1.5,2.7384412125023427,283,Algorithm 3,2.7128562382191146
1000,600,4,rademacher,1.5,2.7384412125023427,283,SN13,2.9863079836011734
1000,600,4,rademacher,1.5,2.7384412125023427,283,OptShrink,2.9558989569193748
1000,600,4,rademacher,1.5,2.7384412125023427,284,Algorithm 3,2.7530557124617827
1000,600,4,rademacher,1.5,2.7384412125023427,284,SN13,2.996188612209748
1000,600,4,rademacher,1.5,2.7384412125023427,284,OptShrink,2.966361702209308
1000,600,4,rademacher,1.5,2.7384412125023427,285,Algorithm 3,2.7570307092420347
1000,600,4,rademacher,1.5,2.7384412125023427,285,SN13,2.916487200371187
1000,600,4,rademacher,1.5,2.7384412125023427,285,OptShrink,2.883460911846951
1000,600,4,rademacher,1.5,2.7384412125023427,286,Algorithm 3,2.8447156162265586
1000,600,4,rademacher,1.5,2.7384412125023427,286,SN13,3.0015064783103127
1000,600,4,rademacher,1.5,2.7384412125023427,286,OptShrink,2.9717758334960083
1000,600,4,rademacher,1.5,2.7384412125023427,287,Algorithm 3,2.763099766544819
1000,600,4,rademacher,1.5,2.7384412125023427,287,SN13,2.966347300285538
1000,600,4,rademacher,1.5,2.7384412125023427,287,OptShrink,2.935792745107881
1000,600,4,rademacher,1.5,2.7384412125023427,288,Algorithm 3,2.689421683741068
1000,600,4,rademacher,1.5,2.7384412125023427,288,SN13,2.9152940750754266
1000,600,4,rademacher,1.5,2.7384412125023427,288,OptShrink,2.881805852217627
1000,600,4,rademacher,1.5,2.7384412125023427,289,Algorithm 3,2.836716940352164
1000,600,4,rademacher,1.5,2.7384412125023427,289,SN13,2.964461488737157
1000,600,4,rademacher,1.5,2.7384412125023427,289,OptShrink,2.932817221421711
1000,600,4,rademacher,1.5,2.7384412125023427,290,Algorithm 3,2.629037643089352
1000,600,4,rademacher,1.5,2.7384412125023427,290,SN13,2.831736244265069
1000,600,4,rademacher,1.5,2.7384412125023427,290,OptShrink,2.7935633550753467
1000,600,4,rademacher,1.5,2.7384412125023427,291,Algorithm 3,2.796349287076043
1000,600,4,rademacher,1.5,2.7384412125023427,291,SN13,3.0235823364403385
1000,600,4,rademacher,1.5,2.7384412125023427,291,OptShrink,2.9954752933377033
1000,600,4,rademacher,1.5,2.7384412125023427,292,Algorithm 3,2.8199158868769074
1000,600,4,rademacher,1.5,2.7384412125023427,292,SN13,2.989922055084327
1000,600,4,rademacher,1.5,2.7384412125023427,292,OptShrink,2.9598616893574015
1000,600,4,rademacher,1.5,2.7384412125023427,293,Algorithm 3,2.777532110565457
1000,600,4,rademacher,1.5,2.7384412125023427,293,SN13,2.941001628951921
1000,600,4,rademacher,1.5,2.7384412125023427,293,OptShrink,2.9098086611274203
1000,600,4,rademacher,1.5,2.7384412125023427,294,Algorithm 3,2.890970449438742
1000,600,4,rademacher,1.5,2.7384412125023427,294,SN13,3.0394704978807208
1000,600,4,rademacher,1.5,2.7384412125023427,294,OptShrink,3.0112928530359024
1000,600,4,rademacher,1.5,2.7384412125023427,295,Algorithm 3,2.899106650041726
1000,600,4,rademacher,1.5,2.7384412125023427,295,SN13,3.0516151878678066
1000,600,4,rademacher,1.5,2.7384412125023427,295,OptShrink,3.024050886946856
1000,600,4,rademacher,1.5,2.7384412125023427,296,Algorithm 3,2.715943060413219
1000,600,4,rademacher,1.5,2.7384412125023427,296,SN13,2.8815973582107084
1000,600,4,rademacher,1.5,2.7384412125023427,296,OptShrink,2.8467060828518354
1000,600,4,rademacher,1.5,2.7384412125023427,297,Algorithm 3,2.663758208202062
1000,600,4,rademacher,1.5,2.7384412125023427,297,SN13,2.887976923673591
1000,600,4,rademacher,1.5,2.7384412125023427,297,OptShrink,2.852493438837301
1000,600,4,rademacher,1.5,2.7384412125023427,298,Algorithm 3,2.637149661221021
1000,600,4,rademacher,1.5,2.7384412125023427,298,SN13,2.8508493707328704
1000,600,4,rademacher,1.5,2.7384412125023427,298,OptShrink,2.8145939012136894
1000,600,4,rademacher,1.5,2.7384412125023427,299,Algorithm 3,2.7727547242458934
1000,600,4,rademacher,1.5,2.7384412125023427,299,SN13,2.983751933993732
1000,600,4,rademacher,1.5,2.7384412125023427,299,OptShrink,2.9535324463971286
1000,600,4,rademacher,1.5,2.7384412125023427,300,Algorithm 3,2.715372545012184
1000,600,4,rademacher,1.5,2.7384412125023427,300,SN13,2.927532354397317
1000,600,4,rademacher,1.5,2.7384412125023427,300,OptShrink,2.8943458476134674
1000,600,4,rademacher,1.5,2.7384412125023427,301,Algorithm 3,2.609565316852186
1000,600,4,rademacher,1.5,2.7384412125023427,301,SN13,2.8133582048446573
1000,600,4,rademacher,1.5,2.7384412125023427,301,OptShrink,2.7747927557837317
1000,600,4,rademacher,1.5,2.7384412125023427,302,Algorithm 3,2.7217718407077003
1000,600,4,rademacher,1.5,2.7384412125023427,302,SN13,2.918455227658874
1000,600,4,rademacher,1.5,2.7384412125023427,302,OptShrink,2.885157218449581
1000,600,4,rademacher,1.5,2.7384412125023427,303,Algorithm 3,2.7726284027907337
1000,600,4,rademacher,1.5,2.7384412125023427,303,SN13,3.006348058405959
1000,600,4,rademacher,1.5,2.7384412125023427,303,OptShrink,2.9772213259741074
1000,600,4,rademacher,1.5,2.7384412125023427,304,Algorithm 3,2.783715254571267
1000,600,4,rademacher,1.5,2.7384412125023427,304,SN13,3.0162814399193967
1000,600,4,rademacher,1.5,2.7384412125023427,304,OptShrink,2.9871309194833815
1000,600,4,rademacher,1.5,2.7384412125023427,305,Algorithm 3,2.7661912816687417
1000,600,4,rademacher,1.5,2.7384412125023427,305,SN13,2.9377074162807837
1000,600,4,rademacher,1.5,2.7384412125023427,305,OptShrink,2.905490669998848
1000,600,4,rademacher,1.5,2.7384412125023427,306,Algorithm 3,2.8636156413711267
1000,600,4,rademacher,1.5,2.7384412125023427,306,SN13,3.027223270102925
1000,600,4,rademacher,1.5,2.7384412125023427,306,OptShrink,2.9983803692099573
1000,600,4,rademacher,1.5,2.7384412125023427,307,Algorithm 3,2.673708005741378
1000,600,4,rademacher,1.5,2.7384412125023427,307,SN13,2.9253159205381603
1000,600,4,rademacher,1.5,2.7384412125023427,307,OptShrink,2.893209097325169
1000,600,4,rademacher,1.5,2.7384412125023427,308,Algorithm 3,2.8245809657610956
1000,600,4,rademacher,1.5,2.7384412125023427,308,SN13,3.0312481617401255
1000,600,4,rademacher,1.5,2.7384412125023427,308,OptShrink,3.0032907180636386
1000,600,4,rademacher,1.5,2.7384412125023427,309,Algorithm 3,2.785800393851261
1000,600,4,rademacher,1.5,2.7384412125023427,309,SN13,2.9714771966280207
1000,600,4,rademacher,1.5,2.7384412125023427,309,OptShrink,2.9403698943031547
1000,600,4,rademacher,1.5,2.7384412125023427,310,Algorithm 3,2.9440602085537195
1000,600,4,rademacher,1.5,2.7384412125023427,310,SN13,3.0863304617058382
1000,600,4,rademacher,1.5,2.7384412125023427,310,OptShrink,3.060945464529342
1000,600,4,rademacher,1.5,2.7384412125023427,311,Algorithm 3,2.825435304776439
1000,600,4,rademacher,1.5,2.7384412125023427,311,SN13,2.9671067441878263
1000,600,4,rademacher,1.5,2.7384412125023427,311,OptShrink,2.936521577473498
1000,600,4,rademacher,1.5,2.7384412125023427,312,Algorithm 3,2.7373310334950762
1000,600,4,rademacher,1.5,2.7384412125023427,312,SN13,2.9147984291920968
1000,600,4,rademacher,1.5,2.7384412125023427,312,OptShrink,2.8807140607051807
1000,600,4,rademacher,1.5,2.7384412125023427,313,Algorithm 3,2.6310419155190856
1000,600,4,rademacher,1.5,2.7384412125023427,313,SN13,2.9432987389968113
1000,600,4,rademacher,1.5,2.7384412125023427,313,OptShrink,2.9115330106125716
1000,600,4,rademacher,1.5,2.7384412125023427,314,Algorithm 3,2.7492862757950327
1000,600,4,rademacher,1.5,2.7384412125023427,314,SN13,2.988072050873512
1000,600,4,rademacher,1.5,2.7384412125023427,314,OptShrink,2.959095216383601
1000,600,4,rademacher,1.5,2.7384412125023427,315,Algorithm 3,2.8117955037363096
1000,600,4,rademacher,1.5,2.7384412125023427,315,SN13,3.00774801945816
1000,600,4,rademacher,1.5,2.7384412125023427,315,OptShrink,2.9789467404933276
1000,600,4,rademacher,1.5,2.7384412125023427,316,Algorithm 3,2.8559141469064144
1000,600,4,rademacher,1.5,2.7384412125023427,316,SN13,2.9983236993547755
1000,600,4,rademacher,1.5,2.7384412125023427,316,OptShrink,2.9687468406499544
1000,600,4,rademacher,1.5,2.7384412125023427,317,Algorithm 3,2.687667547286684
1000,600,4,rademacher,1.5,2.7384412125023427,317,SN13,2.9170630977028087
1000,600,4,rademacher,1.5,2.7384412125023427,317,OptShrink,2.885021512766244
1000,600,4,rademacher,1.5,2.7384412125023427,318,Algorithm 3,2.663656340026447
1000,600,4,rademacher,1.5,2.7384412125023427,318,SN13,2.908471935457604
1000,600,4,rademacher,1.5,2.7384412125023427,318,OptShrink,2.874718810076688
1000,600,4,rademacher,1.5,2.7384412125023427,319,Algorithm 3,2.6636222963499097
1000,600,4,rademacher,1.5,2.7384412125023427,319,SN13,2.8597149059936293
1000,600,4,rademacher,1.5,2.7384412125023427,319,OptShrink,2.8232638644598023
1000,600,4,rademacher,1.5,2.7384412125023427,320,Algorithm 3,2.8268703438568434
1000,600,4,rademacher,1.5,2.7384412125023427,320,SN13,2.958576589992173
1000,600,4,rademacher,1.5,2.7384412125023427,320,OptShrink,2.9270157940121777
1000,600,4,rademacher,1.5,2.7384412125023427,321,Algorithm 3,2.728028133506055
1000,600,4,rademacher,1.5,2.7384412125023427,321,SN13,2.904747249503465
1000,600,4,rademacher,1.5,2.7384412125023427,321,OptShrink,2.8719374289861976
1000,600,4,rademacher,1.5,2.7384412125023427,322,Algorithm 3,2.7480733580075
1000,600,4,rademacher,1.5,2.7384412125023427,322,SN13,2.9093119527334665
1000,600,4,rademacher,1.5,2.7384412125023427,322,OptShrink,2.8752626423166023
1000,600,4,rademacher,1.5,2.7384412125023427,323,Algorithm 3,2.8583180440019134
1000,600,4,rademacher,1.5,2.7384412125023427,323,SN13,3.035759559022824
1000,600,4,rademacher,1.5,2.7384412125023427,323,OptShrink,3.0068473448739432
1000,600,4,rademacher,1.5,2.7384412125023427,324,Algorithm 3,2.7219997726436485
1000,600,4,rademacher,1.5,2.7384412125023427,324,SN13,2.909952636919435
1000,600,4,rademacher,1.5,2.7384412125023427,324,OptShrink,2.876029835222401
1000,600,4,rademacher,1.5,2.7384412125023427,325,Algorithm 3,2.697361384112187
1000,600,4,rademacher,1.5,2.7384412125023427,325,SN13,2.886579608130412
1000,600,4,rademacher,1.5,2.7384412125023427,325,OptShrink,2.853237126247516
1000,600,4,rademacher,1.5,2.7384412125023427,326,Algorithm 3,2.8440394577065917
1000,600,4,rademacher,1.5,2.7384412125023427,326,SN13,2.9951881065585413
1000,600,4,rademacher,1.5,2.7384412125023427,326,OptShrink,2.9658023275097642
1000,600,4,rademacher,1.5,2.7384412125023427,327,Algorithm 3,2.7390996209518135
1000,600,4,rademacher,1.5,2.7384412125023427,327,SN13,2.930570622922367
1000,600,4,rademacher,1.5,2.7384412125023427,327,OptShrink,2.8983646717631544
1000,600,4,rademacher,1.5,2.7384412125023427,328,Algorithm 3,2.752983112217315
1000,600,4,rademacher,1.5,2.7384412125023427,328,SN13,2.989204744932082
1000,600,4,rademacher,1.5,2.7384412125023427,328,OptShrink,2.960091964977581
1000,600,4,rademacher,1.5,2.7384412125023427,329,Algorithm 3,2.72806376841045
1000,600,4,rademacher,1.5,2.7384412125023427,329,SN13,2.942848320155572
1000,600,4,rademacher,1.5,2.7384412125023427,329,OptShrink,2.911257594196413
1000,600,4,rademacher,1.5,2.7384412125023427,330,Algorithm 3,2.6535315762967078
1000,600,4,rademacher,1.5,2.7384412125023427,330,SN13,2.8538955114130378
1000,600,4,rademacher,1.5,2.7384412125023427,330,OptShrink,2.8172065256994783
1000,600,4,rademacher,1.5,2.7384412125023427,331,Algorithm 3,2.7991129203929046
1000,600,4,rademacher,1.5,2.7384412125023427,331,SN13,2.9855228690507265
1000,600,4,rademacher,1.5,2.7384412125023427,331,OptShrink,2.9554768785566075
1000,600,4,rademacher,1.5,2.7384412125023427,332,Algorithm 3,2.7938764741197155
1000,600,4,rademacher,1.5,2.7384412125023427,332,SN13,2.941685352472288
1000,600,4,rademacher,1.5,2.7384412125023427,332,OptShrink,2.9090914719670007
1000,600,4,rademacher,1.5,2.7384412125023427,333,Algorithm 3,2.6372615334699825
1000,600,4,rademacher,1.5,2.7384412125023427,333,SN13,2.8347222903911224
1000,600,4,rademacher,1.5,2.7384412125023427,333,OptShrink,2.7964287084626527
1000,600,4,rademacher,1.5,2.7384412125023427,334,Algorithm 3,2.849992688306128
1000,600,4,rademacher,1.5,2.7384412125023427,334,SN13,3.0034315388462995
1000,600,4,rademacher,1.5,2.7384412125023427,334,OptShrink,2.974304363821993
1000,600,4,rademacher,1.5,2.7384412125023427,335,Algorithm 3,2.692823458368612
1000,600,4,rademacher,1.5,2.7384412125023427,335,SN13,2.9412095113650953
1000,600,4,rademacher,1.5,2.7384412125023427,335,OptShrink,2.9096900758900714
1000,600,4,rademacher,1.5,2.7384412125023427,336,Algorithm 3,2.93393385856843
1000,600,4,rademacher,1.5,2.7384412125023427,336,SN13,3.1210621747138996
1000,600,4,rademacher,1.5,2.7384412125023427,336,OptShrink,3.0958741571845576
1000,600,4,rademacher,1.5,2.7384412125023427,337,Algorithm 3,2.7929400381769307
1000,600,4,rademacher,1.5,2.7384412125023427,337,SN13,2.972704066111557
1000,600,4,rademacher,1.5,2.7384412125023427,337,OptShrink,2.9412148369612447
1000,600,4,rademacher,1.5,2.7384412125023427,338,Algorithm 3,2.795660446583743
1000,600,4,rademacher,1.5,2.7384412125023427,338,SN13,3.040116293828446
1000,600,4,rademacher,1.5,2.7384412125023427,338,OptShrink,3.012626804322591
1000,600,4,rademacher,1.5,2.7384412125023427,339,Algorithm 3,2.725696045431382
1000,600,4,rademacher,1.5,2.7384412125023427,339,SN13,2.9430940251533486
1000,600,4,rademacher,1.5,2.7384412125023427,339,OptShrink,2.9112582729895258
1000,600,4,rademacher,1.5,2.7384412125023427,340,Algorithm 3,2.7395847349890117
1000,600,4,rademacher,1.5,2.7384412125023427,340,SN13,2.9489766927248335
1000,600,4,rademacher,1.5,2.7384412125023427,340,OptShrink,2.9165558898587864
1000,600,4,rademacher,1.5,2.7384412125023427,341,Algorithm 3,2.7160980116529516
1000,600,4,rademacher,1.5,2.7384412125023427,341,SN13,2.892244195155017
1000,600,4,rademacher,1.5,2.7384412125023427,341,OptShrink,2.8573305481820195
1000,600,4,rademacher,1.5,2.7384412125023427,342,Algorithm 3,2.782441249715688
1000,600,4,rademacher,1.5,2.7384412125023427,342,SN13,2.980850372214816
1000,600,4,rademacher,1.5,2.7384412125023427,342,OptShrink,2.950289439863498
1000,600,4,rademacher,1.5,2.7384412125023427,343,Algorithm 3,2.7095709082019437
1000,600,4,rademacher,1.5,2.7384412125023427,343,SN13,2.895697219092597
1000,600,4,rademacher,1.5,2.7384412125023427,343,OptShrink,2.8608956698276544
1000,600,4,rademacher,1.5,2.7384412125023427,344,Algorithm 3,2.764246802818844
1000,600,4,rademacher,1.5,2.7384412125023427,344,SN13,2.977575096064564
1000,600,4,rademacher,1.5,2.7384412125023427,344,OptShrink,2.9469550434502647
1000,600,4,rademacher,1.5,2.7384412125023427,345,Algorithm 3,2.668867692618835
1000,600,4,rademacher,1.5,2.7384412125023427,345,SN13,2.8816542053081884
1000,600,4,rademacher,1.5,2.7384412125023427,345,OptShrink,2.846047862601643
1000,600,4,rademacher,1.5,2.7384412125023427,346,Algorithm 3,2.7656819356613807
1000,600,4,rademacher,1.5,2.7384412125023427,346,SN13,2.920443672270885
1000,600,4,rademacher,1.5,2.7384412125023427,346,OptShrink,2.886216607417062
1000,600,4,rademacher,1.5,2.7384412125023427,347,Algorithm 3,2.7893275387523024
1000,600,4,rademacher,1.5,2.7384412125023427,347,SN13,2.970127519551024
1000,600,4,rademacher,1.5,2.7384412125023427,347,OptShrink,2.9399200515194868
1000,600,4,rademacher,1.5,2.7384412125023427,348,Algorithm 3,2.600312006161889
1000,600,4,rademacher,1.5,2.7384412125023427,348,SN13,2.853087119758932
1000,600,4,rademacher,1.5,2.7384412125023427,348,OptShrink,2.816570170518478
1000,600,4,rademacher,1.5,2.7384412125023427,349,Algorithm 3,2.805572399211088
1000,600,4,rademacher,1.5,2.7384412125023427,349,SN13,2.9730072894196535
1000,600,4,rademacher,1.5,2.7384412125023427,349,OptShrink,2.942120720283524
1000,600,4,rademacher,1.5,2.7384412125023427,350,Algorithm 3,2.743330753610642
1000,600,4,rademacher,1.5,2.7384412125023427,350,SN13,2.9402330141644817
1000,600,4,rademacher,1.5,2.7384412125023427,350,OptShrink,2.907704607706
1000,600,4,rademacher,1.5,2.7384412125023427,351,Algorithm 3,2.784620553305885
1000,600,4,rademacher,1.5,2.7384412125023427,351,SN13,2.9559805210938643
1000,600,4,rademacher,1.5,2.7384412125023427,351,OptShrink,2.9245608062661224
1000,600,4,rademacher,1.5,2.7384412125023427,352,Algorithm 3,2.8066528077417296
1000,600,4,rademacher,1.5,2.7384412125023427,352,SN13,2.9904808239041407
1000,600,4,rademacher,1.5,2.7384412125023427,352,OptShrink,2.9610263210190095
1000,600,4,rademacher,1.5,2.7384412125023427,353,Algorithm 3,2.8400571799556245
1000,600,4,rademacher,1.5,2.7384412125023427,353,SN13,3.0159186509203257
1000,600,4,rademacher,1.5,2.7384412125023427,353,OptShrink,2.9873645660379573
1000,600,4,rademacher,1.5,2.7384412125023427,354,Algorithm 3,2.753963933856835
1000,600,4,rademacher,1.5,2.7384412125023427,354,SN13,2.98731689503128
1000,600,4,rademacher,1.5,2.7384412125023427,354,OptShrink,2.955963143793635
1000,600,4,rademacher,1.5,2.7384412125023427,355,Algorithm 3,2.674945218518041
1000,600,4,rademacher,1.5,2.7384412125023427,355,SN13,2.931156256873889
1000,600,4,rademacher,1.5,2.7384412125023427,355,OptShrink,2.8988753826865823
1000,600,4,rademacher,1.5,2.7384412125023427,356,Algorithm 3,2.8140958874598025
1000,600,4,rademacher,1.5,2.7384412125023427,356,SN13,2.9927747673823637
1000,600,4,rademacher,1.5,2.7384412125023427,356,OptShrink,2.9628078118695784
1000,600,4,rademacher,1.5,2.7384412125023427,357,Algorithm 3,2.5910246051948636
1000,600,4,rademacher,1.5,2.7384412125023427,357,SN13,2.87034578029696
1000,600,4,rademacher,1.5,2.7384412125023427,357,OptShrink,2.8340434399315693
1000,600,4,rademacher,1.5,2.7384412125023427,358,Algorithm 3,2.813854515383408
1000,600,4,rademacher,1.5,2.7384412125023427,358,SN13,2.9801859132035613
1000,600,4,rademacher,1.5,2.7384412125023427,358,OptShrink,2.949316206935939
1000,600,4,rademacher,1.5,2.7384412125023427,359,Algorithm 3,2.711449246982695
1000,600,4,rademacher,1.5,2.7384412125023427,359,SN13,2.932990556249567
1000,600,4,rademacher,1.5,2.7384412125023427,359,OptShrink,2.8999731932820176
1000,600,4,rademacher,1.5,2.7384412125023427,360,Algorithm 3,2.692285000784877
1000,600,4,rademacher,1.5,2.7384412125023427,360,SN13,2.9125157326613933
1000,600,4,rademacher,1.5,2.7384412125023427,360,OptShrink,2.879342956178009
1000,600,4,rademacher,1.5,2.7384412125023427,361,Algorithm 3,2.8267120576536047
1000,600,4,rademacher,1.5,2.7384412125023427,361,SN13,3.0044155420017766
1000,600,4,rademacher,1.5,2.7384412125023427,361,OptShrink,2.975399951781525
1000,600,4,rademacher,1.5,2.7384412125023427,362,Algorithm 3,2.7409606234668282
1000,600,4,rademacher,1.5,2.7384412125023427,362,SN13,2.8995726207261883
1000,600,4,rademacher,1.5,2.7384412125023427,362,OptShrink,2.8659687431171568
1000,600,4,rademacher,1.5,2.7384412125023427,363,Algorithm 3,2.630413340533561
1000,600,4,rademacher,1.5,2.7384412125023427,363,SN13,2.84363191768423
1000,600,4,rademacher,1.5,2.7384412125023427,363,OptShrink,2.806160141901611
1000,600,4,rademacher,1.5,2.7384412125023427,364,Algorithm 3,2.5089275751666236
1000,600,4,rademacher,1.5,2.7384412125023427,364,SN13,2.8287382206465086
1000,600,4,rademacher,1.5,2.7384412125023427,364,OptShrink,2.7904521608651844
1000,600,4,rademacher,1.5,2.7384412125023427,365,Algorithm 3,2.876180899550526
1000,600,4,rademacher,1.5,2.7384412125023427,365,SN13,3.0439967680706133
1000,600,4,rademacher,1.5,2.7384412125023427,365,OptShrink,3.0164491585724087
1000,600,4,rademacher,1.5,2.7384412125023427,366,Algorithm 3,2.7898553232763352
1000,600,4,rademacher,1.5,2.7384412125023427,366,SN13,2.947253755051175
1000,600,4,rademacher,1.5,2.7384412125023427,366,OptShrink,2.9149695554527852
1000,600,4,rademacher,1.5,2.7384412125023427,367,Algorithm 3,2.6678893610099883
1000,600,4,rademacher,1.5,2.7384412125023427,367,SN13,2.913819044376749
1000,600,4,rademacher,1.5,2.7384412125023427,367,OptShrink,2.881028936142407
1000,600,4,rademacher,1.5,2.7384412125023427,368,Algorithm 3,2.951683556424079
1000,600,4,rademacher,1.5,2.7384412125023427,368,SN13,3.1018717638975537
1000,600,4,rademacher,1.5,2.7384412125023427,368,OptShrink,3.076005967331813
1000,600,4,rademacher,1.5,2.7384412125023427,369,Algorithm 3,2.727921483545002
1000,600,4,rademacher,1.5,2.7384412125023427,369,SN13,2.9447190008507196
1000,600,4,rademacher,1.5,2.7384412125023427,369,OptShrink,2.912131478313823
1000,600,4,rademacher,1.5,2.7384412125023427,370,Algorithm 3,2.7589060626101203
1000,600,4,rademacher,1.5,2.7384412125023427,370,SN13,2.9419393324238334
1000,600,4,rademacher,1.5,2.7384412125023427,370,OptShrink,2.9103825394608296
1000,600,4,rademacher,1.5,2.7384412125023427,371,Algorithm 3,2.6836803887737433
1000,600,4,rademacher,1.5,2.7384412125023427,371,SN13,2.9148532200821493
1000,600,4,rademacher,1.5,2.7384412125023427,371,OptShrink,2.8808306064062017
1000,600,4,rademacher,1.5,2.7384412125023427,372,Algorithm 3,2.882273663149194
1000,600,4,rademacher,1.5,2.7384412125023427,372,SN13,3.0551709325884344
1000,600,4,rademacher,1.5,2.7384412125023427,372,OptShrink,3.0283663048417937
1000,600,4,rademacher,1.5,2.7384412125023427,373,Algorithm 3,2.7759708386729653
1000,600,4,rademacher,1.5,2.7384412125023427,373,SN13,2.9381968288030675
1000,600,4,rademacher,1.5,2.7384412125023427,373,OptShrink,2.9058031717563373
1000,600,4,rademacher,1.5,2.7384412125023427,374,Algorithm 3,2.85222954995281
1000,600,4,rademacher,1.5,2.7384412125023427,374,SN13,3.0395713828049207
1000,600,4,rademacher,1.5,2.7384412125023427,374,OptShrink,3.0116455172515106
1000,600,4,rademacher,1.5,2.7384412125023427,375,Algorithm 3,2.67140019452906
1000,600,4,rademacher,1.5,2.7384412125023427,375,SN13,2.8839983647020118
1000,600,4,rademacher,1.5,2.7384412125023427,375,OptShrink,2.8495145496858676
1000,600,4,rademacher,1.5,2.7384412125023427,376,Algorithm 3,2.8448624492076284
1000,600,4,rademacher,1.5,2.7384412125023427,376,SN13,3.013894102370443
1000,600,4,rademacher,1.5,2.7384412125023427,376,OptShrink,2.985067462361947
1000,600,4,rademacher,1.5,2.7384412125023427,377,Algorithm 3,2.8273530471572568
1000,600,4,rademacher,1.5,2.7384412125023427,377,SN13,3.020558060223067
1000,600,4,rademacher,1.5,2.7384412125023427,377,OptShrink,2.9911117211620564
1000,600,4,rademacher,1.5,2.7384412125023427,378,Algorithm 3,2.7252200747849704
1000,600,4,rademacher,1.5,2.7384412125023427,378,SN13,2.9753941037858214
1000,600,4,rademacher,1.5,2.7384412125023427,378,OptShrink,2.9455836226473604
1000,600,4,rademacher,1.5,2.7384412125023427,379,Algorithm 3,2.74526509002305
1000,600,4,rademacher,1.5,2.7384412125023427,379,SN13,2.851757824901741
1000,600,4,rademacher,1.5,2.7384412125023427,379,OptShrink,2.815233389073895
1000,600,4,rademacher,1.5,2.7384412125023427,380,Algorithm 3,2.621998519021345
1000,600,4,rademacher,1.5,2.7384412125023427,380,SN13,2.8985274669431864
1000,600,4,rademacher,1.5,2.7384412125023427,380,OptShrink,2.8650417247551005
1000,600,4,rademacher,1.5,2.7384412125023427,381,Algorithm 3,2.5732041039731453
1000,600,4,rademacher,1.5,2.7384412125023427,381,SN13,2.8716712245094693
1000,600,4,rademacher,1.5,2.7384412125023427,381,OptShrink,2.8345250922243577
1000,600,4,rademacher,1.5,2.7384412125023427,382,Algorithm 3,2.65288151647137
1000,600,4,rademacher,1.5,2.7384412125023427,382,SN13,2.8760450166400746
1000,600,4,rademacher,1.5,2.7384412125023427,382,OptShrink,2.840982211607031
1000,600,4,rademacher,1.5,2.7384412125023427,383,Algorithm 3,2.7077922839527506
1000,600,4,rademacher,1.5,2.7384412125023427,383,SN13,2.922906826383761
1000,600,4,rademacher,1.5,2.7384412125023427,383,OptShrink,2.8894784885032103
1000,600,4,rademacher,1.5,2.7384412125023427,384,Algorithm 3,2.623305579360427
1000,600,4,rademacher,1.5,2.7384412125023427,384,SN13,2.793386393607279
1000,600,4,rademacher,1.5,2.7384412125023427,384,OptShrink,2.7528535310068576
1000,600,4,rademacher,1.5,2.7384412125023427,385,Algorithm 3,2.8188563194708545
1000,600,4,rademacher,1.5,2.7384412125023427,385,SN13,2.9617597858563824
1000,600,4,rademacher,1.5,2.7384412125023427,385,OptShrink,2.930187442879928
1000,600,4,rademacher,1.5,2.7384412125023427,386,Algorithm 3,2.6697518110212806
1000,600,4,rademacher,1.5,2.7384412125023427,386,SN13,2.9058982880721214
1000,600,4,rademacher,1.5,2.7384412125023427,386,OptShrink,2.8709479919909553
1000,600,4,rademacher,1.5,2.7384412125023427,387,Algorithm 3,2.730501095715695
1000,600,4,rademacher,1.5,2.7384412125023427,387,SN13,2.925683313360291
1000,600,4,rademacher,1.5,2.7384412125023427,387,OptShrink,2.8929900250167964
1000,600,4,rademacher,1.5,2.7384412125023427,388,Algorithm 3,2.6943972790624575
1000,600,4,rademacher,1.5,2.7384412125023427,388,SN13,2.919076784358397
1000,600,4,rademacher,1.5,2.7384412125023427,388,OptShrink,2.886106504971833
1000,600,4,rademacher,1.5,2.7384412125023427,389,Algorithm 3,2.669487486778231
1000,600,4,rademacher,1.5,2.7384412125023427,389,SN13,2.9057262665830423
1000,600,4,rademacher,1.5,2.7384412125023427,389,OptShrink,2.872814519296795
1000,600,4,rademacher,1.5,2.7384412125023427,390,Algorithm 3,2.7555819962619568
1000,600,4,rademacher,1.5,2.7384412125023427,390,SN13,2.9652960740707024
1000,600,4,rademacher,1.5,2.7384412125023427,390,OptShrink,2.9349582613417087
1000,600,4,rademacher,1.5,2.7384412125023427,391,Algorithm 3,2.7407440535425813
1000,600,4,rademacher,1.5,2.7384412125023427,391,SN13,2.918472392788808
1000,600,4,rademacher,1.5,2.7384412125023427,391,OptShrink,2.8848628774341005
1000,600,4,rademacher,1.5,2.7384412125023427,392,Algorithm 3,2.744630184006926
1000,600,4,rademacher,1.5,2.7384412125023427,392,SN13,2.950574545485716
1000,600,4,rademacher,1.5,2.7384412125023427,392,OptShrink,2.919146701379953
1000,600,4,rademacher,1.5,2.7384412125023427,393,Algorithm 3,2.684594593825355
1000,600,4,rademacher,1.5,2.7384412125023427,393,SN13,2.8889761216474956
1000,600,4,rademacher,1.5,2.7384412125023427,393,OptShrink,2.854472836409181
1000,600,4,rademacher,1.5,2.7384412125023427,394,Algorithm 3,2.6397469608070754
1000,600,4,rademacher,1.5,2.7384412125023427,394,SN13,2.890889044764279
1000,600,4,rademacher,1.5,2.7384412125023427,394,OptShrink,2.8562815617595416
1000,600,4,rademacher,1.5,2.7384412125023427,395,Algorithm 3,2.730986222219101
1000,600,4,rademacher,1.5,2.7384412125023427,395,SN13,2.918650352804098
1000,600,4,rademacher,1.5,2.7384412125023427,395,OptShrink,2.8860140173628084
1000,600,4,rademacher,1.5,2.7384412125023427,396,Algorithm 3,2.7413518185312387
1000,600,4,rademacher,1.5,2.7384412125023427,396,SN13,2.9047142006591833
1000,600,4,rademacher,1.5,2.7384412125023427,396,OptShrink,2.870411156951695
1000,600,4,rademacher,1.5,2.7384412125023427,397,Algorithm 3,2.6956171644123477
1000,600,4,rademacher,1.5,2.7384412125023427,397,SN13,2.8874289115385245
1000,600,4,rademacher,1.5,2.7384412125023427,397,OptShrink,2.852320293780459
1000,600,4,rademacher,1.5,2.7384412125023427,398,Algorithm 3,2.7787301294705284
1000,600,4,rademacher,1.5,2.7384412125023427,398,SN13,2.9796957544497795
1000,600,4,rademacher,1.5,2.7384412125023427,398,OptShrink,2.9496137921461787
1000,600,4,rademacher,1.5,2.7384412125023427,399,Algorithm 3,2.8549043999580648
1000,600,4,rademacher,1.5,2.7384412125023427,399,SN13,3.036922870696834
1000,600,4,rademacher,1.5,2.7384412125023427,399,OptShrink,3.0091585965467758
1000,600,4,rademacher,1.5,2.7384412125023427,400,Algorithm 3,2.660770370136974
1000,600,4,rademacher,1.5,2.7384412125023427,400,SN13,2.88416449316091
1000,600,4,rademacher,1.5,2.7384412125023427,400,OptShrink,2.849635196989423
1000,600,4,rademacher,1.5,2.7384412125023427,401,Algorithm 3,2.7028815023413393
1000,600,4,rademacher,1.5,2.7384412125023427,401,SN13,2.904647086616327
1000,600,4,rademacher,1.5,2.7384412125023427,401,OptShrink,2.870381893241391
1000,600,4,rademacher,1.5,2.7384412125023427,402,Algorithm 3,2.863752040922008
1000,600,4,rademacher,1.5,2.7384412125023427,402,SN13,3.0722003301101197
1000,600,4,rademacher,1.5,2.7384412125023427,402,OptShrink,3.0455036154092756
1000,600,4,rademacher,1.5,2.7384412125023427,403,Algorithm 3,2.7722153461020427
1000,600,4,rademacher,1.5,2.7384412125023427,403,SN13,2.976079965642977
1000,600,4,rademacher,1.5,2.7384412125023427,403,OptShrink,2.9453738471515414
1000,600,4,rademacher,1.5,2.7384412125023427,404,Algorithm 3,2.632132434844899
1000,600,4,rademacher,1.5,2.7384412125023427,404,SN13,2.8984297712174847
1000,600,4,rademacher,1.5,2.7384412125023427,404,OptShrink,2.864205776351815
1000,600,4,rademacher,1.5,2.7384412125023427,405,Algorithm 3,2.785757409420048
1000,600,4,rademacher,1.5,2.7384412125023427,405,SN13,2.9429829396372265
1000,600,4,rademacher,1.5,2.7384412125023427,405,OptShrink,2.9109300648344685
1000,600,4,rademacher,1.5,2.7384412125023427,406,Algorithm 3,2.721929702318987
1000,600,4,rademacher,1.5,2.7384412125023427,406,SN13,2.9472569408642775
1000,600,4,rademacher,1.5,2.7384412125023427,406,OptShrink,2.9147493771298043
1000,600,4,rademacher,1.5,2.7384412125023427,407,Algorithm 3,2.684548216814188
1000,600,4,rademacher,1.5,2.7384412125023427,407,SN13,2.839274187729961
1000,600,4,rademacher,1.5,2.7384412125023427,407,OptShrink,2.80132546908213
1000,600,4,rademacher,1.5,2.7384412125023427,408,Algorithm 3,2.7099901732065232
1000,600,4,rademacher,1.5,2.7384412125023427,408,SN13,2.878114564945823
1000,600,4,rademacher,1.5,2.7384412125023427,408,OptShrink,2.8431084184336104
1000,600,4,rademacher,1.5,2.7384412125023427,409,Algorithm 3,2.862715905318738
1000,600,4,rademacher,1.5,2.7384412125023427,409,SN13,3.0084183408123044
1000,600,4,rademacher,1.5,2.7384412125023427,409,OptShrink,2.979843097392707
1000,600,4,rademacher,1.5,2.7384412125023427,410,Algorithm 3,2.6835566691126838
1000,600,4,rademacher,1.5,2.7384412125023427,410,SN13,2.9109201138626783
1000,600,4,rademacher,1.5,2.7384412125023427,410,OptShrink,2.8778518693975492
1000,600,4,rademacher,1.5,2.7384412125023427,411,Algorithm 3,2.8660733347426164
1000,600,4,rademacher,1.5,2.7384412125023427,411,SN13,3.0402080984305604
1000,600,4,rademacher,1.5,2.7384412125023427,411,OptShrink,3.0121953000303563
1000,600,4,rademacher,1.5,2.7384412125023427,412,Algorithm 3,2.6478880215309655
1000,600,4,rademacher,1.5,2.7384412125023427,412,SN13,2.9135815843837762
1000,600,4,rademacher,1.5,2.7384412125023427,412,OptShrink,2.88088684177478
1000,600,4,rademacher,1.5,2.7384412125023427,413,Algorithm 3,2.641009522260975
1000,600,4,rademacher,1.5,2.7384412125023427,413,SN13,2.8921361964071353
1000,600,4,rademacher,1.5,2.7384412125023427,413,OptShrink,2.8578997625014644
1000,600,4,rademacher,1.5,2.7384412125023427,414,Algorithm 3,2.803648543110426
1000,600,4,rademacher,1.5,2.7384412125023427,414,SN13,3.03589883484689
1000,600,4,rademacher,1.5,2.7384412125023427,414,OptShrink,3.0083300202195646
1000,600,4,rademacher,1.5,2.7384412125023427,415,Algorithm 3,2.859530043025807
1000,600,4,rademacher,1.5,2.7384412125023427,415,SN13,3.0997026261279204
1000,600,4,rademacher,1.5,2.7384412125023427,415,OptShrink,3.074632703887072
1000,600,4,rademacher,1.5,2.7384412125023427,416,Algorithm 3,2.756053807988272
1000,600,4,rademacher,1.5,2.7384412125023427,416,SN13,3.0010191220293896
1000,600,4,rademacher,1.5,2.7384412125023427,416,OptShrink,2.97192039068399
1000,600,4,rademacher,1.5,2.7384412125023427,417,Algorithm 3,2.6405328052203303
1000,600,4,rademacher,1.5,2.7384412125023427,417,SN13,2.9116965648020408
1000,600,4,rademacher,1.5,2.7384412125023427,417,OptShrink,2.8784830079399506
1000,600,4,rademacher,1.5,2.7384412125023427,418,Algorithm 3,2.841269527403708
1000,600,4,rademacher,1.5,2.7384412125023427,418,SN13,3.030780521722232
1000,600,4,rademacher,1.5,2.7384412125023427,418,OptShrink,3.0023856110859626
1000,600,4,rademacher,1.5,2.7384412125023427,419,Algorithm 3,2.7357939301811856
1000,600,4,rademacher,1.5,2.7384412125023427,419,SN13,2.892334271045203
1000,600,4,rademacher,1.5,2.7384412125023427,419,OptShrink,2.857448869576458
1000,600,4,rademacher,1.5,2.7384412125023427,420,Algorithm 3,2.774900973030298
1000,600,4,rademacher,1.5,2.7384412125023427,420,SN13,3.0036037562712994
1000,600,4,rademacher,1.5,2.7384412125023427,420,OptShrink,2.9745989208554304
1000,600,4,rademacher,1.5,2.7384412125023427,421,Algorithm 3,2.721032674319494
1000,600,4,rademacher,1.5,2.7384412125023427,421,SN13,2.9068379670730913
1000,600,4,rademacher,1.5,2.7384412125023427,421,OptShrink,2.872507486657416
1000,600,4,rademacher,1.5,2.7384412125023427,422,Algorithm 3,2.7312842129491384
1000,600,4,rademacher,1.5,2.7384412125023427,422,SN13,2.8961614559791484
1000,600,4,rademacher,1.5,2.7384412125023427,422,OptShrink,2.862118061743692
1000,600,4,rademacher,1.5,2.7384412125023427,423,Algorithm 3,2.7326376867166657
1000,600,4,rademacher,1.5,2.7384412125023427,423,SN13,2.9060470885073206
1000,600,4,rademacher,1.5,2.7384412125023427,423,OptShrink,2.872842484268486
1000,600,4,rademacher,1.5,2.7384412125023427,424,Algorithm 3,2.6911695110189506
1000,600,4,rademacher,1.5,2.7384412125023427,424,SN13,2.846649452805869
1000,600,4,rademacher,1.5,2.7384412125023427,424,OptShrink,2.808974683114925
1000,600,4,rademacher,1.5,2.7384412125023427,425,Algorithm 3,2.7928225941633453
1000,600,4,rademacher,1.5,2.7384412125023427,425,SN13,2.945301308603179
1000,600,4,rademacher,1.5,2.7384412125023427,425,OptShrink,2.9134950418664913
1000,600,4,rademacher,1.5,2.7384412125023427,426,Algorithm 3,2.869262306373671
1000,600,4,rademacher,1.5,2.7384412125023427,426,SN13,3.007321852895887
1000,600,4,rademacher,1.5,2.7384412125023427,426,OptShrink,2.9775537284107365
1000,600,4,rademacher,1.5,2.7384412125023427,427,Algorithm 3,2.883625014483625
1000,600,4,rademacher,1.5,2.7384412125023427,427,SN13,3.0249791719973858
1000,600,4,rademacher,1.5,2.7384412125023427,427,OptShrink,2.9971533360092
1000,600,4,rademacher,1.5,2.7384412125023427,428,Algorithm 3,2.7037846039364872
1000,600,4,rademacher,1.5,2.7384412125023427,428,SN13,2.9124672021947045
1000,600,4,rademacher,1.5,2.7384412125023427,428,OptShrink,2.8782880092042586
1000,600,4,rademacher,1.5,2.7384412125023427,429,Algorithm 3,2.5328059599615402
1000,600,4,rademacher,1.5,2.7384412125023427,429,SN13,2.8385617927501348
1000,600,4,rademacher,1.5,2.7384412125023427,429,OptShrink,2.8004384970871268
1000,600,4,rademacher,1.5,2.7384412125023427,430,Algorithm 3,2.561977140210012
1000,600,4,rademacher,1.5,2.7384412125023427,430,SN13,2.8834495953358896
1000,600,4,rademacher,1.5,2.7384412125023427,430,OptShrink,2.8489882270762803
1000,600,4,rademacher,1.5,2.7384412125023427,431,Algorithm 3,2.784320323483964
1000,600,4,rademacher,1.5,2.7384412125023427,431,SN13,2.966081997225004
1000,600,4,rademacher,1.5,2.7384412125023427,431,OptShrink,2.9347394464827894
1000,600,4,rademacher,1.5,2.7384412125023427,432,Algorithm 3,2.7589430694633097
1000,600,4,rademacher,1.5,2.7384412125023427,432,SN13,2.9529243104597755
1000,600,4,rademacher,1.5,2.7384412125023427,432,OptShrink,2.9214320247930994
1000,600,4,rademacher,1.5,2.7384412125023427,433,Algorithm 3,2.7909986466923216
1000,600,4,rademacher,1.5,2.7384412125023427,433,SN13,2.9402123881588356
1000,600,4,rademacher,1.5,2.7384412125023427,433,OptShrink,2.908013542183519
1000,600,4,rademacher,1.5,2.7384412125023427,434,Algorithm 3,2.777031356238731
1000,600,4,rademacher,1.5,2.7384412125023427,434,SN13,2.9528601250807998
1000,600,4,rademacher,1.5,2.7384412125023427,434,OptShrink,2.9204232789581055
1000,600,4,rademacher,1.5,2.7384412125023427,435,Algorithm 3,2.7213907214132353
1000,600,4,rademacher,1.5,2.7384412125023427,435,SN13,2.899834779565101
1000,600,4,rademacher,1.5,2.7384412125023427,435,OptShrink,2.865050282535667
1000,600,4,rademacher,1.5,2.7384412125023427,436,Algorithm 3,2.8604840365973745
1000,600,4,rademacher,1.5,2.7384412125023427,436,SN13,3.0587481763201056
1000,600,4,rademacher,1.5,2.7384412125023427,436,OptShrink,3.0315635970255026
1000,600,4,rademacher,1.5,2.7384412125023427,437,Algorithm 3,2.6413441327317004
1000,600,4,rademacher,1.5,2.7384412125023427,437,SN13,2.8588220669421096
1000,600,4,rademacher,1.5,2.7384412125023427,437,OptShrink,2.8220374021844816
1000,600,4,rademacher,1.5,2.7384412125023427,438,Algorithm 3,2.6610101985073022
1000,600,4,rademacher,1.5,2.7384412125023427,438,SN13,2.8996389634332966
1000,600,4,rademacher,1.5,2.7384412125023427,438,OptShrink,2.8660206460681326
1000,600,4,rademacher,1.5,2.7384412125023427,439,Algorithm 3,2.7770517051107033
1000,600,4,rademacher,1.5,2.7384412125023427,439,SN13,2.9555313063097053
1000,600,4,rademacher,1.5,2.7384412125023427,439,OptShrink,2.9247958132427025
1000,600,4,rademacher,1.5,2.7384412125023427,440,Algorithm 3,2.6911703726008698
1000,600,4,rademacher,1.5,2.7384412125023427,440,SN13,2.9847840503826246
1000,600,4,rademacher,1.5,2.7384412125023427,440,OptShrink,2.9542462704318457
1000,600,4,rademacher,1.5,2.7384412125023427,441,Algorithm 3,2.6616827656910313
1000,600,4,rademacher,1.5,2.7384412125023427,441,SN13,2.855776526420366
1000,600,4,rademacher,1.5,2.7384412125023427,441,OptShrink,2.819571661061047
1000,600,4,rademacher,1.5,2.7384412125023427,442,Algorithm 3,2.734392215222829
1000,600,4,rademacher,1.5,2.7384412125023427,442,SN13,2.977819104344428
1000,600,4,rademacher,1.5,2.7384412125023427,442,OptShrink,2.9475251294226186
1000,600,4,rademacher,1.5,2.7384412125023427,443,Algorithm 3,2.6923777799717286
1000,600,4,rademacher,1.5,2.7384412125023427,443,SN13,2.8941568219355727
1000,600,4,rademacher,1.5,2.7384412125023427,443,OptShrink,2.8593714137394577
1000,600,4,rademacher,1.5,2.7384412125023427,444,Algorithm 3,2.6447662284567426
1000,600,4,rademacher,1.5,2.7384412125023427,444,SN13,2.825444586159245
1000,600,4,rademacher,1.5,2.7384412125023427,444,OptShrink,2.787236858640698
1000,600,4,rademacher,1.5,2.7384412125023427,445,Algorithm 3,2.6884472641075003
1000,600,4,rademacher,1.5,2.7384412125023427,445,SN13,2.8924762270510667
1000,600,4,rademacher,1.5,2.7384412125023427,445,OptShrink,2.8577334631563143
1000,600,4,rademacher,1.5,2.7384412125023427,446,Algorithm 3,2.728388673547467
1000,600,4,rademacher,1.5,2.7384412125023427,446,SN13,2.922538886581648
1000,600,4,rademacher,1.5,2.7384412125023427,446,OptShrink,2.889092525190459
1000,600,4,rademacher,1.5,2.7384412125023427,447,Algorithm 3,2.82640578675696
1000,600,4,rademacher,1.5,2.7384412125023427,447,SN13,3.047268523245215
1000,600,4,rademacher,1.5,2.7384412125023427,447,OptShrink,3.0201414435423017
1000,600,4,rademacher,1.5,2.7384412125023427,448,Algorithm 3,2.622906001137721
1000,600,4,rademacher,1.5,2.7384412125023427,448,SN13,2.838924004404459
1000,600,4,rademacher,1.5,2.7384412125023427,448,OptShrink,2.801072426237305
1000,600,4,rademacher,1.5,2.7384412125023427,449,Algorithm 3,2.743232000909819
1000,600,4,rademacher,1.5,2.7384412125023427,449,SN13,2.990200813358188
1000,600,4,rademacher,1.5,2.7384412125023427,449,OptShrink,2.9614200932221237
1000,600,4,rademacher,1.5,2.7384412125023427,450,Algorithm 3,2.8184129611148037
1000,600,4,rademacher,1.5,2.7384412125023427,450,SN13,3.0019394597277933
1000,600,4,rademacher,1.5,2.7384412125023427,450,OptShrink,2.972496732233569
1000,600,4,rademacher,1.5,2.7384412125023427,451,Algorithm 3,2.670813807739752
1000,600,4,rademacher,1.5,2.7384412125023427,451,SN13,2.846692727079143
1000,600,4,rademacher,1.5,2.7384412125023427,451,OptShrink,2.8098936418203673
1000,600,4,rademacher,1.5,2.7384412125023427,452,Algorithm 3,2.718344027406037
1000,600,4,rademacher,1.5,2.7384412125023427,452,SN13,2.903491960284189
1000,600,4,rademacher,1.5,2.7384412125023427,452,OptShrink,2.869325056481672
1000,600,4,rademacher,1.5,2.7384412125023427,453,Algorithm 3,2.7586622175475837
1000,600,4,rademacher,1.5,2.7384412125023427,453,SN13,2.8959046192307505
1000,600,4,rademacher,1.5,2.7384412125023427,453,OptShrink,2.8609325227240885
1000,600,4,rademacher,1.5,2.7384412125023427,454,Algorithm 3,2.6496611900838514
1000,600,4,rademacher,1.5,2.7384412125023427,454,SN13,2.8823996364099025
1000,600,4,rademacher,1.5,2.7384412125023427,454,OptShrink,2.84823631913307
1000,600,4,rademacher,1.5,2.7384412125023427,455,Algorithm 3,2.7380084512353435
1000,600,4,rademacher,1.5,2.7384412125023427,455,SN13,2.872553637860994
1000,600,4,rademacher,1.5,2.7384412125023427,455,OptShrink,2.837455628304467
1000,600,4,rademacher,1.5,2.7384412125023427,456,Algorithm 3,2.814690522415581
1000,600,4,rademacher,1.5,2.7384412125023427,456,SN13,2.9786724153983637
1000,600,4,rademacher,1.5,2.7384412125023427,456,OptShrink,2.9487317836295195
1000,600,4,rademacher,1.5,2.7384412125023427,457,Algorithm 3,2.7041121504101886
1000,600,4,rademacher,1.5,2.7384412125023427,457,SN13,2.9513493210461115
1000,600,4,rademacher,1.5,2.7384412125023427,457,OptShrink,2.919759523712367
1000,600,4,rademacher,1.5,2.7384412125023427,458,Algorithm 3,2.7077222501373024
1000,600,4,rademacher,1.5,2.7384412125023427,458,SN13,2.9349029855576854
1000,600,4,rademacher,1.5,2.7384412125023427,458,OptShrink,2.902507262525722
1000,600,4,rademacher,1.5,2.7384412125023427,459,Algorithm 3,2.5300461004449293
1000,600,4,rademacher,1.5,2.7384412125023427,459,SN13,2.8181453632322557
1000,600,4,rademacher,1.5,2.7384412125023427,459,OptShrink,2.7802611765613796
1000,600,4,rademacher,1.5,2.7384412125023427,460,Algorithm 3,2.689146647721933
1000,600,4,rademacher,1.5,2.7384412125023427,460,SN13,2.8976426332729397
1000,600,4,rademacher,1.5,2.7384412125023427,460,OptShrink,2.86221415843785
1000,600,4,rademacher,1.5,2.7384412125023427,461,Algorithm 3,2.778816376927092
1000,600,4,rademacher,1.5,2.7384412125023427,461,SN13,2.916041586044221
1000,600,4,rademacher,1.5,2.7384412125023427,461,OptShrink,2.8824527400474085
1000,600,4,rademacher,1.5,2.7384412125023427,462,Algorithm 3,2.7133748449327726
1000,600,4,rademacher,1.5,2.7384412125023427,462,SN13,2.9231090113546436
1000,600,4,rademacher,1.5,2.7384412125023427,462,OptShrink,2.8901435418570762
1000,600,4,rademacher,1.5,2.7384412125023427,463,Algorithm 3,2.7651155312705464
1000,600,4,rademacher,1.5,2.7384412125023427,463,SN13,2.943386460731503
1000,600,4,rademacher,1.5,2.7384412125023427,463,OptShrink,2.9118728119803774
1000,600,4,rademacher,1.5,2.7384412125023427,464,Algorithm 3,2.713517467675137
1000,600,4,rademacher,1.5,2.7384412125023427,464,SN13,2.9141775751376535
1000,600,4,rademacher,1.5,2.7384412125023427,464,OptShrink,2.8809230043660867
1000,600,4,rademacher,1.5,2.7384412125023427,465,Algorithm 3,2.7102649507093264
1000,600,4,rademacher,1.5,2.7384412125023427,465,SN13,2.915152173666971
1000,600,4,rademacher,1.5,2.7384412125023427,465,OptShrink,2.881671269548536
1000,600,4,rademacher,1.5,2.7384412125023427,466,Algorithm 3,2.7755253608251897
1000,600,4,rademacher,1.5,2.7384412125023427,466,SN13,3.005942332492704
1000,600,4,rademacher,1.5,2.7384412125023427,466,OptShrink,2.9759949222337383
1000,600,4,rademacher,1.5,2.7384412125023427,467,Algorithm 3,2.7727486428553236
1000,600,4,rademacher,1.5,2.7384412125023427,467,SN13,2.983385422742869
1000,600,4,rademacher,1.5,2.7384412125023427,467,OptShrink,2.9527621811427722
1000,600,4,rademacher,1.5,2.7384412125023427,468,Algorithm 3,2.6282603712022303
1000,600,4,rademacher,1.5,2.7384412125023427,468,SN13,2.8873761307124566
1000,600,4,rademacher,1.5,2.7384412125023427,468,OptShrink,2.851551253818262
1000,600,4,rademacher,1.5,2.7384412125023427,469,Algorithm 3,2.8856772834403386
1000,600,4,rademacher,1.5,2.7384412125023427,469,SN13,3.0621342133506837
1000,600,4,rademacher,1.5,2.7384412125023427,469,OptShrink,3.035830617308471
1000,600,4,rademacher,1.5,2.7384412125023427,470,Algorithm 3,2.7080982525298753
1000,600,4,rademacher,1.5,2.7384412125023427,470,SN13,2.8452339561677613
1000,600,4,rademacher,1.5,2.7384412125023427,470,OptShrink,2.80763686043392
1000,600,4,rademacher,1.5,2.7384412125023427,471,Algorithm 3,2.6643904457020096
1000,600,4,rademacher,1.5,2.7384412125023427,471,SN13,2.943609705668091
1000,600,4,rademacher,1.5,2.7384412125023427,471,OptShrink,2.912002716685213
1000,600,4,rademacher,1.5,2.7384412125023427,472,Algorithm 3,2.6566143918911913
1000,600,4,rademacher,1.5,2.7384412125023427,472,SN13,2.8784500703793516
1000,600,4,rademacher,1.5,2.7384412125023427,472,OptShrink,2.843185431269647
1000,600,4,rademacher,1.5,2.7384412125023427,473,Algorithm 3,2.4957999528249455
1000,600,4,rademacher,1.5,2.7384412125023427,473,SN13,2.853074687752129
1000,600,4,rademacher,1.5,2.7384412125023427,473,OptShrink,2.816156639929415
1000,600,4,rademacher,1.5,2.7384412125023427,474,Algorithm 3,2.795414409876068
1000,600,4,rademacher,1.5,2.7384412125023427,474,SN13,3.017627613864511
1000,600,4,rademacher,1.5,2.7384412125023427,474,OptShrink,2.988468122179332
1000,600,4,rademacher,1.5,2.7384412125023427,475,Algorithm 3,2.762371104705324
1000,600,4,rademacher,1.5,2.7384412125023427,475,SN13,3.003839705547045
1000,600,4,rademacher,1.5,2.7384412125023427,475,OptShrink,2.9751619886061906
1000,600,4,rademacher,1.5,2.7384412125023427,476,Algorithm 3,2.7011568982965524
1000,600,4,rademacher,1.5,2.7384412125023427,476,SN13,2.902897362608334
1000,600,4,rademacher,1.5,2.7384412125023427,476,OptShrink,2.869164734221652
1000,600,4,rademacher,1.5,2.7384412125023427,477,Algorithm 3,2.7480471611308683
1000,600,4,rademacher,1.5,2.7384412125023427,477,SN13,2.9366342553716027
1000,600,4,rademacher,1.5,2.7384412125023427,477,OptShrink,2.903693673591587
1000,600,4,rademacher,1.5,2.7384412125023427,478,Algorithm 3,2.6436243110489634
1000,600,4,rademacher,1.5,2.7384412125023427,478,SN13,2.8762214710440253
1000,600,4,rademacher,1.5,2.7384412125023427,478,OptShrink,2.8414312043260153
1000,600,4,rademacher,1.5,2.7384412125023427,479,Algorithm 3,2.7554144029171423
1000,600,4,rademacher,1.5,2.7384412125023427,479,SN13,2.9678371501889207
1000,600,4,rademacher,1.5,2.7384412125023427,479,OptShrink,2.937034299643379
1000,600,4,rademacher,1.5,2.7384412125023427,480,Algorithm 3,2.835352162329401
1000,600,4,rademacher,1.5,2.7384412125023427,480,SN13,2.981779397495364
1000,600,4,rademacher,1.5,2.7384412125023427,480,OptShrink,2.9520325628261683
1000,600,4,rademacher,1.5,2.7384412125023427,481,Algorithm 3,2.7238968097055056
1000,600,4,rademacher,1.5,2.7384412125023427,481,SN13,2.942629729203523
1000,600,4,rademacher,1.5,2.7384412125023427,481,OptShrink,2.9110430342507616
1000,600,4,rademacher,1.5,2.7384412125023427,482,Algorithm 3,2.6794459995039337
1000,600,4,rademacher,1.5,2.7384412125023427,482,SN13,2.9065630272223206
1000,600,4,rademacher,1.5,2.7384412125023427,482,OptShrink,2.8726576025952277
1000,600,4,rademacher,1.5,2.7384412125023427,483,Algorithm 3,2.634625057914598
1000,600,4,rademacher,1.5,2.7384412125023427,483,SN13,2.9016565275134725
1000,600,4,rademacher,1.5,2.7384412125023427,483,OptShrink,2.867720871924346
1000,600,4,rademacher,1.5,2.7384412125023427,484,Algorithm 3,2.6197294198893837
1000,600,4,rademacher,1.5,2.7384412125023427,484,SN13,2.875976776271769
1000,600,4,rademacher,1.5,2.7384412125023427,484,OptShrink,2.8402729102204876
1000,600,4,rademacher,1.5,2.7384412125023427,485,Algorithm 3,2.7386717236173768
1000,600,4,rademacher,1.5,2.7384412125023427,485,SN13,2.9698926188673425
1000,600,4,rademacher,1.5,2.7384412125023427,485,OptShrink,2.9400814289178463
1000,600,4,rademacher,1.5,2.7384412125023427,486,Algorithm 3,2.6957195471901274
1000,600,4,rademacher,1.5,2.7384412125023427,486,SN13,2.8653129715741836
1000,600,4,rademacher,1.5,2.7384412125023427,486,OptShrink,2.830347108186773
1000,600,4,rademacher,1.5,2.7384412125023427,487,Algorithm 3,2.666505730879479
1000,600,4,rademacher,1.5,2.7384412125023427,487,SN13,2.89466702079225
1000,600,4,rademacher,1.5,2.7384412125023427,487,OptShrink,2.8594969235279666
1000,600,4,rademacher,1.5,2.7384412125023427,488,Algorithm 3,2.7576670201516675
1000,600,4,rademacher,1.5,2.7384412125023427,488,SN13,2.947746232086959
1000,600,4,rademacher,1.5,2.7384412125023427,488,OptShrink,2.91589003873353
1000,600,4,rademacher,1.5,2.7384412125023427,489,Algorithm 3,2.6970028435493743
1000,600,4,rademacher,1.5,2.7384412125023427,489,SN13,2.9722570831030186
1000,600,4,rademacher,1.5,2.7384412125023427,489,OptShrink,2.9415759766644207
1000,600,4,rademacher,1.5,2.7384412125023427,490,Algorithm 3,2.6416868550366606
1000,600,4,rademacher,1.5,2.7384412125023427,490,SN13,2.8647793623027025
1000,600,4,rademacher,1.5,2.7384412125023427,490,OptShrink,2.827941315048963
1000,600,4,rademacher,1.5,2.7384412125023427,491,Algorithm 3,2.8553774318545115
1000,600,4,rademacher,1.5,2.7384412125023427,491,SN13,2.985074228890248
1000,600,4,rademacher,1.5,2.7384412125023427,491,OptShrink,2.954214073748484
1000,600,4,rademacher,1.5,2.7384412125023427,492,Algorithm 3,2.700941582312602
1000,600,4,rademacher,1.5,2.7384412125023427,492,SN13,3.005435800179739
1000,600,4,rademacher,1.5,2.7384412125023427,492,OptShrink,2.976251201224244
1000,600,4,rademacher,1.5,2.7384412125023427,493,Algorithm 3,2.7178584551123914
1000,600,4,rademacher,1.5,2.7384412125023427,493,SN13,2.9226547949519577
1000,600,4,rademacher,1.5,2.7384412125023427,493,OptShrink,2.88939690843988
1000,600,4,rademacher,1.5,2.7384412125023427,494,Algorithm 3,2.731813899584587
1000,600,4,rademacher,1.5,2.7384412125023427,494,SN13,2.9448190759940647
1000,600,4,rademacher,1.5,2.7384412125023427,494,OptShrink,2.9132642766993073
1000,600,4,rademacher,1.5,2.7384412125023427,495,Algorithm 3,2.6153818916695153
1000,600,4,rademacher,1.5,2.7384412125023427,495,SN13,2.8498151583307103
1000,600,4,rademacher,1.5,2.7384412125023427,495,OptShrink,2.813233871852928
1000,600,4,rademacher,1.5,2.7384412125023427,496,Algorithm 3,2.8101283907731966
1000,600,4,rademacher,1.5,2.7384412125023427,496,SN13,2.968974321624101
1000,600,4,rademacher,1.5,2.7384412125023427,496,OptShrink,2.9382164919229585
1000,600,4,rademacher,1.5,2.7384412125023427,497,Algorithm 3,2.8931074622939414
1000,600,4,rademacher,1.5,2.7384412125023427,497,SN13,3.08213479241705
1000,600,4,rademacher,1.5,2.7384412125023427,497,OptShrink,3.057079347944832
1000,600,4,rademacher,1.5,2.7384412125023427,498,Algorithm 3,2.6936629643784666
1000,600,4,rademacher,1.5,2.7384412125023427,498,SN13,2.9171695863784297
1000,600,4,rademacher,1.5,2.7384412125023427,498,OptShrink,2.8843947574223656
1000,600,4,rademacher,1.5,2.7384412125023427,499,Algorithm 3,2.749313553534553
1000,600,4,rademacher,1.5,2.7384412125023427,499,SN13,2.9061055696199456
1000,600,4,rademacher,1.5,2.7384412125023427,499,OptShrink,2.8719696474662255
1000,600,4,rademacher,1.5,2.7384412125023427,500,Algorithm 3,2.719133940448627
1000,600,4,rademacher,1.5,2.7384412125023427,500,SN13,2.986146378300285
1000,600,4,rademacher,1.5,2.7384412125023427,500,OptShrink,2.9567851500923688
1000,600,8,gaussian,1.5,3.766541352091102,1,Algorithm 3,3.666790575143759
1000,600,8,gaussian,1.5,3.766541352091102,1,SN13,4.037127936646608
1000,600,8,gaussian,1.5,3.766541352091102,1,OptShrink,3.964325198668399
1000,600,8,gaussian,1.5,3.766541352091102,2,Algorithm 3,3.6092272935919665
1000,600,8,gaussian,1.5,3.766541352091102,2,SN13,3.8936194482935216
1000,600,8,gaussian,1.5,3.766541352091102,2,OptShrink,3.8080465494564466
1000,600,8,gaussian,1.5,3.766541352091102,3,Algorithm 3,3.5589808344783687
1000,600,8,gaussian,1.5,3.766541352091102,3,SN13,4.118648983050498
1000,600,8,gaussian,1.5,3.766541352091102,3,OptShrink,4.050366304092802
1000,600,8,gaussian,1.5,3.766541352091102,4,Algorithm 3,3.7566794907923025
1000,600,8,gaussian,1.5,3.766541352091102,4,SN13,4.1442823907684065
1000,600,8,gaussian,1.5,3.766541352091102,4,OptShrink,4.07807142694353
1000,600,8,gaussian,1.5,3.766541352091102,5,Algorithm 3,3.8249597031902227
1000,600,8,gaussian,1.5,3.766541352091102,5,SN13,4.08284468558998
1000,600,8,gaussian,1.5,3.766541352091102,5,OptShrink,4.012442923342271
1000,600,8,gaussian,1.5,3.766541352091102,6,Algorithm 3,3.7719484236954566
1000,600,8,gaussian,1.5,3.766541352091102,6,SN13,4.090448353459823
1000,600,8,gaussian,1.5,3.766541352091102,6,OptShrink,4.018652560021226
1000,600,8,gaussian,1.5,3.766541352091102,7,Algorithm 3,3.843611628352502
1000,600,8,gaussian,1.5,3.766541352091102,7,SN13,4.193764350839401
1000,600,8,gaussian,1.5,3.766541352091102,7,OptShrink,4.130236780052245
1000,600,8,gaussian,1.5,3.766541352091102,8,Algorithm 3,3.5452209852217482
1000,600,8,gaussian,1.5,3.766541352091102,8,SN13,3.9013352499193603
1000,600,8,gaussian,1.5,3.766541352091102,8,OptShrink,3.8148236620144056
1000,600,8,gaussian,1.5,3.766541352091102,9,Algorithm 3,3.7205460263115064
1000,600,8,gaussian,1.5,3.766541352091102,9,SN13,4.242277599819247
1000,600,8,gaussian,1.5,3.766541352091102,9,OptShrink,4.181520039023455
1000,600,8,gaussian,1.5,3.766541352091102,10,Algorithm 3,3.772233950265321
1000,600,8,gaussian,1.5,3.766541352091102,10,SN13,4.131162249909059
1000,600,8,gaussian,1.5,3.766541352091102,10,OptShrink,4.065029427219125
1000,600,8,gaussian,1.5,3.766541352091102,11,Algorithm 3,3.637219735640757
1000,600,8,gaussian,1.5,3.766541352091102,11,SN13,3.98099029056868
1000,600,8,gaussian,1.5,3.766541352091102,11,OptShrink,3.905054959426239
1000,600,8,gaussian,1.5,3.766541352091102,12,Algorithm 3,3.6701461950261645
1000,600,8,gaussian,1.5,3.766541352091102,12,SN13,4.159804985129881
1000,600,8,gaussian,1.5,3.766541352091102,12,OptShrink,4.095174019369148
1000,600,8,gaussian,1.5,3.766541352091102,13,Algorithm 3,3.858376584398261
1000,600,8,gaussian,1.5,3.766541352091102,13,SN13,4.131236857366737
1000,600,8,gaussian,1.5,3.766541352091102,13,OptShrink,4.062506079986467
1000,600,8,gaussian,1.5,3.766541352091102,14,Algorithm 3,3.859009163578398
1000,600,8,gaussian,1.5,3.766541352091102,14,SN13,4.126845555889944
1000,600,8,gaussian,1.5,3.766541352091102,14,OptShrink,4.058975723352547
1000,600,8,gaussian,1.5,3.766541352091102,15,Algorithm 3,3.7198598448695814
1000,600,8,gaussian,1.5,3.766541352091102,15,SN13,4.077341923963384
1000,600,8,gaussian,1.5,3.766541352091102,15,OptShrink,4.006980441849751
1000,600,8,gaussian,1.5,3.766541352091102,16,Algorithm 3,3.510319443099026
1000,600,8,gaussian,1.5,3.766541352091102,16,SN13,3.9261782847735143
1000,600,8,gaussian,1.5,3.766541352091102,16,OptShrink,3.843139997936804
1000,600,8,gaussian,1.5,3.766541352091102,17,Algorithm 3,3.872399072663234
1000,600,8,gaussian,1.5,3.766541352091102,17,SN13,4.197268463399636
1000,600,8,gaussian,1.5,3.766541352091102,17,OptShrink,4.133961224150035
1000,600,8,gaussian,1.5,3.766541352091102,18,Algorithm 3,3.507614137430031
1000,600,8,gaussian,1.5,3.766541352091102,18,SN13,4.054087552967685
1000,600,8,gaussian,1.5,3.766541352091102,18,OptShrink,3.981775744218508
1000,600,8,gaussian,1.5,3.766541352091102,19,Algorithm 3,3.8203046823147795
1000,600,8,gaussian,1.5,3.766541352091102,19,SN13,4.129680606610024
1000,600,8,gaussian,1.5,3.766541352091102,19,OptShrink,4.06419791487789
1000,600,8,gaussian,1.5,3.766541352091102,20,Algorithm 3,3.693925124889371
1000,600,8,gaussian,1.5,3.766541352091102,20,SN13,3.984617191811242
1000,600,8,gaussian,1.5,3.766541352091102,20,OptShrink,3.907719825893669
1000,600,8,gaussian,1.5,3.766541352091102,21,Algorithm 3,3.882443903839803
1000,600,8,gaussian,1.5,3.766541352091102,21,SN13,4.2493026530059055
1000,600,8,gaussian,1.5,3.766541352091102,21,OptShrink,4.189578771930674
1000,600,8,gaussian,1.5,3.766541352091102,22,Algorithm 3,3.7800220818233687
1000,600,8,gaussian,1.5,3.766541352091102,22,SN13,4.074877791240019
1000,600,8,gaussian,1.5,3.766541352091102,22,OptShrink,4.004268447862336
1000,600,8,gaussian,1.5,3.766541352091102,23,Algorithm 3,3.721703131354888
1000,600,8,gaussian,1.5,3.766541352091102,23,SN13,4.079090395040395
1000,600,8,gaussian,1.5,3.766541352091102,23,OptShrink,4.00601681363637
1000,600,8,gaussian,1.5,3.766541352091102,24,Algorithm 3,3.7687957982261904
1000,600,8,gaussian,1.5,3.766541352091102,24,SN13,4.107119739229769
1000,600,8,gaussian,1.5,3.766541352091102,24,OptShrink,4.037045240860811
1000,600,8,gaussian,1.5,3.766541352091102,25,Algorithm 3,3.83509661938052
1000,600,8,gaussian,1.5,3.766541352091102,25,SN13,4.177436065519825
1000,600,8,gaussian,1.5,3.766541352091102,25,OptShrink,4.113431615016251
1000,600,8,gaussian,1.5,3.766541352091102,26,Algorithm 3,3.8234630310186546
1000,600,8,gaussian,1.5,3.766541352091102,26,SN13,4.128082295715688
1000,600,8,gaussian,1.5,3.766541352091102,26,OptShrink,4.06044267990303
1000,600,8,gaussian,1.5,3.766541352091102,27,Algorithm 3,3.7221875421241197
1000,600,8,gaussian,1.5,3.766541352091102,27,SN13,4.092434897450767
1000,600,8,gaussian,1.5,3.766541352091102,27,OptShrink,4.025406527038088
1000,600,8,gaussian,1.5,3.766541352091102,28,Algorithm 3,3.8186532086492413
1000,600,8,gaussian,1.5,3.766541352091102,28,SN13,4.16188692070127
1000,600,8,gaussian,1.5,3.766541352091102,28,OptShrink,4.095016299975563
1000,600,8,gaussian,1.5,3.766541352091102,29,Algorithm 3,3.9342880404264537
1000,600,8,gaussian,1.5,3.766541352091102,29,SN13,4.254300699292922
1000,600,8,gaussian,1.5,3.766541352091102,29,OptShrink,4.193193990313185
1000,600,8,gaussian,1.5,3.766541352091102,30,Algorithm 3,3.6992775365912802
1000,600,8,gaussian,1.5,3.766541352091102,30,SN13,4.109658471742885
1000,600,8,gaussian,1.5,3.766541352091102,30,OptShrink,4.039847765941842
1000,600,8,gaussian,1.5,3.766541352091102,31,Algorithm 3,3.5672707661835004
1000,600,8,gaussian,1.5,3.766541352091102,31,SN13,3.928091829910555
1000,600,8,gaussian,1.5,3.766541352091102,31,OptShrink,3.845166521382529
1000,600,8,gaussian,1.5,3.766541352091102,32,Algorithm 3,3.7474311314781765
1000,600,8,gaussian,1.5,3.766541352091102,32,SN13,4.152382953127596
1000,600,8,gaussian,1.5,3.766541352091102,32,OptShrink,4.084760793182771
1000,600,8,gaussian,1.5,3.766541352091102,33,Algorithm 3,3.691281203549257
1000,600,8,gaussian,1.5,3.766541352091102,33,SN13,4.078678467685277
1000,600,8,gaussian,1.5,3.766541352091102,33,OptShrink,4.006986952321848
1000,600,8,gaussian,1.5,3.766541352091102,34,Algorithm 3,3.836971517757156
1000,600,8,gaussian,1.5,3.766541352091102,34,SN13,4.247357736229438
1000,600,8,gaussian,1.5,3.766541352091102,34,OptShrink,4.187351400658335
1000,600,8,gaussian,1.5,3.766541352091102,35,Algorithm 3,3.711284689097627
1000,600,8,gaussian,1.5,3.766541352091102,35,SN13,4.072092236270157
1000,600,8,gaussian,1.5,3.766541352091102,35,OptShrink,3.998709726431478
1000,600,8,gaussian,1.5,3.766541352091102,36,Algorithm 3,3.7346974580779904
1000,600,8,gaussian,1.5,3.766541352091102,36,SN13,4.105764202592881
1000,600,8,gaussian,1.5,3.766541352091102,36,OptShrink,4.036355427656658
1000,600,8,gaussian,1.5,3.766541352091102,37,Algorithm 3,3.7507161717939397
1000,600,8,gaussian,1.5,3.766541352091102,37,SN13,4.180689022734249
1000,600,8,gaussian,1.5,3.766541352091102,37,OptShrink,4.11567225419233
1000,600,8,gaussian,1.5,3.766541352091102,38,Algorithm 3,3.8809842408803026
1000,600,8,gaussian,1.5,3.766541352091102,38,SN13,4.286187067985864
1000,600,8,gaussian,1.5,3.766541352091102,38,OptShrink,4.227709474123494
1000,600,8,gaussian,1.5,3.766541352091102,39,Algorithm 3,3.8104568707300674
1000,600,8,gaussian,1.5,3.766541352091102,39,SN13,4.133216774687008
1000,600,8,gaussian,1.5,3.766541352091102,39,OptShrink,4.065787967493384
1000,600,8,gaussian,1.5,3.766541352091102,40,Algorithm 3,3.7246763791058273
1000,600,8,gaussian,1.5,3.766541352091102,40,SN13,4.131120449605908
1000,600,8,gaussian,1.5,3.766541352091102,40,OptShrink,4.063415570288132
1000,600,8,gaussian,1.5,3.766541352091102,41,Algorithm 3,3.478418563411439
1000,600,8,gaussian,1.5,3.766541352091102,41,SN13,3.9165834606393584
1000,600,8,gaussian,1.5,3.766541352091102,41,OptShrink,3.8302063976887597
1000,600,8,gaussian,1.5,3.766541352091102,42,Algorithm 3,3.9034229647331133
1000,600,8,gaussian,1.5,3.766541352091102,42,SN13,4.270653203938398
1000,600,8,gaussian,1.5,3.766541352091102,42,OptShrink,4.211939522826653
1000,600,8,gaussian,1.5,3.766541352091102,43,Algorithm 3,3.818474856707027
1000,600,8,gaussian,1.5,3.766541352091102,43,SN13,4.207108058073073
1000,600,8,gaussian,1.5,3.766541352091102,43,OptShrink,4.144066863518437
1000,600,8,gaussian,1.5,3.766541352091102,44,Algorithm 3,3.6961265370088863
1000,600,8,gaussian,1.5,3.766541352091102,44,SN13,4.042060269196463
1000,600,8,gaussian,1.5,3.766541352091102,44,OptShrink,3.9681494938309534
1000,600,8,gaussian,1.5,3.766541352091102,45,Algorithm 3,3.7656376642810265
1000,600,8,gaussian,1.5,3.766541352091102,45,SN13,4.127291202746312
1000,600,8,gaussian,1.5,3.766541352091102,45,OptShrink,4.060609435487894
1000,600,8,gaussian,1.5,3.766541352091102,46,Algorithm 3,3.9019215998323964
1000,600,8,gaussian,1.5,3.766541352091102,46,SN13,4.294017321107218
1000,600,8,gaussian,1.5,3.766541352091102,46,OptShrink,4.23678343331699
1000,600,8,gaussian,1.5,3.766541352091102,47,Algorithm 3,3.8591953643393957
1000,600,8,gaussian,1.5,3.766541352091102,47,SN13,4.199465643854294
1000,600,8,gaussian,1.5,3.766541352091102,47,OptShrink,4.13681605588208
1000,600,8,gaussian,1.5,3.766541352091102,48,Algorithm 3,3.6139088481006274
1000,600,8,gaussian,1.5,3.766541352091102,48,SN13,4.047287793339662
1000,600,8,gaussian,1.5,3.766541352091102,48,OptShrink,3.9732388275264774
1000,600,8,gaussian,1.5,3.766541352091102,49,Algorithm 3,3.7280889451762844
1000,600,8,gaussian,1.5,3.766541352091102,49,SN13,4.134313789170865
1000,600,8,gaussian,1.5,3.766541352091102,49,OptShrink,4.066015557511507
1000,600,8,gaussian,1.5,3.766541352091102,50,Algorithm 3,3.8128219803652867
1000,600,8,gaussian,1.5,3.766541352091102,50,SN13,4.116826374734921
1000,600,8,gaussian,1.5,3.766541352091102,50,OptShrink,4.048029062556434
1000,600,8,gaussian,1.5,3.766541352091102,51,Algorithm 3,3.5748752446282106
1000,600,8,gaussian,1.5,3.766541352091102,51,SN13,4.023366935584615
1000,600,8,gaussian,1.5,3.766541352091102,51,OptShrink,3.9472159980317003
1000,600,8,gaussian,1.5,3.766541352091102,52,Algorithm 3,3.670214283812726
1000,600,8,gaussian,1.5,3.766541352091102,52,SN13,3.9815833088557557
1000,600,8,gaussian,1.5,3.766541352091102,52,OptShrink,3.902372742179949
1000,600,8,gaussian,1.5,3.766541352091102,53,Algorithm 3,3.5367215177908475
1000,600,8,gaussian,1.5,3.766541352091102,53,SN13,3.9195082102309122
1000,600,8,gaussian,1.5,3.766541352091102,53,OptShrink,3.8328867475210995
1000,600,8,gaussian,1.5,3.766541352091102,54,Algorithm 3,3.5543466621758713
1000,600,8,gaussian,1.5,3.766541352091102,54,SN13,3.986678416040829
1000,600,8,gaussian,1.5,3.766541352091102,54,OptShrink,3.907950636188821
1000,600,8,gaussian,1.5,3.766541352091102,55,Algorithm 3,3.957991303665237
1000,600,8,gaussian,1.5,3.766541352091102,55,SN13,4.231747041168585
1000,600,8,gaussian,1.5,3.766541352091102,55,OptShrink,4.1707862938335145
1000,600,8,gaussian,1.5,3.766541352091102,56,Algorithm 3,3.8330148388219185
1000,600,8,gaussian,1.5,3.766541352091102,56,SN13,4.158776022366559
1000,600,8,gaussian,1.5,3.766541352091102,56,OptShrink,4.092964352467232
1000,600,8,gaussian,1.5,3.766541352091102,57,Algorithm 3,3.856538689048684
1000,600,8,gaussian,1.5,3.766541352091102,57,SN13,4.155557246954853
1000,600,8,gaussian,1.5,3.766541352091102,57,OptShrink,4.091056898885937
1000,600,8,gaussian,1.5,3.766541352091102,58,Algorithm 3,3.661862300396798
1000,600,8,gaussian,1.5,3.766541352091102,58,SN13,4.020342726453567
1000,600,8,gaussian,1.5,3.766541352091102,58,OptShrink,3.946320403321497
1000,600,8,gaussian,1.5,3.766541352091102,59,Algorithm 3,3.803961636127603
1000,600,8,gaussian,1.5,3.766541352091102,59,SN13,4.200304219907575
1000,600,8,gaussian,1.5,3.766541352091102,59,OptShrink,4.136717077179577
1000,600,8,gaussian,1.5,3.766541352091102,60,Algorithm 3,3.823722517212393
1000,600,8,gaussian,1.5,3.766541352091102,60,SN13,4.100272604651826
1000,600,8,gaussian,1.5,3.766541352091102,60,OptShrink,4.0306211007710875
1000,600,8,gaussian,1.5,3.766541352091102,61,Algorithm 3,4.000051700832686
1000,600,8,gaussian,1.5,3.766541352091102,61,SN13,4.248475734933982
1000,600,8,gaussian,1.5,3.766541352091102,61,OptShrink,4.18921477686394
1000,600,8,gaussian,1.5,3.766541352091102,62,Algorithm 3,3.6372680866816567
1000,600,8,gaussian,1.5,3.766541352091102,62,SN13,4.057411256050237
1000,600,8,gaussian,1.5,3.766541352091102,62,OptShrink,3.984389719497037
1000,600,8,gaussian,1.5,3.766541352091102,63,Algorithm 3,3.6213098112417654
1000,600,8,gaussian,1.5,3.766541352091102,63,SN13,4.132327177632349
1000,600,8,gaussian,1.5,3.766541352091102,63,OptShrink,4.0648420159436425
1000,600,8,gaussian,1.5,3.766541352091102,64,Algorithm 3,3.5856398035679375
1000,600,8,gaussian,1.5,3.766541352091102,64,SN13,4.019201582218375
1000,600,8,gaussian,1.5,3.766541352091102,64,OptShrink,3.943293719375003
1000,600,8,gaussian,1.5,3.766541352091102,65,Algorithm 3,3.6663428281546575
1000,600,8,gaussian,1.5,3.766541352091102,65,SN13,4.112289437524297
1000,600,8,gaussian,1.5,3.766541352091102,65,OptShrink,4.044061899028503
1000,600,8,gaussian,1.5,3.766541352091102,66,Algorithm 3,3.8108522826700906
1000,600,8,gaussian,1.5,3.766541352091102,66,SN13,4.158400611897357
1000,600,8,gaussian,1.5,3.766541352091102,66,OptShrink,4.092363018381866
1000,600,8,gaussian,1.5,3.766541352091102,67,Algorithm 3,3.7778901163386682
1000,600,8,gaussian,1.5,3.766541352091102,67,SN13,4.152738845979689
1000,600,8,gaussian,1.5,3.766541352091102,67,OptShrink,4.085715068648402
1000,600,8,gaussian,1.5,3.766541352091102,68,Algorithm 3,3.864112915045339
1000,600,8,gaussian,1.5,3.766541352091102,68,SN13,4.155968749603014
1000,600,8,gaussian,1.5,3.766541352091102,68,OptShrink,4.089412632695961
1000,600,8,gaussian,1.5,3.766541352091102,69,Algorithm 3,3.816430804635206
1000,600,8,gaussian,1.5,3.766541352091102,69,SN13,4.1241038948218485
1000,600,8,gaussian,1.5,3.766541352091102,69,OptShrink,4.056678652747187
1000,600,8,gaussian,1.5,3.766541352091102,70,Algorithm 3,3.675820745189877
1000,600,8,gaussian,1.5,3.766541352091102,70,SN13,4.0984905748155604
1000,600,8,gaussian,1.5,3.766541352091102,70,OptShrink,4.029246156786209
1000,600,8,gaussian,1.5,3.766541352091102,71,Algorithm 3,3.8311195545192374
1000,600,8,gaussian,1.5,3.766541352091102,71,SN13,4.185275995899546
1000,600,8,gaussian,1.5,3.766541352091102,71,OptShrink,4.121998391570075
1000,600,8,gaussian,1.5,3.766541352091102,72,Algorithm 3,3.6691553374040917
1000,600,8,gaussian,1.5,3.766541352091102,72,SN13,4.082119471128508
1000,600,8,gaussian,1.5,3.766541352091102,72,OptShrink,4.011130634345838
1000,600,8,gaussian,1.5,3.766541352091102,73,Algorithm 3,3.8669648338132028
1000,600,8,gaussian,1.5,3.766541352091102,73,SN13,4.144115223102634
1000,600,8,gaussian,1.5,3.766541352091102,73,OptShrink,4.077877593888032
1000,600,8,gaussian,1.5,3.766541352091102,74,Algorithm 3,3.740514807256835
1000,600,8,gaussian,1.5,3.766541352091102,74,SN13,4.11510213449196
1000,600,8,gaussian,1.5,3.766541352091102,74,OptShrink,4.047072996057213
1000,600,8,gaussian,1.5,3.766541352091102,75,Algorithm 3,3.810549285530816
1000,600,8,gaussian,1.5,3.766541352091102,75,SN13,4.178425281421125
1000,600,8,gaussian,1.5,3.766541352091102,75,OptShrink,4.1144526017090985
1000,600,8,gaussian,1.5,3.766541352091102,76,Algorithm 3,3.828126983733003
1000,600,8,gaussian,1.5,3.766541352091102,76,SN13,4.185713131273528
1000,600,8,gaussian,1.5,3.766541352091102,76,OptShrink,4.123814949772002
1000,600,8,gaussian,1.5,3.766541352091102,77,Algorithm 3,3.635516122564674
1000,600,8,gaussian,1.5,3.766541352091102,77,SN13,3.9960594653513217
1000,600,8,gaussian,1.5,3.766541352091102,77,OptShrink,3.9184454752788715
1000,600,8,gaussian,1.5,3.766541352091102,78,Algorithm 3,3.945109447360469
1000,600,8,gaussian,1.5,3.766541352091102,78,SN13,4.255661998769881
1000,600,8,gaussian,1.5,3.766541352091102,78,OptShrink,4.196806510190472
1000,600,8,gaussian,1.5,3.766541352091102,79,Algorithm 3,3.7682594999483485
1000,600,8,gaussian,1.5,3.766541352091102,79,SN13,4.128499560928808
1000,600,8,gaussian,1.5,3.766541352091102,79,OptShrink,4.061038401109385
1000,600,8,gaussian,1.5,3.766541352091102,80,Algorithm 3,3.8060975154410515
1000,600,8,gaussian,1.5,3.766541352091102,80,SN13,4.188224695953397
1000,600,8,gaussian,1.5,3.766541352091102,80,OptShrink,4.124192665114302
1000,600,8,gaussian,1.5,3.766541352091102,81,Algorithm 3,3.6949002372565163
1000,600,8,gaussian,1.5,3.766541352091102,81,SN13,4.133583649250157
1000,600,8,gaussian,1.5,3.766541352091102,81,OptShrink,4.067187171064116
1000,600,8,gaussian,1.5,3.766541352091102,82,Algorithm 3,3.655715800510753
1000,600,8,gaussian,1.5,3.766541352091102,82,SN13,4.044123578441558
1000,600,8,gaussian,1.5,3.766541352091102,82,OptShrink,3.969541067127311
1000,600,8,gaussian,1.5,3.766541352091102,83,Algorithm 3,3.554326709954298
1000,600,8,gaussian,1.5,3.766541352091102,83,SN13,4.02238477695417
1000,600,8,gaussian,1.5,3.766541352091102,83,OptShrink,3.9474829910561637
1000,600,8,gaussian,1.5,3.766541352091102,84,Algorithm 3,3.999666503304933
1000,600,8,gaussian,1.5,3.766541352091102,84,SN13,4.288189086095281
1000,600,8,gaussian,1.5,3.766541352091102,84,OptShrink,4.2316118120530435
1000,600,8,gaussian,1.5,3.766541352091102,85,Algorithm 3,3.5987066233584537
1000,600,8,gaussian,1.5,3.766541352091102,85,SN13,4.034126809058177
1000,600,8,gaussian,1.5,3.766541352091102,85,OptShrink,3.9589439346757396
1000,600,8,gaussian,1.5,3.766541352091102,86,Algorithm 3,3.586307064055733
1000,600,8,gaussian,1.5,3.766541352091102,86,SN13,3.995432781280264
1000,600,8,gaussian,1.5,3.766541352091102,86,OptShrink,3.9179208715342417
1000,600,8,gaussian,1.5,3.766541352091102,87,Algorithm 3,3.8527266919375793
1000,600,8,gaussian,1.5,3.766541352091102,87,SN13,4.171321648907357
1000,600,8,gaussian,1.5,3.766541352091102,87,OptShrink,4.10479690151731
1000,600,8,gaussian,1.5,3.766541352091102,88,Algorithm 3,3.743021717500253
1000,600,8,gaussian,1.5,3.766541352091102,88,SN13,4.141732643351152
1000,600,8,gaussian,1.5,3.766541352091102,88,OptShrink,4.074871249556387
1000,600,8,gaussian,1.5,3.766541352091102,89,Algorithm 3,3.9075007539963114
1000,600,8,gaussian,1.5,3.766541352091102,89,SN13,4.153529200926551
1000,600,8,gaussian,1.5,3.766541352091102,89,OptShrink,4.086274004862526
1000,600,8,gaussian,1.5,3.766541352091102,90,Algorithm 3,3.695089635177844
1000,600,8,gaussian,1.5,3.766541352091102,90,SN13,4.126352670894267
1000,600,8,gaussian,1.5,3.766541352091102,90,OptShrink,4.058940776470438
1000,600,8,gaussian,1.5,3.766541352091102,91,Algorithm 3,3.8683290188806
1000,600,8,gaussian,1.5,3.766541352091102,91,SN13,4.2171739433410504
1000,600,8,gaussian,1.5,3.766541352091102,91,OptShrink,4.155337466898483
1000,600,8,gaussian,1.5,3.766541352091102,92,Algorithm 3,3.680558434156579
1000,600,8,gaussian,1.5,3.766541352091102,92,SN13,4.051054404928725
1000,600,8,gaussian,1.5,3.766541352091102,92,OptShrink,3.9781189300873825
1000,600,8,gaussian,1.5,3.766541352091102,93,Algorithm 3,4.007194991493273
1000,600,8,gaussian,1.5,3.766541352091102,93,SN13,4.257613279419134
1000,600,8,gaussian,1.5,3.766541352091102,93,OptShrink,4.197360543381792
1000,600,8,gaussian,1.5,3.766541352091102,94,Algorithm 3,3.7504497221140487
1000,600,8,gaussian,1.5,3.766541352091102,94,SN13,4.1730996090939785
1000,600,8,gaussian,1.5,3.766541352091102,94,OptShrink,4.108561247717629
1000,600,8,gaussian,1.5,3.766541352091102,95,Algorithm 3,3.749724013562303
1000,600,8,gaussian,1.5,3.766541352091102,95,SN13,4.053826853430164
1000,600,8,gaussian,1.5,3.766541352091102,95,OptShrink,3.9792024696990413
1000,600,8,gaussian,1.5,3.766541352091102,96,Algorithm 3,3.7054303564056594
1000,600,8,gaussian,1.5,3.766541352091102,96,SN13,4.134541703794398
1000,600,8,gaussian,1.5,3.766541352091102,96,OptShrink,4.065635120948534
1000,600,8,gaussian,1.5,3.766541352091102,97,Algorithm 3,3.790330454324628
1000,600,8,gaussian,1.5,3.766541352091102,97,SN13,4.14744516994437
1000,600,8,gaussian,1.5,3.766541352091102,97,OptShrink,4.081790765483275
1000,600,8,gaussian,1.5,3.766541352091102,98,Algorithm 3,3.768406958653172
1000,600,8,gaussian,1.5,3.766541352091102,98,SN13,4.098776935665398
1000,600,8,gaussian,1.5,3.766541352091102,98,OptShrink,4.028151979424924
1000,600,8,gaussian,1.5,3.766541352091102,99,Algorithm 3,3.9188519630047507
1000,600,8,gaussian,1.5,3.766541352091102,99,SN13,4.225061682560233
1000,600,8,gaussian,1.5,3.766541352091102,99,OptShrink,4.161839436821472
1000,600,8,gaussian,1.5,3.766541352091102,100,Algorithm 3,3.6893007663020976
1000,600,8,gaussian,1.5,3.766541352091102,100,SN13,4.044292989422463
1000,600,8,gaussian,1.5,3.766541352091102,100,OptShrink,3.970225891377316
1000,600,8,gaussian,1.5,3.766541352091102,101,Algorithm 3,3.704871291989794
1000,600,8,gaussian,1.5,3.766541352091102,101,SN13,4.062696511164654
1000,600,8,gaussian,1.5,3.766541352091102,101,OptShrink,3.9905280680096666
1000,600,8,gaussian,1.5,3.766541352091102,102,Algorithm 3,3.8708503447145657
1000,600,8,gaussian,1.5,3.766541352091102,102,SN13,4.145454844769586
1000,600,8,gaussian,1.5,3.766541352091102,102,OptShrink,4.079563025631655
1000,600,8,gaussian,1.5,3.766541352091102,103,Algorithm 3,3.9412230406804056
1000,600,8,gaussian,1.5,3.766541352091102,103,SN13,4.239535211382423
1000,600,8,gaussian,1.5,3.766541352091102,103,OptShrink,4.179631672801203
1000,600,8,gaussian,1.5,3.766541352091102,104,Algorithm 3,3.586503203776172
1000,600,8,gaussian,1.5,3.766541352091102,104,SN13,3.9849487077787606
1000,600,8,gaussian,1.5,3.766541352091102,104,OptShrink,3.904179944614447
1000,600,8,gaussian,1.5,3.766541352091102,105,Algorithm 3,3.8501275134998276
1000,600,8,gaussian,1.5,3.766541352091102,105,SN13,4.104989727162918
1000,600,8,gaussian,1.5,3.766541352091102,105,OptShrink,4.0369923883388354
1000,600,8,gaussian,1.5,3.766541352091102,106,Algorithm 3,3.659481136601818
1000,600,8,gaussian,1.5,3.766541352091102,106,SN13,4.101365357172429
1000,600,8,gaussian,1.5,3.766541352091102,106,OptShrink,4.032392363859256
1000,600,8,gaussian,1.5,3.766541352091102,107,Algorithm 3,3.69731793392038
1000,600,8,gaussian,1.5,3.766541352091102,107,SN13,4.105307098018347
1000,600,8,gaussian,1.5,3.766541352091102,107,OptShrink,4.0352933690105255
1000,600,8,gaussian,1.5,3.766541352091102,108,Algorithm 3,3.8335413243648913
1000,600,8,gaussian,1.5,3.766541352091102,108,SN13,4.172644162365965
1000,600,8,gaussian,1.5,3.766541352091102,108,OptShrink,4.107810175694876
1000,600,8,gaussian,1.5,3.766541352091102,109,Algorithm 3,3.8267830329571138
1000,600,8,gaussian,1.5,3.766541352091102,109,SN13,4.246707732064255
1000,600,8,gaussian,1.5,3.766541352091102,109,OptShrink,4.186243573109956
1000,600,8,gaussian,1.5,3.766541352091102,110,Algorithm 3,3.8603728182777597
1000,600,8,gaussian,1.5,3.766541352091102,110,SN13,4.180576063329214
1000,600,8,gaussian,1.5,3.766541352091102,110,OptShrink,4.117015439541494
1000,600,8,gaussian,1.5,3.766541352091102,111,Algorithm 3,3.654153266680696
1000,600,8,gaussian,1.5,3.766541352091102,111,SN13,4.052226586817138
1000,600,8,gaussian,1.5,3.766541352091102,111,OptShrink,3.981579970047702
1000,600,8,gaussian,1.5,3.766541352091102,112,Algorithm 3,3.8803528933095532
1000,600,8,gaussian,1.5,3.766541352091102,112,SN13,4.209045589717668
1000,600,8,gaussian,1.5,3.766541352091102,112,OptShrink,4.146575193554909
1000,600,8,gaussian,1.5,3.766541352091102,113,Algorithm 3,3.7757326436090333
1000,600,8,gaussian,1.5,3.766541352091102,113,SN13,4.181799047122669
1000,600,8,gaussian,1.5,3.766541352091102,113,OptShrink,4.117583292633092
1000,600,8,gaussian,1.5,3.766541352091102,114,Algorithm 3,3.7016809188792448
1000,600,8,gaussian,1.5,3.766541352091102,114,SN13,4.047270739715747
1000,600,8,gaussian,1.5,3.766541352091102,114,OptShrink,3.9747920449347416
1000,600,8,gaussian,1.5,3.766541352091102,115,Algorithm 3,3.8356638098614804
1000,600,8,gaussian,1.5,3.766541352091102,115,SN13,4.21510813837346
1000,600,8,gaussian,1.5,3.766541352091102,115,OptShrink,4.151951077627438
1000,600,8,gaussian,1.5,3.766541352091102,116,Algorithm 3,3.7879627473241326
1000,600,8,gaussian,1.5,3.766541352091102,116,SN13,4.022401090424006
1000,600,8,gaussian,1.5,3.766541352091102,116,OptShrink,3.9453252542267423
1000,600,8,gaussian,1.5,3.766541352091102,117,Algorithm 3,3.637417474207046
1000,600,8,gaussian,1.5,3.766541352091102,117,SN13,4.004425865994264
1000,600,8,gaussian,1.5,3.766541352091102,117,OptShrink,3.928050290918474
1000,600,8,gaussian,1.5,3.766541352091102,118,Algorithm 3,3.956546333448296
1000,600,8,gaussian,1.5,3.766541352091102,118,SN13,4.342488635313154
1000,600,8,gaussian,1.5,3.766541352091102,118,OptShrink,4.287095575970116
1000,600,8,gaussian,1.5,3.766541352091102,119,Algorithm 3,3.453807689225448
1000,600,8,gaussian,1.5,3.766541352091102,119,SN13,3.9299032660533424
1000,600,8,gaussian,1.5,3.766541352091102,119,OptShrink,3.845238047222596
1000,600,8,gaussian,1.5,3.766541352091102,120,Algorithm 3,3.802236556005128
1000,600,8,gaussian,1.5,3.766541352091102,120,SN13,4.068569603635166
1000,600,8,gaussian,1.5,3.766541352091102,120,OptShrink,3.9960317248210853
1000,600,8,gaussian,1.5,3.766541352091102,121,Algorithm 3,3.648459090395854
1000,600,8,gaussian,1.5,3.766541352091102,121,SN13,4.04833340957152
1000,600,8,gaussian,1.5,3.766541352091102,121,OptShrink,3.976772619956145
1000,600,8,gaussian,1.5,3.766541352091102,122,Algorithm 3,3.637758077687624
1000,600,8,gaussian,1.5,3.766541352091102,122,SN13,3.9681573289359924
1000,600,8,gaussian,1.5,3.766541352091102,122,OptShrink,3.8870693004040096
1000,600,8,gaussian,1.5,3.766541352091102,123,Algorithm 3,3.5872536891870492
1000,600,8,gaussian,1.5,3.766541352091102,123,SN13,4.026898793059544
1000,600,8,gaussian,1.5,3.766541352091102,123,OptShrink,3.951524639681449
1000,600,8,gaussian,1.5,3.766541352091102,124,Algorithm 3,3.5174913979806197
1000,600,8,gaussian,1.5,3.766541352091102,124,SN13,4.019390971139655
1000,600,8,gaussian,1.5,3.766541352091102,124,OptShrink,3.941301064513963
1000,600,8,gaussian,1.5,3.766541352091102,125,Algorithm 3,3.5431556858229936
1000,600,8,gaussian,1.5,3.766541352091102,125,SN13,4.031794600194333
1000,600,8,gaussian,1.5,3.766541352091102,125,OptShrink,3.9581033582462566
1000,600,8,gaussian,1.5,3.766541352091102,126,Algorithm 3,3.6662770230023445
1000,600,8,gaussian,1.5,3.766541352091102,126,SN13,4.035249756943815
1000,600,8,gaussian,1.5,3.766541352091102,126,OptShrink,3.958070513778047
1000,600,8,gaussian,1.5,3.766541352091102,127,Algorithm 3,3.8575742267981203
1000,600,8,gaussian,1.5,3.766541352091102,127,SN13,4.140645954765269
1000,600,8,gaussian,1.5,3.766541352091102,127,OptShrink,4.073963285151327
1000,600,8,gaussian,1.5,3.766541352091102,128,Algorithm 3,3.674016113454881
1000,600,8,gaussian,1.5,3.766541352091102,128,SN13,4.0581498477850895
1000,600,8,gaussian,1.5,3.766541352091102,128,OptShrink,3.986590169695628
1000,600,8,gaussian,1.5,3.766541352091102,129,Algorithm 3,3.681037913296171
1000,600,8,gaussian,1.5,3.766541352091102,129,SN13,4.1182155507462594
1000,600,8,gaussian,1.5,3.766541352091102,129,OptShrink,4.051322507591826
1000,600,8,gaussian,1.5,3.766541352091102,130,Algorithm 3,3.898379599721997
1000,600,8,gaussian,1.5,3.766541352091102,130,SN13,4.214782690722982
1000,600,8,gaussian,1.5,3.766541352091102,130,OptShrink,4.153437673931712
1000,600,8,gaussian,1.5,3.766541352091102,131,Algorithm 3,3.692933718800859
1000,600,8,gaussian,1.5,3.766541352091102,131,SN13,4.103695030285473
1000,600,8,gaussian,1.5,3.766541352091102,131,OptShrink,4.034069221196813
1000,600,8,gaussian,1.5,3.766541352091102,132,Algorithm 3,3.8045019198895442
1000,600,8,gaussian,1.5,3.766541352091102,132,SN13,4.161942089729825
1000,600,8,gaussian,1.5,3.766541352091102,132,OptShrink,4.095866969268767
1000,600,8,gaussian,1.5,3.766541352091102,133,Algorithm 3,3.8828692621124796
1000,600,8,gaussian,1.5,3.766541352091102,133,SN13,4.210587915083213
1000,600,8,gaussian,1.5,3.766541352091102,133,OptShrink,4.1475880940212875
1000,600,8,gaussian,1.5,3.766541352091102,134,Algorithm 3,3.8407292977858365
1000,600,8,gaussian,1.5,3.766541352091102,134,SN13,4.169018240947312
1000,600,8,gaussian,1.5,3.766541352091102,134,OptShrink,4.1039961522652355
1000,600,8,gaussian,1.5,3.766541352091102,135,Algorithm 3,3.7950101184129585
1000,600,8,gaussian,1.5,3.766541352091102,135,SN13,4.170626834525688
1000,600,8,gaussian,1.5,3.766541352091102,135,OptShrink,4.107820477216192
1000,600,8,gaussian,1.5,3.766541352091102,136,Algorithm 3,3.573795862815663
1000,600,8,gaussian,1.5,3.766541352091102,136,SN13,3.9874648514993156
1000,600,8,gaussian,1.5,3.766541352091102,136,OptShrink,3.909886512880986
1000,600,8,gaussian,1.5,3.766541352091102,137,Algorithm 3,3.7161648975686936
1000,600,8,gaussian,1.5,3.766541352091102,137,SN13,4.046512260154989
1000,600,8,gaussian,1.5,3.766541352091102,137,OptShrink,3.973059160177672
1000,600,8,gaussian,1.5,3.766541352091102,138,Algorithm 3,3.8073291044946935
1000,600,8,gaussian,1.5,3.766541352091102,138,SN13,4.1805258522827184
1000,600,8,gaussian,1.5,3.766541352091102,138,OptShrink,4.1163210027179336
1000,600,8,gaussian,1.5,3.766541352091102,139,Algorithm 3,3.76691230093539
1000,600,8,gaussian,1.5,3.766541352091102,139,SN13,4.178859539084469
1000,600,8,gaussian,1.5,3.766541352091102,139,OptShrink,4.11472194747476
1000,600,8,gaussian,1.5,3.766541352091102,140,Algorithm 3,3.6686456970766157
1000,600,8,gaussian,1.5,3.766541352091102,140,SN13,4.096774670581842
1000,600,8,gaussian,1.5,3.766541352091102,140,OptShrink,4.028904003927768
1000,600,8,gaussian,1.5,3.766541352091102,141,Algorithm 3,3.8200340408488493
1000,600,8,gaussian,1.5,3.766541352091102,141,SN13,4.168930766435251
1000,600,8,gaussian,1.5,3.766541352091102,141,OptShrink,4.102712553182846
1000,600,8,gaussian,1.5,3.766541352091102,142,Algorithm 3,3.779454890989141
1000,600,8,gaussian,1.5,3.766541352091102,142,SN13,4.08759451331435
1000,600,8,gaussian,1.5,3.766541352091102,142,OptShrink,4.016337785333988
1000,600,8,gaussian,1.5,3.766541352091102,143,Algorithm 3,3.658645415558402
1000,600,8,gaussian,1.5,3.766541352091102,143,SN13,4.0852400588806725
1000,600,8,gaussian,1.5,3.766541352091102,143,OptShrink,4.014823794132897
1000,600,8,gaussian,1.5,3.766541352091102,144,Algorithm 3,3.7892885597029498
1000,600,8,gaussian,1.5,3.766541352091102,144,SN13,4.110760536636671
1000,600,8,gaussian,1.5,3.766541352091102,144,OptShrink,4.041098077223893
1000,600,8,gaussian,1.5,3.766541352091102,145,Algorithm 3,3.681556342765804
1000,600,8,gaussian,1.5,3.766541352091102,145,SN13,4.053912694902927
1000,600,8,gaussian,1.5,3.766541352091102,145,OptShrink,3.9789575699677924
1000,600,8,gaussian,1.5,3.766541352091102,146,Algorithm 3,3.6562480163907254
1000,600,8,gaussian,1.5,3.766541352091102,146,SN13,4.019014312953586
1000,600,8,gaussian,1.5,3.766541352091102,146,OptShrink,3.9432280076729143
1000,600,8,gaussian,1.5,3.766541352091102,147,Algorithm 3,3.542813826223043
1000,600,8,gaussian,1.5,3.766541352091102,147,SN13,4.000509632557458
1000,600,8,gaussian,1.5,3.766541352091102,147,OptShrink,3.92214610822144
1000,600,8,gaussian,1.5,3.766541352091102,148,Algorithm 3,3.8598257683083914
1000,600,8,gaussian,1.5,3.766541352091102,148,SN13,4.196696398525326
1000,600,8,gaussian,1.5,3.766541352091102,148,OptShrink,4.133854132401889
1000,600,8,gaussian,1.5,3.766541352091102,149,Algorithm 3,3.8725310374825366
1000,600,8,gaussian,1.5,3.766541352091102,149,SN13,4.22103605047053
1000,600,8,gaussian,1.5,3.766541352091102,149,OptShrink,4.160112291158831
1000,600,8,gaussian,1.5,3.766541352091102,150,Algorithm 3,3.9293278438218384
1000,600,8,gaussian,1.5,3.766541352091102,150,SN13,4.191852322401876
1000,600,8,gaussian,1.5,3.766541352091102,150,OptShrink,4.130352882085152
1000,600,8,gaussian,1.5,3.766541352091102,151,Algorithm 3,3.697050692767984
1000,600,8,gaussian,1.5,3.766541352091102,151,SN13,4.118633209222838
1000,600,8,gaussian,1.5,3.766541352091102,151,OptShrink,4.049351781876072
1000,600,8,gaussian,1.5,3.766541352091102,152,Algorithm 3,3.722563737505059
1000,600,8,gaussian,1.5,3.766541352091102,152,SN13,4.144448664968445
1000,600,8,gaussian,1.5,3.766541352091102,152,OptShrink,4.07843144027963
1000,600,8,gaussian,1.5,3.766541352091102,153,Algorithm 3,3.753126289373413
1000,600,8,gaussian,1.5,3.766541352091102,153,SN13,4.077346569021847
1000,600,8,gaussian,1.5,3.766541352091102,153,OptShrink,4.005761294553111
1000,600,8,gaussian,1.5,3.766541352091102,154,Algorithm 3,3.727646416131975
1000,600,8,gaussian,1.5,3.766541352091102,154,SN13,4.101375972075396
1000,600,8,gaussian,1.5,3.766541352091102,154,OptShrink,4.02959682912499
1000,600,8,gaussian,1.5,3.766541352091102,155,Algorithm 3,3.655842941231572
1000,600,8,gaussian,1.5,3.766541352091102,155,SN13,4.016710147350356
1000,600,8,gaussian,1.5,3.766541352091102,155,OptShrink,3.9411578459723557
1000,600,8,gaussian,1.5,3.766541352091102,156,Algorithm 3,3.8348747750559213
1000,600,8,gaussian,1.5,3.766541352091102,156,SN13,4.134685004998497
1000,600,8,gaussian,1.5,3.766541352091102,156,OptShrink,4.065472609207927
1000,600,8,gaussian,1.5,3.766541352091102,157,Algorithm 3,3.82939320435775
1000,600,8,gaussian,1.5,3.766541352091102,157,SN13,4.141792001988435
1000,600,8,gaussian,1.5,3.766541352091102,157,OptShrink,4.074876246986627
1000,600,8,gaussian,1.5,3.766541352091102,158,Algorithm 3,3.611509759788987
1000,600,8,gaussian,1.5,3.766541352091102,158,SN13,3.956288143691151
1000,600,8,gaussian,1.5,3.766541352091102,158,OptShrink,3.875267326560912
1000,600,8,gaussian,1.5,3.766541352091102,159,Algorithm 3,3.6821767589182612
1000,600,8,gaussian,1.5,3.766541352091102,159,SN13,4.0414017580009585
1000,600,8,gaussian,1.5,3.766541352091102,159,OptShrink,3.9686083745712093
1000,600,8,gaussian,1.5,3.766541352091102,160,Algorithm 3,3.7992483254401654
1000,600,8,gaussian,1.5,3.766541352091102,160,SN13,4.10822777256503
1000,600,8,gaussian,1.5,3.766541352091102,160,OptShrink,4.038666430574971
1000,600,8,gaussian,1.5,3.766541352091102,161,Algorithm 3,3.7187803856337855
1000,600,8,gaussian,1.5,3.766541352091102,161,SN13,4.204480594940659
1000,600,8,gaussian,1.5,3.766541352091102,161,OptShrink,4.140566434779656
1000,600,8,gaussian,1.5,3.766541352091102,162,Algorithm 3,3.7817786379795013
1000,600,8,gaussian,1.5,3.766541352091102,162,SN13,4.066254683913736
1000,600,8,gaussian,1.5,3.766541352091102,162,OptShrink,3.9959200800344177
1000,600,8,gaussian,1.5,3.766541352091102,163,Algorithm 3,3.507785464478881
1000,600,8,gaussian,1.5,3.766541352091102,163,SN13,3.9388157084980797
1000,600,8,gaussian,1.5,3.766541352091102,163,OptShrink,3.8571768386301852
1000,600,8,gaussian,1.5,3.766541352091102,164,Algorithm 3,3.6951364945299403
1000,600,8,gaussian,1.5,3.766541352091102,164,SN13,4.088453245727881
1000,600,8,gaussian,1.5,3.766541352091102,164,OptShrink,4.018955843146861
1000,600,8,gaussian,1.5,3.766541352091102,165,Algorithm 3,3.6607968902133705
1000,600,8,gaussian,1.5,3.766541352091102,165,SN13,4.005898376724229
1000,600,8,gaussian,1.5,3.766541352091102,165,OptShrink,3.926607994437625
1000,600,8,gaussian,1.5,3.766541352091102,166,Algorithm 3,3.6195145768538772
1000,600,8,gaussian,1.5,3.766541352091102,166,SN13,4.1388887041699824
1000,600,8,gaussian,1.5,3.766541352091102,166,OptShrink,4.074226765369927
1000,600,8,gaussian,1.5,3.766541352091102,167,Algorithm 3,3.633416632816036
1000,600,8,gaussian,1.5,3.766541352091102,167,SN13,4.067357255322121
1000,600,8,gaussian,1.5,3.766541352091102,167,OptShrink,3.9960154490362894
1000,600,8,gaussian,1.5,3.766541352091102,168,Algorithm 3,3.769298911200559
1000,600,8,gaussian,1.5,3.766541352091102,168,SN13,4.046304338458748
1000,600,8,gaussian,1.5,3.766541352091102,168,OptShrink,3.9748987382626524
1000,600,8,gaussian,1.5,3.766541352091102,169,Algorithm 3,3.7427612322172186
1000,600,8,gaussian,1.5,3.766541352091102,169,SN13,4.109443854408492
1000,600,8,gaussian,1.5,3.766541352091102,169,OptShrink,4.0404948611225615
1000,600,8,gaussian,1.5,3.766541352091102,170,Algorithm 3,3.8944268825154835
1000,600,8,gaussian,1.5,3.766541352091102,170,SN13,4.178306003258147
1000,600,8,gaussian,1.5,3.766541352091102,170,OptShrink,4.115456088277308
1000,600,8,gaussian,1.5,3.766541352091102,171,Algorithm 3,3.7670218684663275
1000,600,8,gaussian,1.5,3.766541352091102,171,SN13,4.097627248132723
1000,600,8,gaussian,1.5,3.766541352091102,171,OptShrink,4.02937690960326
1000,600,8,gaussian,1.5,3.766541352091102,172,Algorithm 3,3.6701335782540214
1000,600,8,gaussian,1.5,3.766541352091102,172,SN13,4.039254042808411
1000,600,8,gaussian,1.5,3.766541352091102,172,OptShrink,3.964636978689635
1000,600,8,gaussian,1.5,3.766541352091102,173,Algorithm 3,3.9213975399928143
1000,600,8,gaussian,1.5,3.766541352091102,173,SN13,4.196956433149144
1000,600,8,gaussian,1.5,3.766541352091102,173,OptShrink,4.13399750415773
1000,600,8,gaussian,1.5,3.766541352091102,174,Algorithm 3,3.9918018338038093
1000,600,8,gaussian,1.5,3.766541352091102,174,SN13,4.3066627999134175
1000,600,8,gaussian,1.5,3.766541352091102,174,OptShrink,4.248774273209736
1000,600,8,gaussian,1.5,3.766541352091102,175,Algorithm 3,3.9129681756706205
1000,600,8,gaussian,1.5,3.766541352091102,175,SN13,4.252619532428601
1000,600,8,gaussian,1.5,3.766541352091102,175,OptShrink,4.192284397931139
1000,600,8,gaussian,1.5,3.766541352091102,176,Algorithm 3,3.7790449383472002
1000,600,8,gaussian,1.5,3.766541352091102,176,SN13,4.143054036946025
1000,600,8,gaussian,1.5,3.766541352091102,176,OptShrink,4.074851213021114
1000,600,8,gaussian,1.5,3.766541352091102,177,Algorithm 3,3.686583865796653
1000,600,8,gaussian,1.5,3.766541352091102,177,SN13,4.075126648258672
1000,600,8,gaussian,1.5,3.766541352091102,177,OptShrink,4.003297766732308
1000,600,8,gaussian,1.5,3.766541352091102,178,Algorithm 3,3.63749857069584
1000,600,8,gaussian,1.5,3.766541352091102,178,SN13,4.0043871318229876
1000,600,8,gaussian,1.5,3.766541352091102,178,OptShrink,3.927664577532942
1000,600,8,gaussian,1.5,3.766541352091102,179,Algorithm 3,3.752803159447924
1000,600,8,gaussian,1.5,3.766541352091102,179,SN13,4.136692187420847
1000,600,8,gaussian,1.5,3.766541352091102,179,OptShrink,4.069926644805621
1000,600,8,gaussian,1.5,3.766541352091102,180,Algorithm 3,3.9178625266938423
1000,600,8,gaussian,1.5,3.766541352091102,180,SN13,4.128740857151828
1000,600,8,gaussian,1.5,3.766541352091102,180,OptShrink,4.062065122964709
1000,600,8,gaussian,1.5,3.766541352091102,181,Algorithm 3,3.6155204276079234
1000,600,8,gaussian,1.5,3.766541352091102,181,SN13,4.020229008465336
1000,600,8,gaussian,1.5,3.766541352091102,181,OptShrink,3.945090660985379
1000,600,8,gaussian,1.5,3.766541352091102,182,Algorithm 3,3.863532055727704
1000,600,8,gaussian,1.5,3.766541352091102,182,SN13,4.231771343314128
1000,600,8,gaussian,1.5,3.766541352091102,182,OptShrink,4.168732920827677
1000,600,8,gaussian,1.5,3.766541352091102,183,Algorithm 3,3.7844647390662383
1000,600,8,gaussian,1.5,3.766541352091102,183,SN13,4.11814957402307
1000,600,8,gaussian,1.5,3.766541352091102,183,OptShrink,4.049185008763771
1000,600,8,gaussian,1.5,3.766541352091102,184,Algorithm 3,3.8340225973280484
1000,600,8,gaussian,1.5,3.766541352091102,184,SN13,4.2029270226489786
1000,600,8,gaussian,1.5,3.766541352091102,184,OptShrink,4.139002969794234
1000,600,8,gaussian,1.5,3.766541352091102,185,Algorithm 3,3.752389987610786
1000,600,8,gaussian,1.5,3.766541352091102,185,SN13,4.055033942582953
1000,600,8,gaussian,1.5,3.766541352091102,185,OptShrink,3.982792999543049
1000,600,8,gaussian,1.5,3.766541352091102,186,Algorithm 3,3.8427654296640648
1000,600,8,gaussian,1.5,3.766541352091102,186,SN13,4.116566857111623
1000,600,8,gaussian,1.5,3.766541352091102,186,OptShrink,4.048655543173433
1000,600,8,gaussian,1.5,3.766541352091102,187,Algorithm 3,3.8114993355580276
1000,600,8,gaussian,1.5,3.766541352091102,187,SN13,4.188704170288529
1000,600,8,gaussian,1.5,3.766541352091102,187,OptShrink,4.124291992602903
1000,600,8,gaussian,1.5,3.766541352091102,188,Algorithm 3,3.8586811459163317
1000,600,8,gaussian,1.5,3.766541352091102,188,SN13,4.198023798976728
1000,600,8,gaussian,1.5,3.766541352091102,188,OptShrink,4.1360681539419835
1000,600,8,gaussian,1.5,3.766541352091102,189,Algorithm 3,3.649615087504355
1000,600,8,gaussian,1.5,3.766541352091102,189,SN13,3.9717384941152556
1000,600,8,gaussian,1.5,3.766541352091102,189,OptShrink,3.890546050521286
1000,600,8,gaussian,1.5,3.766541352091102,190,Algorithm 3,3.690919092421496
1000,600,8,gaussian,1.5,3.766541352091102,190,SN13,4.002491672138442
1000,600,8,gaussian,1.5,3.766541352091102,190,OptShrink,3.923794261211047
1000,600,8,gaussian,1.5,3.766541352091102,191,Algorithm 3,3.8333907058303174
1000,600,8,gaussian,1.5,3.766541352091102,191,SN13,4.16823619145789
1000,600,8,gaussian,1.5,3.766541352091102,191,OptShrink,4.101590671126124
1000,600,8,gaussian,1.5,3.766541352091102,192,Algorithm 3,3.7305492242400558
1000,600,8,gaussian,1.5,3.766541352091102,192,SN13,4.037379602333292
1000,600,8,gaussian,1.5,3.766541352091102,192,OptShrink,3.9623888403166467
1000,600,8,gaussian,1.5,3.766541352091102,193,Algorithm 3,3.923380729930606
1000,600,8,gaussian,1.5,3.766541352091102,193,SN13,4.206674111668711
1000,600,8,gaussian,1.5,3.766541352091102,193,OptShrink,4.144140666387841
1000,600,8,gaussian,1.5,3.766541352091102,194,Algorithm 3,3.75331090689608
1000,600,8,gaussian,1.5,3.766541352091102,194,SN13,4.154969249735432
1000,600,8,gaussian,1.5,3.766541352091102,194,OptShrink,4.089034700237071
1000,600,8,gaussian,1.5,3.766541352091102,195,Algorithm 3,3.6633354875541766
1000,600,8,gaussian,1.5,3.766541352091102,195,SN13,4.1151389013834425
1000,600,8,gaussian,1.5,3.766541352091102,195,OptShrink,4.045088683539783
1000,600,8,gaussian,1.5,3.766541352091102,196,Algorithm 3,3.792810243453723
1000,600,8,gaussian,1.5,3.766541352091102,196,SN13,4.202370672652062
1000,600,8,gaussian,1.5,3.766541352091102,196,OptShrink,4.140338847040283
1000,600,8,gaussian,1.5,3.766541352091102,197,Algorithm 3,3.7813221108509683
1000,600,8,gaussian,1.5,3.766541352091102,197,SN13,4.140276528933107
1000,600,8,gaussian,1.5,3.766541352091102,197,OptShrink,4.07208694486424
1000,600,8,gaussian,1.5,3.766541352091102,198,Algorithm 3,3.6350883138612167
1000,600,8,gaussian,1.5,3.766541352091102,198,SN13,4.049309615389799
1000,600,8,gaussian,1.5,3.766541352091102,198,OptShrink,3.9766710019418032
1000,600,8,gaussian,1.5,3.766541352091102,199,Algorithm 3,3.7835774680262113
1000,600,8,gaussian,1.5,3.766541352091102,199,SN13,4.127083550450621
1000,600,8,gaussian,1.5,3.766541352091102,199,OptShrink,4.060332514867629
1000,600,8,gaussian,1.5,3.766541352091102,200,Algorithm 3,3.7289123116684095
1000,600,8,gaussian,1.5,3.766541352091102,200,SN13,4.132214187563716
1000,600,8,gaussian,1.5,3.766541352091102,200,OptShrink,4.064811837007465
1000,600,8,gaussian,1.5,3.766541352091102,201,Algorithm 3,3.766640325100552
1000,600,8,gaussian,1.5,3.766541352091102,201,SN13,4.13658808073471
1000,600,8,gaussian,1.5,3.766541352091102,201,OptShrink,4.070505296394247
1000,600,8,gaussian,1.5,3.766541352091102,202,Algorithm 3,3.7748981618139688
1000,600,8,gaussian,1.5,3.766541352091102,202,SN13,4.153244993768424
1000,600,8,gaussian,1.5,3.766541352091102,202,OptShrink,4.085006428917479
1000,600,8,gaussian,1.5,3.766541352091102,203,Algorithm 3,3.5822229548811446
1000,600,8,gaussian,1.5,3.766541352091102,203,SN13,4.045301639372231
1000,600,8,gaussian,1.5,3.766541352091102,203,OptShrink,3.969974011468463
1000,600,8,gaussian,1.5,3.766541352091102,204,Algorithm 3,3.6636345148212723
1000,600,8,gaussian,1.5,3.766541352091102,204,SN13,4.002313745675978
1000,600,8,gaussian,1.5,3.766541352091102,204,OptShrink,3.9262861767866624
1000,600,8,gaussian,1.5,3.766541352091102,205,Algorithm 3,3.8681965428096676
1000,600,8,gaussian,1.5,3.766541352091102,205,SN13,4.118355365143292
1000,600,8,gaussian,1.5,3.766541352091102,205,OptShrink,4.048228153452724
1000,600,8,gaussian,1.5,3.766541352091102,206,Algorithm 3,3.7778068046294693
1000,600,8,gaussian,1.5,3.766541352091102,206,SN13,4.079855104721976
1000,600,8,gaussian,1.5,3.766541352091102,206,OptShrink,4.00968167210552
1000,600,8,gaussian,1.5,3.766541352091102,207,Algorithm 3,3.7298683760833025
1000,600,8,gaussian,1.5,3.766541352091102,207,SN13,4.065402863420384
1000,600,8,gaussian,1.5,3.766541352091102,207,OptShrink,3.9934282250835773
1000,600,8,gaussian,1.5,3.766541352091102,208,Algorithm 3,3.679939164811317
1000,600,8,gaussian,1.5,3.766541352091102,208,SN13,4.089331804870892
1000,600,8,gaussian,1.5,3.766541352091102,208,OptShrink,4.018433126512662
1000,600,8,gaussian,1.5,3.766541352091102,209,Algorithm 3,3.8401477455617066
1000,600,8,gaussian,1.5,3.766541352091102,209,SN13,4.16072329117236
1000,600,8,gaussian,1.5,3.766541352091102,209,OptShrink,4.095019617444488
1000,600,8,gaussian,1.5,3.766541352091102,210,Algorithm 3,3.63780192882418
1000,600,8,gaussian,1.5,3.766541352091102,210,SN13,4.009922277071824
1000,600,8,gaussian,1.5,3.766541352091102,210,OptShrink,3.932534172258719
1000,600,8,gaussian,1.5,3.766541352091102,211,Algorithm 3,3.819674442207984
1000,600,8,gaussian,1.5,3.766541352091102,211,SN13,4.270974420556895
1000,600,8,gaussian,1.5,3.766541352091102,211,OptShrink,4.21239431507117
1000,600,8,gaussian,1.5,3.766541352091102,212,Algorithm 3,3.559807281074708
1000,600,8,gaussian,1.5,3.766541352091102,212,SN13,4.038622253224955
1000,600,8,gaussian,1.5,3.766541352091102,212,OptShrink,3.963643756806931
1000,600,8,gaussian,1.5,3.766541352091102,213,Algorithm 3,3.888281455573122
1000,600,8,gaussian,1.5,3.766541352091102,213,SN13,4.150055309533122
1000,600,8,gaussian,1.5,3.766541352091102,213,OptShrink,4.0845263911514245
1000,600,8,gaussian,1.5,3.766541352091102,214,Algorithm 3,3.726809516495854
1000,600,8,gaussian,1.5,3.766541352091102,214,SN13,4.051451551262116
1000,600,8,gaussian,1.5,3.766541352091102,214,OptShrink,3.9765179028030593
1000,600,8,gaussian,1.5,3.766541352091102,215,Algorithm 3,3.6363234568852554
1000,600,8,gaussian,1.5,3.766541352091102,215,SN13,3.978879167820026
1000,600,8,gaussian,1.5,3.766541352091102,215,OptShrink,3.901653215335715
1000,600,8,gaussian,1.5,3.766541352091102,216,Algorithm 3,3.6317217666765322
1000,600,8,gaussian,1.5,3.766541352091102,216,SN13,4.041191855405375
1000,600,8,gaussian,1.5,3.766541352091102,216,OptShrink,3.9660044994317065
1000,600,8,gaussian,1.5,3.766541352091102,217,Algorithm 3,3.5458351471141927
1000,600,8,gaussian,1.5,3.766541352091102,217,SN13,4.023425088180115
1000,600,8,gaussian,1.5,3.766541352091102,217,OptShrink,3.948928141009614
1000,600,8,gaussian,1.5,3.766541352091102,218,Algorithm 3,3.7133253297454876
1000,600,8,gaussian,1.5,3.766541352091102,218,SN13,4.134491676534827
1000,600,8,gaussian,1.5,3.766541352091102,218,OptShrink,4.06655698696173
1000,600,8,gaussian,1.5,3.766541352091102,219,Algorithm 3,3.7072792622953146
1000,600,8,gaussian,1.5,3.766541352091102,219,SN13,4.12220162256435
1000,600,8,gaussian,1.5,3.766541352091102,219,OptShrink,4.054726452611381
1000,600,8,gaussian,1.5,3.766541352091102,220,Algorithm 3,3.790043551808485
1000,600,8,gaussian,1.5,3.766541352091102,220,SN13,4.080869127125159
1000,600,8,gaussian,1.5,3.766541352091102,220,OptShrink,4.009378617524568
1000,600,8,gaussian,1.5,3.766541352091102,221,Algorithm 3,3.793087089681258
1000,600,8,gaussian,1.5,3.766541352091102,221,SN13,4.139566358835979
1000,600,8,gaussian,1.5,3.766541352091102,221,OptShrink,4.071320284536662
1000,600,8,gaussian,1.5,3.766541352091102,222,Algorithm 3,3.791721315037913
1000,600,8,gaussian,1.5,3.766541352091102,222,SN13,4.118244652667209
1000,600,8,gaussian,1.5,3.766541352091102,222,OptShrink,4.050009199731181
1000,600,8,gaussian,1.5,3.766541352091102,223,Algorithm 3,3.5824510590236676
1000,600,8,gaussian,1.5,3.766541352091102,223,SN13,4.06809512409163
1000,600,8,gaussian,1.5,3.766541352091102,223,OptShrink,3.9971255660445055
1000,600,8,gaussian,1.5,3.766541352091102,224,Algorithm 3,3.74195876909942
1000,600,8,gaussian,1.5,3.766541352091102,224,SN13,4.040445800227521
1000,600,8,gaussian,1.5,3.766541352091102,224,OptShrink,3.9675079036781917
1000,600,8,gaussian,1.5,3.766541352091102,225,Algorithm 3,3.742052133969284
1000,600,8,gaussian,1.5,3.766541352091102,225,SN13,4.106035039144585
1000,600,8,gaussian,1.5,3.766541352091102,225,OptShrink,4.038131078742492
1000,600,8,gaussian,1.5,3.766541352091102,226,Algorithm 3,3.4587484047142336
1000,600,8,gaussian,1.5,3.766541352091102,226,SN13,4.037150392068858
1000,600,8,gaussian,1.5,3.766541352091102,226,OptShrink,3.9637938894626603
1000,600,8,gaussian,1.5,3.766541352091102,227,Algorithm 3,3.7218658317700775
1000,600,8,gaussian,1.5,3.766541352091102,227,SN13,4.052062583299201
1000,600,8,gaussian,1.5,3.766541352091102,227,OptShrink,3.97967091498869
1000,600,8,gaussian,1.5,3.766541352091102,228,Algorithm 3,3.609463684746003
1000,600,8,gaussian,1.5,3.766541352091102,228,SN13,4.013283811598725
1000,600,8,gaussian,1.5,3.766541352091102,228,OptShrink,3.935876506630573
1000,600,8,gaussian,1.5,3.766541352091102,229,Algorithm 3,3.735487900774044
1000,600,8,gaussian,1.5,3.766541352091102,229,SN13,4.009561064723936
1000,600,8,gaussian,1.5,3.766541352091102,229,OptShrink,3.9316935264476203
1000,600,8,gaussian,1.5,3.766541352091102,230,Algorithm 3,3.841248090383722
1000,600,8,gaussian,1.5,3.766541352091102,230,SN13,4.15275654187461
1000,600,8,gaussian,1.5,3.766541352091102,230,OptShrink,4.088719964185191
1000,600,8,gaussian,1.5,3.766541352091102,231,Algorithm 3,3.676037916689964
1000,600,8,gaussian,1.5,3.766541352091102,231,SN13,4.039881967405097
1000,600,8,gaussian,1.5,3.766541352091102,231,OptShrink,3.9671943317880896
1000,600,8,gaussian,1.5,3.766541352091102,232,Algorithm 3,3.730608441063706
1000,600,8,gaussian,1.5,3.766541352091102,232,SN13,4.107466800066308
1000,600,8,gaussian,1.5,3.766541352091102,232,OptShrink,4.036232385275172
1000,600,8,gaussian,1.5,3.766541352091102,233,Algorithm 3,3.8175313355833276
1000,600,8,gaussian,1.5,3.766541352091102,233,SN13,4.141535424821293
1000,600,8,gaussian,1.5,3.766541352091102,233,OptShrink,4.074624189443378
1000,600,8,gaussian,1.5,3.766541352091102,234,Algorithm 3,3.834828852713131
1000,600,8,gaussian,1.5,3.766541352091102,234,SN13,4.135611253069505
1000,600,8,gaussian,1.5,3.766541352091102,234,OptShrink,4.068186689923084
1000,600,8,gaussian,1.5,3.766541352091102,235,Algorithm 3,3.554614033163497
1000,600,8,gaussian,1.5,3.766541352091102,235,SN13,4.027815076769874
1000,600,8,gaussian,1.5,3.766541352091102,235,OptShrink,3.952836671701625
1000,600,8,gaussian,1.5,3.766541352091102,236,Algorithm 3,3.6778014772595715
1000,600,8,gaussian,1.5,3.766541352091102,236,SN13,4.040355346465306
1000,600,8,gaussian,1.5,3.766541352091102,236,OptShrink,3.9670567370032366
1000,600,8,gaussian,1.5,3.766541352091102,237,Algorithm 3,3.6965150197379626
1000,600,8,gaussian,1.5,3.766541352091102,237,SN13,4.023929780147308
1000,600,8,gaussian,1.5,3.766541352091102,237,OptShrink,3.9476545728275143
1000,600,8,gaussian,1.5,3.766541352091102,238,Algorithm 3,3.7495338068736297
1000,600,8,gaussian,1.5,3.766541352091102,238,SN13,4.10955728753951
1000,600,8,gaussian,1.5,3.766541352091102,238,OptShrink,4.041486453061306
1000,600,8,gaussian,1.5,3.766541352091102,239,Algorithm 3,3.627442302804199
1000,600,8,gaussian,1.5,3.766541352091102,239,SN13,4.02363004384349
1000,600,8,gaussian,1.5,3.766541352091102,239,OptShrink,3.947240492183884
1000,600,8,gaussian,1.5,3.766541352091102,240,Algorithm 3,3.9269689050315697
1000,600,8,gaussian,1.5,3.766541352091102,240,SN13,4.186814904493328
1000,600,8,gaussian,1.5,3.766541352091102,240,OptShrink,4.120569322382186
1000,600,8,gaussian,1.5,3.766541352091102,241,Algorithm 3,3.802799476261391
1000,600,8,gaussian,1.5,3.766541352091102,241,SN13,4.123615247559379
1000,600,8,gaussian,1.5,3.766541352091102,241,OptShrink,4.055778791847176
1000,600,8,gaussian,1.5,3.766541352091102,242,Algorithm 3,3.7379504025573578
1000,600,8,gaussian,1.5,3.766541352091102,242,SN13,4.168048349700258
1000,600,8,gaussian,1.5,3.766541352091102,242,OptShrink,4.10290243588114
1000,600,8,gaussian,1.5,3.766541352091102,243,Algorithm 3,3.7708261165252184
1000,600,8,gaussian,1.5,3.766541352091102,243,SN13,4.096803741727226
1000,600,8,gaussian,1.5,3.766541352091102,243,OptShrink,4.0283282362758275
1000,600,8,gaussian,1.5,3.766541352091102,244,Algorithm 3,3.7739309103312704
1000,600,8,gaussian,1.5,3.766541352091102,244,SN13,4.103352021442765
1000,600,8,gaussian,1.5,3.766541352091102,244,OptShrink,4.032971366150421
1000,600,8,gaussian,1.5,3.766541352091102,245,Algorithm 3,3.6159867153398215
1000,600,8,gaussian,1.5,3.766541352091102,245,SN13,4.017942415720799
1000,600,8,gaussian,1.5,3.766541352091102,245,OptShrink,3.9414811604696234
1000,600,8,gaussian,1.5,3.766541352091102,246,Algorithm 3,3.849091925480484
1000,600,8,gaussian,1.5,3.766541352091102,246,SN13,4.26892313371589
1000,600,8,gaussian,1.5,3.766541352091102,246,OptShrink,4.210813246791764
1000,600,8,gaussian,1.5,3.766541352091102,247,Algorithm 3,3.65669506331038
1000,600,8,gaussian,1.5,3.766541352091102,247,SN13,4.095005237657054
1000,600,8,gaussian,1.5,3.766541352091102,247,OptShrink,4.022703034652093
1000,600,8,gaussian,1.5,3.766541352091102,248,Algorithm 3,3.82358993471007
1000,600,8,gaussian,1.5,3.766541352091102,248,SN13,4.219097027506004
1000,600,8,gaussian,1.5,3.766541352091102,248,OptShrink,4.157314247490761
1000,600,8,gaussian,1.5,3.766541352091102,249,Algorithm 3,3.858002469385369
1000,600,8,gaussian,1.5,3.766541352091102,249,SN13,4.238000993401453
1000,600,8,gaussian,1.5,3.766541352091102,249,OptShrink,4.176217533872579
1000,600,8,gaussian,1.5,3.766541352091102,250,Algorithm 3,3.535332558387718
1000,600,8,gaussian,1.5,3.766541352091102,250,SN13,3.9115178768192216
1000,600,8,gaussian,1.5,3.766541352091102,250,OptShrink,3.8261657735950725
1000,600,8,gaussian,1.5,3.766541352091102,251,Algorithm 3,3.5949765197727315
1000,600,8,gaussian,1.5,3.766541352091102,251,SN13,4.029618682814302
1000,600,8,gaussian,1.5,3.766541352091102,251,OptShrink,3.951816712391943
1000,600,8,gaussian,1.5,3.766541352091102,252,Algorithm 3,3.6205309049610284
1000,600,8,gaussian,1.5,3.766541352091102,252,SN13,4.018503498270279
1000,600,8,gaussian,1.5,3.766541352091102,252,OptShrink,3.942024094695522
1000,600,8,gaussian,1.5,3.766541352091102,253,Algorithm 3,3.7432034297053307
1000,600,8,gaussian,1.5,3.766541352091102,253,SN13,4.171697569794958
1000,600,8,gaussian,1.5,3.766541352091102,253,OptShrink,4.108214426026263
1000,600,8,gaussian,1.5,3.766541352091102,254,Algorithm 3,3.8094349567883343
1000,600,8,gaussian,1.5,3.766541352091102,254,SN13,4.179050309385373
1000,600,8,gaussian,1.5,3.766541352091102,254,OptShrink,4.11476875565026
1000,600,8,gaussian,1.5,3.766541352091102,255,Algorithm 3,3.789371570405179
1000,600,8,gaussian,1.5,3.766541352091102,255,SN13,4.091442959369264
1000,600,8,gaussian,1.5,3.766541352091102,255,OptShrink,4.019727050366404
1000,600,8,gaussian,1.5,3.766541352091102,256,Algorithm 3,3.6426406677827208
1000,600,8,gaussian,1.5,3.766541352091102,256,SN13,4.000682462820679
1000,600,8,gaussian,1.5,3.766541352091102,256,OptShrink,3.922774044242019
1000,600,8,gaussian,1.5,3.766541352091102,257,Algorithm 3,3.689841589867842
1000,600,8,gaussian,1.5,3.766541352091102,257,SN13,4.183336299847777
1000,600,8,gaussian,1.5,3.766541352091102,257,OptShrink,4.119365952686963
1000,600,8,gaussian,1.5,3.766541352091102,258,Algorithm 3,3.5874030661996112
1000,600,8,gaussian,1.5,3.766541352091102,258,SN13,3.8576745127744854
1000,600,8,gaussian,1.5,3.766541352091102,258,OptShrink,3.7660219105402466
1000,600,8,gaussian,1.5,3.766541352091102,259,Algorithm 3,3.9050982299153203
1000,600,8,gaussian,1.5,3.766541352091102,259,SN13,4.265201281100037
1000,600,8,gaussian,1.5,3.766541352091102,259,OptShrink,4.205897799190416
1000,600,8,gaussian,1.5,3.766541352091102,260,Algorithm 3,3.8403728578118894
1000,600,8,gaussian,1.5,3.766541352091102,260,SN13,4.143980333905777
1000,600,8,gaussian,1.5,3.766541352091102,260,OptShrink,4.0755963400385
1000,600,8,gaussian,1.5,3.766541352091102,261,Algorithm 3,3.59434379176008
1000,600,8,gaussian,1.5,3.766541352091102,261,SN13,4.0050250608332805
1000,600,8,gaussian,1.5,3.766541352091102,261,OptShrink,3.92809013827767
1000,600,8,gaussian,1.5,3.766541352091102,262,Algorithm 3,3.80707488065348
1000,600,8,gaussian,1.5,3.766541352091102,262,SN13,4.118877256101096
1000,600,8,gaussian,1.5,3.766541352091102,262,OptShrink,4.05053003209135
1000,600,8,gaussian,1.5,3.766541352091102,263,Algorithm 3,3.892541430708514
1000,600,8,gaussian,1.5,3.766541352091102,263,SN13,4.132697025640554
1000,600,8,gaussian,1.5,3.766541352091102,263,OptShrink,4.065704590596646
1000,600,8,gaussian,1.5,3.766541352091102,264,Algorithm 3,3.692327056531852
1000,600,8,gaussian,1.5,3.766541352091102,264,SN13,4.091904013141273
1000,600,8,gaussian,1.5,3.766541352091102,264,OptShrink,4.0239249416446565
1000,600,8,gaussian,1.5,3.766541352091102,265,Algorithm 3,3.774019239963002
1000,600,8,gaussian,1.5,3.766541352091102,265,SN13,4.108983696524123
1000,600,8,gaussian,1.5,3.766541352091102,265,OptShrink,4.039789342323185
1000,600,8,gaussian,1.5,3.766541352091102,266,Algorithm 3,3.724241067560881
1000,600,8,gaussian,1.5,3.766541352091102,266,SN13,4.089024739388687
1000,600,8,gaussian,1.5,3.766541352091102,266,OptShrink,4.0169714631896145
1000,600,8,gaussian,1.5,3.766541352091102,267,Algorithm 3,3.6782551797334198
1000,600,8,gaussian,1.5,3.766541352091102,267,SN13,4.1111424576169355
1000,600,8,gaussian,1.5,3.766541352091102,267,OptShrink,4.0432489277659185
1000,600,8,gaussian,1.5,3.766541352091102,268,Algorithm 3,3.7580732463351425
1000,600,8,gaussian,1.5,3.766541352091102,268,SN13,4.114522065321456
1000,600,8,gaussian,1.5,3.766541352091102,268,OptShrink,4.046683381621071
1000,600,8,gaussian,1.5,3.766541352091102,269,Algorithm 3,3.704561462897745
1000,600,8,gaussian,1.5,3.766541352091102,269,SN13,4.02973248092442
1000,600,8,gaussian,1.5,3.766541352091102,269,OptShrink,3.9555790754021016
1000,600,8,gaussian,1.5,3.766541352091102,270,Algorithm 3,3.6434071113249864
1000,600,8,gaussian,1.5,3.766541352091102,270,SN13,3.9625566153999205
1000,600,8,gaussian,1.5,3.766541352091102,270,OptShrink,3.8817312443988303
1000,600,8,gaussian,1.5,3.766541352091102,271,Algorithm 3,3.7366866516713326
1000,600,8,gaussian,1.5,3.766541352091102,271,SN13,4.110746361745765
1000,600,8,gaussian,1.5,3.766541352091102,271,OptShrink,4.042066361998421
1000,600,8,gaussian,1.5,3.766541352091102,272,Algorithm 3,3.7295482766281265
1000,600,8,gaussian,1.5,3.766541352091102,272,SN13,4.0413752221137225
1000,600,8,gaussian,1.5,3.766541352091102,272,OptShrink,3.968655247950428
1000,600,8,gaussian,1.5,3.766541352091102,273,Algorithm 3,3.6966188059886242
1000,600,8,gaussian,1.5,3.766541352091102,273,SN13,4.1004849031183594
1000,600,8,gaussian,1.5,3.766541352091102,273,OptShrink,4.029121566898015
1000,600,8,gaussian,1.5,3.766541352091102,274,Algorithm 3,3.805717131861245
1000,600,8,gaussian,1.5,3.766541352091102,274,SN13,4.073591682675369
1000,600,8,gaussian,1.5,3.766541352091102,274,OptShrink,4.0034664214452
1000,600,8,gaussian,1.5,3.766541352091102,275,Algorithm 3,3.8751322146993585
1000,600,8,gaussian,1.5,3.766541352091102,275,SN13,4.182106033804881
1000,600,8,gaussian,1.5,3.766541352091102,275,OptShrink,4.117158701163444
1000,600,8,gaussian,1.5,3.766541352091102,276,Algorithm 3,3.6877361197368623
1000,600,8,gaussian,1.5,3.766541352091102,276,SN13,4.099184492955909
1000,600,8,gaussian,1.5,3.766541352091102,276,OptShrink,4.028993545431932
1000,600,8,gaussian,1.5,3.766541352091102,277,Algorithm 3,3.711589571415123
1000,600,8,gaussian,1.5,3.766541352091102,277,SN13,4.095320442727137
1000,600,8,gaussian,1.5,3.766541352091102,277,OptShrink,4.024291846059354
1000,600,8,gaussian,1.5,3.766541352091102,278,Algorithm 3,3.717066677399229
1000,600,8,gaussian,1.5,3.766541352091102,278,SN13,4.061052215045136
1000,600,8,gaussian,1.5,3.766541352091102,278,OptShrink,3.9870140314780422
1000,600,8,gaussian,1.5,3.766541352091102,279,Algorithm 3,3.8413545458996254
1000,600,8,gaussian,1.5,3.766541352091102,279,SN13,4.1686644346888
1000,600,8,gaussian,1.5,3.766541352091102,279,OptShrink,4.103272315366923
1000,600,8,gaussian,1.5,3.766541352091102,280,Algorithm 3,3.730729232545893
1000,600,8,gaussian,1.5,3.766541352091102,280,SN13,4.051238526816778
1000,600,8,gaussian,1.5,3.766541352091102,280,OptShrink,3.979257319819062
1000,600,8,gaussian,1.5,3.766541352091102,281,Algorithm 3,3.759866718667877
1000,600,8,gaussian,1.5,3.766541352091102,281,SN13,4.1175704915054006
1000,600,8,gaussian,1.5,3.766541352091102,281,OptShrink,4.0513996241618
1000,600,8,gaussian,1.5,3.766541352091102,282,Algorithm 3,3.683249858064706
1000,600,8,gaussian,1.5,3.766541352091102,282,SN13,4.05725267012451
1000,600,8,gaussian,1.5,3.766541352091102,282,OptShrink,3.980511249525698
1000,600,8,gaussian,1.5,3.766541352091102,283,Algorithm 3,3.534343330015877
1000,600,8,gaussian,1.5,3.766541352091102,283,SN13,3.9395760652423895
1000,600,8,gaussian,1.5,3.766541352091102,283,OptShrink,3.856012347799922
1000,600,8,gaussian,1.5,3.766541352091102,284,Algorithm 3,3.77755582356413
1000,600,8,gaussian,1.5,3.766541352091102,284,SN13,4.121950370481723
1000,600,8,gaussian,1.5,3.766541352091102,284,OptShrink,4.055947829709981
1000,600,8,gaussian,1.5,3.766541352091102,285,Algorithm 3,3.6939193295956065
1000,600,8,gaussian,1.5,3.766541352091102,285,SN13,4.054143895423125
1000,600,8,gaussian,1.5,3.766541352091102,285,OptShrink,3.9800742760232204
1000,600,8,gaussian,1.5,3.766541352091102,286,Algorithm 3,3.8518243443482767
1000,600,8,gaussian,1.5,3.766541352091102,286,SN13,4.164190394164725
1000,600,8,gaussian,1.5,3.766541352091102,286,OptShrink,4.100591036512186
1000,600,8,gaussian,1.5,3.766541352091102,287,Algorithm 3,3.6604676107386416
1000,600,8,gaussian,1.5,3.766541352091102,287,SN13,4.091241291107518
1000,600,8,gaussian,1.5,3.766541352091102,287,OptShrink,4.02110531313039
1000,600,8,gaussian,1.5,3.766541352091102,288,Algorithm 3,3.885967276400164
1000,600,8,gaussian,1.5,3.766541352091102,288,SN13,4.251069732680639
1000,600,8,gaussian,1.5,3.766541352091102,288,OptShrink,4.190962429090193
1000,600,8,gaussian,1.5,3.766541352091102,289,Algorithm 3,3.7065821840040485
1000,600,8,gaussian,1.5,3.766541352091102,289,SN13,4.015275223811138
1000,600,8,gaussian,1.5,3.766541352091102,289,OptShrink,3.939525169551205
1000,600,8,gaussian,1.5,3.766541352091102,290,Algorithm 3,3.8301210791021547
1000,600,8,gaussian,1.5,3.766541352091102,290,SN13,4.081530788575452
1000,600,8,gaussian,1.5,3.766541352091102,290,OptShrink,4.010624027359676
1000,600,8,gaussian,1.5,3.766541352091102,291,Algorithm 3,3.7909479554065935
1000,600,8,gaussian,1.5,3.766541352091102,291,SN13,4.1441724658876415
1000,600,8,gaussian,1.5,3.766541352091102,291,OptShrink,4.077638686707773
1000,600,8,gaussian,1.5,3.766541352091102,292,Algorithm 3,3.876275958908222
1000,600,8,gaussian,1.5,3.766541352091102,292,SN13,4.1415322059272635
1000,600,8,gaussian,1.5,3.766541352091102,292,OptShrink,4.0752594545637395
1000,600,8,gaussian,1.5,3.766541352091102,293,Algorithm 3,3.648912828177723
1000,600,8,gaussian,1.5,3.766541352091102,293,SN13,4.110209661500049
1000,600,8,gaussian,1.5,3.766541352091102,293,OptShrink,4.040465729791584
1000,600,8,gaussian,1.5,3.766541352091102,294,Algorithm 3,3.7420558671176565
1000,600,8,gaussian,1.5,3.766541352091102,294,SN13,4.1633759661478855
1000,600,8,gaussian,1.5,3.766541352091102,294,OptShrink,4.0994135942906595
1000,600,8,gaussian,1.5,3.766541352091102,295,Algorithm 3,3.8263794443451054
1000,600,8,gaussian,1.5,3.766541352091102,295,SN13,4.1139472123575525
1000,600,8,gaussian,1.5,3.766541352091102,295,OptShrink,4.04425550833498
1000,600,8,gaussian,1.5,3.766541352091102,296,Algorithm 3,3.913992478146605
1000,600,8,gaussian,1.5,3.766541352091102,296,SN13,4.265377977024833
1000,600,8,gaussian,1.5,3.766541352091102,296,OptShrink,4.20659709006883
1000,600,8,gaussian,1.5,3.766541352091102,297,Algorithm 3,3.8580217162989525
1000,600,8,gaussian,1.5,3.766541352091102,297,SN13,4.234278366626967
1000,600,8,gaussian,1.5,3.766541352091102,297,OptShrink,4.171653724365182
1000,600,8,gaussian,1.5,3.766541352091102,298,Algorithm 3,3.5467583732033257
1000,600,8,gaussian,1.5,3.766541352091102,298,SN13,3.918384417839113
1000,600,8,gaussian,1.5,3.766541352091102,298,OptShrink,3.8345854625468867
1000,600,8,gaussian,1.5,3.766541352091102,299,Algorithm 3,3.7467735431845997
1000,600,8,gaussian,1.5,3.766541352091102,299,SN13,4.116102395477496
1000,600,8,gaussian,1.5,3.766541352091102,299,OptShrink,4.046927383332311
1000,600,8,gaussian,1.5,3.766541352091102,300,Algorithm 3,3.882029290147438
1000,600,8,gaussian,1.5,3.766541352091102,300,SN13,4.251491048123215
1000,600,8,gaussian,1.5,3.766541352091102,300,OptShrink,4.192098381572292
1000,600,8,gaussian,1.5,3.766541352091102,301,Algorithm 3,3.7639403021913593
1000,600,8,gaussian,1.5,3.766541352091102,301,SN13,4.103650805065402
1000,600,8,gaussian,1.5,3.766541352091102,301,OptShrink,4.033953602138315
1000,600,8,gaussian,1.5,3.766541352091102,302,Algorithm 3,3.8588519930617853
1000,600,8,gaussian,1.5,3.766541352091102,302,SN13,4.182598398205619
1000,600,8,gaussian,1.5,3.766541352091102,302,OptShrink,4.118684763811934
1000,600,8,gaussian,1.5,3.766541352091102,303,Algorithm 3,3.8207540669525875
1000,600,8,gaussian,1.5,3.766541352091102,303,SN13,4.123017012355731
1000,600,8,gaussian,1.5,3.766541352091102,303,OptShrink,4.054005752295602
1000,600,8,gaussian,1.5,3.766541352091102,304,Algorithm 3,3.679883268914244
1000,600,8,gaussian,1.5,3.766541352091102,304,SN13,4.080235846596294
1000,600,8,gaussian,1.5,3.766541352091102,304,OptShrink,4.009046302750464
1000,600,8,gaussian,1.5,3.766541352091102,305,Algorithm 3,3.7326314290333857
1000,600,8,gaussian,1.5,3.766541352091102,305,SN13,4.203851997294888
1000,600,8,gaussian,1.5,3.766541352091102,305,OptShrink,4.140881083289943
1000,600,8,gaussian,1.5,3.766541352091102,306,Algorithm 3,3.8117144919856627
1000,600,8,gaussian,1.5,3.766541352091102,306,SN13,4.172165091831338
1000,600,8,gaussian,1.5,3.766541352091102,306,OptShrink,4.1067793681128135
1000,600,8,gaussian,1.5,3.766541352091102,307,Algorithm 3,3.9993607944869365
1000,600,8,gaussian,1.5,3.766541352091102,307,SN13,4.2605621576472466
1000,600,8,gaussian,1.5,3.766541352091102,307,OptShrink,4.201279482241726
1000,600,8,gaussian,1.5,3.766541352091102,308,Algorithm 3,3.704818557269714
1000,600,8,gaussian,1.5,3.766541352091102,308,SN13,4.029968334019128
1000,600,8,gaussian,1.5,3.766541352091102,308,OptShrink,3.954524423170431
1000,600,8,gaussian,1.5,3.766541352091102,309,Algorithm 3,3.8790637687036575
1000,600,8,gaussian,1.5,3.766541352091102,309,SN13,4.176608934765525
1000,600,8,gaussian,1.5,3.766541352091102,309,OptShrink,4.113716884736342
1000,600,8,gaussian,1.5,3.766541352091102,310,Algorithm 3,3.858560916014783
1000,600,8,gaussian,1.5,3.766541352091102,310,SN13,4.164495423511525
1000,600,8,gaussian,1.5,3.766541352091102,310,OptShrink,4.099706144964064
1000,600,8,gaussian,1.5,3.766541352091102,311,Algorithm 3,3.6745406806434886
1000,600,8,gaussian,1.5,3.766541352091102,311,SN13,3.9599226379182944
1000,600,8,gaussian,1.5,3.766541352091102,311,OptShrink,3.8806374206075716
1000,600,8,gaussian,1.5,3.766541352091102,312,Algorithm 3,3.8882864750484982
1000,600,8,gaussian,1.5,3.766541352091102,312,SN13,4.314886593092848
1000,600,8,gaussian,1.5,3.766541352091102,312,OptShrink,4.259847565924444
1000,600,8,gaussian,1.5,3.766541352091102,313,Algorithm 3,3.7581031121192896
1000,600,8,gaussian,1.5,3.766541352091102,313,SN13,4.149474413887751
1000,600,8,gaussian,1.5,3.766541352091102,313,OptShrink,4.0813867473660075
1000,600,8,gaussian,1.5,3.766541352091102,314,Algorithm 3,3.6844210203631986
1000,600,8,gaussian,1.5,3.766541352091102,314,SN13,4.0994028181622095
1000,600,8,gaussian,1.5,3.766541352091102,314,OptShrink,4.0288862396473535
1000,600,8,gaussian,1.5,3.766541352091102,315,Algorithm 3,3.682773003708846
1000,600,8,gaussian,1.5,3.766541352091102,315,SN13,4.125419838380825
1000,600,8,gaussian,1.5,3.766541352091102,315,OptShrink,4.055164587816819
1000,600,8,gaussian,1.5,3.766541352091102,316,Algorithm 3,3.453177753728361
1000,600,8,gaussian,1.5,3.766541352091102,316,SN13,3.901557340403214
1000,600,8,gaussian,1.5,3.766541352091102,316,OptShrink,3.8166664101345353
1000,600,8,gaussian,1.5,3.766541352091102,317,Algorithm 3,3.8839176671942077
1000,600,8,gaussian,1.5,3.766541352091102,317,SN13,4.183619664761983
1000,600,8,gaussian,1.5,3.766541352091102,317,OptShrink,4.120433949745964
1000,600,8,gaussian,1.5,3.766541352091102,318,Algorithm 3,3.5946619087646647
1000,600,8,gaussian,1.5,3.766541352091102,318,SN13,3.9799946817625615
1000,600,8,gaussian,1.5,3.766541352091102,318,OptShrink,3.9019392874524095
1000,600,8,gaussian,1.5,3.766541352091102,319,Algorithm 3,3.5940002601347802
1000,600,8,gaussian,1.5,3.766541352091102,319,SN13,3.9273022390037835
1000,600,8,gaussian,1.5,3.766541352091102,319,OptShrink,3.842366502593608
1000,600,8,gaussian,1.5,3.766541352091102,320,Algorithm 3,3.706257233039219
1000,600,8,gaussian,1.5,3.766541352091102,320,SN13,4.0817953243448075
1000,600,8,gaussian,1.5,3.766541352091102,320,OptShrink,4.010756601805511
1000,600,8,gaussian,1.5,3.766541352091102,321,Algorithm 3,3.8526201671406217
1000,600,8,gaussian,1.5,3.766541352091102,321,SN13,4.226015495360759
1000,600,8,gaussian,1.5,3.766541352091102,321,OptShrink,4.163828737932268
1000,600,8,gaussian,1.5,3.766541352091102,322,Algorithm 3,3.930111333946674
1000,600,8,gaussian,1.5,3.766541352091102,322,SN13,4.24189650063452
1000,600,8,gaussian,1.5,3.766541352091102,322,OptShrink,4.1822628204531735
1000,600,8,gaussian,1.5,3.766541352091102,323,Algorithm 3,3.746678715520618
1000,600,8,gaussian,1.5,3.766541352091102,323,SN13,4.085757378125724
1000,600,8,gaussian,1.5,3.766541352091102,323,OptShrink,4.014002155892989
1000,600,8,gaussian,1.5,3.766541352091102,324,Algorithm 3,3.762552545496145
1000,600,8,gaussian,1.5,3.766541352091102,324,SN13,4.1309237851115075
1000,600,8,gaussian,1.5,3.766541352091102,324,OptShrink,4.062702803975211
1000,600,8,gaussian,1.5,3.766541352091102,325,Algorithm 3,3.6465729976850536
1000,600,8,gaussian,1.5,3.766541352091102,325,SN13,4.100460852215136
1000,600,8,gaussian,1.5,3.766541352091102,325,OptShrink,4.031383218534537
1000,600,8,gaussian,1.5,3.766541352091102,326,Algorithm 3,3.627642564377277
1000,600,8,gaussian,1.5,3.766541352091102,326,SN13,3.978639877409502
1000,600,8,gaussian,1.5,3.766541352091102,326,OptShrink,3.8988919760906353
1000,600,8,gaussian,1.5,3.766541352091102,327,Algorithm 3,3.737414999061437
1000,600,8,gaussian,1.5,3.766541352091102,327,SN13,4.024042608086555
1000,600,8,gaussian,1.5,3.766541352091102,327,OptShrink,3.9474631839497327
1000,600,8,gaussian,1.5,3.766541352091102,328,Algorithm 3,3.806989187521924
1000,600,8,gaussian,1.5,3.766541352091102,328,SN13,4.163129179092816
1000,600,8,gaussian,1.5,3.766541352091102,328,OptShrink,4.097893002821731
1000,600,8,gaussian,1.5,3.766541352091102,329,Algorithm 3,3.6384811105933372
1000,600,8,gaussian,1.5,3.766541352091102,329,SN13,4.040381126378991
1000,600,8,gaussian,1.5,3.766541352091102,329,OptShrink,3.9662149017291886
1000,600,8,gaussian,1.5,3.766541352091102,330,Algorithm 3,3.6518678308246963
1000,600,8,gaussian,1.5,3.766541352091102,330,SN13,4.037515632876266
1000,600,8,gaussian,1.5,3.766541352091102,330,OptShrink,3.964349155408857
1000,600,8,gaussian,1.5,3.766541352091102,331,Algorithm 3,3.758772719502951
1000,600,8,gaussian,1.5,3.766541352091102,331,SN13,4.041586244157403
1000,600,8,gaussian,1.5,3.766541352091102,331,OptShrink,3.9662933395098303
1000,600,8,gaussian,1.5,3.766541352091102,332,Algorithm 3,3.9356146649908026
1000,600,8,gaussian,1.5,3.766541352091102,332,SN13,4.244943307884919
1000,600,8,gaussian,1.5,3.766541352091102,332,OptShrink,4.185442827744951
1000,600,8,gaussian,1.5,3.766541352091102,333,Algorithm 3,3.9163896498292297
1000,600,8,gaussian,1.5,3.766541352091102,333,SN13,4.332456680437465
1000,600,8,gaussian,1.5,3.766541352091102,333,OptShrink,4.2770799851040495
1000,600,8,gaussian,1.5,3.766541352091102,334,Algorithm 3,3.8973342601610645
1000,600,8,gaussian,1.5,3.766541352091102,334,SN13,4.272160220222695
1000,600,8,gaussian,1.5,3.766541352091102,334,OptShrink,4.2141142408282
1000,600,8,gaussian,1.5,3.766541352091102,335,Algorithm 3,3.7039594872127863
1000,600,8,gaussian,1.5,3.766541352091102,335,SN13,4.1021209720587875
1000,600,8,gaussian,1.5,3.766541352091102,335,OptShrink,4.0327216862707544
1000,600,8,gaussian,1.5,3.766541352091102,336,Algorithm 3,3.855352635429159
1000,600,8,gaussian,1.5,3.766541352091102,336,SN13,4.172352698017685
1000,600,8,gaussian,1.5,3.766541352091102,336,OptShrink,4.106579423975387
1000,600,8,gaussian,1.5,3.766541352091102,337,Algorithm 3,3.7903626156379784
1000,600,8,gaussian,1.5,3.766541352091102,337,SN13,4.1012839504671925
1000,600,8,gaussian,1.5,3.766541352091102,337,OptShrink,4.0326248419808435
1000,600,8,gaussian,1.5,3.766541352091102,338,Algorithm 3,3.945176995266583
1000,600,8,gaussian,1.5,3.766541352091102,338,SN13,4.164312116996324
1000,600,8,gaussian,1.5,3.766541352091102,338,OptShrink,4.098228045746824
1000,600,8,gaussian,1.5,3.766541352091102,339,Algorithm 3,3.8087785519107586
1000,600,8,gaussian,1.5,3.766541352091102,339,SN13,4.149535445559977
1000,600,8,gaussian,1.5,3.766541352091102,339,OptShrink,4.084249732564599
1000,600,8,gaussian,1.5,3.766541352091102,340,Algorithm 3,3.763336211020403
1000,600,8,gaussian,1.5,3.766541352091102,340,SN13,4.159302844228621
1000,600,8,gaussian,1.5,3.766541352091102,340,OptShrink,4.094049371924529
1000,600,8,gaussian,1.5,3.766541352091102,341,Algorithm 3,3.7733120322097116
1000,600,8,gaussian,1.5,3.766541352091102,341,SN13,4.147392679996994
1000,600,8,gaussian,1.5,3.766541352091102,341,OptShrink,4.08082707629513
1000,600,8,gaussian,1.5,3.766541352091102,342,Algorithm 3,3.808437373734951
1000,600,8,gaussian,1.5,3.766541352091102,342,SN13,4.116269583128826
1000,600,8,gaussian,1.5,3.766541352091102,342,OptShrink,4.046931842457111
1000,600,8,gaussian,1.5,3.766541352091102,343,Algorithm 3,3.7133550120484373
1000,600,8,gaussian,1.5,3.766541352091102,343,SN13,4.110963356870765
1000,600,8,gaussian,1.5,3.766541352091102,343,OptShrink,4.042595979371817
1000,600,8,gaussian,1.5,3.766541352091102,344,Algorithm 3,3.6799335125890797
1000,600,8,gaussian,1.5,3.766541352091102,344,SN13,4.0005295753168655
1000,600,8,gaussian,1.5,3.766541352091102,344,OptShrink,3.924133241598079
1000,600,8,gaussian,1.5,3.766541352091102,345,Algorithm 3,3.5975215824476057
1000,600,8,gaussian,1.5,3.766541352091102,345,SN13,3.994820534776613
1000,600,8,gaussian,1.5,3.766541352091102,345,OptShrink,3.9181615079913663
1000,600,8,gaussian,1.5,3.766541352091102,346,Algorithm 3,3.6876481012780467
1000,600,8,gaussian,1.5,3.766541352091102,346,SN13,4.127614927560421
1000,600,8,gaussian,1.5,3.766541352091102,346,OptShrink,4.059563996838216
1000,600,8,gaussian,1.5,3.766541352091102,347,Algorithm 3,3.6881865166337717
1000,600,8,gaussian,1.5,3.766541352091102,347,SN13,4.031862349619035
1000,600,8,gaussian,1.5,3.766541352091102,347,OptShrink,3.9550711089027524
1000,600,8,gaussian,1.5,3.766541352091102,348,Algorithm 3,3.774791712842966
1000,600,8,gaussian,1.5,3.766541352091102,348,SN13,4.14483546274165
1000,600,8,gaussian,1.5,3.766541352091102,348,OptShrink,4.080032608821174
1000,600,8,gaussian,1.5,3.766541352091102,349,Algorithm 3,3.8735136390403437
1000,600,8,gaussian,1.5,3.766541352091102,349,SN13,4.177523314865658
1000,600,8,gaussian,1.5,3.766541352091102,349,OptShrink,4.112073412562186
1000,600,8,gaussian,1.5,3.766541352091102,350,Algorithm 3,3.665571681246677
1000,600,8,gaussian,1.5,3.766541352091102,350,SN13,4.0225277870168545
1000,600,8,gaussian,1.5,3.766541352091102,350,OptShrink,3.9462983065763697
1000,600,8,gaussian,1.5,3.766541352091102,351,Algorithm 3,3.8511022647041457
1000,600,8,gaussian,1.5,3.766541352091102,351,SN13,4.175066885595854
1000,600,8,gaussian,1.5,3.766541352091102,351,OptShrink,4.109805691215621
1000,600,8,gaussian,1.5,3.766541352091102,352,Algorithm 3,3.846655951370001
1000,600,8,gaussian,1.5,3.766541352091102,352,SN13,4.168048104936756
1000,600,8,gaussian,1.5,3.766541352091102,352,OptShrink,4.10384739800732
1000,600,8,gaussian,1.5,3.766541352091102,353,Algorithm 3,3.680908335582266
1000,600,8,gaussian,1.5,3.766541352091102,353,SN13,4.069718993640619
1000,600,8,gaussian,1.5,3.766541352091102,353,OptShrink,3.9967593371191037
1000,600,8,gaussian,1.5,3.766541352091102,354,Algorithm 3,3.6191121939663184
1000,600,8,gaussian,1.5,3.766541352091102,354,SN13,4.054495913789077
1000,600,8,gaussian,1.5,3.766541352091102,354,OptShrink,3.981540533019195
1000,600,8,gaussian,1.5,3.766541352091102,355,Algorithm 3,3.865291858037427
1000,600,8,gaussian,1.5,3.766541352091102,355,SN13,4.077609334926599
1000,600,8,gaussian,1.5,3.766541352091102,355,OptShrink,4.005274743179051
1000,600,8,gaussian,1.5,3.766541352091102,356,Algorithm 3,3.762169243065262
1000,600,8,gaussian,1.5,3.766541352091102,356,SN13,4.140543879965825
1000,600,8,gaussian,1.5,3.766541352091102,356,OptShrink,4.0751519244243815
1000,600,8,gaussian,1.5,3.766541352091102,357,Algorithm 3,3.817609989805928
1000,600,8,gaussian,1.5,3.766541352091102,357,SN13,4.139561260465865
1000,600,8,gaussian,1.5,3.766541352091102,357,OptShrink,4.074684261993901
1000,600,8,gaussian,1.5,3.766541352091102,358,Algorithm 3,3.5454610885963693
1000,600,8,gaussian,1.5,3.766541352091102,358,SN13,3.9423576310760593
1000,600,8,gaussian,1.5,3.766541352091102,358,OptShrink,3.8594732508079996
1000,600,8,gaussian,1.5,3.766541352091102,359,Algorithm 3,3.696533068084288
1000,600,8,gaussian,1.5,3.766541352091102,359,SN13,4.054753914542743
1000,600,8,gaussian,1.5,3.766541352091102,359,OptShrink,3.9791349130634663
1000,600,8,gaussian,1.5,3.766541352091102,360,Algorithm 3,3.93003026445153
1000,600,8,gaussian,1.5,3.766541352091102,360,SN13,4.21399955954908
1000,600,8,gaussian,1.5,3.766541352091102,360,OptShrink,4.152067655316729
1000,600,8,gaussian,1.5,3.766541352091102,361,Algorithm 3,3.881633383136026
1000,600,8,gaussian,1.5,3.766541352091102,361,SN13,4.1863712230649845
1000,600,8,gaussian,1.5,3.766541352091102,361,OptShrink,4.123180362518388
1000,600,8,gaussian,1.5,3.766541352091102,362,Algorithm 3,3.8509988053395743
1000,600,8,gaussian,1.5,3.766541352091102,362,SN13,4.123810998614699
1000,600,8,gaussian,1.5,3.766541352091102,362,OptShrink,4.057517159104131
1000,600,8,gaussian,1.5,3.766541352091102,363,Algorithm 3,3.5433995769004847
1000,600,8,gaussian,1.5,3.766541352091102,363,SN13,4.011704541916272
1000,600,8,gaussian,1.5,3.766541352091102,363,OptShrink,3.9351756559743793
1000,600,8,gaussian,1.5,3.766541352091102,364,Algorithm 3,3.697944668994948
1000,600,8,gaussian,1.5,3.766541352091102,364,SN13,4.039755250672058
1000,600,8,gaussian,1.5,3.766541352091102,364,OptShrink,3.9665453588802446
1000,600,8,gaussian,1.5,3.766541352091102,365,Algorithm 3,3.747908094261089
1000,600,8,gaussian,1.5,3.766541352091102,365,SN13,4.0753253926808055
1000,600,8,gaussian,1.5,3.766541352091102,365,OptShrink,4.0046356084865335
1000,600,8,gaussian,1.5,3.766541352091102,366,Algorithm 3,3.7960737831216935
1000,600,8,gaussian,1.5,3.766541352091102,366,SN13,4.11617670049451
1000,600,8,gaussian,1.5,3.766541352091102,366,OptShrink,4.047225147797611
1000,600,8,gaussian,1.5,3.766541352091102,367,Algorithm 3,3.910020561860057
1000,600,8,gaussian,1.5,3.766541352091102,367,SN13,4.240593503405344
1000,600,8,gaussian,1.5,3.766541352091102,367,OptShrink,4.1791716940396375
1000,600,8,gaussian,1.5,3.766541352091102,368,Algorithm 3,3.6443972043570194
1000,600,8,gaussian,1.5,3.766541352091102,368,SN13,4.04823648375791
1000,600,8,gaussian,1.5,3.766541352091102,368,OptShrink,3.973364863104361
1000,600,8,gaussian,1.5,3.766541352091102,369,Algorithm 3,3.6327635878907336
1000,600,8,gaussian,1.5,3.766541352091102,369,SN13,4.076463505195263
1000,600,8,gaussian,1.5,3.766541352091102,369,OptShrink,4.00436816299476
1000,600,8,gaussian,1.5,3.766541352091102,370,Algorithm 3,3.8397065607899816
1000,600,8,gaussian,1.5,3.766541352091102,370,SN13,4.222073242187174
1000,600,8,gaussian,1.5,3.766541352091102,370,OptShrink,4.158563323823354
1000,600,8,gaussian,1.5,3.766541352091102,371,Algorithm 3,3.728577545446507
1000,600,8,gaussian,1.5,3.766541352091102,371,SN13,4.045029419933324
1000,600,8,gaussian,1.5,3.766541352091102,371,OptShrink,3.972552724276927
1000,600,8,gaussian,1.5,3.766541352091102,372,Algorithm 3,3.7423289447887877
1000,600,8,gaussian,1.5,3.766541352091102,372,SN13,4.087651906840236
1000,600,8,gaussian,1.5,3.766541352091102,372,OptShrink,4.016000828515378
1000,600,8,gaussian,1.5,3.766541352091102,373,Algorithm 3,3.9646866472902524
1000,600,8,gaussian,1.5,3.766541352091102,373,SN13,4.2019922238123515
1000,600,8,gaussian,1.5,3.766541352091102,373,OptShrink,4.1392325040048235
1000,600,8,gaussian,1.5,3.766541352091102,374,Algorithm 3,3.7315066107957895
1000,600,8,gaussian,1.5,3.766541352091102,374,SN13,4.123564981800163
1000,600,8,gaussian,1.5,3.766541352091102,374,OptShrink,4.054080512311627
1000,600,8,gaussian,1.5,3.766541352091102,375,Algorithm 3,3.7738647636091707
1000,600,8,gaussian,1.5,3.766541352091102,375,SN13,4.100216495338302
1000,600,8,gaussian,1.5,3.766541352091102,375,OptShrink,4.031176483726275
1000,600,8,gaussian,1.5,3.766541352091102,376,Algorithm 3,3.7064496134523006
1000,600,8,gaussian,1.5,3.766541352091102,376,SN13,4.034093780218584
1000,600,8,gaussian,1.5,3.766541352091102,376,OptShrink,3.9618126037247174
1000,600,8,gaussian,1.5,3.766541352091102,377,Algorithm 3,3.6254602430309455
1000,600,8,gaussian,1.5,3.766541352091102,377,SN13,4.022117536608505
1000,600,8,gaussian,1.5,3.766541352091102,377,OptShrink,3.9443574227445977
1000,600,8,gaussian,1.5,3.766541352091102,378,Algorithm 3,3.6277018465171924
1000,600,8,gaussian,1.5,3.766541352091102,378,SN13,4.086224202508041
1000,600,8,gaussian,1.5,3.766541352091102,378,OptShrink,4.016145639849366
1000,600,8,gaussian,1.5,3.766541352091102,379,Algorithm 3,3.8696872556564887
1000,600,8,gaussian,1.5,3.766541352091102,379,SN13,4.164894657462424
1000,600,8,gaussian,1.5,3.766541352091102,379,OptShrink,4.098992785242799
1000,600,8,gaussian,1.5,3.766541352091102,380,Algorithm 3,3.76264855648027
1000,600,8,gaussian,1.5,3.766541352091102,380,SN13,4.06335383137284
1000,600,8,gaussian,1.5,3.766541352091102,380,OptShrink,3.990855138100459
1000,600,8,gaussian,1.5,3.766541352091102,381,Algorithm 3,3.6521826099801915
1000,600,8,gaussian,1.5,3.766541352091102,381,SN13,4.142393907739202
1000,600,8,gaussian,1.5,3.766541352091102,381,OptShrink,4.075711946711065
1000,600,8,gaussian,1.5,3.766541352091102,382,Algorithm 3,3.7157399913753806
1000,600,8,gaussian,1.5,3.766541352091102,382,SN13,4.066022089957046
1000,600,8,gaussian,1.5,3.766541352091102,382,OptShrink,3.9931147582001287
1000,600,8,gaussian,1.5,3.766541352091102,383,Algorithm 3,3.694396896198946
1000,600,8,gaussian,1.5,3.766541352091102,383,SN13,4.12435475608699
1000,600,8,gaussian,1.5,3.766541352091102,383,OptShrink,4.057484376104938
1000,600,8,gaussian,1.5,3.766541352091102,384,Algorithm 3,3.4373267730853296
1000,600,8,gaussian,1.5,3.766541352091102,384,SN13,3.8834269264382764
1000,600,8,gaussian,1.5,3.766541352091102,384,OptShrink,3.7963273753003155
1000,600,8,gaussian,1.5,3.766541352091102,385,Algorithm 3,3.685981259274761
1000,600,8,gaussian,1.5,3.766541352091102,385,SN13,3.9255569294284687
1000,600,8,gaussian,1.5,3.766541352091102,385,OptShrink,3.8423560641340635
1000,600,8,gaussian,1.5,3.766541352091102,386,Algorithm 3,3.8013413793893824
1000,600,8,gaussian,1.5,3.766541352091102,386,SN13,4.149647575595201
1000,600,8,gaussian,1.5,3.766541352091102,386,OptShrink,4.081308611875516
1000,600,8,gaussian,1.5,3.766541352091102,387,Algorithm 3,3.7173583836993176
1000,600,8,gaussian,1.5,3.766541352091102,387,SN13,4.041534818981299
1000,600,8,gaussian,1.5,3.766541352091102,387,OptShrink,3.9671987774075332
1000,600,8,gaussian,1.5,3.766541352091102,388,Algorithm 3,3.645971504368837
1000,600,8,gaussian,1.5,3.766541352091102,388,SN13,4.055456872502093
1000,600,8,gaussian,1.5,3.766541352091102,388,OptShrink,3.9816487455580925
1000,600,8,gaussian,1.5,3.766541352091102,389,Algorithm 3,3.78200229672103
1000,600,8,gaussian,1.5,3.766541352091102,389,SN13,4.032470790339721
1000,600,8,gaussian,1.5,3.766541352091102,389,OptShrink,3.958121399482741
1000,600,8,gaussian,1.5,3.766541352091102,390,Algorithm 3,3.7959761298768315
1000,600,8,gaussian,1.5,3.766541352091102,390,SN13,4.1902546676405255
1000,600,8,gaussian,1.5,3.766541352091102,390,OptShrink,4.125941664721733
1000,600,8,gaussian,1.5,3.766541352091102,391,Algorithm 3,3.8820104460359524
1000,600,8,gaussian,1.5,3.766541352091102,391,SN13,4.192321898680117
1000,600,8,gaussian,1.5,3.766541352091102,391,OptShrink,4.127911516018587
1000,600,8,gaussian,1.5,3.766541352091102,392,Algorithm 3,3.863118723099063
1000,600,8,gaussian,1.5,3.766541352091102,392,SN13,4.120541640907985
1000,600,8,gaussian,1.5,3.766541352091102,392,OptShrink,4.052993381675041
1000,600,8,gaussian,1.5,3.766541352091102,393,Algorithm 3,3.6714430931748248
1000,600,8,gaussian,1.5,3.766541352091102,393,SN13,4.074005224166413
1000,600,8,gaussian,1.5,3.766541352091102,393,OptShrink,4.001159659904622
1000,600,8,gaussian,1.5,3.766541352091102,394,Algorithm 3,3.7394675472677097
1000,600,8,gaussian,1.5,3.766541352091102,394,SN13,4.103129084740417
1000,600,8,gaussian,1.5,3.766541352091102,394,OptShrink,4.03560964589138
1000,600,8,gaussian,1.5,3.766541352091102,395,Algorithm 3,3.747545344340607
1000,600,8,gaussian,1.5,3.766541352091102,395,SN13,4.120874330072862
1000,600,8,gaussian,1.5,3.766541352091102,395,OptShrink,4.052676789501505
1000,600,8,gaussian,1.5,3.766541352091102,396,Algorithm 3,3.9224031765883347
1000,600,8,gaussian,1.5,3.766541352091102,396,SN13,4.1905976631165895
1000,600,8,gaussian,1.5,3.766541352091102,396,OptShrink,4.124983937381261
1000,600,8,gaussian,1.5,3.766541352091102,397,Algorithm 3,3.768656457208077
1000,600,8,gaussian,1.5,3.766541352091102,397,SN13,4.139211693796659
1000,600,8,gaussian,1.5,3.766541352091102,397,OptShrink,4.071749735181138
1000,600,8,gaussian,1.5,3.766541352091102,398,Algorithm 3,3.9156910301693313
1000,600,8,gaussian,1.5,3.766541352091102,398,SN13,4.213591438816016
1000,600,8,gaussian,1.5,3.766541352091102,398,OptShrink,4.151072692665539
1000,600,8,gaussian,1.5,3.766541352091102,399,Algorithm 3,3.5373932789458897
1000,600,8,gaussian,1.5,3.766541352091102,399,SN13,4.000100685823636
1000,600,8,gaussian,1.5,3.766541352091102,399,OptShrink,3.9221990053391926
1000,600,8,gaussian,1.5,3.766541352091102,400,Algorithm 3,3.819165888578481
1000,600,8,gaussian,1.5,3.766541352091102,400,SN13,4.138343748080441
1000,600,8,gaussian,1.5,3.766541352091102,400,OptShrink,4.07240473551267
1000,600,8,gaussian,1.5,3.766541352091102,401,Algorithm 3,3.7326160267327584
1000,600,8,gaussian,1.5,3.766541352091102,401,SN13,4.124702071857381
1000,600,8,gaussian,1.5,3.766541352091102,401,OptShrink,4.055961235799942
1000,600,8,gaussian,1.5,3.766541352091102,402,Algorithm 3,3.6910375270302143
1000,600,8,gaussian,1.5,3.766541352091102,402,SN13,4.116842676824639
1000,600,8,gaussian,1.5,3.766541352091102,402,OptShrink,4.049627226845988
1000,600,8,gaussian,1.5,3.766541352091102,403,Algorithm 3,3.8185075606054166
1000,600,8,gaussian,1.5,3.766541352091102,403,SN13,4.1476555965687165
1000,600,8,gaussian,1.5,3.766541352091102,403,OptShrink,4.081521480950851
1000,600,8,gaussian,1.5,3.766541352091102,404,Algorithm 3,3.6205918918787616
1000,600,8,gaussian,1.5,3.766541352091102,404,SN13,4.026820984324429
1000,600,8,gaussian,1.5,3.766541352091102,404,OptShrink,3.950794121621298
1000,600,8,gaussian,1.5,3.766541352091102,405,Algorithm 3,3.7511041562604364
1000,600,8,gaussian,1.5,3.766541352091102,405,SN13,4.109769269028778
1000,600,8,gaussian,1.5,3.766541352091102,405,OptShrink,4.041479135883613
1000,600,8,gaussian,1.5,3.766541352091102,406,Algorithm 3,3.8114233533166457
1000,600,8,gaussian,1.5,3.766541352091102,406,SN13,4.107611435805466
1000,600,8,gaussian,1.5,3.766541352091102,406,OptShrink,4.038831938820616
1000,600,8,gaussian,1.5,3.766541352091102,407,Algorithm 3,3.8577024401884152
1000,600,8,gaussian,1.5,3.766541352091102,407,SN13,4.16253125563247
1000,600,8,gaussian,1.5,3.766541352091102,407,OptShrink,4.09697582254734
1000,600,8,gaussian,1.5,3.766541352091102,408,Algorithm 3,3.729703265894659
1000,600,8,gaussian,1.5,3.766541352091102,408,SN13,4.114027729585259
1000,600,8,gaussian,1.5,3.766541352091102,408,OptShrink,4.04721689309359
1000,600,8,gaussian,1.5,3.766541352091102,409,Algorithm 3,3.715412634323432
1000,600,8,gaussian,1.5,3.766541352091102,409,SN13,4.12738963793898
1000,600,8,gaussian,1.5,3.766541352091102,409,OptShrink,4.059788199873466
1000,600,8,gaussian,1.5,3.766541352091102,410,Algorithm 3,3.526593515399024
1000,600,8,gaussian,1.5,3.766541352091102,410,SN13,4.003503773663641
1000,600,8,gaussian,1.5,3.766541352091102,410,OptShrink,3.926033065445359
1000,600,8,gaussian,1.5,3.766541352091102,411,Algorithm 3,3.8503915189017075
1000,600,8,gaussian,1.5,3.766541352091102,411,SN13,4.150855077223672
1000,600,8,gaussian,1.5,3.766541352091102,411,OptShrink,4.085944337405165
1000,600,8,gaussian,1.5,3.766541352091102,412,Algorithm 3,3.693435685397766
1000,600,8,gaussian,1.5,3.766541352091102,412,SN13,4.026422053455589
1000,600,8,gaussian,1.5,3.766541352091102,412,OptShrink,3.9505391822853793
1000,600,8,gaussian,1.5,3.766541352091102,413,Algorithm 3,3.760055299733732
1000,600,8,gaussian,1.5,3.766541352091102,413,SN13,4.097955047846049
1000,600,8,gaussian,1.5,3.766541352091102,413,OptShrink,4.029468570986309
1000,600,8,gaussian,1.5,3.766541352091102,414,Algorithm 3,3.7965644886257564
1000,600,8,gaussian,1.5,3.766541352091102,414,SN13,4.105663119943056
1000,600,8,gaussian,1.5,3.766541352091102,414,OptShrink,4.034278390168293
1000,600,8,gaussian,1.5,3.766541352091102,415,Algorithm 3,3.7224087305357463
1000,600,8,gaussian,1.5,3.766541352091102,415,SN13,4.109814071470685
1000,600,8,gaussian,1.5,3.766541352091102,415,OptShrink,4.039549047627612
1000,600,8,gaussian,1.5,3.766541352091102,416,Algorithm 3,3.6111935518691074
1000,600,8,gaussian,1.5,3.766541352091102,416,SN13,4.019462828356913
1000,600,8,gaussian,1.5,3.766541352091102,416,OptShrink,3.943795406525392
1000,600,8,gaussian,1.5,3.766541352091102,417,Algorithm 3,3.7015646933953494
1000,600,8,gaussian,1.5,3.766541352091102,417,SN13,4.1193517253353615
1000,600,8,gaussian,1.5,3.766541352091102,417,OptShrink,4.051731979649975
1000,600,8,gaussian,1.5,3.766541352091102,418,Algorithm 3,3.6672677984267983
1000,600,8,gaussian,1.5,3.766541352091102,418,SN13,4.063750467038203
1000,600,8,gaussian,1.5,3.766541352091102,418,OptShrink,3.9914587157093417
1000,600,8,gaussian,1.5,3.766541352091102,419,Algorithm 3,3.8277640892027613
1000,600,8,gaussian,1.5,3.766541352091102,419,SN13,4.204234314088156
1000,600,8,gaussian,1.5,3.766541352091102,419,OptShrink,4.141496634796555
1000,600,8,gaussian,1.5,3.766541352091102,420,Algorithm 3,3.8426406094208008
1000,600,8,gaussian,1.5,3.766541352091102,420,SN13,4.17110344277664
1000,600,8,gaussian,1.5,3.766541352091102,420,OptShrink,4.106524566679058
1000,600,8,gaussian,1.5,3.766541352091102,421,Algorithm 3,3.8072018463057717
1000,600,8,gaussian,1.5,3.766541352091102,421,SN13,4.0859501640350455
1000,600,8,gaussian,1.5,3.766541352091102,421,OptShrink,4.016224905010544
1000,600,8,gaussian,1.5,3.766541352091102,422,Algorithm 3,3.4395915159471158
1000,600,8,gaussian,1.5,3.766541352091102,422,SN13,3.9748570478350556
1000,600,8,gaussian,1.5,3.766541352091102,422,OptShrink,3.89507076765234
1000,600,8,gaussian,1.5,3.766541352091102,423,Algorithm 3,3.9714290665234335
1000,600,8,gaussian,1.5,3.766541352091102,423,SN13,4.293419771874123
1000,600,8,gaussian,1.5,3.766541352091102,423,OptShrink,4.236556837750836
1000,600,8,gaussian,1.5,3.766541352091102,424,Algorithm 3,3.7195912203146757
1000,600,8,gaussian,1.5,3.766541352091102,424,SN13,4.089046724066203
1000,600,8,gaussian,1.5,3.766541352091102,424,OptShrink,4.017975587102104
1000,600,8,gaussian,1.5,3.766541352091102,425,Algorithm 3,3.5271321181898667
1000,600,8,gaussian,1.5,3.766541352091102,425,SN13,4.036865775346485
1000,600,8,gaussian,1.5,3.766541352091102,425,OptShrink,3.961946719116874
1000,600,8,gaussian,1.5,3.766541352091102,426,Algorithm 3,3.6972233776625516
1000,600,8,gaussian,1.5,3.766541352091102,426,SN13,4.059978277926503
1000,600,8,gaussian,1.5,3.766541352091102,426,OptShrink,3.9903548104304005
1000,600,8,gaussian,1.5,3.766541352091102,427,Algorithm 3,3.948842020225402
1000,600,8,gaussian,1.5,3.766541352091102,427,SN13,4.263565973259973
1000,600,8,gaussian,1.5,3.766541352091102,427,OptShrink,4.204829189666496
1000,600,8,gaussian,1.5,3.766541352091102,428,Algorithm 3,3.8956655577843247
1000,600,8,gaussian,1.5,3.766541352091102,428,SN13,4.187397771753957
1000,600,8,gaussian,1.5,3.766541352091102,428,OptShrink,4.122740045623913
1000,600,8,gaussian,1.5,3.766541352091102,429,Algorithm 3,3.821546095091311
1000,600,8,gaussian,1.5,3.766541352091102,429,SN13,4.180867816758053
1000,600,8,gaussian,1.5,3.766541352091102,429,OptShrink,4.11721540978722
1000,600,8,gaussian,1.5,3.766541352091102,430,Algorithm 3,3.9594351131189787
1000,600,8,gaussian,1.5,3.766541352091102,430,SN13,4.238573190359822
1000,600,8,gaussian,1.5,3.766541352091102,430,OptShrink,4.177777337992334
1000,600,8,gaussian,1.5,3.766541352091102,431,Algorithm 3,3.9096708694609132
1000,600,8,gaussian,1.5,3.766541352091102,431,SN13,4.191310679382614
1000,600,8,gaussian,1.5,3.766541352091102,431,OptShrink,4.1287214900942395
1000,600,8,gaussian,1.5,3.766541352091102,432,Algorithm 3,3.7510194298855013
1000,600,8,gaussian,1.5,3.766541352091102,432,SN13,4.039887039849809
1000,600,8,gaussian,1.5,3.766541352091102,432,OptShrink,3.9648501978806445
1000,600,8,gaussian,1.5,3.766541352091102,433,Algorithm 3,3.7012738440133863
1000,600,8,gaussian,1.5,3.766541352091102,433,SN13,4.091923496986048
1000,600,8,gaussian,1.5,3.766541352091102,433,OptShrink,4.020290942176405
1000,600,8,gaussian,1.5,3.766541352091102,434,Algorithm 3,3.686975511883931
1000,600,8,gaussian,1.5,3.766541352091102,434,SN13,4.020579668447235
1000,600,8,gaussian,1.5,3.766541352091102,434,OptShrink,3.9461378014428132
1000,600,8,gaussian,1.5,3.766541352091102,435,Algorithm 3,3.7883156242765472
1000,600,8,gaussian,1.5,3.766541352091102,435,SN13,4.152041165606511
1000,600,8,gaussian,1.5,3.766541352091102,435,OptShrink,4.0877131429260585
1000,600,8,gaussian,1.5,3.766541352091102,436,Algorithm 3,3.470994963109611
1000,600,8,gaussian,1.5,3.766541352091102,436,SN13,3.8550092416983244
1000,600,8,gaussian,1.5,3.766541352091102,436,OptShrink,3.7602572475955367
1000,600,8,gaussian,1.5,3.766541352091102,437,Algorithm 3,3.793299597590447
1000,600,8,gaussian,1.5,3.766541352091102,437,SN13,4.1082551376033205
1000,600,8,gaussian,1.5,3.766541352091102,437,OptShrink,4.038494065109376
1000,600,8,gaussian,1.5,3.766541352091102,438,Algorithm 3,3.5453882746180385
1000,600,8,gaussian,1.5,3.766541352091102,438,SN13,4.106095040241575
1000,600,8,gaussian,1.5,3.766541352091102,438,OptShrink,4.034910213919898
1000,600,8,gaussian,1.5,3.766541352091102,439,Algorithm 3,3.864889200955264
1000,600,8,gaussian,1.5,3.766541352091102,439,SN13,4.217199129446944
1000,600,8,gaussian,1.5,3.766541352091102,439,OptShrink,4.154328879404224
1000,600,8,gaussian,1.5,3.766541352091102,440,Algorithm 3,3.677598758300162
1000,600,8,gaussian,1.5,3.766541352091102,440,SN13,3.9733794053802134
1000,600,8,gaussian,1.5,3.766541352091102,440,OptShrink,3.8958772642917765
1000,600,8,gaussian,1.5,3.766541352091102,441,Algorithm 3,3.8596642901829936
1000,600,8,gaussian,1.5,3.766541352091102,441,SN13,4.1903286690966475
1000,600,8,gaussian,1.5,3.766541352091102,441,OptShrink,4.127510788380941
1000,600,8,gaussian,1.5,3.766541352091102,442,Algorithm 3,3.782363172890047
1000,600,8,gaussian,1.5,3.766541352091102,442,SN13,4.121971286061745
1000,600,8,gaussian,1.5,3.766541352091102,442,OptShrink,4.054764880977711
1000,600,8,gaussian,1.5,3.766541352091102,443,Algorithm 3,3.6975611226413547
1000,600,8,gaussian,1.5,3.766541352091102,443,SN13,4.104706901620313
1000,600,8,gaussian,1.5,3.766541352091102,443,OptShrink,4.0351215976893515
1000,600,8,gaussian,1.5,3.766541352091102,444,Algorithm 3,3.6742258593555728
1000,600,8,gaussian,1.5,3.766541352091102,444,SN13,4.005431821623118
1000,600,8,gaussian,1.5,3.766541352091102,444,OptShrink,3.927989974918027
1000,600,8,gaussian,1.5,3.766541352091102,445,Algorithm 3,3.7500619368532893
1000,600,8,gaussian,1.5,3.766541352091102,445,SN13,4.120722349031785
1000,600,8,gaussian,1.5,3.766541352091102,445,OptShrink,4.052247263840703
1000,600,8,gaussian,1.5,3.766541352091102,446,Algorithm 3,3.7483429387058163
1000,600,8,gaussian,1.5,3.766541352091102,446,SN13,4.16611771739995
1000,600,8,gaussian,1.5,3.766541352091102,446,OptShrink,4.101822945082002
1000,600,8,gaussian,1.5,3.766541352091102,447,Algorithm 3,3.5987727225985116
1000,600,8,gaussian,1.5,3.766541352091102,447,SN13,4.0490042363061045
1000,600,8,gaussian,1.5,3.766541352091102,447,OptShrink,3.976010310227321
1000,600,8,gaussian,1.5,3.766541352091102,448,Algorithm 3,3.9174274989045412
1000,600,8,gaussian,1.5,3.766541352091102,448,SN13,4.1858544316347395
1000,600,8,gaussian,1.5,3.766541352091102,448,OptShrink,4.123211068526026
1000,600,8,gaussian,1.5,3.766541352091102,449,Algorithm 3,3.7167036248739977
1000,600,8,gaussian,1.5,3.766541352091102,449,SN13,4.058407627903132
1000,600,8,gaussian,1.5,3.766541352091102,449,OptShrink,3.9836778378871998
1000,600,8,gaussian,1.5,3.766541352091102,450,Algorithm 3,3.663774677731077
1000,600,8,gaussian,1.5,3.766541352091102,450,SN13,4.010781207734502
1000,600,8,gaussian,1.5,3.766541352091102,450,OptShrink,3.9349119053709884
1000,600,8,gaussian,1.5,3.766541352091102,451,Algorithm 3,3.9055202577060926
1000,600,8,gaussian,1.5,3.766541352091102,451,SN13,4.2659259158684835
1000,600,8,gaussian,1.5,3.766541352091102,451,OptShrink,4.207257842556722
1000,600,8,gaussian,1.5,3.766541352091102,452,Algorithm 3,3.727667446502146
1000,600,8,gaussian,1.5,3.766541352091102,452,SN13,4.117406661953602
1000,600,8,gaussian,1.5,3.766541352091102,452,OptShrink,4.049014085059145
1000,600,8,gaussian,1.5,3.766541352091102,453,Algorithm 3,3.7910289318867783
1000,600,8,gaussian,1.5,3.766541352091102,453,SN13,4.171252632110404
1000,600,8,gaussian,1.5,3.766541352091102,453,OptShrink,4.10460946685586
1000,600,8,gaussian,1.5,3.766541352091102,454,Algorithm 3,3.4914626961905806
1000,600,8,gaussian,1.5,3.766541352091102,454,SN13,4.019721949749845
1000,600,8,gaussian,1.5,3.766541352091102,454,OptShrink,3.945013292456002
1000,600,8,gaussian,1.5,3.766541352091102,455,Algorithm 3,3.928057298664392
1000,600,8,gaussian,1.5,3.766541352091102,455,SN13,4.305733547468972
1000,600,8,gaussian,1.5,3.766541352091102,455,OptShrink,4.249625877617639
1000,600,8,gaussian,1.5,3.766541352091102,456,Algorithm 3,3.9225577723011744
1000,600,8,gaussian,1.5,3.766541352091102,456,SN13,4.268659819631158
1000,600,8,gaussian,1.5,3.766541352091102,456,OptShrink,4.210695509749428
1000,600,8,gaussian,1.5,3.766541352091102,457,Algorithm 3,3.782368353040904
1000,600,8,gaussian,1.5,3.766541352091102,457,SN13,4.103369468068773
1000,600,8,gaussian,1.5,3.766541352091102,457,OptShrink,4.03269558853427
1000,600,8,gaussian,1.5,3.766541352091102,458,Algorithm 3,3.8173366336603705
1000,600,8,gaussian,1.5,3.766541352091102,458,SN13,4.166026785526451
1000,600,8,gaussian,1.5,3.766541352091102,458,OptShrink,4.099494720077662
1000,600,8,gaussian,1.5,3.766541352091102,459,Algorithm 3,3.62361821375241
1000,600,8,gaussian,1.5,3.766541352091102,459,SN13,3.9675373639793405
1000,600,8,gaussian,1.5,3.766541352091102,459,OptShrink,3.8872859421484676
1000,600,8,gaussian,1.5,3.766541352091102,460,Algorithm 3,3.7493076216469974
1000,600,8,gaussian,1.5,3.766541352091102,460,SN13,4.051528643245816
1000,600,8,gaussian,1.5,3.766541352091102,460,OptShrink,3.979955426959884
1000,600,8,gaussian,1.5,3.766541352091102,461,Algorithm 3,3.7577297378432797
1000,600,8,gaussian,1.5,3.766541352091102,461,SN13,4.208309756184916
1000,600,8,gaussian,1.5,3.766541352091102,461,OptShrink,4.146448452233827
1000,600,8,gaussian,1.5,3.766541352091102,462,Algorithm 3,3.5964778272717277
1000,600,8,gaussian,1.5,3.766541352091102,462,SN13,3.957263333832457
1000,600,8,gaussian,1.5,3.766541352091102,462,OptShrink,3.875488790873227
1000,600,8,gaussian,1.5,3.766541352091102,463,Algorithm 3,3.7714834610029957
1000,600,8,gaussian,1.5,3.766541352091102,463,SN13,4.122782545531081
1000,600,8,gaussian,1.5,3.766541352091102,463,OptShrink,4.054183524284455
1000,600,8,gaussian,1.5,3.766541352091102,464,Algorithm 3,3.666698096536886
1000,600,8,gaussian,1.5,3.766541352091102,464,SN13,4.018513475275197
1000,600,8,gaussian,1.5,3.766541352091102,464,OptShrink,3.947165727610017
1000,600,8,gaussian,1.5,3.766541352091102,465,Algorithm 3,3.883549084727525
1000,600,8,gaussian,1.5,3.766541352091102,465,SN13,4.184941602930349
1000,600,8,gaussian,1.5,3.766541352091102,465,OptShrink,4.120994295218183
1000,600,8,gaussian,1.5,3.766541352091102,466,Algorithm 3,3.9031873018140177
1000,600,8,gaussian,1.5,3.766541352091102,466,SN13,4.173596716030839
1000,600,8,gaussian,1.5,3.766541352091102,466,OptShrink,4.109858340764501
1000,600,8,gaussian,1.5,3.766541352091102,467,Algorithm 3,3.8157902876635323
1000,600,8,gaussian,1.5,3.766541352091102,467,SN13,4.12055528717054
1000,600,8,gaussian,1.5,3.766541352091102,467,OptShrink,4.053744005901867
1000,600,8,gaussian,1.5,3.766541352091102,468,Algorithm 3,3.811319823127443
1000,600,8,gaussian,1.5,3.766541352091102,468,SN13,4.250049487032231
1000,600,8,gaussian,1.5,3.766541352091102,468,OptShrink,4.190762172867845
1000,600,8,gaussian,1.5,3.766541352091102,469,Algorithm 3,3.733263523757544
1000,600,8,gaussian,1.5,3.766541352091102,469,SN13,4.147170648940789
1000,600,8,gaussian,1.5,3.766541352091102,469,OptShrink,4.079724372292585
1000,600,8,gaussian,1.5,3.766541352091102,470,Algorithm 3,3.8929459305571714
1000,600,8,gaussian,1.5,3.766541352091102,470,SN13,4.155527982297736
1000,600,8,gaussian,1.5,3.766541352091102,470,OptShrink,4.090119597308709
1000,600,8,gaussian,1.5,3.766541352091102,471,Algorithm 3,3.7366133304054867
1000,600,8,gaussian,1.5,3.766541352091102,471,SN13,4.0681440850911095
1000,600,8,gaussian,1.5,3.766541352091102,471,OptShrink,3.998737128259024
1000,600,8,gaussian,1.5,3.766541352091102,472,Algorithm 3,3.829608007831945
1000,600,8,gaussian,1.5,3.766541352091102,472,SN13,4.174378806698009
1000,600,8,gaussian,1.5,3.766541352091102,472,OptShrink,4.109929762708244
1000,600,8,gaussian,1.5,3.766541352091102,473,Algorithm 3,3.5193290346362436
1000,600,8,gaussian,1.5,3.766541352091102,473,SN13,3.9843641391589686
1000,600,8,gaussian,1.5,3.766541352091102,473,OptShrink,3.9038217054764965
1000,600,8,gaussian,1.5,3.766541352091102,474,Algorithm 3,3.653493012163382
1000,600,8,gaussian,1.5,3.766541352091102,474,SN13,3.9893836228750765
1000,600,8,gaussian,1.5,3.766541352091102,474,OptShrink,3.9092307195197464
1000,600,8,gaussian,1.5,3.766541352091102,475,Algorithm 3,3.8524682422922947
1000,600,8,gaussian,1.5,3.766541352091102,475,SN13,4.176876003005568
1000,600,8,gaussian,1.5,3.766541352091102,475,OptShrink,4.113132088051526
1000,600,8,gaussian,1.5,3.766541352091102,476,Algorithm 3,3.600279860086782
1000,600,8,gaussian,1.5,3.766541352091102,476,SN13,4.0557983068134815
1000,600,8,gaussian,1.5,3.766541352091102,476,OptShrink,3.9815090072170536
1000,600,8,gaussian,1.5,3.766541352091102,477,Algorithm 3,3.7685678805910183
1000,600,8,gaussian,1.5,3.766541352091102,477,SN13,4.214797411513161
1000,600,8,gaussian,1.5,3.766541352091102,477,OptShrink,4.15408860668474
1000,600,8,gaussian,1.5,3.766541352091102,478,Algorithm 3,3.7890873599377284
1000,600,8,gaussian,1.5,3.766541352091102,478,SN13,4.030571334650086
1000,600,8,gaussian,1.5,3.766541352091102,478,OptShrink,3.95424637849179
1000,600,8,gaussian,1.5,3.766541352091102,479,Algorithm 3,3.6303823870658056
1000,600,8,gaussian,1.5,3.766541352091102,479,SN13,3.9892796224115816
1000,600,8,gaussian,1.5,3.766541352091102,479,OptShrink,3.91131555945656
1000,600,8,gaussian,1.5,3.766541352091102,480,Algorithm 3,3.737394527529889
1000,600,8,gaussian,1.5,3.766541352091102,480,SN13,4.085496777515466
1000,600,8,gaussian,1.5,3.766541352091102,480,OptShrink,4.015789064049771
1000,600,8,gaussian,1.5,3.766541352091102,481,Algorithm 3,3.6856933947325263
1000,600,8,gaussian,1.5,3.766541352091102,481,SN13,4.090500827251219
1000,600,8,gaussian,1.5,3.766541352091102,481,OptShrink,4.019582780717791
1000,600,8,gaussian,1.5,3.766541352091102,482,Algorithm 3,3.5448630388829687
1000,600,8,gaussian,1.5,3.766541352091102,482,SN13,3.953200679620777
1000,600,8,gaussian,1.5,3.766541352091102,482,OptShrink,3.8722584067611767
1000,600,8,gaussian,1.5,3.766541352091102,483,Algorithm 3,3.534907677720146
1000,600,8,gaussian,1.5,3.766541352091102,483,SN13,3.9223372270836263
1000,600,8,gaussian,1.5,3.766541352091102,483,OptShrink,3.8370713115817514
1000,600,8,gaussian,1.5,3.766541352091102,484,Algorithm 3,3.6759999207798124
1000,600,8,gaussian,1.5,3.766541352091102,484,SN13,4.019542586435539
1000,600,8,gaussian,1.5,3.766541352091102,484,OptShrink,3.9454861131923757
1000,600,8,gaussian,1.5,3.766541352091102,485,Algorithm 3,3.864503047679292
1000,600,8,gaussian,1.5,3.766541352091102,485,SN13,4.194603394154768
1000,600,8,gaussian,1.5,3.766541352091102,485,OptShrink,4.131154090288776
1000,600,8,gaussian,1.5,3.766541352091102,486,Algorithm 3,3.7940360181647073
1000,600,8,gaussian,1.5,3.766541352091102,486,SN13,4.155739548695854
1000,600,8,gaussian,1.5,3.766541352091102,486,OptShrink,4.088844351699083
1000,600,8,gaussian,1.5,3.766541352091102,487,Algorithm 3,3.769288771938553
1000,600,8,gaussian,1.5,3.766541352091102,487,SN13,4.12781141277292
1000,600,8,gaussian,1.5,3.766541352091102,487,OptShrink,4.059624303431601
1000,600,8,gaussian,1.5,3.766541352091102,488,Algorithm 3,3.5816731483059274
1000,600,8,gaussian,1.5,3.766541352091102,488,SN13,4.001534676015033
1000,600,8,gaussian,1.5,3.766541352091102,488,OptShrink,3.922761896733374
1000,600,8,gaussian,1.5,3.766541352091102,489,Algorithm 3,3.8209080080322293
1000,600,8,gaussian,1.5,3.766541352091102,489,SN13,4.185774570855849
1000,600,8,gaussian,1.5,3.766541352091102,489,OptShrink,4.1221767103056255
1000,600,8,gaussian,1.5,3.766541352091102,490,Algorithm 3,3.7581145660670496
1000,600,8,gaussian,1.5,3.766541352091102,490,SN13,4.1583010208595645
1000,600,8,gaussian,1.5,3.766541352091102,490,OptShrink,4.0930133262290465
1000,600,8,gaussian,1.5,3.766541352091102,491,Algorithm 3,3.5675085861433136
1000,600,8,gaussian,1.5,3.766541352091102,491,SN13,4.075820679174613
1000,600,8,gaussian,1.5,3.766541352091102,491,OptShrink,4.005556376118436
1000,600,8,gaussian,1.5,3.766541352091102,492,Algorithm 3,3.6702746691762274
1000,600,8,gaussian,1.5,3.766541352091102,492,SN13,4.103554462674146
1000,600,8,gaussian,1.5,3.766541352091102,492,OptShrink,4.034123104049952
1000,600,8,gaussian,1.5,3.766541352091102,493,Algorithm 3,3.5753884385077384
1000,600,8,gaussian,1.5,3.766541352091102,493,SN13,4.064092801174614
1000,600,8,gaussian,1.5,3.766541352091102,493,OptShrink,3.992116065426533
1000,600,8,gaussian,1.5,3.766541352091102,494,Algorithm 3,3.733780632730865
1000,600,8,gaussian,1.5,3.766541352091102,494,SN13,4.015068291496162
1000,600,8,gaussian,1.5,3.766541352091102,494,OptShrink,3.939007410802138
1000,600,8,gaussian,1.5,3.766541352091102,495,Algorithm 3,3.835649494036486
1000,600,8,gaussian,1.5,3.766541352091102,495,SN13,4.204376876116619
1000,600,8,gaussian,1.5,3.766541352091102,495,OptShrink,4.1415289542165645
1000,600,8,gaussian,1.5,3.766541352091102,496,Algorithm 3,3.5808631080998103
1000,600,8,gaussian,1.5,3.766541352091102,496,SN13,4.005329394341499
1000,600,8,gaussian,1.5,3.766541352091102,496,OptShrink,3.9286886045891536
1000,600,8,gaussian,1.5,3.766541352091102,497,Algorithm 3,3.6902290927857875
1000,600,8,gaussian,1.5,3.766541352091102,497,SN13,4.073350650300105
1000,600,8,gaussian,1.5,3.766541352091102,497,OptShrink,4.005285844524815
1000,600,8,gaussian,1.5,3.766541352091102,498,Algorithm 3,3.729684209161087
1000,600,8,gaussian,1.5,3.766541352091102,498,SN13,4.080055411384083
1000,600,8,gaussian,1.5,3.766541352091102,498,OptShrink,4.010258953853661
1000,600,8,gaussian,1.5,3.766541352091102,499,Algorithm 3,3.620738971035083
1000,600,8,gaussian,1.5,3.766541352091102,499,SN13,4.012131990321326
1000,600,8,gaussian,1.5,3.766541352091102,499,OptShrink,3.9370342686641413
1000,600,8,gaussian,1.5,3.766541352091102,500,Algorithm 3,3.968965303277521
1000,600,8,gaussian,1.5,3.766541352091102,500,SN13,4.255287006296018
1000,600,8,gaussian,1.5,3.766541352091102,500,OptShrink,4.194875475717835
1000,600,8,rademacher,1.5,3.766541352091102,1,Algorithm 3,3.594495336259162
1000,600,8,rademacher,1.5,3.766541352091102,1,SN13,4.050492989607752
1000,600,8,rademacher,1.5,3.766541352091102,1,OptShrink,3.9772991159539095
1000,600,8,rademacher,1.5,3.766541352091102,2,Algorithm 3,3.6635100749164313
1000,600,8,rademacher,1.5,3.766541352091102,2,SN13,3.9942378613449985
1000,600,8,rademacher,1.5,3.766541352091102,2,OptShrink,3.917406678031701
1000,600,8,rademacher,1.5,3.766541352091102,3,Algorithm 3,3.7690109968314975
1000,600,8,rademacher,1.5,3.766541352091102,3,SN13,4.207767311928202
1000,600,8,rademacher,1.5,3.766541352091102,3,OptShrink,4.145232952709662
1000,600,8,rademacher,1.5,3.766541352091102,4,Algorithm 3,3.6762401806755123
1000,600,8,rademacher,1.5,3.766541352091102,4,SN13,4.036432811451128
1000,600,8,rademacher,1.5,3.766541352091102,4,OptShrink,3.96045870828249
1000,600,8,rademacher,1.5,3.766541352091102,5,Algorithm 3,3.891033304207695
1000,600,8,rademacher,1.5,3.766541352091102,5,SN13,4.206395085698249
1000,600,8,rademacher,1.5,3.766541352091102,5,OptShrink,4.144578405923921
1000,600,8,rademacher,1.5,3.766541352091102,6,Algorithm 3,3.976571685536788
1000,600,8,rademacher,1.5,3.766541352091102,6,SN13,4.176381022117832
1000,600,8,rademacher,1.5,3.766541352091102,6,OptShrink,4.112898420023577
1000,600,8,rademacher,1.5,3.766541352091102,7,Algorithm 3,3.769274897475911
1000,600,8,rademacher,1.5,3.766541352091102,7,SN13,4.125644338958595
1000,600,8,rademacher,1.5,3.766541352091102,7,OptShrink,4.059320442155038
1000,600,8,rademacher,1.5,3.766541352091102,8,Algorithm 3,3.6883045075269165
1000,600,8,rademacher,1.5,3.766541352091102,8,SN13,4.035729122065212
1000,600,8,rademacher,1.5,3.766541352091102,8,OptShrink,3.963911131592786
1000,600,8,rademacher,1.5,3.766541352091102,9,Algorithm 3,3.334952376401051
1000,600,8,rademacher,1.5,3.766541352091102,9,SN13,3.823610180416323
1000,600,8,rademacher,1.5,3.766541352091102,9,OptShrink,3.7291952460268236
1000,600,8,rademacher,1.5,3.766541352091102,10,Algorithm 3,3.84130193344272
1000,600,8,rademacher,1.5,3.766541352091102,10,SN13,4.206049772899726
1000,600,8,rademacher,1.5,3.766541352091102,10,OptShrink,4.1449634863816405
1000,600,8,rademacher,1.5,3.766541352091102,11,Algorithm 3,3.786587519471616
1000,600,8,rademacher,1.5,3.766541352091102,11,SN13,4.1224361983647295
1000,600,8,rademacher,1.5,3.766541352091102,11,OptShrink,4.055031960572222
1000,600,8,rademacher,1.5,3.766541352091102,12,Algorithm 3,3.7242119649905936
1000,600,8,rademacher,1.5,3.766541352091102,12,SN13,4.1248525029435665
1000,600,8,rademacher,1.5,3.766541352091102,12,OptShrink,4.056588597431648
1000,600,8,rademacher,1.5,3.766541352091102,13,Algorithm 3,3.7570566461224577
1000,600,8,rademacher,1.5,3.766541352091102,13,SN13,4.109197439504067
1000,600,8,rademacher,1.5,3.766541352091102,13,OptShrink,4.040438225971009
1000,600,8,rademacher,1.5,3.766541352091102,14,Algorithm 3,3.8257428652109566
1000,600,8,rademacher,1.5,3.766541352091102,14,SN13,4.1393914848336575
1000,600,8,rademacher,1.5,3.766541352091102,14,OptShrink,4.073029147257893
1000,600,8,rademacher,1.5,3.766541352091102,15,Algorithm 3,3.7699268361213654
1000,600,8,rademacher,1.5,3.766541352091102,15,SN13,4.072236534816443
1000,600,8,rademacher,1.5,3.766541352091102,15,OptShrink,4.001569334219907
1000,600,8,rademacher,1.5,3.766541352091102,16,Algorithm 3,3.699765331628834
1000,600,8,rademacher,1.5,3.766541352091102,16,SN13,4.007711651919541
1000,600,8,rademacher,1.5,3.766541352091102,16,OptShrink,3.9331497153810746
1000,600,8,rademacher,1.5,3.766541352091102,17,Algorithm 3,3.8547002355493114
1000,600,8,rademacher,1.5,3.766541352091102,17,SN13,4.175439967013773
1000,600,8,rademacher,1.5,3.766541352091102,17,OptShrink,4.111710269982863
1000,600,8,rademacher,1.5,3.766541352091102,18,Algorithm 3,3.8760068554771316
1000,600,8,rademacher,1.5,3.766541352091102,18,SN13,4.247005614956933
1000,600,8,rademacher,1.5,3.766541352091102,18,OptShrink,4.186334286179391
1000,600,8,rademacher,1.5,3.766541352091102,19,Algorithm 3,3.659199041827904
1000,600,8,rademacher,1.5,3.766541352091102,19,SN13,4.139112088458704
1000,600,8,rademacher,1.5,3.766541352091102,19,OptShrink,4.072834937719554
1000,600,8,rademacher,1.5,3.766541352091102,20,Algorithm 3,3.678113088298346
1000,600,8,rademacher,1.5,3.766541352091102,20,SN13,3.984804038434836
1000,600,8,rademacher,1.5,3.766541352091102,20,OptShrink,3.908493822889001
1000,600,8,rademacher,1.5,3.766541352091102,21,Algorithm 3,3.6107365463095342
1000,600,8,rademacher,1.5,3.766541352091102,21,SN13,4.030189466003342
1000,600,8,rademacher,1.5,3.766541352091102,21,OptShrink,3.956539502960894
1000,600,8,rademacher,1.5,3.766541352091102,22,Algorithm 3,3.8198153541428885
1000,600,8,rademacher,1.5,3.766541352091102,22,SN13,4.162340641124346
1000,600,8,rademacher,1.5,3.766541352091102,22,OptShrink,4.098162929147576
1000,600,8,rademacher,1.5,3.766541352091102,23,Algorithm 3,3.85352298627851
1000,600,8,rademacher,1.5,3.766541352091102,23,SN13,4.22012330967027
1000,600,8,rademacher,1.5,3.766541352091102,23,OptShrink,4.1586970796414
1000,600,8,rademacher,1.5,3.766541352091102,24,Algorithm 3,3.7017453218380187
1000,600,8,rademacher,1.5,3.766541352091102,24,SN13,4.063495457812396
1000,600,8,rademacher,1.5,3.766541352091102,24,OptShrink,3.9927757056696365
1000,600,8,rademacher,1.5,3.766541352091102,25,Algorithm 3,3.758640211499438
1000,600,8,rademacher,1.5,3.766541352091102,25,SN13,4.06634684814724
1000,600,8,rademacher,1.5,3.766541352091102,25,OptShrink,3.995119811805049
1000,600,8,rademacher,1.5,3.766541352091102,26,Algorithm 3,3.7681874668130892
1000,600,8,rademacher,1.5,3.766541352091102,26,SN13,4.154385492732117
1000,600,8,rademacher,1.5,3.766541352091102,26,OptShrink,4.089230829821271
1000,600,8,rademacher,1.5,3.766541352091102,27,Algorithm 3,3.699424211696858
1000,600,8,rademacher,1.5,3.766541352091102,27,SN13,4.16364288787909
1000,600,8,rademacher,1.5,3.766541352091102,27,OptShrink,4.099851239376736
1000,600,8,rademacher,1.5,3.766541352091102,28,Algorithm 3,3.7933453513180977
1000,600,8,rademacher,1.5,3.766541352091102,28,SN13,4.093390176206248
1000,600,8,rademacher,1.5,3.766541352091102,28,OptShrink,4.022406564587365
1000,600,8,rademacher,1.5,3.766541352091102,29,Algorithm 3,3.694571740806103
1000,600,8,rademacher,1.5,3.766541352091102,29,SN13,4.142955203734322
1000,600,8,rademacher,1.5,3.766541352091102,29,OptShrink,4.078080786652569
1000,600,8,rademacher,1.5,3.766541352091102,30,Algorithm 3,3.5557389900161844
1000,600,8,rademacher,1.5,3.766541352091102,30,SN13,3.972464572927429
1000,600,8,rademacher,1.5,3.766541352091102,30,OptShrink,3.891575935596868
1000,600,8,rademacher,1.5,3.766541352091102,31,Algorithm 3,3.6372960000931225
1000,600,8,rademacher,1.5,3.766541352091102,31,SN13,4.070077510560554
1000,600,8,rademacher,1.5,3.766541352091102,31,OptShrink,3.998187950908452
1000,600,8,rademacher,1.5,3.766541352091102,32,Algorithm 3,3.8373806820189675
1000,600,8,rademacher,1.5,3.766541352091102,32,SN13,4.12803330893806
1000,600,8,rademacher,1.5,3.766541352091102,32,OptShrink,4.060583043560013
1000,600,8,rademacher,1.5,3.766541352091102,33,Algorithm 3,3.7327239057672887
1000,600,8,rademacher,1.5,3.766541352091102,33,SN13,4.103959712605487
1000,600,8,rademacher,1.5,3.766541352091102,33,OptShrink,4.035125459663337
1000,600,8,rademacher,1.5,3.766541352091102,34,Algorithm 3,3.6896101238132704
1000,600,8,rademacher,1.5,3.766541352091102,34,SN13,3.9582434695743447
1000,600,8,rademacher,1.5,3.766541352091102,34,OptShrink,3.878223573671562
1000,600,8,rademacher,1.5,3.766541352091102,35,Algorithm 3,3.594827057958437
1000,600,8,rademacher,1.5,3.766541352091102,35,SN13,3.9743621892870906
1000,600,8,rademacher,1.5,3.766541352091102,35,OptShrink,3.8953121553868586
1000,600,8,rademacher,1.5,3.766541352091102,36,Algorithm 3,3.8530361777203943
1000,600,8,rademacher,1.5,3.766541352091102,36,SN13,4.156921194037883
1000,600,8,rademacher,1.5,3.766541352091102,36,OptShrink,4.091825679191217
1000,600,8,rademacher,1.5,3.766541352091102,37,Algorithm 3,3.6062665897197372
1000,600,8,rademacher,1.5,3.766541352091102,37,SN13,4.053262845256208
1000,600,8,rademacher,1.5,3.766541352091102,37,OptShrink,3.9814684406061396
1000,600,8,rademacher,1.5,3.766541352091102,38,Algorithm 3,3.7759093804199653
1000,600,8,rademacher,1.5,3.766541352091102,38,SN13,4.104276460571195
1000,600,8,rademacher,1.5,3.766541352091102,38,OptShrink,4.035485156518138
1000,600,8,rademacher,1.5,3.766541352091102,39,Algorithm 3,3.6835555539659106
1000,600,8,rademacher,1.5,3.766541352091102,39,SN13,4.1382442015337215
1000,600,8,rademacher,1.5,3.766541352091102,39,OptShrink,4.073252844416806
1000,600,8,rademacher,1.5,3.766541352091102,40,Algorithm 3,3.840092265448374
1000,600,8,rademacher,1.5,3.766541352091102,40,SN13,4.098177654546853
1000,600,8,rademacher,1.5,3.766541352091102,40,OptShrink,4.029425638037186
1000,600,8,rademacher,1.5,3.766541352091102,41,Algorithm 3,3.9253694209290915
1000,600,8,rademacher,1.5,3.766541352091102,41,SN13,4.152387990710173
1000,600,8,rademacher,1.5,3.766541352091102,41,OptShrink,4.086592288913576
1000,600,8,rademacher,1.5,3.766541352091102,42,Algorithm 3,3.6890237889269213
1000,600,8,rademacher,1.5,3.766541352091102,42,SN13,4.073918837141552
1000,600,8,rademacher,1.5,3.766541352091102,42,OptShrink,4.001070085785614
1000,600,8,rademacher,1.5,3.766541352091102,43,Algorithm 3,3.903528208057356
1000,600,8,rademacher,1.5,3.766541352091102,43,SN13,4.230374779131634
1000,600,8,rademacher,1.5,3.766541352091102,43,OptShrink,4.1694300622003535
1000,600,8,rademacher,1.5,3.766541352091102,44,Algorithm 3,3.8961589254039133
1000,600,8,rademacher,1.5,3.766541352091102,44,SN13,4.282777733096898
1000,600,8,rademacher,1.5,3.766541352091102,44,OptShrink,4.225590553540737
1000,600,8,rademacher,1.5,3.766541352091102,45,Algorithm 3,3.962491931197503
1000,600,8,rademacher,1.5,3.766541352091102,45,SN13,4.278356586496507
1000,600,8,rademacher,1.5,3.766541352091102,45,OptShrink,4.220285504781511
1000,600,8,rademacher,1.5,3.766541352091102,46,Algorithm 3,3.6128063927749974
1000,600,8,rademacher,1.5,3.766541352091102,46,SN13,4.061196594394093
1000,600,8,rademacher,1.5,3.766541352091102,46,OptShrink,3.991528623491932
1000,600,8,rademacher,1.5,3.766541352091102,47,Algorithm 3,3.831259122588823
1000,600,8,rademacher,1.5,3.766541352091102,47,SN13,4.141694060391186
1000,600,8,rademacher,1.5,3.766541352091102,47,OptShrink,4.075344583264159
1000,600,8,rademacher,1.5,3.766541352091102,48,Algorithm 3,3.772154751227443
1000,600,8,rademacher,1.5,3.766541352091102,48,SN13,4.114375748045604
1000,600,8,rademacher,1.5,3.766541352091102,48,OptShrink,4.047227754757562
1000,600,8,rademacher,1.5,3.766541352091102,49,Algorithm 3,3.7490250329751307
1000,600,8,rademacher,1.5,3.766541352091102,49,SN13,4.158156347649612
1000,600,8,rademacher,1.5,3.766541352091102,49,OptShrink,4.094201612873759
1000,600,8,rademacher,1.5,3.766541352091102,50,Algorithm 3,3.687882752086468
1000,600,8,rademacher,1.5,3.766541352091102,50,SN13,4.131738554365036
1000,600,8,rademacher,1.5,3.766541352091102,50,OptShrink,4.065406526167798
1000,600,8,rademacher,1.5,3.766541352091102,51,Algorithm 3,3.7892406070536526
1000,600,8,rademacher,1.5,3.766541352091102,51,SN13,4.085014134968762
1000,600,8,rademacher,1.5,3.766541352091102,51,OptShrink,4.0153628688904055
1000,600,8,rademacher,1.5,3.766541352091102,52,Algorithm 3,3.897131260674922
1000,600,8,rademacher,1.5,3.766541352091102,52,SN13,4.196871398477394
1000,600,8,rademacher,1.5,3.766541352091102,52,OptShrink,4.133841274678036
1000,600,8,rademacher,1.5,3.766541352091102,53,Algorithm 3,3.6089190599806846
1000,600,8,rademacher,1.5,3.766541352091102,53,SN13,3.981556852416538
1000,600,8,rademacher,1.5,3.766541352091102,53,OptShrink,3.9036661829624633
1000,600,8,rademacher,1.5,3.766541352091102,54,Algorithm 3,3.7659140644186113
1000,600,8,rademacher,1.5,3.766541352091102,54,SN13,4.192075870145092
1000,600,8,rademacher,1.5,3.766541352091102,54,OptShrink,4.129797083891692
1000,600,8,rademacher,1.5,3.766541352091102,55,Algorithm 3,3.8018054860644495
1000,600,8,rademacher,1.5,3.766541352091102,55,SN13,4.084815262544557
1000,600,8,rademacher,1.5,3.766541352091102,55,OptShrink,4.01552533499574
1000,600,8,rademacher,1.5,3.766541352091102,56,Algorithm 3,3.6992722882167834
1000,600,8,rademacher,1.5,3.766541352091102,56,SN13,4.025120550982383
1000,600,8,rademacher,1.5,3.766541352091102,56,OptShrink,3.952067463118507
1000,600,8,rademacher,1.5,3.766541352091102,57,Algorithm 3,3.7069816868846277
1000,600,8,rademacher,1.5,3.766541352091102,57,SN13,4.0794104021309785
1000,600,8,rademacher,1.5,3.766541352091102,57,OptShrink,4.009842814751043
1000,600,8,rademacher,1.5,3.766541352091102,58,Algorithm 3,3.9507994444467016
1000,600,8,rademacher,1.5,3.766541352091102,58,SN13,4.255790025529326
1000,600,8,rademacher,1.5,3.766541352091102,58,OptShrink,4.197639000709511
1000,600,8,rademacher,1.5,3.766541352091102,59,Algorithm 3,3.892161254905611
1000,600,8,rademacher,1.5,3.766541352091102,59,SN13,4.219758957195894
1000,600,8,rademacher,1.5,3.766541352091102,59,OptShrink,4.157060173047163
1000,600,8,rademacher,1.5,3.766541352091102,60,Algorithm 3,3.746506527551128
1000,600,8,rademacher,1.5,3.766541352091102,60,SN13,4.139151492881381
1000,600,8,rademacher,1.5,3.766541352091102,60,OptShrink,4.072396736269281
1000,600,8,rademacher,1.5,3.766541352091102,61,Algorithm 3,3.9107467525058635
1000,600,8,rademacher,1.5,3.766541352091102,61,SN13,4.210648993470173
1000,600,8,rademacher,1.5,3.766541352091102,61,OptShrink,4.148792461340003
1000,600,8,rademacher,1.5,3.766541352091102,62,Algorithm 3,3.9172241361171993
1000,600,8,rademacher,1.5,3.766541352091102,62,SN13,4.2230302021933745
1000,600,8,rademacher,1.5,3.766541352091102,62,OptShrink,4.161653919277911
1000,600,8,rademacher,1.5,3.766541352091102,63,Algorithm 3,3.7570514321226107
1000,600,8,rademacher,1.5,3.766541352091102,63,SN13,4.125383446830652
1000,600,8,rademacher,1.5,3.766541352091102,63,OptShrink,4.0587634076059995
1000,600,8,rademacher,1.5,3.766541352091102,64,Algorithm 3,3.8011189453528007
1000,600,8,rademacher,1.5,3.766541352091102,64,SN13,4.091631348868803
1000,600,8,rademacher,1.5,3.766541352091102,64,OptShrink,4.023599305451729
1000,600,8,rademacher,1.5,3.766541352091102,65,Algorithm 3,3.614771686237108
1000,600,8,rademacher,1.5,3.766541352091102,65,SN13,3.938669380214829
1000,600,8,rademacher,1.5,3.766541352091102,65,OptShrink,3.855887853340388
1000,600,8,rademacher,1.5,3.766541352091102,66,Algorithm 3,3.9333643208492597
1000,600,8,rademacher,1.5,3.766541352091102,66,SN13,4.21075494327058
1000,600,8,rademacher,1.5,3.766541352091102,66,OptShrink,4.150310511046664
1000,600,8,rademacher,1.5,3.766541352091102,67,Algorithm 3,3.7476175317699165
1000,600,8,rademacher,1.5,3.766541352091102,67,SN13,4.1107402376119095
1000,600,8,rademacher,1.5,3.766541352091102,67,OptShrink,4.04189360533671
1000,600,8,rademacher,1.5,3.766541352091102,68,Algorithm 3,3.878296530019458
1000,600,8,rademacher,1.5,3.766541352091102,68,SN13,4.14720992225524
1000,600,8,rademacher,1.5,3.766541352091102,68,OptShrink,4.082106929267273
1000,600,8,rademacher,1.5,3.766541352091102,69,Algorithm 3,3.7805198292543323
1000,600,8,rademacher,1.5,3.766541352091102,69,SN13,4.2063743159860065
1000,600,8,rademacher,1.5,3.766541352091102,69,OptShrink,4.14598227541601
1000,600,8,rademacher,1.5,3.766541352091102,70,Algorithm 3,3.7015575442527084
1000,600,8,rademacher,1.5,3.766541352091102,70,SN13,3.983009823028392
1000,600,8,rademacher,1.5,3.766541352091102,70,OptShrink,3.906468644312916
1000,600,8,rademacher,1.5,3.766541352091102,71,Algorithm 3,3.7545855019329033
1000,600,8,rademacher,1.5,3.766541352091102,71,SN13,4.043614783623899
1000,600,8,rademacher,1.5,3.766541352091102,71,OptShrink,3.96854468632638
1000,600,8,rademacher,1.5,3.766541352091102,72,Algorithm 3,3.727073020899343
1000,600,8,rademacher,1.5,3.766541352091102,72,SN13,4.033596745929681
1000,600,8,rademacher,1.5,3.766541352091102,72,OptShrink,3.9581329325907704
1000,600,8,rademacher,1.5,3.766541352091102,73,Algorithm 3,3.722431153675843
1000,600,8,rademacher,1.5,3.766541352091102,73,SN13,4.170528448578149
1000,600,8,rademacher,1.5,3.766541352091102,73,OptShrink,4.106529040046446
1000,600,8,rademacher,1.5,3.766541352091102,74,Algorithm 3,3.6453195560046496
1000,600,8,rademacher,1.5,3.766541352091102,74,SN13,4.020405284552151
1000,600,8,rademacher,1.5,3.766541352091102,74,OptShrink,3.946232014227389
1000,600,8,rademacher,1.5,3.766541352091102,75,Algorithm 3,3.7531226251446097
1000,600,8,rademacher,1.5,3.766541352091102,75,SN13,4.1454253875850195
1000,600,8,rademacher,1.5,3.766541352091102,75,OptShrink,4.079700617874269
1000,600,8,rademacher,1.5,3.766541352091102,76,Algorithm 3,3.720444055787743
1000,600,8,rademacher,1.5,3.766541352091102,76,SN13,4.16192702525118
1000,600,8,rademacher,1.5,3.766541352091102,76,OptShrink,4.096539555442213
1000,600,8,rademacher,1.5,3.766541352091102,77,Algorithm 3,3.703187390131808
1000,600,8,rademacher,1.5,3.766541352091102,77,SN13,4.091999215763725
1000,600,8,rademacher,1.5,3.766541352091102,77,OptShrink,4.022329934524056
1000,600,8,rademacher,1.5,3.766541352091102,78,Algorithm 3,3.918471724850689
1000,600,8,rademacher,1.5,3.766541352091102,78,SN13,4.266576537052996
1000,600,8,rademacher,1.5,3.766541352091102,78,OptShrink,4.208341507273603
1000,600,8,rademacher,1.5,3.766541352091102,79,Algorithm 3,3.772362232511956
1000,600,8,rademacher,1.5,3.766541352091102,79,SN13,4.176815512124412
1000,600,8,rademacher,1.5,3.766541352091102,79,OptShrink,4.11257215842636
1000,600,8,rademacher,1.5,3.766541352091102,80,Algorithm 3,3.825336382558709
1000,600,8,rademacher,1.5,3.766541352091102,80,SN13,4.115686620385247
1000,600,8,rademacher,1.5,3.766541352091102,80,OptShrink,4.047309367022127
1000,600,8,rademacher,1.5,3.766541352091102,81,Algorithm 3,3.8573640068712103
1000,600,8,rademacher,1.5,3.766541352091102,81,SN13,4.202755273862641
1000,600,8,rademacher,1.5,3.766541352091102,81,OptShrink,4.1401428785210035
1000,600,8,rademacher,1.5,3.766541352091102,82,Algorithm 3,3.7523121191597477
1000,600,8,rademacher,1.5,3.766541352091102,82,SN13,4.019363515850437
1000,600,8,rademacher,1.5,3.766541352091102,82,OptShrink,3.943260254432731
1000,600,8,rademacher,1.5,3.766541352091102,83,Algorithm 3,3.737851218164709
1000,600,8,rademacher,1.5,3.766541352091102,83,SN13,4.055375032645134
1000,600,8,rademacher,1.5,3.766541352091102,83,OptShrink,3.9818207047493277
1000,600,8,rademacher,1.5,3.766541352091102,84,Algorithm 3,3.8480689683845504
1000,600,8,rademacher,1.5,3.766541352091102,84,SN13,4.1505897063763495
1000,600,8,rademacher,1.5,3.766541352091102,84,OptShrink,4.084528572479184
1000,600,8,rademacher,1.5,3.766541352091102,85,Algorithm 3,3.6688936947321396
1000,600,8,rademacher,1.5,3.766541352091102,85,SN13,4.082073212657532
1000,600,8,rademacher,1.5,3.766541352091102,85,OptShrink,4.011854213671582
1000,600,8,rademacher,1.5,3.766541352091102,86,Algorithm 3,3.7390879302492426
1000,600,8,rademacher,1.5,3.766541352091102,86,SN13,4.071504479494742
1000,600,8,rademacher,1.5,3.766541352091102,86,OptShrink,4.0005737940466135
1000,600,8,rademacher,1.5,3.766541352091102,87,Algorithm 3,3.5917542731626253
1000,600,8,rademacher,1.5,3.766541352091102,87,SN13,3.9347282365171763
1000,600,8,rademacher,1.5,3.766541352091102,87,OptShrink,3.8513764798645065
1000,600,8,rademacher,1.5,3.766541352091102,88,Algorithm 3,3.933478779597884
1000,600,8,rademacher,1.5,3.766541352091102,88,SN13,4.2265835880464
1000,600,8,rademacher,1.5,3.766541352091102,88,OptShrink,4.1651430734799355
1000,600,8,rademacher,1.5,3.766541352091102,89,Algorithm 3,3.819187848109811
1000,600,8,rademacher,1.5,3.766541352091102,89,SN13,4.074350549575051
1000,600,8,rademacher,1.5,3.766541352091102,89,OptShrink,4.002370511185501
1000,600,8,rademacher,1.5,3.766541352091102,90,Algorithm 3,3.759293011220658
1000,600,8,rademacher,1.5,3.766541352091102,90,SN13,4.039548242532739
1000,600,8,rademacher,1.5,3.766541352091102,90,OptShrink,3.9654237265556125
1000,600,8,rademacher,1.5,3.766541352091102,91,Algorithm 3,4.01654275316222
1000,600,8,rademacher,1.5,3.766541352091102,91,SN13,4.288450404327348
1000,600,8,rademacher,1.5,3.766541352091102,91,OptShrink,4.232168068527312
1000,600,8,rademacher,1.5,3.766541352091102,92,Algorithm 3,3.6748372412657533
1000,600,8,rademacher,1.5,3.766541352091102,92,SN13,4.036140886505227
1000,600,8,rademacher,1.5,3.766541352091102,92,OptShrink,3.9638048025315045
1000,600,8,rademacher,1.5,3.766541352091102,93,Algorithm 3,3.838321192726946
1000,600,8,rademacher,1.5,3.766541352091102,93,SN13,4.156437136935342
1000,600,8,rademacher,1.5,3.766541352091102,93,OptShrink,4.0916044072794
1000,600,8,rademacher,1.5,3.766541352091102,94,Algorithm 3,3.6779718279224043
1000,600,8,rademacher,1.5,3.766541352091102,94,SN13,4.072485126934984
1000,600,8,rademacher,1.5,3.766541352091102,94,OptShrink,4.003031249931056
1000,600,8,rademacher,1.5,3.766541352091102,95,Algorithm 3,3.8416297656164042
1000,600,8,rademacher,1.5,3.766541352091102,95,SN13,4.232540925214612
1000,600,8,rademacher,1.5,3.766541352091102,95,OptShrink,4.173750615972713
1000,600,8,rademacher,1.5,3.766541352091102,96,Algorithm 3,3.6944085330669485
1000,600,8,rademacher,1.5,3.766541352091102,96,SN13,4.101917982437953
1000,600,8,rademacher,1.5,3.766541352091102,96,OptShrink,4.032253700140703
1000,600,8,rademacher,1.5,3.766541352091102,97,Algorithm 3,3.7186381133291566
1000,600,8,rademacher,1.5,3.766541352091102,97,SN13,4.027229742995523
1000,600,8,rademacher,1.5,3.766541352091102,97,OptShrink,3.952990090249185
1000,600,8,rademacher,1.5,3.766541352091102,98,Algorithm 3,3.680752912048001
1000,600,8,rademacher,1.5,3.766541352091102,98,SN13,4.1151363510579335
1000,600,8,rademacher,1.5,3.766541352091102,98,OptShrink,4.0486220573181075
1000,600,8,rademacher,1.5,3.766541352091102,99,Algorithm 3,3.90348898539976
1000,600,8,rademacher,1.5,3.766541352091102,99,SN13,4.1690471248892695
1000,600,8,rademacher,1.5,3.766541352091102,99,OptShrink,4.105517565822236
1000,600,8,rademacher,1.5,3.766541352091102,100,Algorithm 3,3.8094529510693436
1000,600,8,rademacher,1.5,3.766541352091102,100,SN13,4.186085077070154
1000,600,8,rademacher,1.5,3.766541352091102,100,OptShrink,4.12200558442752
1000,600,8,rademacher,1.5,3.766541352091102,101,Algorithm 3,3.600373625920171
1000,600,8,rademacher,1.5,3.766541352091102,101,SN13,4.048798987497516
1000,600,8,rademacher,1.5,3.766541352091102,101,OptShrink,3.976109306070783
1000,600,8,rademacher,1.5,3.766541352091102,102,Algorithm 3,3.8856324256509485
1000,600,8,rademacher,1.5,3.766541352091102,102,SN13,4.238888839489427
1000,600,8,rademacher,1.5,3.766541352091102,102,OptShrink,4.17912331562157
1000,600,8,rademacher,1.5,3.766541352091102,103,Algorithm 3,3.61028091855207
1000,600,8,rademacher,1.5,3.766541352091102,103,SN13,3.910717212285482
1000,600,8,rademacher,1.5,3.766541352091102,103,OptShrink,3.8253459191793167
1000,600,8,rademacher,1.5,3.766541352091102,104,Algorithm 3,3.8900319974183604
1000,600,8,rademacher,1.5,3.766541352091102,104,SN13,4.181266454124545
1000,600,8,rademacher,1.5,3.766541352091102,104,OptShrink,4.117617426551442
1000,600,8,rademacher,1.5,3.766541352091102,105,Algorithm 3,3.5585803873685866
1000,600,8,rademacher,1.5,3.766541352091102,105,SN13,3.907323943681067
1000,600,8,rademacher,1.5,3.766541352091102,105,OptShrink,3.823533204865547
1000,600,8,rademacher,1.5,3.766541352091102,106,Algorithm 3,3.6965285386184705
1000,600,8,rademacher,1.5,3.766541352091102,106,SN13,4.059635438359482
1000,600,8,rademacher,1.5,3.766541352091102,106,OptShrink,3.9881987107786814
1000,600,8,rademacher,1.5,3.766541352091102,107,Algorithm 3,3.8326266939100098
1000,600,8,rademacher,1.5,3.766541352091102,107,SN13,4.095364787636848
1000,600,8,rademacher,1.5,3.766541352091102,107,OptShrink,4.026308748510595
1000,600,8,rademacher,1.5,3.766541352091102,108,Algorithm 3,3.5669999578661415
1000,600,8,rademacher,1.5,3.766541352091102,108,SN13,3.985464793323115
1000,600,8,rademacher,1.5,3.766541352091102,108,OptShrink,3.906866434270107
1000,600,8,rademacher,1.5,3.766541352091102,109,Algorithm 3,3.703490851247294
1000,600,8,rademacher,1.5,3.766541352091102,109,SN13,4.04296851928466
1000,600,8,rademacher,1.5,3.766541352091102,109,OptShrink,3.9706272643001146
1000,600,8,rademacher,1.5,3.766541352091102,110,Algorithm 3,3.9094237306276507
1000,600,8,rademacher,1.5,3.766541352091102,110,SN13,4.2302957133782835
1000,600,8,rademacher,1.5,3.766541352091102,110,OptShrink,4.169632085519771
1000,600,8,rademacher,1.5,3.766541352091102,111,Algorithm 3,3.621584296200561
1000,600,8,rademacher,1.5,3.766541352091102,111,SN13,4.092383098663475
1000,600,8,rademacher,1.5,3.766541352091102,111,OptShrink,4.024161646888791
1000,600,8,rademacher,1.5,3.766541352091102,112,Algorithm 3,3.7630325938107236
1000,600,8,rademacher,1.5,3.766541352091102,112,SN13,4.035325239995811
1000,600,8,rademacher,1.5,3.766541352091102,112,OptShrink,3.961904829022937
1000,600,8,rademacher,1.5,3.766541352091102,113,Algorithm 3,3.836399970599626
1000,600,8,rademacher,1.5,3.766541352091102,113,SN13,4.201232212516964
1000,600,8,rademacher,1.5,3.766541352091102,113,OptShrink,4.139680508443591
1000,600,8,rademacher,1.5,3.766541352091102,114,Algorithm 3,3.942616628445358
1000,600,8,rademacher,1.5,3.766541352091102,114,SN13,4.215740780356959
1000,600,8,rademacher,1.5,3.766541352091102,114,OptShrink,4.154316949409172
1000,600,8,rademacher,1.5,3.766541352091102,115,Algorithm 3,3.8174881217795313
1000,600,8,rademacher,1.5,3.766541352091102,115,SN13,4.0806318889784325
1000,600,8,rademacher,1.5,3.766541352091102,115,OptShrink,4.0108703744387775
1000,600,8,rademacher,1.5,3.766541352091102,116,Algorithm 3,3.4337541816945616
1000,600,8,rademacher,1.5,3.766541352091102,116,SN13,4.066832742510598
1000,600,8,rademacher,1.5,3.766541352091102,116,OptShrink,3.995906397018111
1000,600,8,rademacher,1.5,3.766541352091102,117,Algorithm 3,3.827304786560182
1000,600,8,rademacher,1.5,3.766541352091102,117,SN13,4.128514554235413
1000,600,8,rademacher,1.5,3.766541352091102,117,OptShrink,4.060887542786437
1000,600,8,rademacher,1.5,3.766541352091102,118,Algorithm 3,3.806946669428393
1000,600,8,rademacher,1.5,3.766541352091102,118,SN13,4.134079896158887
1000,600,8,rademacher,1.5,3.766541352091102,118,OptShrink,4.066464433713225
1000,600,8,rademacher,1.5,3.766541352091102,119,Algorithm 3,3.73178319142867
1000,600,8,rademacher,1.5,3.766541352091102,119,SN13,4.157597789572673
1000,600,8,rademacher,1.5,3.766541352091102,119,OptShrink,4.091841260036924
1000,600,8,rademacher,1.5,3.766541352091102,120,Algorithm 3,3.750296660307537
1000,600,8,rademacher,1.5,3.766541352091102,120,SN13,4.0763367214349255
1000,600,8,rademacher,1.5,3.766541352091102,120,OptShrink,4.005619139517694
1000,600,8,rademacher,1.5,3.766541352091102,121,Algorithm 3,3.8492550368427327
1000,600,8,rademacher,1.5,3.766541352091102,121,SN13,4.130779427958902
1000,600,8,rademacher,1.5,3.766541352091102,121,OptShrink,4.064751062925966
1000,600,8,rademacher,1.5,3.766541352091102,122,Algorithm 3,3.678989301542438
1000,600,8,rademacher,1.5,3.766541352091102,122,SN13,4.0255492497479075
1000,600,8,rademacher,1.5,3.766541352091102,122,OptShrink,3.9504619854598464
1000,600,8,rademacher,1.5,3.766541352091102,123,Algorithm 3,3.7643558729720605
1000,600,8,rademacher,1.5,3.766541352091102,123,SN13,4.064264756135297
1000,600,8,rademacher,1.5,3.766541352091102,123,OptShrink,3.992469275042864
1000,600,8,rademacher,1.5,3.766541352091102,124,Algorithm 3,3.730905460803538
1000,600,8,rademacher,1.5,3.766541352091102,124,SN13,4.126457283388131
1000,600,8,rademacher,1.5,3.766541352091102,124,OptShrink,4.061058571722933
1000,600,8,rademacher,1.5,3.766541352091102,125,Algorithm 3,3.715647157132101
1000,600,8,rademacher,1.5,3.766541352091102,125,SN13,4.0918645022470646
1000,600,8,rademacher,1.5,3.766541352091102,125,OptShrink,4.022042937615676
1000,600,8,rademacher,1.5,3.766541352091102,126,Algorithm 3,3.499582358368013
1000,600,8,rademacher,1.5,3.766541352091102,126,SN13,4.003510361342381
1000,600,8,rademacher,1.5,3.766541352091102,126,OptShrink,3.9263950184584897
1000,600,8,rademacher,1.5,3.766541352091102,127,Algorithm 3,3.7082202937763786
1000,600,8,rademacher,1.5,3.766541352091102,127,SN13,4.028756854190311
1000,600,8,rademacher,1.5,3.766541352091102,127,OptShrink,3.9535537749025025
1000,600,8,rademacher,1.5,3.766541352091102,128,Algorithm 3,3.856838880959471
1000,600,8,rademacher,1.5,3.766541352091102,128,SN13,4.146564411245233
1000,600,8,rademacher,1.5,3.766541352091102,128,OptShrink,4.080892212733713
1000,600,8,rademacher,1.5,3.766541352091102,129,Algorithm 3,3.7000418943317097
1000,600,8,rademacher,1.5,3.766541352091102,129,SN13,4.096642712133411
1000,600,8,rademacher,1.5,3.766541352091102,129,OptShrink,4.02733029445656
1000,600,8,rademacher,1.5,3.766541352091102,130,Algorithm 3,3.724822474554785
1000,600,8,rademacher,1.5,3.766541352091102,130,SN13,4.144046068904816
1000,600,8,rademacher,1.5,3.766541352091102,130,OptShrink,4.078217201686251
1000,600,8,rademacher,1.5,3.766541352091102,131,Algorithm 3,3.615891089839505
1000,600,8,rademacher,1.5,3.766541352091102,131,SN13,4.074906383225682
1000,600,8,rademacher,1.5,3.766541352091102,131,OptShrink,4.00472182929829
1000,600,8,rademacher,1.5,3.766541352091102,132,Algorithm 3,3.9377361231556054
1000,600,8,rademacher,1.5,3.766541352091102,132,SN13,4.2393718793989175
1000,600,8,rademacher,1.5,3.766541352091102,132,OptShrink,4.179714437892084
1000,600,8,rademacher,1.5,3.766541352091102,133,Algorithm 3,3.645813440795545
1000,600,8,rademacher,1.5,3.766541352091102,133,SN13,4.0999551994406636
1000,600,8,rademacher,1.5,3.766541352091102,133,OptShrink,4.032064578275652
1000,600,8,rademacher,1.5,3.766541352091102,134,Algorithm 3,3.800842437363072
1000,600,8,rademacher,1.5,3.766541352091102,134,SN13,4.114122680111673
1000,600,8,rademacher,1.5,3.766541352091102,134,OptShrink,4.046094455349933
1000,600,8,rademacher,1.5,3.766541352091102,135,Algorithm 3,3.820527282920388
1000,600,8,rademacher,1.5,3.766541352091102,135,SN13,4.1340841711712955
1000,600,8,rademacher,1.5,3.766541352091102,135,OptShrink,4.0658343840369895
1000,600,8,rademacher,1.5,3.766541352091102,136,Algorithm 3,3.688862908931639
1000,600,8,rademacher,1.5,3.766541352091102,136,SN13,4.05803398892545
1000,600,8,rademacher,1.5,3.766541352091102,136,OptShrink,3.988157055094006
1000,600,8,rademacher,1.5,3.766541352091102,137,Algorithm 3,3.511516364357089
1000,600,8,rademacher,1.5,3.766541352091102,137,SN13,4.005058073497464
1000,600,8,rademacher,1.5,3.766541352091102,137,OptShrink,3.9284826163351267
1000,600,8,rademacher,1.5,3.766541352091102,138,Algorithm 3,3.779245308542624
1000,600,8,rademacher,1.5,3.766541352091102,138,SN13,4.147806824207776
1000,600,8,rademacher,1.5,3.766541352091102,138,OptShrink,4.082474305082897
1000,600,8,rademacher,1.5,3.766541352091102,139,Algorithm 3,3.89359860242176
1000,600,8,rademacher,1.5,3.766541352091102,139,SN13,4.260752455498985
1000,600,8,rademacher,1.5,3.766541352091102,139,OptShrink,4.201717243882129
1000,600,8,rademacher,1.5,3.766541352091102,140,Algorithm 3,3.6554962839429224
1000,600,8,rademacher,1.5,3.766541352091102,140,SN13,4.03004205779998
1000,600,8,rademacher,1.5,3.766541352091102,140,OptShrink,3.956588671371408
1000,600,8,rademacher,1.5,3.766541352091102,141,Algorithm 3,3.6906279929855383
1000,600,8,rademacher,1.5,3.766541352091102,141,SN13,4.024686251741109
1000,600,8,rademacher,1.5,3.766541352091102,141,OptShrink,3.950089694790763
1000,600,8,rademacher,1.5,3.766541352091102,142,Algorithm 3,3.5678719325660992
1000,600,8,rademacher,1.5,3.766541352091102,142,SN13,3.9504083113114596
1000,600,8,rademacher,1.5,3.766541352091102,142,OptShrink,3.870086716312709
1000,600,8,rademacher,1.5,3.766541352091102,143,Algorithm 3,3.75662152324139
1000,600,8,rademacher,1.5,3.766541352091102,143,SN13,4.200278744410146
1000,600,8,rademacher,1.5,3.766541352091102,143,OptShrink,4.138529986383536
1000,600,8,rademacher,1.5,3.766541352091102,144,Algorithm 3,3.780772375925701
1000,600,8,rademacher,1.5,3.766541352091102,144,SN13,4.094823414165239
1000,600,8,rademacher,1.5,3.766541352091102,144,OptShrink,4.0239197689878905
1000,600,8,rademacher,1.5,3.766541352091102,145,Algorithm 3,3.6344044741795622
1000,600,8,rademacher,1.5,3.766541352091102,145,SN13,3.957672740161301
1000,600,8,rademacher,1.5,3.766541352091102,145,OptShrink,3.8772255704251317
1000,600,8,rademacher,1.5,3.766541352091102,146,Algorithm 3,3.6481148483161667
1000,600,8,rademacher,1.5,3.766541352091102,146,SN13,4.017849401882751
1000,600,8,rademacher,1.5,3.766541352091102,146,OptShrink,3.943297696737741
1000,600,8,rademacher,1.5,3.766541352091102,147,Algorithm 3,3.6396728534514127
1000,600,8,rademacher,1.5,3.766541352091102,147,SN13,3.979737552561055
1000,600,8,rademacher,1.5,3.766541352091102,147,OptShrink,3.902513820627188
1000,600,8,rademacher,1.5,3.766541352091102,148,Algorithm 3,3.736035086647926
1000,600,8,rademacher,1.5,3.766541352091102,148,SN13,4.057409686323361
1000,600,8,rademacher,1.5,3.766541352091102,148,OptShrink,3.985904742765264
1000,600,8,rademacher,1.5,3.766541352091102,149,Algorithm 3,3.8666789246946673
1000,600,8,rademacher,1.5,3.766541352091102,149,SN13,4.212254323016846
1000,600,8,rademacher,1.5,3.766541352091102,149,OptShrink,4.151223511454393
1000,600,8,rademacher,1.5,3.766541352091102,150,Algorithm 3,3.7757005053567063
1000,600,8,rademacher,1.5,3.766541352091102,150,SN13,4.057265317145559
1000,600,8,rademacher,1.5,3.766541352091102,150,OptShrink,3.9855053621867023
1000,600,8,rademacher,1.5,3.766541352091102,151,Algorithm 3,3.683282578167719
1000,600,8,rademacher,1.5,3.766541352091102,151,SN13,4.0409335295266695
1000,600,8,rademacher,1.5,3.766541352091102,151,OptShrink,3.9679816889648247
1000,600,8,rademacher,1.5,3.766541352091102,152,Algorithm 3,3.773040033769654
1000,600,8,rademacher,1.5,3.766541352091102,152,SN13,4.113926635075313
1000,600,8,rademacher,1.5,3.766541352091102,152,OptShrink,4.046541303160688
1000,600,8,rademacher,1.5,3.766541352091102,153,Algorithm 3,3.6675356526742777
1000,600,8,rademacher,1.5,3.766541352091102,153,SN13,4.057958559783963
1000,600,8,rademacher,1.5,3.766541352091102,153,OptShrink,3.985700747294583
1000,600,8,rademacher,1.5,3.766541352091102,154,Algorithm 3,3.712938667976456
1000,600,8,rademacher,1.5,3.766541352091102,154,SN13,4.069512958788688
1000,600,8,rademacher,1.5,3.766541352091102,154,OptShrink,3.9975227356025416
1000,600,8,rademacher,1.5,3.766541352091102,155,Algorithm 3,3.7258193638082098
1000,600,8,rademacher,1.5,3.766541352091102,155,SN13,4.147134775705689
1000,600,8,rademacher,1.5,3.766541352091102,155,OptShrink,4.080905370130064
1000,600,8,rademacher,1.5,3.766541352091102,156,Algorithm 3,3.627057734969669
1000,600,8,rademacher,1.5,3.766541352091102,156,SN13,4.068294291568178
1000,600,8,rademacher,1.5,3.766541352091102,156,OptShrink,3.9973628466898763
1000,600,8,rademacher,1.5,3.766541352091102,157,Algorithm 3,3.771852130255323
1000,600,8,rademacher,1.5,3.766541352091102,157,SN13,4.187825918535929
1000,600,8,rademacher,1.5,3.766541352091102,157,OptShrink,4.124112245534328
1000,600,8,rademacher,1.5,3.766541352091102,158,Algorithm 3,3.780360080892987
1000,600,8,rademacher,1.5,3.766541352091102,158,SN13,4.165714939072783
1000,600,8,rademacher,1.5,3.766541352091102,158,OptShrink,4.101796122102196
1000,600,8,rademacher,1.5,3.766541352091102,159,Algorithm 3,3.747784361473663
1000,600,8,rademacher,1.5,3.766541352091102,159,SN13,4.148290457304477
1000,600,8,rademacher,1.5,3.766541352091102,159,OptShrink,4.083069392085631
1000,600,8,rademacher,1.5,3.766541352091102,160,Algorithm 3,3.6934349573506218
1000,600,8,rademacher,1.5,3.766541352091102,160,SN13,4.092404399359895
1000,600,8,rademacher,1.5,3.766541352091102,160,OptShrink,4.02273341377579
1000,600,8,rademacher,1.5,3.766541352091102,161,Algorithm 3,3.8094166474905684
1000,600,8,rademacher,1.5,3.766541352091102,161,SN13,4.16078019896854
1000,600,8,rademacher,1.5,3.766541352091102,161,OptShrink,4.096676543200732
1000,600,8,rademacher,1.5,3.766541352091102,162,Algorithm 3,3.680433132598374
1000,600,8,rademacher,1.5,3.766541352091102,162,SN13,4.088099826079707
1000,600,8,rademacher,1.5,3.766541352091102,162,OptShrink,4.020036857123556
1000,600,8,rademacher,1.5,3.766541352091102,163,Algorithm 3,3.7044233286176595
1000,600,8,rademacher,1.5,3.766541352091102,163,SN13,4.014511112645306
1000,600,8,rademacher,1.5,3.766541352091102,163,OptShrink,3.9394386080707617
1000,600,8,rademacher,1.5,3.766541352091102,164,Algorithm 3,3.7330546172234578
1000,600,8,rademacher,1.5,3.766541352091102,164,SN13,4.116960830991963
1000,600,8,rademacher,1.5,3.766541352091102,164,OptShrink,4.049640739059305
1000,600,8,rademacher,1.5,3.766541352091102,165,Algorithm 3,3.6399605603560787
1000,600,8,rademacher,1.5,3.766541352091102,165,SN13,4.060233630069445
1000,600,8,rademacher,1.5,3.766541352091102,165,OptShrink,3.9889264425437627
1000,600,8,rademacher,1.5,3.766541352091102,166,Algorithm 3,3.7747452044073255
1000,600,8,rademacher,1.5,3.766541352091102,166,SN13,4.031965301950404
1000,600,8,rademacher,1.5,3.766541352091102,166,OptShrink,3.9575420762294065
1000,600,8,rademacher,1.5,3.766541352091102,167,Algorithm 3,3.863659172675286
1000,600,8,rademacher,1.5,3.766541352091102,167,SN13,4.202341682589827
1000,600,8,rademacher,1.5,3.766541352091102,167,OptShrink,4.1388235036436845
1000,600,8,rademacher,1.5,3.766541352091102,168,Algorithm 3,3.624882968277528
1000,600,8,rademacher,1.5,3.766541352091102,168,SN13,3.9512542317333645
1000,600,8,rademacher,1.5,3.766541352091102,168,OptShrink,3.8714146866465096
1000,600,8,rademacher,1.5,3.766541352091102,169,Algorithm 3,3.6353810947539418
1000,600,8,rademacher,1.5,3.766541352091102,169,SN13,4.1198166437625
1000,600,8,rademacher,1.5,3.766541352091102,169,OptShrink,4.051555955051
1000,600,8,rademacher,1.5,3.766541352091102,170,Algorithm 3,3.753515211476802
1000,600,8,rademacher,1.5,3.766541352091102,170,SN13,4.08522152116798
1000,600,8,rademacher,1.5,3.766541352091102,170,OptShrink,4.0148280599337225
1000,600,8,rademacher,1.5,3.766541352091102,171,Algorithm 3,3.8237892116949888
1000,600,8,rademacher,1.5,3.766541352091102,171,SN13,4.154217142635929
1000,600,8,rademacher,1.5,3.766541352091102,171,OptShrink,4.088645388581048
1000,600,8,rademacher,1.5,3.766541352091102,172,Algorithm 3,3.814368984097303
1000,600,8,rademacher,1.5,3.766541352091102,172,SN13,4.199644739837715
1000,600,8,rademacher,1.5,3.766541352091102,172,OptShrink,4.137575780622243
1000,600,8,rademacher,1.5,3.766541352091102,173,Algorithm 3,3.764962166697876
1000,600,8,rademacher,1.5,3.766541352091102,173,SN13,4.139056583816142
1000,600,8,rademacher,1.5,3.766541352091102,173,OptShrink,4.07215819323874
1000,600,8,rademacher,1.5,3.766541352091102,174,Algorithm 3,3.623619623392068
1000,600,8,rademacher,1.5,3.766541352091102,174,SN13,3.9910001991659163
1000,600,8,rademacher,1.5,3.766541352091102,174,OptShrink,3.912714619901899
1000,600,8,rademacher,1.5,3.766541352091102,175,Algorithm 3,3.8958674937216435
1000,600,8,rademacher,1.5,3.766541352091102,175,SN13,4.133526983741948
1000,600,8,rademacher,1.5,3.766541352091102,175,OptShrink,4.067206091172521
1000,600,8,rademacher,1.5,3.766541352091102,176,Algorithm 3,3.782723622313585
1000,600,8,rademacher,1.5,3.766541352091102,176,SN13,4.1862649330288
1000,600,8,rademacher,1.5,3.766541352091102,176,OptShrink,4.122905321123841
1000,600,8,rademacher,1.5,3.766541352091102,177,Algorithm 3,3.86520150317444
1000,600,8,rademacher,1.5,3.766541352091102,177,SN13,4.107287730886447
1000,600,8,rademacher,1.5,3.766541352091102,177,OptShrink,4.0389941672698875
1000,600,8,rademacher,1.5,3.766541352091102,178,Algorithm 3,3.6557240524535266
1000,600,8,rademacher,1.5,3.766541352091102,178,SN13,3.96297943775495
1000,600,8,rademacher,1.5,3.766541352091102,178,OptShrink,3.883649053082053
1000,600,8,rademacher,1.5,3.766541352091102,179,Algorithm 3,3.814639035762752
1000,600,8,rademacher,1.5,3.766541352091102,179,SN13,4.266825199303414
1000,600,8,rademacher,1.5,3.766541352091102,179,OptShrink,4.208090627472975
1000,600,8,rademacher,1.5,3.766541352091102,180,Algorithm 3,3.548071162785594
1000,600,8,rademacher,1.5,3.766541352091102,180,SN13,3.9553988119583012
1000,600,8,rademacher,1.5,3.766541352091102,180,OptShrink,3.8756704901132917
1000,600,8,rademacher,1.5,3.766541352091102,181,Algorithm 3,3.890439591847444
1000,600,8,rademacher,1.5,3.766541352091102,181,SN13,4.187960933357567
1000,600,8,rademacher,1.5,3.766541352091102,181,OptShrink,4.1256702768044065
1000,600,8,rademacher,1.5,3.766541352091102,182,Algorithm 3,3.945352020218185
1000,600,8,rademacher,1.5,3.766541352091102,182,SN13,4.215701257937726
1000,600,8,rademacher,1.5,3.766541352091102,182,OptShrink,4.153907364220934
1000,600,8,rademacher,1.5,3.766541352091102,183,Algorithm 3,3.7203544886787823
1000,600,8,rademacher,1.5,3.766541352091102,183,SN13,4.117621350386506
1000,600,8,rademacher,1.5,3.766541352091102,183,OptShrink,4.050475239027569
1000,600,8,rademacher,1.5,3.766541352091102,184,Algorithm 3,3.675430555527557
1000,600,8,rademacher,1.5,3.766541352091102,184,SN13,4.0559481081964766
1000,600,8,rademacher,1.5,3.766541352091102,184,OptShrink,3.98395975411073
1000,600,8,rademacher,1.5,3.766541352091102,185,Algorithm 3,3.9618513852698416
1000,600,8,rademacher,1.5,3.766541352091102,185,SN13,4.2353757695030705
1000,600,8,rademacher,1.5,3.766541352091102,185,OptShrink,4.17577363373223
1000,600,8,rademacher,1.5,3.766541352091102,186,Algorithm 3,3.701710595829256
1000,600,8,rademacher,1.5,3.766541352091102,186,SN13,4.1522450319014546
1000,600,8,rademacher,1.5,3.766541352091102,186,OptShrink,4.086498006960854
1000,600,8,rademacher,1.5,3.766541352091102,187,Algorithm 3,3.671211823393158
1000,600,8,rademacher,1.5,3.766541352091102,187,SN13,4.17172043882561
1000,600,8,rademacher,1.5,3.766541352091102,187,OptShrink,4.107684356067202
1000,600,8,rademacher,1.5,3.766541352091102,188,Algorithm 3,3.6689987342109966
1000,600,8,rademacher,1.5,3.766541352091102,188,SN13,4.026703491288238
1000,600,8,rademacher,1.5,3.766541352091102,188,OptShrink,3.9531877575551437
1000,600,8,rademacher,1.5,3.766541352091102,189,Algorithm 3,3.7699497979973016
1000,600,8,rademacher,1.5,3.766541352091102,189,SN13,4.117026093153679
1000,600,8,rademacher,1.5,3.766541352091102,189,OptShrink,4.050608453157645
1000,600,8,rademacher,1.5,3.766541352091102,190,Algorithm 3,3.740007788778375
1000,600,8,rademacher,1.5,3.766541352091102,190,SN13,4.166685003138914
1000,600,8,rademacher,1.5,3.766541352091102,190,OptShrink,4.101959102721676
1000,600,8,rademacher,1.5,3.766541352091102,191,Algorithm 3,3.7315483677281462
1000,600,8,rademacher,1.5,3.766541352091102,191,SN13,4.059431536298124
1000,600,8,rademacher,1.5,3.766541352091102,191,OptShrink,3.987979714687866
1000,600,8,rademacher,1.5,3.766541352091102,192,Algorithm 3,3.759273713178484
1000,600,8,rademacher,1.5,3.766541352091102,192,SN13,4.084369862432239
1000,600,8,rademacher,1.5,3.766541352091102,192,OptShrink,4.016040429355498
1000,600,8,rademacher,1.5,3.766541352091102,193,Algorithm 3,3.767273337952523
1000,600,8,rademacher,1.5,3.766541352091102,193,SN13,4.1993751342845105
1000,600,8,rademacher,1.5,3.766541352091102,193,OptShrink,4.1366921143060855
1000,600,8,rademacher,1.5,3.766541352091102,194,Algorithm 3,3.6613279215487724
1000,600,8,rademacher,1.5,3.766541352091102,194,SN13,4.0160702480516015
1000,600,8,rademacher,1.5,3.766541352091102,194,OptShrink,3.9395999079542623
1000,600,8,rademacher,1.5,3.766541352091102,195,Algorithm 3,3.6882601310819236
1000,600,8,rademacher,1.5,3.766541352091102,195,SN13,4.106792097712682
1000,600,8,rademacher,1.5,3.766541352091102,195,OptShrink,4.037568785116726
1000,600,8,rademacher,1.5,3.766541352091102,196,Algorithm 3,3.664574083755332
1000,600,8,rademacher,1.5,3.766541352091102,196,SN13,4.077415210347859
1000,600,8,rademacher,1.5,3.766541352091102,196,OptShrink,4.007999908698712
1000,600,8,rademacher,1.5,3.766541352091102,197,Algorithm 3,3.795893890195569
1000,600,8,rademacher,1.5,3.766541352091102,197,SN13,4.1415068417605
1000,600,8,rademacher,1.5,3.766541352091102,197,OptShrink,4.0762556636852025
1000,600,8,rademacher,1.5,3.766541352091102,198,Algorithm 3,3.66490867047919
1000,600,8,rademacher,1.5,3.766541352091102,198,SN13,3.9943176730638257
1000,600,8,rademacher,1.5,3.766541352091102,198,OptShrink,3.9177533256766113
1000,600,8,rademacher,1.5,3.766541352091102,199,Algorithm 3,3.771989927439123
1000,600,8,rademacher,1.5,3.766541352091102,199,SN13,4.143593122731055
1000,600,8,rademacher,1.5,3.766541352091102,199,OptShrink,4.078240132276467
1000,600,8,rademacher,1.5,3.766541352091102,200,Algorithm 3,3.8316263925937686
1000,600,8,rademacher,1.5,3.766541352091102,200,SN13,4.11179505624218
1000,600,8,rademacher,1.5,3.766541352091102,200,OptShrink,4.04314833168847
1000,600,8,rademacher,1.5,3.766541352091102,201,Algorithm 3,3.7583992900744283
1000,600,8,rademacher,1.5,3.766541352091102,201,SN13,4.126809482261426
1000,600,8,rademacher,1.5,3.766541352091102,201,OptShrink,4.059159231727295
1000,600,8,rademacher,1.5,3.766541352091102,202,Algorithm 3,3.764792155716283
1000,600,8,rademacher,1.5,3.766541352091102,202,SN13,4.098763240654697
1000,600,8,rademacher,1.5,3.766541352091102,202,OptShrink,4.0288154948924015
1000,600,8,rademacher,1.5,3.766541352091102,203,Algorithm 3,3.657118557712138
1000,600,8,rademacher,1.5,3.766541352091102,203,SN13,4.086719091702132
1000,600,8,rademacher,1.5,3.766541352091102,203,OptShrink,4.017657940941937
1000,600,8,rademacher,1.5,3.766541352091102,204,Algorithm 3,3.586961999909426
1000,600,8,rademacher,1.5,3.766541352091102,204,SN13,4.022641798623064
1000,600,8,rademacher,1.5,3.766541352091102,204,OptShrink,3.9476900320722703
1000,600,8,rademacher,1.5,3.766541352091102,205,Algorithm 3,3.938470454583001
1000,600,8,rademacher,1.5,3.766541352091102,205,SN13,4.208551830077249
1000,600,8,rademacher,1.5,3.766541352091102,205,OptShrink,4.145838857255992
1000,600,8,rademacher,1.5,3.766541352091102,206,Algorithm 3,3.565102377582278
1000,600,8,rademacher,1.5,3.766541352091102,206,SN13,4.058119082102309
1000,600,8,rademacher,1.5,3.766541352091102,206,OptShrink,3.9855533455932477
1000,600,8,rademacher,1.5,3.766541352091102,207,Algorithm 3,3.880529957301623
1000,600,8,rademacher,1.5,3.766541352091102,207,SN13,4.17889840194064
1000,600,8,rademacher,1.5,3.766541352091102,207,OptShrink,4.115865187391416
1000,600,8,rademacher,1.5,3.766541352091102,208,Algorithm 3,3.909826671897065
1000,600,8,rademacher,1.5,3.766541352091102,208,SN13,4.21323526893745
1000,600,8,rademacher,1.5,3.766541352091102,208,OptShrink,4.1522066133233935
1000,600,8,rademacher,1.5,3.766541352091102,209,Algorithm 3,3.6524634714606337
1000,600,8,rademacher,1.5,3.766541352091102,209,SN13,4.045718170962447
1000,600,8,rademacher,1.5,3.766541352091102,209,OptShrink,3.972793006817171
1000,600,8,rademacher,1.5,3.766541352091102,210,Algorithm 3,3.7053145493943833
1000,600,8,rademacher,1.5,3.766541352091102,210,SN13,4.108595816750059
1000,600,8,rademacher,1.5,3.766541352091102,210,OptShrink,4.040229866244981
1000,600,8,rademacher,1.5,3.766541352091102,211,Algorithm 3,3.741736900880453
1000,600,8,rademacher,1.5,3.766541352091102,211,SN13,4.0465706352091155
1000,600,8,rademacher,1.5,3.766541352091102,211,OptShrink,3.9730523488018115
1000,600,8,rademacher,1.5,3.766541352091102,212,Algorithm 3,3.87920671173054
1000,600,8,rademacher,1.5,3.766541352091102,212,SN13,4.226243131982368
1000,600,8,rademacher,1.5,3.766541352091102,212,OptShrink,4.165392667946813
1000,600,8,rademacher,1.5,3.766541352091102,213,Algorithm 3,3.6251323257235972
1000,600,8,rademacher,1.5,3.766541352091102,213,SN13,4.055824107721506
1000,600,8,rademacher,1.5,3.766541352091102,213,OptShrink,3.9830465670713227
1000,600,8,rademacher,1.5,3.766541352091102,214,Algorithm 3,3.8254871866919107
1000,600,8,rademacher,1.5,3.766541352091102,214,SN13,4.1135845064985865
1000,600,8,rademacher,1.5,3.766541352091102,214,OptShrink,4.044764184316977
1000,600,8,rademacher,1.5,3.766541352091102,215,Algorithm 3,3.6213776474247594
1000,600,8,rademacher,1.5,3.766541352091102,215,SN13,4.0952795535774875
1000,600,8,rademacher,1.5,3.766541352091102,215,OptShrink,4.026115404173509
1000,600,8,rademacher,1.5,3.766541352091102,216,Algorithm 3,3.7373370782600612
1000,600,8,rademacher,1.5,3.766541352091102,216,SN13,4.113675691775804
1000,600,8,rademacher,1.5,3.766541352091102,216,OptShrink,4.046033047583474
1000,600,8,rademacher,1.5,3.766541352091102,217,Algorithm 3,3.773204386831816
1000,600,8,rademacher,1.5,3.766541352091102,217,SN13,4.160886812615236
1000,600,8,rademacher,1.5,3.766541352091102,217,OptShrink,4.095392206806677
1000,600,8,rademacher,1.5,3.766541352091102,218,Algorithm 3,3.7068949592173
1000,600,8,rademacher,1.5,3.766541352091102,218,SN13,4.093820626737266
1000,600,8,rademacher,1.5,3.766541352091102,218,OptShrink,4.0240295479891115
1000,600,8,rademacher,1.5,3.766541352091102,219,Algorithm 3,3.783798594394676
1000,600,8,rademacher,1.5,3.766541352091102,219,SN13,4.162542298261301
1000,600,8,rademacher,1.5,3.766541352091102,219,OptShrink,4.097335636945938
1000,600,8,rademacher,1.5,3.766541352091102,220,Algorithm 3,3.5552212977659248
1000,600,8,rademacher,1.5,3.766541352091102,220,SN13,4.021439804566589
1000,600,8,rademacher,1.5,3.766541352091102,220,OptShrink,3.946647829380773
1000,600,8,rademacher,1.5,3.766541352091102,221,Algorithm 3,3.7122889788032407
1000,600,8,rademacher,1.5,3.766541352091102,221,SN13,4.094722677164319
1000,600,8,rademacher,1.5,3.766541352091102,221,OptShrink,4.023972807000189
1000,600,8,rademacher,1.5,3.766541352091102,222,Algorithm 3,3.7264629294199403
1000,600,8,rademacher,1.5,3.766541352091102,222,SN13,4.109274079624395
1000,600,8,rademacher,1.5,3.766541352091102,222,OptShrink,4.04065033516873
1000,600,8,rademacher,1.5,3.766541352091102,223,Algorithm 3,3.6856801330582827
1000,600,8,rademacher,1.5,3.766541352091102,223,SN13,4.0303187524710555
1000,600,8,rademacher,1.5,3.766541352091102,223,OptShrink,3.9570010639965054
1000,600,8,rademacher,1.5,3.766541352091102,224,Algorithm 3,3.675829445094288
1000,600,8,rademacher,1.5,3.766541352091102,224,SN13,4.033614787101754
1000,600,8,rademacher,1.5,3.766541352091102,224,OptShrink,3.959266846920627
1000,600,8,rademacher,1.5,3.766541352091102,225,Algorithm 3,3.7813927277498283
1000,600,8,rademacher,1.5,3.766541352091102,225,SN13,4.103274328608904
1000,600,8,rademacher,1.5,3.766541352091102,225,OptShrink,4.034121897369246
1000,600,8,rademacher,1.5,3.766541352091102,226,Algorithm 3,3.76605691888898
1000,600,8,rademacher,1.5,3.766541352091102,226,SN13,4.1055795247281095
1000,600,8,rademacher,1.5,3.766541352091102,226,OptShrink,4.036107141738223
1000,600,8,rademacher,1.5,3.766541352091102,227,Algorithm 3,3.7821939787967374
1000,600,8,rademacher,1.5,3.766541352091102,227,SN13,4.13538933070228
1000,600,8,rademacher,1.5,3.766541352091102,227,OptShrink,4.069660319755371
1000,600,8,rademacher,1.5,3.766541352091102,228,Algorithm 3,3.701031702714088
1000,600,8,rademacher,1.5,3.766541352091102,228,SN13,4.118959816694052
1000,600,8,rademacher,1.5,3.766541352091102,228,OptShrink,4.052691234702622
1000,600,8,rademacher,1.5,3.766541352091102,229,Algorithm 3,3.6099311124404094
1000,600,8,rademacher,1.5,3.766541352091102,229,SN13,4.11378059741537
1000,600,8,rademacher,1.5,3.766541352091102,229,OptShrink,4.045730819273865
1000,600,8,rademacher,1.5,3.766541352091102,230,Algorithm 3,3.5865533478773655
1000,600,8,rademacher,1.5,3.766541352091102,230,SN13,4.017211010309273
1000,600,8,rademacher,1.5,3.766541352091102,230,OptShrink,3.94159176196474
1000,600,8,rademacher,1.5,3.766541352091102,231,Algorithm 3,4.0005584712829245
1000,600,8,rademacher,1.5,3.766541352091102,231,SN13,4.319646615844155
1000,600,8,rademacher,1.5,3.766541352091102,231,OptShrink,4.265049722192244
1000,600,8,rademacher,1.5,3.766541352091102,232,Algorithm 3,3.712849250796688
1000,600,8,rademacher,1.5,3.766541352091102,232,SN13,3.9968066537613516
1000,600,8,rademacher,1.5,3.766541352091102,232,OptShrink,3.9203236857150436
1000,600,8,rademacher,1.5,3.766541352091102,233,Algorithm 3,3.9504954429981725
1000,600,8,rademacher,1.5,3.766541352091102,233,SN13,4.290480992076881
1000,600,8,rademacher,1.5,3.766541352091102,233,OptShrink,4.232827030002563
1000,600,8,rademacher,1.5,3.766541352091102,234,Algorithm 3,3.8905852653356483
1000,600,8,rademacher,1.5,3.766541352091102,234,SN13,4.207632816904049
1000,600,8,rademacher,1.5,3.766541352091102,234,OptShrink,4.145937357450271
1000,600,8,rademacher,1.5,3.766541352091102,235,Algorithm 3,3.870983822375524
1000,600,8,rademacher,1.5,3.766541352091102,235,SN13,4.20718844761426
1000,600,8,rademacher,1.5,3.766541352091102,235,OptShrink,4.14625230204904
1000,600,8,rademacher,1.5,3.766541352091102,236,Algorithm 3,3.7028975978688683
1000,600,8,rademacher,1.5,3.766541352091102,236,SN13,4.039591805958372
1000,600,8,rademacher,1.5,3.766541352091102,236,OptShrink,3.9663562361716007
1000,600,8,rademacher,1.5,3.766541352091102,237,Algorithm 3,3.77939180436788
1000,600,8,rademacher,1.5,3.766541352091102,237,SN13,4.176935412192906
1000,600,8,rademacher,1.5,3.766541352091102,237,OptShrink,4.1133520229916645
1000,600,8,rademacher,1.5,3.766541352091102,238,Algorithm 3,3.7689415360969365
1000,600,8,rademacher,1.5,3.766541352091102,238,SN13,4.163539964850719
1000,600,8,rademacher,1.5,3.766541352091102,238,OptShrink,4.099305693827557
1000,600,8,rademacher,1.5,3.766541352091102,239,Algorithm 3,3.6227980187528597
1000,600,8,rademacher,1.5,3.766541352091102,239,SN13,4.113327523086588
1000,600,8,rademacher,1.5,3.766541352091102,239,OptShrink,4.0456854679643
1000,600,8,rademacher,1.5,3.766541352091102,240,Algorithm 3,3.696501028420981
1000,600,8,rademacher,1.5,3.766541352091102,240,SN13,3.9854721145710768
1000,600,8,rademacher,1.5,3.766541352091102,240,OptShrink,3.906705672986404
1000,600,8,rademacher,1.5,3.766541352091102,241,Algorithm 3,3.5942985495572937
1000,600,8,rademacher,1.5,3.766541352091102,241,SN13,4.009043995497883
1000,600,8,rademacher,1.5,3.766541352091102,241,OptShrink,3.933673418515588
1000,600,8,rademacher,1.5,3.766541352091102,242,Algorithm 3,3.700537710318708
1000,600,8,rademacher,1.5,3.766541352091102,242,SN13,4.088217740861896
1000,600,8,rademacher,1.5,3.766541352091102,242,OptShrink,4.019379208338613
1000,600,8,rademacher,1.5,3.766541352091102,243,Algorithm 3,3.679243341682463
1000,600,8,rademacher,1.5,3.766541352091102,243,SN13,4.047645644342498
1000,600,8,rademacher,1.5,3.766541352091102,243,OptShrink,3.9754900733732352
1000,600,8,rademacher,1.5,3.766541352091102,244,Algorithm 3,3.7493584887407376
1000,600,8,rademacher,1.5,3.766541352091102,244,SN13,4.092930414505729
1000,600,8,rademacher,1.5,3.766541352091102,244,OptShrink,4.023406167866284
1000,600,8,rademacher,1.5,3.766541352091102,245,Algorithm 3,3.9637086181282
1000,600,8,rademacher,1.5,3.766541352091102,245,SN13,4.3050758030689815
1000,600,8,rademacher,1.5,3.766541352091102,245,OptShrink,4.2485857675584215
1000,600,8,rademacher,1.5,3.766541352091102,246,Algorithm 3,3.9961505527253958
1000,600,8,rademacher,1.5,3.766541352091102,246,SN13,4.296223608269756
1000,600,8,rademacher,1.5,3.766541352091102,246,OptShrink,4.239066245942093
1000,600,8,rademacher,1.5,3.766541352091102,247,Algorithm 3,3.819949034746126
1000,600,8,rademacher,1.5,3.766541352091102,247,SN13,4.1716719815119365
1000,600,8,rademacher,1.5,3.766541352091102,247,OptShrink,4.106908773306175
1000,600,8,rademacher,1.5,3.766541352091102,248,Algorithm 3,3.8492380704602525
1000,600,8,rademacher,1.5,3.766541352091102,248,SN13,4.112936202393761
1000,600,8,rademacher,1.5,3.766541352091102,248,OptShrink,4.044584205941543
1000,600,8,rademacher,1.5,3.766541352091102,249,Algorithm 3,3.8618753750876476
1000,600,8,rademacher,1.5,3.766541352091102,249,SN13,4.169561279412277
1000,600,8,rademacher,1.5,3.766541352091102,249,OptShrink,4.104836915832006
1000,600,8,rademacher,1.5,3.766541352091102,250,Algorithm 3,3.706888464123961
1000,600,8,rademacher,1.5,3.766541352091102,250,SN13,4.0429500242645116
1000,600,8,rademacher,1.5,3.766541352091102,250,OptShrink,3.970358200660743
1000,600,8,rademacher,1.5,3.766541352091102,251,Algorithm 3,3.700491639683708
1000,600,8,rademacher,1.5,3.766541352091102,251,SN13,4.157062613238344
1000,600,8,rademacher,1.5,3.766541352091102,251,OptShrink,4.091271970456108
1000,600,8,rademacher,1.5,3.766541352091102,252,Algorithm 3,3.8247568498168754
1000,600,8,rademacher,1.5,3.766541352091102,252,SN13,4.099391738877651
1000,600,8,rademacher,1.5,3.766541352091102,252,OptShrink,4.03054579375589
1000,600,8,rademacher,1.5,3.766541352091102,253,Algorithm 3,3.4574463923908794
1000,600,8,rademacher,1.5,3.766541352091102,253,SN13,4.051924925752225
1000,600,8,rademacher,1.5,3.766541352091102,253,OptShrink,3.9779186892794045
1000,600,8,rademacher,1.5,3.766541352091102,254,Algorithm 3,3.6909205298918355
1000,600,8,rademacher,1.5,3.766541352091102,254,SN13,4.028430915033822
1000,600,8,rademacher,1.5,3.766541352091102,254,OptShrink,3.9540528745325685
1000,600,8,rademacher,1.5,3.766541352091102,255,Algorithm 3,4.141650288053445
1000,600,8,rademacher,1.5,3.766541352091102,255,SN13,4.442751711205654
1000,600,8,rademacher,1.5,3.766541352091102,255,OptShrink,4.3941828051262535
1000,600,8,rademacher,1.5,3.766541352091102,256,Algorithm 3,3.762944146115035
1000,600,8,rademacher,1.5,3.766541352091102,256,SN13,4.134703187310045
1000,600,8,rademacher,1.5,3.766541352091102,256,OptShrink,4.069996998551295
1000,600,8,rademacher,1.5,3.766541352091102,257,Algorithm 3,3.758953251796689
1000,600,8,rademacher,1.5,3.766541352091102,257,SN13,4.095326375201939
1000,600,8,rademacher,1.5,3.766541352091102,257,OptShrink,4.025905667909245
1000,600,8,rademacher,1.5,3.766541352091102,258,Algorithm 3,3.7026499754874624
1000,600,8,rademacher,1.5,3.766541352091102,258,SN13,4.182571634698793
1000,600,8,rademacher,1.5,3.766541352091102,258,OptShrink,4.118656438551095
1000,600,8,rademacher,1.5,3.766541352091102,259,Algorithm 3,3.5867746710215247
1000,600,8,rademacher,1.5,3.766541352091102,259,SN13,3.9935771514832434
1000,600,8,rademacher,1.5,3.766541352091102,259,OptShrink,3.9156388241394886
1000,600,8,rademacher,1.5,3.766541352091102,260,Algorithm 3,3.812646835610983
1000,600,8,rademacher,1.5,3.766541352091102,260,SN13,4.170735992575362
1000,600,8,rademacher,1.5,3.766541352091102,260,OptShrink,4.1065995763201695
1000,600,8,rademacher,1.5,3.766541352091102,261,Algorithm 3,3.851157859640921
1000,600,8,rademacher,1.5,3.766541352091102,261,SN13,4.096177199334033
1000,600,8,rademacher,1.5,3.766541352091102,261,OptShrink,4.028166591866804
1000,600,8,rademacher,1.5,3.766541352091102,262,Algorithm 3,3.690826693096077
1000,600,8,rademacher,1.5,3.766541352091102,262,SN13,4.025554631939866
1000,600,8,rademacher,1.5,3.766541352091102,262,OptShrink,3.951843253856497
1000,600,8,rademacher,1.5,3.766541352091102,263,Algorithm 3,3.7911695090943502
1000,600,8,rademacher,1.5,3.766541352091102,263,SN13,4.116274053077143
1000,600,8,rademacher,1.5,3.766541352091102,263,OptShrink,4.048813912297023
1000,600,8,rademacher,1.5,3.766541352091102,264,Algorithm 3,3.8177519626779546
1000,600,8,rademacher,1.5,3.766541352091102,264,SN13,4.131819268407421
1000,600,8,rademacher,1.5,3.766541352091102,264,OptShrink,4.06511449817744
1000,600,8,rademacher,1.5,3.766541352091102,265,Algorithm 3,3.796466701679634
1000,600,8,rademacher,1.5,3.766541352091102,265,SN13,4.164755194563537
1000,600,8,rademacher,1.5,3.766541352091102,265,OptShrink,4.101531629295114
1000,600,8,rademacher,1.5,3.766541352091102,266,Algorithm 3,3.7952171941009674
1000,600,8,rademacher,1.5,3.766541352091102,266,SN13,4.108332772972651
1000,600,8,rademacher,1.5,3.766541352091102,266,OptShrink,4.040312690784676
1000,600,8,rademacher,1.5,3.766541352091102,267,Algorithm 3,3.8741949984989654
1000,600,8,rademacher,1.5,3.766541352091102,267,SN13,4.130351999085384
1000,600,8,rademacher,1.5,3.766541352091102,267,OptShrink,4.063315068860728
1000,600,8,rademacher,1.5,3.766541352091102,268,Algorithm 3,4.070944594497162
1000,600,8,rademacher,1.5,3.766541352091102,268,SN13,4.3217503412363065
1000,600,8,rademacher,1.5,3.766541352091102,268,OptShrink,4.267260685431988
1000,600,8,rademacher,1.5,3.766541352091102,269,Algorithm 3,3.8728346496191093
1000,600,8,rademacher,1.5,3.766541352091102,269,SN13,4.226381330970439
1000,600,8,rademacher,1.5,3.766541352091102,269,OptShrink,4.165448152896825
1000,600,8,rademacher,1.5,3.766541352091102,270,Algorithm 3,3.9086560626200746
1000,600,8,rademacher,1.5,3.766541352091102,270,SN13,4.23396853221179
1000,600,8,rademacher,1.5,3.766541352091102,270,OptShrink,4.1733942732318114
1000,600,8,rademacher,1.5,3.766541352091102,271,Algorithm 3,3.778816672192262
1000,600,8,rademacher,1.5,3.766541352091102,271,SN13,4.200228373592352
1000,600,8,rademacher,1.5,3.766541352091102,271,OptShrink,4.137918704183547
1000,600,8,rademacher,1.5,3.766541352091102,272,Algorithm 3,3.6738915196759647
1000,600,8,rademacher,1.5,3.766541352091102,272,SN13,4.0788463002510955
1000,600,8,rademacher,1.5,3.766541352091102,272,OptShrink,4.008265643276063
1000,600,8,rademacher,1.5,3.766541352091102,273,Algorithm 3,3.7783807614258538
1000,600,8,rademacher,1.5,3.766541352091102,273,SN13,4.083324374780246
1000,600,8,rademacher,1.5,3.766541352091102,273,OptShrink,4.013708005746407
1000,600,8,rademacher,1.5,3.766541352091102,274,Algorithm 3,3.89370859425846
1000,600,8,rademacher,1.5,3.766541352091102,274,SN13,4.2192288790413786
1000,600,8,rademacher,1.5,3.766541352091102,274,OptShrink,4.159664477170729
1000,600,8,rademacher,1.5,3.766541352091102,275,Algorithm 3,3.921750013193364
1000,600,8,rademacher,1.5,3.766541352091102,275,SN13,4.190262211898634
1000,600,8,rademacher,1.5,3.766541352091102,275,OptShrink,4.127906411266948
1000,600,8,rademacher,1.5,3.766541352091102,276,Algorithm 3,3.7279281878494075
1000,600,8,rademacher,1.5,3.766541352091102,276,SN13,4.143481191534877
1000,600,8,rademacher,1.5,3.766541352091102,276,OptShrink,4.076511557330509
1000,600,8,rademacher,1.5,3.766541352091102,277,Algorithm 3,3.9352366217303123
1000,600,8,rademacher,1.5,3.766541352091102,277,SN13,4.245725354625564
1000,600,8,rademacher,1.5,3.766541352091102,277,OptShrink,4.186503468080657
1000,600,8,rademacher,1.5,3.766541352091102,278,Algorithm 3,3.629083798589389
1000,600,8,rademacher,1.5,3.766541352091102,278,SN13,4.081553461496313
1000,600,8,rademacher,1.5,3.766541352091102,278,OptShrink,4.011839535876453
1000,600,8,rademacher,1.5,3.766541352091102,279,Algorithm 3,3.806058409766825
1000,600,8,rademacher,1.5,3.766541352091102,279,SN13,4.235688235293935
1000,600,8,rademacher,1.5,3.766541352091102,279,OptShrink,4.175132529480155
1000,600,8,rademacher,1.5,3.766541352091102,280,Algorithm 3,3.702858856852445
1000,600,8,rademacher,1.5,3.766541352091102,280,SN13,4.053698650980087
1000,600,8,rademacher,1.5,3.766541352091102,280,OptShrink,3.9805336862419733
1000,600,8,rademacher,1.5,3.766541352091102,281,Algorithm 3,3.836921605830938
1000,600,8,rademacher,1.5,3.766541352091102,281,SN13,4.15830509783263
1000,600,8,rademacher,1.5,3.766541352091102,281,OptShrink,4.093648087382371
1000,600,8,rademacher,1.5,3.766541352091102,282,Algorithm 3,3.637687932695188
1000,600,8,rademacher,1.5,3.766541352091102,282,SN13,4.002064107121755
1000,600,8,rademacher,1.5,3.766541352091102,282,OptShrink,3.9259945912390783
1000,600,8,rademacher,1.5,3.766541352091102,283,Algorithm 3,3.767837406287143
1000,600,8,rademacher,1.5,3.766541352091102,283,SN13,4.103513651507846
1000,600,8,rademacher,1.5,3.766541352091102,283,OptShrink,4.0343832388820156
1000,600,8,rademacher,1.5,3.766541352091102,284,Algorithm 3,3.886853784364296
1000,600,8,rademacher,1.5,3.766541352091102,284,SN13,4.201576204448147
1000,600,8,rademacher,1.5,3.766541352091102,284,OptShrink,4.139502354938882
1000,600,8,rademacher,1.5,3.766541352091102,285,Algorithm 3,3.8179533353758464
1000,600,8,rademacher,1.5,3.766541352091102,285,SN13,4.153867608803829
1000,600,8,rademacher,1.5,3.766541352091102,285,OptShrink,4.08867113221867
1000,600,8,rademacher,1.5,3.766541352091102,286,Algorithm 3,3.605915351605564
1000,600,8,rademacher,1.5,3.766541352091102,286,SN13,4.027525646385337
1000,600,8,rademacher,1.5,3.766541352091102,286,OptShrink,3.952816146997189
1000,600,8,rademacher,1.5,3.766541352091102,287,Algorithm 3,3.9605107097038115
1000,600,8,rademacher,1.5,3.766541352091102,287,SN13,4.263989939446771
1000,600,8,rademacher,1.5,3.766541352091102,287,OptShrink,4.20616570128728
1000,600,8,rademacher,1.5,3.766541352091102,288,Algorithm 3,3.6696314167935484
1000,600,8,rademacher,1.5,3.766541352091102,288,SN13,4.026692880309488
1000,600,8,rademacher,1.5,3.766541352091102,288,OptShrink,3.9534171336648947
1000,600,8,rademacher,1.5,3.766541352091102,289,Algorithm 3,3.7691653871111077
1000,600,8,rademacher,1.5,3.766541352091102,289,SN13,4.100321911912738
1000,600,8,rademacher,1.5,3.766541352091102,289,OptShrink,4.030340555979431
1000,600,8,rademacher,1.5,3.766541352091102,290,Algorithm 3,3.6885218275271954
1000,600,8,rademacher,1.5,3.766541352091102,290,SN13,4.082033370512248
1000,600,8,rademacher,1.5,3.766541352091102,290,OptShrink,4.012594458643798
1000,600,8,rademacher,1.5,3.766541352091102,291,Algorithm 3,3.6461579863239972
1000,600,8,rademacher,1.5,3.766541352091102,291,SN13,3.9957639893899057
1000,600,8,rademacher,1.5,3.766541352091102,291,OptShrink,3.9187283615900568
1000,600,8,rademacher,1.5,3.766541352091102,292,Algorithm 3,3.6314015983487233
1000,600,8,rademacher,1.5,3.766541352091102,292,SN13,4.023068858555759
1000,600,8,rademacher,1.5,3.766541352091102,292,OptShrink,3.9476834355302732
1000,600,8,rademacher,1.5,3.766541352091102,293,Algorithm 3,3.670643560915142
1000,600,8,rademacher,1.5,3.766541352091102,293,SN13,4.058147067387196
1000,600,8,rademacher,1.5,3.766541352091102,293,OptShrink,3.9852081909470645
1000,600,8,rademacher,1.5,3.766541352091102,294,Algorithm 3,3.621749723654835
1000,600,8,rademacher,1.5,3.766541352091102,294,SN13,4.027860406190715
1000,600,8,rademacher,1.5,3.766541352091102,294,OptShrink,3.951934503746682
1000,600,8,rademacher,1.5,3.766541352091102,295,Algorithm 3,3.8200096498734943
1000,600,8,rademacher,1.5,3.766541352091102,295,SN13,4.128509654905087
1000,600,8,rademacher,1.5,3.766541352091102,295,OptShrink,4.0600981962346125
1000,600,8,rademacher,1.5,3.766541352091102,296,Algorithm 3,3.6359626393405655
1000,600,8,rademacher,1.5,3.766541352091102,296,SN13,3.98929127403534
1000,600,8,rademacher,1.5,3.766541352091102,296,OptShrink,3.9120229598265968
1000,600,8,rademacher,1.5,3.766541352091102,297,Algorithm 3,3.6960148525809173
1000,600,8,rademacher,1.5,3.766541352091102,297,SN13,4.023106319053094
1000,600,8,rademacher,1.5,3.766541352091102,297,OptShrink,3.948954596222626
1000,600,8,rademacher,1.5,3.766541352091102,298,Algorithm 3,3.725599442599731
1000,600,8,rademacher,1.5,3.766541352091102,298,SN13,4.083416948164767
1000,600,8,rademacher,1.5,3.766541352091102,298,OptShrink,4.0125636158592
1000,600,8,rademacher,1.5,3.766541352091102,299,Algorithm 3,3.7379378748427197
1000,600,8,rademacher,1.5,3.766541352091102,299,SN13,4.173191667568429
1000,600,8,rademacher,1.5,3.766541352091102,299,OptShrink,4.110342770309135
1000,600,8,rademacher,1.5,3.766541352091102,300,Algorithm 3,3.704762897922271
1000,600,8,rademacher,1.5,3.766541352091102,300,SN13,4.149592711438341
1000,600,8,rademacher,1.5,3.766541352091102,300,OptShrink,4.083742666259626
1000,600,8,rademacher,1.5,3.766541352091102,301,Algorithm 3,3.7671131387125496
1000,600,8,rademacher,1.5,3.766541352091102,301,SN13,4.105703831783562
1000,600,8,rademacher,1.5,3.766541352091102,301,OptShrink,4.036440712950261
1000,600,8,rademacher,1.5,3.766541352091102,302,Algorithm 3,3.6680580577899997
1000,600,8,rademacher,1.5,3.766541352091102,302,SN13,4.029049433282541
1000,600,8,rademacher,1.5,3.766541352091102,302,OptShrink,3.956065471445159
1000,600,8,rademacher,1.5,3.766541352091102,303,Algorithm 3,3.694497594708894
1000,600,8,rademacher,1.5,3.766541352091102,303,SN13,4.134545989028235
1000,600,8,rademacher,1.5,3.766541352091102,303,OptShrink,4.068738913318442
1000,600,8,rademacher,1.5,3.766541352091102,304,Algorithm 3,3.7203775137189896
1000,600,8,rademacher,1.5,3.766541352091102,304,SN13,4.113404591640733
1000,600,8,rademacher,1.5,3.766541352091102,304,OptShrink,4.045800629909348
1000,600,8,rademacher,1.5,3.766541352091102,305,Algorithm 3,3.689616901975829
1000,600,8,rademacher,1.5,3.766541352091102,305,SN13,4.0495373116899165
1000,600,8,rademacher,1.5,3.766541352091102,305,OptShrink,3.9768955793275413
1000,600,8,rademacher,1.5,3.766541352091102,306,Algorithm 3,3.722878960803964
1000,600,8,rademacher,1.5,3.766541352091102,306,SN13,4.015053800536973
1000,600,8,rademacher,1.5,3.766541352091102,306,OptShrink,3.9416556685599886
1000,600,8,rademacher,1.5,3.766541352091102,307,Algorithm 3,3.6068147741908185
1000,600,8,rademacher,1.5,3.766541352091102,307,SN13,4.0054521932842455
1000,600,8,rademacher,1.5,3.766541352091102,307,OptShrink,3.9304242705546644
1000,600,8,rademacher,1.5,3.766541352091102,308,Algorithm 3,3.766131792198667
1000,600,8,rademacher,1.5,3.766541352091102,308,SN13,4.072793731859903
1000,600,8,rademacher,1.5,3.766541352091102,308,OptShrink,4.002086298607872
1000,600,8,rademacher,1.5,3.766541352091102,309,Algorithm 3,3.79671163065574
1000,600,8,rademacher,1.5,3.766541352091102,309,SN13,4.142037481825186
1000,600,8,rademacher,1.5,3.766541352091102,309,OptShrink,4.0770056812312445
1000,600,8,rademacher,1.5,3.766541352091102,310,Algorithm 3,3.751885240981028
1000,600,8,rademacher,1.5,3.766541352091102,310,SN13,4.091949867194474
1000,600,8,rademacher,1.5,3.766541352091102,310,OptShrink,4.023494417035825
1000,600,8,rademacher,1.5,3.766541352091102,311,Algorithm 3,3.687437194434731
1000,600,8,rademacher,1.5,3.766541352091102,311,SN13,3.99583720378017
1000,600,8,rademacher,1.5,3.766541352091102,311,OptShrink,3.918345581828676
1000,600,8,rademacher,1.5,3.766541352091102,312,Algorithm 3,3.747392339708106
1000,600,8,rademacher,1.5,3.766541352091102,312,SN13,4.019300614343449
1000,600,8,rademacher,1.5,3.766541352091102,312,OptShrink,3.9427608399034852
1000,600,8,rademacher,1.5,3.766541352091102,313,Algorithm 3,3.881298777392119
1000,600,8,rademacher,1.5,3.766541352091102,313,SN13,4.223245984547286
1000,600,8,rademacher,1.5,3.766541352091102,313,OptShrink,4.162607608025585
1000,600,8,rademacher,1.5,3.766541352091102,314,Algorithm 3,3.669420147961353
1000,600,8,rademacher,1.5,3.766541352091102,314,SN13,4.09171811327763
1000,600,8,rademacher,1.5,3.766541352091102,314,OptShrink,4.02140420415325
1000,600,8,rademacher,1.5,3.766541352091102,315,Algorithm 3,3.811777838328338
1000,600,8,rademacher,1.5,3.766541352091102,315,SN13,4.136642591218811
1000,600,8,rademacher,1.5,3.766541352091102,315,OptShrink,4.070219316170601
1000,600,8,rademacher,1.5,3.766541352091102,316,Algorithm 3,3.730761798131343
1000,600,8,rademacher,1.5,3.766541352091102,316,SN13,4.139887239375733
1000,600,8,rademacher,1.5,3.766541352091102,316,OptShrink,4.0737305900101894
1000,600,8,rademacher,1.5,3.766541352091102,317,Algorithm 3,3.7566449851367807
1000,600,8,rademacher,1.5,3.766541352091102,317,SN13,4.016677774226434
1000,600,8,rademacher,1.5,3.766541352091102,317,OptShrink,3.9417454285633635
1000,600,8,rademacher,1.5,3.766541352091102,318,Algorithm 3,3.778660742101937
1000,600,8,rademacher,1.5,3.766541352091102,318,SN13,4.164547915552632
1000,600,8,rademacher,1.5,3.766541352091102,318,OptShrink,4.100424397327218
1000,600,8,rademacher,1.5,3.766541352091102,319,Algorithm 3,3.719349623579141
1000,600,8,rademacher,1.5,3.766541352091102,319,SN13,4.191983122238375
1000,600,8,rademacher,1.5,3.766541352091102,319,OptShrink,4.129433153706468
1000,600,8,rademacher,1.5,3.766541352091102,320,Algorithm 3,3.82459434109903
1000,600,8,rademacher,1.5,3.766541352091102,320,SN13,4.221269989765371
1000,600,8,rademacher,1.5,3.766541352091102,320,OptShrink,4.160282054232684
1000,600,8,rademacher,1.5,3.766541352091102,321,Algorithm 3,3.8465505637342052
1000,600,8,rademacher,1.5,3.766541352091102,321,SN13,4.119401404803597
1000,600,8,rademacher,1.5,3.766541352091102,321,OptShrink,4.052289822532297
1000,600,8,rademacher,1.5,3.766541352091102,322,Algorithm 3,3.670017127998726
1000,600,8,rademacher,1.5,3.766541352091102,322,SN13,3.948441692897535
1000,600,8,rademacher,1.5,3.766541352091102,322,OptShrink,3.867188247032131
1000,600,8,rademacher,1.5,3.766541352091102,323,Algorithm 3,3.6983934285721842
1000,600,8,rademacher,1.5,3.766541352091102,323,SN13,4.09019747185686
1000,600,8,rademacher,1.5,3.766541352091102,323,OptShrink,4.022059620934576
1000,600,8,rademacher,1.5,3.766541352091102,324,Algorithm 3,3.7675263548664777
1000,600,8,rademacher,1.5,3.766541352091102,324,SN13,4.102189522666739
1000,600,8,rademacher,1.5,3.766541352091102,324,OptShrink,4.034757539818637
1000,600,8,rademacher,1.5,3.766541352091102,325,Algorithm 3,3.5878603718458253
1000,600,8,rademacher,1.5,3.766541352091102,325,SN13,3.9645148660458696
1000,600,8,rademacher,1.5,3.766541352091102,325,OptShrink,3.883896055382689
1000,600,8,rademacher,1.5,3.766541352091102,326,Algorithm 3,3.7609449013224783
1000,600,8,rademacher,1.5,3.766541352091102,326,SN13,4.1483710918859895
1000,600,8,rademacher,1.5,3.766541352091102,326,OptShrink,4.083898145975227
1000,600,8,rademacher,1.5,3.766541352091102,327,Algorithm 3,3.8558731656806655
1000,600,8,rademacher,1.5,3.766541352091102,327,SN13,4.190795637985754
1000,600,8,rademacher,1.5,3.766541352091102,327,OptShrink,4.1290062355367345
1000,600,8,rademacher,1.5,3.766541352091102,328,Algorithm 3,3.8305748291411446
1000,600,8,rademacher,1.5,3.766541352091102,328,SN13,4.146137926157868
1000,600,8,rademacher,1.5,3.766541352091102,328,OptShrink,4.0796975066626775
1000,600,8,rademacher,1.5,3.766541352091102,329,Algorithm 3,3.9047718585256974
1000,600,8,rademacher,1.5,3.766541352091102,329,SN13,4.241652416430013
1000,600,8,rademacher,1.5,3.766541352091102,329,OptShrink,4.1823454461333425
1000,600,8,rademacher,1.5,3.766541352091102,330,Algorithm 3,3.801075302140513
1000,600,8,rademacher,1.5,3.766541352091102,330,SN13,4.176855587170337
1000,600,8,rademacher,1.5,3.766541352091102,330,OptShrink,4.111984085394888
1000,600,8,rademacher,1.5,3.766541352091102,331,Algorithm 3,3.82818018473347
1000,600,8,rademacher,1.5,3.766541352091102,331,SN13,4.139142394162241
1000,600,8,rademacher,1.5,3.766541352091102,331,OptShrink,4.0730407113187495
1000,600,8,rademacher,1.5,3.766541352091102,332,Algorithm 3,3.491787234982902
1000,600,8,rademacher,1.5,3.766541352091102,332,SN13,3.9465137599812046
1000,600,8,rademacher,1.5,3.766541352091102,332,OptShrink,3.865951754633717
1000,600,8,rademacher,1.5,3.766541352091102,333,Algorithm 3,3.6657255986330703
1000,600,8,rademacher,1.5,3.766541352091102,333,SN13,4.085153619006302
1000,600,8,rademacher,1.5,3.766541352091102,333,OptShrink,4.013243017808276
1000,600,8,rademacher,1.5,3.766541352091102,334,Algorithm 3,3.6615242545879108
1000,600,8,rademacher,1.5,3.766541352091102,334,SN13,4.07560696999993
1000,600,8,rademacher,1.5,3.766541352091102,334,OptShrink,4.004563995263193
1000,600,8,rademacher,1.5,3.766541352091102,335,Algorithm 3,3.60586623114537
1000,600,8,rademacher,1.5,3.766541352091102,335,SN13,4.03112927309806
1000,600,8,rademacher,1.5,3.766541352091102,335,OptShrink,3.9563756507454104
1000,600,8,rademacher,1.5,3.766541352091102,336,Algorithm 3,3.647770315546668
1000,600,8,rademacher,1.5,3.766541352091102,336,SN13,4.166133217600768
1000,600,8,rademacher,1.5,3.766541352091102,336,OptShrink,4.101871018019968
1000,600,8,rademacher,1.5,3.766541352091102,337,Algorithm 3,3.830214306779319
1000,600,8,rademacher,1.5,3.766541352091102,337,SN13,4.10922998367733
1000,600,8,rademacher,1.5,3.766541352091102,337,OptShrink,4.041570509548181
1000,600,8,rademacher,1.5,3.766541352091102,338,Algorithm 3,3.522873680996855
1000,600,8,rademacher,1.5,3.766541352091102,338,SN13,3.9949750168059732
1000,600,8,rademacher,1.5,3.766541352091102,338,OptShrink,3.918699177086096
1000,600,8,rademacher,1.5,3.766541352091102,339,Algorithm 3,3.7700327084812084
1000,600,8,rademacher,1.5,3.766541352091102,339,SN13,4.008281471906044
1000,600,8,rademacher,1.5,3.766541352091102,339,OptShrink,3.93249039303106
1000,600,8,rademacher,1.5,3.766541352091102,340,Algorithm 3,3.679647431628121
1000,600,8,rademacher,1.5,3.766541352091102,340,SN13,3.9954213916368153
1000,600,8,rademacher,1.5,3.766541352091102,340,OptShrink,3.918268094706885
1000,600,8,rademacher,1.5,3.766541352091102,341,Algorithm 3,3.802198167526896
1000,600,8,rademacher,1.5,3.766541352091102,341,SN13,4.144233107855386
1000,600,8,rademacher,1.5,3.766541352091102,341,OptShrink,4.078348602012335
1000,600,8,rademacher,1.5,3.766541352091102,342,Algorithm 3,3.646457118718158
1000,600,8,rademacher,1.5,3.766541352091102,342,SN13,3.9598338193144147
1000,600,8,rademacher,1.5,3.766541352091102,342,OptShrink,3.8774897201286946
1000,600,8,rademacher,1.5,3.766541352091102,343,Algorithm 3,3.541747512864925
1000,600,8,rademacher,1.5,3.766541352091102,343,SN13,3.97333711079873
1000,600,8,rademacher,1.5,3.766541352091102,343,OptShrink,3.893744922322444
1000,600,8,rademacher,1.5,3.766541352091102,344,Algorithm 3,3.786850477227502
1000,600,8,rademacher,1.5,3.766541352091102,344,SN13,4.088941598154071
1000,600,8,rademacher,1.5,3.766541352091102,344,OptShrink,4.019047814202137
1000,600,8,rademacher,1.5,3.766541352091102,345,Algorithm 3,3.6474080256575654
1000,600,8,rademacher,1.5,3.766541352091102,345,SN13,4.138021968491629
1000,600,8,rademacher,1.5,3.766541352091102,345,OptShrink,4.071213480839579
1000,600,8,rademacher,1.5,3.766541352091102,346,Algorithm 3,3.811961614291959
1000,600,8,rademacher,1.5,3.766541352091102,346,SN13,4.108698768191419
1000,600,8,rademacher,1.5,3.766541352091102,346,OptShrink,4.040147254142061
1000,600,8,rademacher,1.5,3.766541352091102,347,Algorithm 3,3.7855105281111663
1000,600,8,rademacher,1.5,3.766541352091102,347,SN13,4.167847280191135
1000,600,8,rademacher,1.5,3.766541352091102,347,OptShrink,4.104058245830365
1000,600,8,rademacher,1.5,3.766541352091102,348,Algorithm 3,3.8473562636626286
1000,600,8,rademacher,1.5,3.766541352091102,348,SN13,4.164823178273372
1000,600,8,rademacher,1.5,3.766541352091102,348,OptShrink,4.100874368719999
1000,600,8,rademacher,1.5,3.766541352091102,349,Algorithm 3,3.5496841475985206
1000,600,8,rademacher,1.5,3.766541352091102,349,SN13,4.009065686977098
1000,600,8,rademacher,1.5,3.766541352091102,349,OptShrink,3.933955142416978
1000,600,8,rademacher,1.5,3.766541352091102,350,Algorithm 3,3.6271863344519355
1000,600,8,rademacher,1.5,3.766541352091102,350,SN13,4.0370962199068785
1000,600,8,rademacher,1.5,3.766541352091102,350,OptShrink,3.9647702238890865
1000,600,8,rademacher,1.5,3.766541352091102,351,Algorithm 3,3.689369016880958
1000,600,8,rademacher,1.5,3.766541352091102,351,SN13,4.112319126261086
1000,600,8,rademacher,1.5,3.766541352091102,351,OptShrink,4.043968333029558
1000,600,8,rademacher,1.5,3.766541352091102,352,Algorithm 3,3.8567999988648065
1000,600,8,rademacher,1.5,3.766541352091102,352,SN13,4.186202716577206
1000,600,8,rademacher,1.5,3.766541352091102,352,OptShrink,4.123529911744861
1000,600,8,rademacher,1.5,3.766541352091102,353,Algorithm 3,3.90673021053617
1000,600,8,rademacher,1.5,3.766541352091102,353,SN13,4.2217271617885
1000,600,8,rademacher,1.5,3.766541352091102,353,OptShrink,4.1611010571635685
1000,600,8,rademacher,1.5,3.766541352091102,354,Algorithm 3,3.8383846161994892
1000,600,8,rademacher,1.5,3.766541352091102,354,SN13,4.1430524732369
1000,600,8,rademacher,1.5,3.766541352091102,354,OptShrink,4.077756952245905
1000,600,8,rademacher,1.5,3.766541352091102,355,Algorithm 3,3.682383113866677
1000,600,8,rademacher,1.5,3.766541352091102,355,SN13,4.023584702927029
1000,600,8,rademacher,1.5,3.766541352091102,355,OptShrink,3.9490894740054845
1000,600,8,rademacher,1.5,3.766541352091102,356,Algorithm 3,3.8263623476968314
1000,600,8,rademacher,1.5,3.766541352091102,356,SN13,4.190369067720683
1000,600,8,rademacher,1.5,3.766541352091102,356,OptShrink,4.128454866515351
1000,600,8,rademacher,1.5,3.766541352091102,357,Algorithm 3,3.796963419837429
1000,600,8,rademacher,1.5,3.766541352091102,357,SN13,4.166313101707803
1000,600,8,rademacher,1.5,3.766541352091102,357,OptShrink,4.102899412692347
1000,600,8,rademacher,1.5,3.766541352091102,358,Algorithm 3,3.699742642257362
1000,600,8,rademacher,1.5,3.766541352091102,358,SN13,3.9573169729407827
1000,600,8,rademacher,1.5,3.766541352091102,358,OptShrink,3.8763884948164353
1000,600,8,rademacher,1.5,3.766541352091102,359,Algorithm 3,3.7596107545845507
1000,600,8,rademacher,1.5,3.766541352091102,359,SN13,4.105150923301991
1000,600,8,rademacher,1.5,3.766541352091102,359,OptShrink,4.036829409157644
1000,600,8,rademacher,1.5,3.766541352091102,360,Algorithm 3,3.862989340345627
1000,600,8,rademacher,1.5,3.766541352091102,360,SN13,4.175209397550045
1000,600,8,rademacher,1.5,3.766541352091102,360,OptShrink,4.111635705593374
1000,600,8,rademacher,1.5,3.766541352091102,361,Algorithm 3,3.9774909159280094
1000,600,8,rademacher,1.5,3.766541352091102,361,SN13,4.265794795963453
1000,600,8,rademacher,1.5,3.766541352091102,361,OptShrink,4.2078227274904565
1000,600,8,rademacher,1.5,3.766541352091102,362,Algorithm 3,3.6219010114026045
1000,600,8,rademacher,1.5,3.766541352091102,362,SN13,4.028642351954571
1000,600,8,rademacher,1.5,3.766541352091102,362,OptShrink,3.954379546503446
1000,600,8,rademacher,1.5,3.766541352091102,363,Algorithm 3,3.685384747895377
1000,600,8,rademacher,1.5,3.766541352091102,363,SN13,4.040195465615703
1000,600,8,rademacher,1.5,3.766541352091102,363,OptShrink,3.9667691760226504
1000,600,8,rademacher,1.5,3.766541352091102,364,Algorithm 3,3.9398013923485986
1000,600,8,rademacher,1.5,3.766541352091102,364,SN13,4.227455115046208
1000,600,8,rademacher,1.5,3.766541352091102,364,OptShrink,4.168088826928905
1000,600,8,rademacher,1.5,3.766541352091102,365,Algorithm 3,3.8712877131201204
1000,600,8,rademacher,1.5,3.766541352091102,365,SN13,4.220800399131294
1000,600,8,rademacher,1.5,3.766541352091102,365,OptShrink,4.160908245028325
1000,600,8,rademacher,1.5,3.766541352091102,366,Algorithm 3,3.714898811942624
1000,600,8,rademacher,1.5,3.766541352091102,366,SN13,4.082275087568282
1000,600,8,rademacher,1.5,3.766541352091102,366,OptShrink,4.0117102846372195
1000,600,8,rademacher,1.5,3.766541352091102,367,Algorithm 3,3.7144571194722595
1000,600,8,rademacher,1.5,3.766541352091102,367,SN13,4.140795830526327
1000,600,8,rademacher,1.5,3.766541352091102,367,OptShrink,4.075985573985532
1000,600,8,rademacher,1.5,3.766541352091102,368,Algorithm 3,3.6899843675458777
1000,600,8,rademacher,1.5,3.766541352091102,368,SN13,4.03922355445954
1000,600,8,rademacher,1.5,3.766541352091102,368,OptShrink,3.966713683204125
1000,600,8,rademacher,1.5,3.766541352091102,369,Algorithm 3,3.8851093980031113
1000,600,8,rademacher,1.5,3.766541352091102,369,SN13,4.127212888330301
1000,600,8,rademacher,1.5,3.766541352091102,369,OptShrink,4.060503502779338
1000,600,8,rademacher,1.5,3.766541352091102,370,Algorithm 3,3.6501094932669327
1000,600,8,rademacher,1.5,3.766541352091102,370,SN13,4.099174565625283
1000,600,8,rademacher,1.5,3.766541352091102,370,OptShrink,4.031108288741146
1000,600,8,rademacher,1.5,3.766541352091102,371,Algorithm 3,3.91908920316439
1000,600,8,rademacher,1.5,3.766541352091102,371,SN13,4.24113963291675
1000,600,8,rademacher,1.5,3.766541352091102,371,OptShrink,4.181060730518457
1000,600,8,rademacher,1.5,3.766541352091102,372,Algorithm 3,3.4955442814215196
1000,600,8,rademacher,1.5,3.766541352091102,372,SN13,3.917890004233692
1000,600,8,rademacher,1.5,3.766541352091102,372,OptShrink,3.833227056883678
1000,600,8,rademacher,1.5,3.766541352091102,373,Algorithm 3,3.7770787686510996
1000,600,8,rademacher,1.5,3.766541352091102,373,SN13,4.139485616905661
1000,600,8,rademacher,1.5,3.766541352091102,373,OptShrink,4.073651622360407
1000,600,8,rademacher,1.5,3.766541352091102,374,Algorithm 3,3.7838565693637602
1000,600,8,rademacher,1.5,3.766541352091102,374,SN13,4.152607208214132
1000,600,8,rademacher,1.5,3.766541352091102,374,OptShrink,4.086558958732583
1000,600,8,rademacher,1.5,3.766541352091102,375,Algorithm 3,3.6598394846776956
1000,600,8,rademacher,1.5,3.766541352091102,375,SN13,4.033896536860386
1000,600,8,rademacher,1.5,3.766541352091102,375,OptShrink,3.958246095310781
1000,600,8,rademacher,1.5,3.766541352091102,376,Algorithm 3,3.777134853134308
1000,600,8,rademacher,1.5,3.766541352091102,376,SN13,4.113313166257139
1000,600,8,rademacher,1.5,3.766541352091102,376,OptShrink,4.045488914646202
1000,600,8,rademacher,1.5,3.766541352091102,377,Algorithm 3,3.9121892114939003
1000,600,8,rademacher,1.5,3.766541352091102,377,SN13,4.29263374407866
1000,600,8,rademacher,1.5,3.766541352091102,377,OptShrink,4.235280481881412
1000,600,8,rademacher,1.5,3.766541352091102,378,Algorithm 3,3.731704019523067
1000,600,8,rademacher,1.5,3.766541352091102,378,SN13,4.085550408640625
1000,600,8,rademacher,1.5,3.766541352091102,378,OptShrink,4.015135151298832
1000,600,8,rademacher,1.5,3.766541352091102,379,Algorithm 3,3.8705351713740543
1000,600,8,rademacher,1.5,3.766541352091102,379,SN13,4.176055204331013
1000,600,8,rademacher,1.5,3.766541352091102,379,OptShrink,4.112331713695999
1000,600,8,rademacher,1.5,3.766541352091102,380,Algorithm 3,3.803308514398666
1000,600,8,rademacher,1.5,3.766541352091102,380,SN13,4.130198030991313
1000,600,8,rademacher,1.5,3.766541352091102,380,OptShrink,4.0634523808607685
1000,600,8,rademacher,1.5,3.766541352091102,381,Algorithm 3,3.6606178109249403
1000,600,8,rademacher,1.5,3.766541352091102,381,SN13,4.053843001497919
1000,600,8,rademacher,1.5,3.766541352091102,381,OptShrink,3.980991012127149
1000,600,8,rademacher,1.5,3.766541352091102,382,Algorithm 3,3.6681548758400777
1000,600,8,rademacher,1.5,3.766541352091102,382,SN13,4.003712826569309
1000,600,8,rademacher,1.5,3.766541352091102,382,OptShrink,3.929532513118641
1000,600,8,rademacher,1.5,3.766541352091102,383,Algorithm 3,3.7555493007392595
1000,600,8,rademacher,1.5,3.766541352091102,383,SN13,4.070969712819203
1000,600,8,rademacher,1.5,3.766541352091102,383,OptShrink,3.9996261212691935
1000,600,8,rademacher,1.5,3.766541352091102,384,Algorithm 3,3.8660564427432274
1000,600,8,rademacher,1.5,3.766541352091102,384,SN13,4.208100386619147
1000,600,8,rademacher,1.5,3.766541352091102,384,OptShrink,4.146762340266981
1000,600,8,rademacher,1.5,3.766541352091102,385,Algorithm 3,3.671758848263081
1000,600,8,rademacher,1.5,3.766541352091102,385,SN13,4.076943974756232
1000,600,8,rademacher,1.5,3.766541352091102,385,OptShrink,4.005822765451316
1000,600,8,rademacher,1.5,3.766541352091102,386,Algorithm 3,3.966024572961855
1000,600,8,rademacher,1.5,3.766541352091102,386,SN13,4.3097406212278235
1000,600,8,rademacher,1.5,3.766541352091102,386,OptShrink,4.253759390892171
1000,600,8,rademacher,1.5,3.766541352091102,387,Algorithm 3,3.600409843081521
1000,600,8,rademacher,1.5,3.766541352091102,387,SN13,3.957181152979888
1000,600,8,rademacher,1.5,3.766541352091102,387,OptShrink,3.877028207152332
1000,600,8,rademacher,1.5,3.766541352091102,388,Algorithm 3,3.788095127932264
1000,600,8,rademacher,1.5,3.766541352091102,388,SN13,4.117846068572016
1000,600,8,rademacher,1.5,3.766541352091102,388,OptShrink,4.052221764726246
1000,600,8,rademacher,1.5,3.766541352091102,389,Algorithm 3,3.573783131839861
1000,600,8,rademacher,1.5,3.766541352091102,389,SN13,3.965891998985645
1000,600,8,rademacher,1.5,3.766541352091102,389,OptShrink,3.886529843829897
1000,600,8,rademacher,1.5,3.766541352091102,390,Algorithm 3,3.9117147115737727
1000,600,8,rademacher,1.5,3.766541352091102,390,SN13,4.1886836662591
1000,600,8,rademacher,1.5,3.766541352091102,390,OptShrink,4.125820295191062
1000,600,8,rademacher,1.5,3.766541352091102,391,Algorithm 3,3.870975031186125
1000,600,8,rademacher,1.5,3.766541352091102,391,SN13,4.196822108881864
1000,600,8,rademacher,1.5,3.766541352091102,391,OptShrink,4.135400480038534
1000,600,8,rademacher,1.5,3.766541352091102,392,Algorithm 3,3.6965203388552643
1000,600,8,rademacher,1.5,3.766541352091102,392,SN13,4.0375046163528285
1000,600,8,rademacher,1.5,3.766541352091102,392,OptShrink,3.9642359911539917
1000,600,8,rademacher,1.5,3.766541352091102,393,Algorithm 3,3.881499725398955
1000,600,8,rademacher,1.5,3.766541352091102,393,SN13,4.170691151574053
1000,600,8,rademacher,1.5,3.766541352091102,393,OptShrink,4.105710451949927
1000,600,8,rademacher,1.5,3.766541352091102,394,Algorithm 3,3.719031599898547
1000,600,8,rademacher,1.5,3.766541352091102,394,SN13,4.050922176987844
1000,600,8,rademacher,1.5,3.766541352091102,394,OptShrink,3.9781019231040786
1000,600,8,rademacher,1.5,3.766541352091102,395,Algorithm 3,3.843323711496441
1000,600,8,rademacher,1.5,3.766541352091102,395,SN13,4.230755879172255
1000,600,8,rademacher,1.5,3.766541352091102,395,OptShrink,4.172219900000315
1000,600,8,rademacher,1.5,3.766541352091102,396,Algorithm 3,3.6749302905288928
1000,600,8,rademacher,1.5,3.766541352091102,396,SN13,3.992100134256
1000,600,8,rademacher,1.5,3.766541352091102,396,OptShrink,3.915767995006133
1000,600,8,rademacher,1.5,3.766541352091102,397,Algorithm 3,3.8246314605337695
1000,600,8,rademacher,1.5,3.766541352091102,397,SN13,4.247861282337155
1000,600,8,rademacher,1.5,3.766541352091102,397,OptShrink,4.188756663589049
1000,600,8,rademacher,1.5,3.766541352091102,398,Algorithm 3,3.6680566192199993
1000,600,8,rademacher,1.5,3.766541352091102,398,SN13,4.115911068003909
1000,600,8,rademacher,1.5,3.766541352091102,398,OptShrink,4.048306491873115
1000,600,8,rademacher,1.5,3.766541352091102,399,Algorithm 3,3.652007714417403
1000,600,8,rademacher,1.5,3.766541352091102,399,SN13,4.060233438176658
1000,600,8,rademacher,1.5,3.766541352091102,399,OptShrink,3.988651531468574
1000,600,8,rademacher,1.5,3.766541352091102,400,Algorithm 3,3.6242442952741434
1000,600,8,rademacher,1.5,3.766541352091102,400,SN13,4.058671155242755
1000,600,8,rademacher,1.5,3.766541352091102,400,OptShrink,3.9860200847024303
1000,600,8,rademacher,1.5,3.766541352091102,401,Algorithm 3,3.7750472918496922
1000,600,8,rademacher,1.5,3.766541352091102,401,SN13,4.119319230398043
1000,600,8,rademacher,1.5,3.766541352091102,401,OptShrink,4.051924452859633
1000,600,8,rademacher,1.5,3.766541352091102,402,Algorithm 3,3.7845611868162887
1000,600,8,rademacher,1.5,3.766541352091102,402,SN13,4.080332392945218
1000,600,8,rademacher,1.5,3.766541352091102,402,OptShrink,4.009398517261941
1000,600,8,rademacher,1.5,3.766541352091102,403,Algorithm 3,3.751479271063129
1000,600,8,rademacher,1.5,3.766541352091102,403,SN13,4.061093703739772
1000,600,8,rademacher,1.5,3.766541352091102,403,OptShrink,3.9899176203371765
1000,600,8,rademacher,1.5,3.766541352091102,404,Algorithm 3,3.8403455006721066
1000,600,8,rademacher,1.5,3.766541352091102,404,SN13,4.195852818478311
1000,600,8,rademacher,1.5,3.766541352091102,404,OptShrink,4.134113583648875
1000,600,8,rademacher,1.5,3.766541352091102,405,Algorithm 3,3.8631469293343086
1000,600,8,rademacher,1.5,3.766541352091102,405,SN13,4.249785110272278
1000,600,8,rademacher,1.5,3.766541352091102,405,OptShrink,4.190789443497539
1000,600,8,rademacher,1.5,3.766541352091102,406,Algorithm 3,3.810331517844566
1000,600,8,rademacher,1.5,3.766541352091102,406,SN13,4.164372972200692
1000,600,8,rademacher,1.5,3.766541352091102,406,OptShrink,4.099755267863557
1000,600,8,rademacher,1.5,3.766541352091102,407,Algorithm 3,3.704624219509584
1000,600,8,rademacher,1.5,3.766541352091102,407,SN13,4.0579005095570935
1000,600,8,rademacher,1.5,3.766541352091102,407,OptShrink,3.9860775434780673
1000,600,8,rademacher,1.5,3.766541352091102,408,Algorithm 3,3.743435510674115
1000,600,8,rademacher,1.5,3.766541352091102,408,SN13,4.06765334089867
1000,600,8,rademacher,1.5,3.766541352091102,408,OptShrink,3.995348865663314
1000,600,8,rademacher,1.5,3.766541352091102,409,Algorithm 3,3.6664134243472635
1000,600,8,rademacher,1.5,3.766541352091102,409,SN13,4.026699414217341
1000,600,8,rademacher,1.5,3.766541352091102,409,OptShrink,3.951769633947093
1000,600,8,rademacher,1.5,3.766541352091102,410,Algorithm 3,3.8680370202827072
1000,600,8,rademacher,1.5,3.766541352091102,410,SN13,4.2089779648474455
1000,600,8,rademacher,1.5,3.766541352091102,410,OptShrink,4.147697179685672
1000,600,8,rademacher,1.5,3.766541352091102,411,Algorithm 3,3.8701077898398784
1000,600,8,rademacher,1.5,3.766541352091102,411,SN13,4.2289185045995685
1000,600,8,rademacher,1.5,3.766541352091102,411,OptShrink,4.168140999576875
1000,600,8,rademacher,1.5,3.766541352091102,412,Algorithm 3,3.7864726012770187
1000,600,8,rademacher,1.5,3.766541352091102,412,SN13,4.122567578259989
1000,600,8,rademacher,1.5,3.766541352091102,412,OptShrink,4.0545102831832365
1000,600,8,rademacher,1.5,3.766541352091102,413,Algorithm 3,3.646870515529766
1000,600,8,rademacher,1.5,3.766541352091102,413,SN13,4.046877607782657
1000,600,8,rademacher,1.5,3.766541352091102,413,OptShrink,3.9745175278401437
1000,600,8,rademacher,1.5,3.766541352091102,414,Algorithm 3,3.9180460445590404
1000,600,8,rademacher,1.5,3.766541352091102,414,SN13,4.17755395609822
1000,600,8,rademacher,1.5,3.766541352091102,414,OptShrink,4.114463943461691
1000,600,8,rademacher,1.5,3.766541352091102,415,Algorithm 3,3.693705502060394
1000,600,8,rademacher,1.5,3.766541352091102,415,SN13,4.0110943211357215
1000,600,8,rademacher,1.5,3.766541352091102,415,OptShrink,3.9371230449356287
1000,600,8,rademacher,1.5,3.766541352091102,416,Algorithm 3,3.6301704675960207
1000,600,8,rademacher,1.5,3.766541352091102,416,SN13,4.090838177457072
1000,600,8,rademacher,1.5,3.766541352091102,416,OptShrink,4.022743410656494
1000,600,8,rademacher,1.5,3.766541352091102,417,Algorithm 3,3.698476876982074
1000,600,8,rademacher,1.5,3.766541352091102,417,SN13,4.056783008111323
1000,600,8,rademacher,1.5,3.766541352091102,417,OptShrink,3.9861595039683224
1000,600,8,rademacher,1.5,3.766541352091102,418,Algorithm 3,3.835170888544605
1000,600,8,rademacher,1.5,3.766541352091102,418,SN13,4.185128569285307
1000,600,8,rademacher,1.5,3.766541352091102,418,OptShrink,4.121963277716664
1000,600,8,rademacher,1.5,3.766541352091102,419,Algorithm 3,3.6795828201541707
1000,600,8,rademacher,1.5,3.766541352091102,419,SN13,4.084875291451495
1000,600,8,rademacher,1.5,3.766541352091102,419,OptShrink,4.0139217049842575
1000,600,8,rademacher,1.5,3.766541352091102,420,Algorithm 3,3.7829784781574576
1000,600,8,rademacher,1.5,3.766541352091102,420,SN13,4.050944463681963
1000,600,8,rademacher,1.5,3.766541352091102,420,OptShrink,3.978225718405366
1000,600,8,rademacher,1.5,3.766541352091102,421,Algorithm 3,3.9595709625276143
1000,600,8,rademacher,1.5,3.766541352091102,421,SN13,4.218111695060194
1000,600,8,rademacher,1.5,3.766541352091102,421,OptShrink,4.157304910568494
1000,600,8,rademacher,1.5,3.766541352091102,422,Algorithm 3,3.780740351866426
1000,600,8,rademacher,1.5,3.766541352091102,422,SN13,4.16834073228844
1000,600,8,rademacher,1.5,3.766541352091102,422,OptShrink,4.104376387627011
1000,600,8,rademacher,1.5,3.766541352091102,423,Algorithm 3,3.6706300639557874
1000,600,8,rademacher,1.5,3.766541352091102,423,SN13,4.1771469166645785
1000,600,8,rademacher,1.5,3.766541352091102,423,OptShrink,4.113625438611262
1000,600,8,rademacher,1.5,3.766541352091102,424,Algorithm 3,3.6740821118216256
1000,600,8,rademacher,1.5,3.766541352091102,424,SN13,4.11202842467996
1000,600,8,rademacher,1.5,3.766541352091102,424,OptShrink,4.043673205717449
1000,600,8,rademacher,1.5,3.766541352091102,425,Algorithm 3,3.7365272689325426
1000,600,8,rademacher,1.5,3.766541352091102,425,SN13,4.111168205717949
1000,600,8,rademacher,1.5,3.766541352091102,425,OptShrink,4.042875542434528
1000,600,8,rademacher,1.5,3.766541352091102,426,Algorithm 3,3.652150166188351
1000,600,8,rademacher,1.5,3.766541352091102,426,SN13,4.041471505223783
1000,600,8,rademacher,1.5,3.766541352091102,426,OptShrink,3.9691345583246913
1000,600,8,rademacher,1.5,3.766541352091102,427,Algorithm 3,3.950293978865339
1000,600,8,rademacher,1.5,3.766541352091102,427,SN13,4.206671015263803
1000,600,8,rademacher,1.5,3.766541352091102,427,OptShrink,4.144293997444021
1000,600,8,rademacher,1.5,3.766541352091102,428,Algorithm 3,3.754239066161361
1000,600,8,rademacher,1.5,3.766541352091102,428,SN13,4.070935531008562
1000,600,8,rademacher,1.5,3.766541352091102,428,OptShrink,3.99921151301936
1000,600,8,rademacher,1.5,3.766541352091102,429,Algorithm 3,3.5826701238352237
1000,600,8,rademacher,1.5,3.766541352091102,429,SN13,3.988007318755546
1000,600,8,rademacher,1.5,3.766541352091102,429,OptShrink,3.9111940829051166
1000,600,8,rademacher,1.5,3.766541352091102,430,Algorithm 3,3.732495101861939
1000,600,8,rademacher,1.5,3.766541352091102,430,SN13,4.119004240189699
1000,600,8,rademacher,1.5,3.766541352091102,430,OptShrink,4.050903760516516
1000,600,8,rademacher,1.5,3.766541352091102,431,Algorithm 3,3.799536254406613
1000,600,8,rademacher,1.5,3.766541352091102,431,SN13,4.180241718480655
1000,600,8,rademacher,1.5,3.766541352091102,431,OptShrink,4.1181668028567575
1000,600,8,rademacher,1.5,3.766541352091102,432,Algorithm 3,3.9717758499398577
1000,600,8,rademacher,1.5,3.766541352091102,432,SN13,4.2586028327992045
1000,600,8,rademacher,1.5,3.766541352091102,432,OptShrink,4.200629072330588
1000,600,8,rademacher,1.5,3.766541352091102,433,Algorithm 3,3.7579813539326983
1000,600,8,rademacher,1.5,3.766541352091102,433,SN13,4.152476685138365
1000,600,8,rademacher,1.5,3.766541352091102,433,OptShrink,4.087546190658814
1000,600,8,rademacher,1.5,3.766541352091102,434,Algorithm 3,3.7887609661897566
1000,600,8,rademacher,1.5,3.766541352091102,434,SN13,4.107067521837408
1000,600,8,rademacher,1.5,3.766541352091102,434,OptShrink,4.039388372647714
1000,600,8,rademacher,1.5,3.766541352091102,435,Algorithm 3,3.7621479348507965
1000,600,8,rademacher,1.5,3.766541352091102,435,SN13,4.139057273362961
1000,600,8,rademacher,1.5,3.766541352091102,435,OptShrink,4.073376116872224
1000,600,8,rademacher,1.5,3.766541352091102,436,Algorithm 3,3.6019305021140235
1000,600,8,rademacher,1.5,3.766541352091102,436,SN13,4.070539024213619
1000,600,8,rademacher,1.5,3.766541352091102,436,OptShrink,3.9988588907065394
1000,600,8,rademacher,1.5,3.766541352091102,437,Algorithm 3,3.7212307821590365
1000,600,8,rademacher,1.5,3.766541352091102,437,SN13,4.135588005600935
1000,600,8,rademacher,1.5,3.766541352091102,437,OptShrink,4.068280886245928
1000,600,8,rademacher,1.5,3.766541352091102,438,Algorithm 3,3.547599924115491
1000,600,8,rademacher,1.5,3.766541352091102,438,SN13,3.96917484763745
1000,600,8,rademacher,1.5,3.766541352091102,438,OptShrink,3.889665189083093
1000,600,8,rademacher,1.5,3.766541352091102,439,Algorithm 3,3.7999470413882976
1000,600,8,rademacher,1.5,3.766541352091102,439,SN13,4.068033059346473
1000,600,8,rademacher,1.5,3.766541352091102,439,OptShrink,3.9965452291343424
1000,600,8,rademacher,1.5,3.766541352091102,440,Algorithm 3,3.8376496943030025
1000,600,8,rademacher,1.5,3.766541352091102,440,SN13,4.187101417469236
1000,600,8,rademacher,1.5,3.766541352091102,440,OptShrink,4.125122826839868
1000,600,8,rademacher,1.5,3.766541352091102,441,Algorithm 3,3.848211971599384
1000,600,8,rademacher,1.5,3.766541352091102,441,SN13,4.163330342807313
1000,600,8,rademacher,1.5,3.766541352091102,441,OptShrink,4.0977949352603655
1000,600,8,rademacher,1.5,3.766541352091102,442,Algorithm 3,3.755521794068118
1000,600,8,rademacher,1.5,3.766541352091102,442,SN13,4.102944234272241
1000,600,8,rademacher,1.5,3.766541352091102,442,OptShrink,4.034125709634449
1000,600,8,rademacher,1.5,3.766541352091102,443,Algorithm 3,3.8616701615618294
1000,600,8,rademacher,1.5,3.766541352091102,443,SN13,4.074756940607043
1000,600,8,rademacher,1.5,3.766541352091102,443,OptShrink,4.003355610210113
1000,600,8,rademacher,1.5,3.766541352091102,444,Algorithm 3,3.766545548627814
1000,600,8,rademacher,1.5,3.766541352091102,444,SN13,4.1413121782552595
1000,600,8,rademacher,1.5,3.766541352091102,444,OptShrink,4.0753377142090494
1000,600,8,rademacher,1.5,3.766541352091102,445,Algorithm 3,3.869784040029459
1000,600,8,rademacher,1.5,3.766541352091102,445,SN13,4.2449588484613985
1000,600,8,rademacher,1.5,3.766541352091102,445,OptShrink,4.186302800140551
1000,600,8,rademacher,1.5,3.766541352091102,446,Algorithm 3,3.785009401141997
1000,600,8,rademacher,1.5,3.766541352091102,446,SN13,4.129702256171571
1000,600,8,rademacher,1.5,3.766541352091102,446,OptShrink,4.062076497228959
1000,600,8,rademacher,1.5,3.766541352091102,447,Algorithm 3,3.672440602458704
1000,600,8,rademacher,1.5,3.766541352091102,447,SN13,4.016644213279602
1000,600,8,rademacher,1.5,3.766541352091102,447,OptShrink,3.9408195301026416
1000,600,8,rademacher,1.5,3.766541352091102,448,Algorithm 3,3.5641615968878386
1000,600,8,rademacher,1.5,3.766541352091102,448,SN13,3.9979890135207548
1000,600,8,rademacher,1.5,3.766541352091102,448,OptShrink,3.920954720733005
1000,600,8,rademacher,1.5,3.766541352091102,449,Algorithm 3,3.814701745780514
1000,600,8,rademacher,1.5,3.766541352091102,449,SN13,4.22502765533859
1000,600,8,rademacher,1.5,3.766541352091102,449,OptShrink,4.164888662497708
1000,600,8,rademacher,1.5,3.766541352091102,450,Algorithm 3,3.632822437041892
1000,600,8,rademacher,1.5,3.766541352091102,450,SN13,3.986385982113162
1000,600,8,rademacher,1.5,3.766541352091102,450,OptShrink,3.9082851297091348
1000,600,8,rademacher,1.5,3.766541352091102,451,Algorithm 3,3.697227120008993
1000,600,8,rademacher,1.5,3.766541352091102,451,SN13,4.006774372847046
1000,600,8,rademacher,1.5,3.766541352091102,451,OptShrink,3.9331530574630675
1000,600,8,rademacher,1.5,3.766541352091102,452,Algorithm 3,3.7397364092003436
1000,600,8,rademacher,1.5,3.766541352091102,452,SN13,4.037438714426388
1000,600,8,rademacher,1.5,3.766541352091102,452,OptShrink,3.964344325134892
1000,600,8,rademacher,1.5,3.766541352091102,453,Algorithm 3,3.776263947551817
1000,600,8,rademacher,1.5,3.766541352091102,453,SN13,4.0868417485836765
1000,600,8,rademacher,1.5,3.766541352091102,453,OptShrink,4.017266804485584
1000,600,8,rademacher,1.5,3.766541352091102,454,Algorithm 3,3.532453669112608
1000,600,8,rademacher,1.5,3.766541352091102,454,SN13,4.003989565284297
1000,600,8,rademacher,1.5,3.766541352091102,454,OptShrink,3.9268268853631314
1000,600,8,rademacher,1.5,3.766541352091102,455,Algorithm 3,3.7096377144315023
1000,600,8,rademacher,1.5,3.766541352091102,455,SN13,4.027622582304014
1000,600,8,rademacher,1.5,3.766541352091102,455,OptShrink,3.954911814022737
1000,600,8,rademacher,1.5,3.766541352091102,456,Algorithm 3,3.701313270099991
1000,600,8,rademacher,1.5,3.766541352091102,456,SN13,3.993470559576786
1000,600,8,rademacher,1.5,3.766541352091102,456,OptShrink,3.9167522662438654
1000,600,8,rademacher,1.5,3.766541352091102,457,Algorithm 3,3.8485981491393004
1000,600,8,rademacher,1.5,3.766541352091102,457,SN13,4.176175952938102
1000,600,8,rademacher,1.5,3.766541352091102,457,OptShrink,4.112425631379143
1000,600,8,rademacher,1.5,3.766541352091102,458,Algorithm 3,3.6993048124708
1000,600,8,rademacher,1.5,3.766541352091102,458,SN13,4.081145935657522
1000,600,8,rademacher,1.5,3.766541352091102,458,OptShrink,4.012093881882487
1000,600,8,rademacher,1.5,3.766541352091102,459,Algorithm 3,3.7259462048432703
1000,600,8,rademacher,1.5,3.766541352091102,459,SN13,4.137754682629913
1000,600,8,rademacher,1.5,3.766541352091102,459,OptShrink,4.072774973999749
1000,600,8,rademacher,1.5,3.766541352091102,460,Algorithm 3,3.7374028040877927
1000,600,8,rademacher,1.5,3.766541352091102,460,SN13,4.054980903000888
1000,600,8,rademacher,1.5,3.766541352091102,460,OptShrink,3.982836175296216
1000,600,8,rademacher,1.5,3.766541352091102,461,Algorithm 3,3.9397547132586723
1000,600,8,rademacher,1.5,3.766541352091102,461,SN13,4.179327323751947
1000,600,8,rademacher,1.5,3.766541352091102,461,OptShrink,4.115026273688088
1000,600,8,rademacher,1.5,3.766541352091102,462,Algorithm 3,3.538511349208859
1000,600,8,rademacher,1.5,3.766541352091102,462,SN13,4.061364228058362
1000,600,8,rademacher,1.5,3.766541352091102,462,OptShrink,3.9898539651874536
1000,600,8,rademacher,1.5,3.766541352091102,463,Algorithm 3,3.619646572472935
1000,600,8,rademacher,1.5,3.766541352091102,463,SN13,4.027139862347586
1000,600,8,rademacher,1.5,3.766541352091102,463,OptShrink,3.953593635315423
1000,600,8,rademacher,1.5,3.766541352091102,464,Algorithm 3,3.8405724383242927
1000,600,8,rademacher,1.5,3.766541352091102,464,SN13,4.246225644768552
1000,600,8,rademacher,1.5,3.766541352091102,464,OptShrink,4.187018850239037
1000,600,8,rademacher,1.5,3.766541352091102,465,Algorithm 3,3.8656849555439714
1000,600,8,rademacher,1.5,3.766541352091102,465,SN13,4.194009211803691
1000,600,8,rademacher,1.5,3.766541352091102,465,OptShrink,4.132187283882329
1000,600,8,rademacher,1.5,3.766541352091102,466,Algorithm 3,3.7691983195401226
1000,600,8,rademacher,1.5,3.766541352091102,466,SN13,4.112323993835438
1000,600,8,rademacher,1.5,3.766541352091102,466,OptShrink,4.044209526290639
1000,600,8,rademacher,1.5,3.766541352091102,467,Algorithm 3,3.757588995336882
1000,600,8,rademacher,1.5,3.766541352091102,467,SN13,4.075340787929015
1000,600,8,rademacher,1.5,3.766541352091102,467,OptShrink,4.005196016112458
1000,600,8,rademacher,1.5,3.766541352091102,468,Algorithm 3,3.88772195280366
1000,600,8,rademacher,1.5,3.766541352091102,468,SN13,4.260007093060341
1000,600,8,rademacher,1.5,3.766541352091102,468,OptShrink,4.200754785564417
1000,600,8,rademacher,1.5,3.766541352091102,469,Algorithm 3,3.648249741877421
1000,600,8,rademacher,1.5,3.766541352091102,469,SN13,4.033564286513131
1000,600,8,rademacher,1.5,3.766541352091102,469,OptShrink,3.959946290732792
1000,600,8,rademacher,1.5,3.766541352091102,470,Algorithm 3,3.793330423605574
1000,600,8,rademacher,1.5,3.766541352091102,470,SN13,4.101565491470541
1000,600,8,rademacher,1.5,3.766541352091102,470,OptShrink,4.034025102074627
1000,600,8,rademacher,1.5,3.766541352091102,471,Algorithm 3,3.6527649594814044
1000,600,8,rademacher,1.5,3.766541352091102,471,SN13,4.017336663552952
1000,600,8,rademacher,1.5,3.766541352091102,471,OptShrink,3.94078125646905
1000,600,8,rademacher,1.5,3.766541352091102,472,Algorithm 3,3.8712594519334567
1000,600,8,rademacher,1.5,3.766541352091102,472,SN13,4.137515273616773
1000,600,8,rademacher,1.5,3.766541352091102,472,OptShrink,4.07082481645581
1000,600,8,rademacher,1.5,3.766541352091102,473,Algorithm 3,3.789939502608692
1000,600,8,rademacher,1.5,3.766541352091102,473,SN13,4.188659932856619
1000,600,8,rademacher,1.5,3.766541352091102,473,OptShrink,4.125675854232546
1000,600,8,rademacher,1.5,3.766541352091102,474,Algorithm 3,3.5186592481764403
1000,600,8,rademacher,1.5,3.766541352091102,474,SN13,4.0258952158800625
1000,600,8,rademacher,1.5,3.766541352091102,474,OptShrink,3.9522795816950733
1000,600,8,rademacher,1.5,3.766541352091102,475,Algorithm 3,3.612025741805351
1000,600,8,rademacher,1.5,3.766541352091102,475,SN13,3.9437180791088755
1000,600,8,rademacher,1.5,3.766541352091102,475,OptShrink,3.863558047086573
1000,600,8,rademacher,1.5,3.766541352091102,476,Algorithm 3,3.683967074923102
1000,600,8,rademacher,1.5,3.766541352091102,476,SN13,4.048304125579347
1000,600,8,rademacher,1.5,3.766541352091102,476,OptShrink,3.9753035433863757
1000,600,8,rademacher,1.5,3.766541352091102,477,Algorithm 3,3.6571513731930225
1000,600,8,rademacher,1.5,3.766541352091102,477,SN13,4.053029633437343
1000,600,8,rademacher,1.5,3.766541352091102,477,OptShrink,3.979710860183733
1000,600,8,rademacher,1.5,3.766541352091102,478,Algorithm 3,3.867856853086545
1000,600,8,rademacher,1.5,3.766541352091102,478,SN13,4.220482962276683
1000,600,8,rademacher,1.5,3.766541352091102,478,OptShrink,4.160005290616659
1000,600,8,rademacher,1.5,3.766541352091102,479,Algorithm 3,3.7667391608052068
1000,600,8,rademacher,1.5,3.766541352091102,479,SN13,4.098451413396523
1000,600,8,rademacher,1.5,3.766541352091102,479,OptShrink,4.030214984329138
1000,600,8,rademacher,1.5,3.766541352091102,480,Algorithm 3,3.734939810644746
1000,600,8,rademacher,1.5,3.766541352091102,480,SN13,4.189778164678052
1000,600,8,rademacher,1.5,3.766541352091102,480,OptShrink,4.1277619359897955
1000,600,8,rademacher,1.5,3.766541352091102,481,Algorithm 3,3.738802840384659
1000,600,8,rademacher,1.5,3.766541352091102,481,SN13,4.099535276883698
1000,600,8,rademacher,1.5,3.766541352091102,481,OptShrink,4.029706577922575
1000,600,8,rademacher,1.5,3.766541352091102,482,Algorithm 3,3.736030250980302
1000,600,8,rademacher,1.5,3.766541352091102,482,SN13,4.088550293775441
1000,600,8,rademacher,1.5,3.766541352091102,482,OptShrink,4.018277275059396
1000,600,8,rademacher,1.5,3.766541352091102,483,Algorithm 3,3.740856775770431
1000,600,8,rademacher,1.5,3.766541352091102,483,SN13,4.1213666801211195
1000,600,8,rademacher,1.5,3.766541352091102,483,OptShrink,4.053990480602315
1000,600,8,rademacher,1.5,3.766541352091102,484,Algorithm 3,3.8916021449004297
1000,600,8,rademacher,1.5,3.766541352091102,484,SN13,4.184360078115139
1000,600,8,rademacher,1.5,3.766541352091102,484,OptShrink,4.11948082834999
1000,600,8,rademacher,1.5,3.766541352091102,485,Algorithm 3,3.8764274971661363
1000,600,8,rademacher,1.5,3.766541352091102,485,SN13,4.180145821752231
1000,600,8,rademacher,1.5,3.766541352091102,485,OptShrink,4.117376569413422
1000,600,8,rademacher,1.5,3.766541352091102,486,Algorithm 3,3.6461095682789
1000,600,8,rademacher,1.5,3.766541352091102,486,SN13,4.0695251107850305
1000,600,8,rademacher,1.5,3.766541352091102,486,OptShrink,3.998173086961105
1000,600,8,rademacher,1.5,3.766541352091102,487,Algorithm 3,3.605205935816062
1000,600,8,rademacher,1.5,3.766541352091102,487,SN13,4.020209287838316
1000,600,8,rademacher,1.5,3.766541352091102,487,OptShrink,3.9457293403488807
1000,600,8,rademacher,1.5,3.766541352091102,488,Algorithm 3,3.9504589314533223
1000,600,8,rademacher,1.5,3.766541352091102,488,SN13,4.2847313650831556
1000,600,8,rademacher,1.5,3.766541352091102,488,OptShrink,4.227395171692143
1000,600,8,rademacher,1.5,3.766541352091102,489,Algorithm 3,3.8017021577987706
1000,600,8,rademacher,1.5,3.766541352091102,489,SN13,4.117852628387915
1000,600,8,rademacher,1.5,3.766541352091102,489,OptShrink,4.049578607966655
1000,600,8,rademacher,1.5,3.766541352091102,490,Algorithm 3,3.840816513157462
1000,600,8,rademacher,1.5,3.766541352091102,490,SN13,4.153260808257028
1000,600,8,rademacher,1.5,3.766541352091102,490,OptShrink,4.088657742240002
1000,600,8,rademacher,1.5,3.766541352091102,491,Algorithm 3,3.9788508732323065
1000,600,8,rademacher,1.5,3.766541352091102,491,SN13,4.340999548214769
1000,600,8,rademacher,1.5,3.766541352091102,491,OptShrink,4.287001815141514
1000,600,8,rademacher,1.5,3.766541352091102,492,Algorithm 3,3.8226622612425323
1000,600,8,rademacher,1.5,3.766541352091102,492,SN13,4.166196341431565
1000,600,8,rademacher,1.5,3.766541352091102,492,OptShrink,4.1011592359644515
1000,600,8,rademacher,1.5,3.766541352091102,493,Algorithm 3,3.791967056508186
1000,600,8,rademacher,1.5,3.766541352091102,493,SN13,4.118405405333356
1000,600,8,rademacher,1.5,3.766541352091102,493,OptShrink,4.051530891885896
1000,600,8,rademacher,1.5,3.766541352091102,494,Algorithm 3,3.5988369484319085
1000,600,8,rademacher,1.5,3.766541352091102,494,SN13,4.046298853048926
1000,600,8,rademacher,1.5,3.766541352091102,494,OptShrink,3.9722651634779425
1000,600,8,rademacher,1.5,3.766541352091102,495,Algorithm 3,3.80877203915233
1000,600,8,rademacher,1.5,3.766541352091102,495,SN13,4.163251206926107
1000,600,8,rademacher,1.5,3.766541352091102,495,OptShrink,4.099109913783387
1000,600,8,rademacher,1.5,3.766541352091102,496,Algorithm 3,3.56736567636317
1000,600,8,rademacher,1.5,3.766541352091102,496,SN13,4.090369194956866
1000,600,8,rademacher,1.5,3.766541352091102,496,OptShrink,4.020034947151335
1000,600,8,rademacher,1.5,3.766541352091102,497,Algorithm 3,3.7124009041533093
1000,600,8,rademacher,1.5,3.766541352091102,497,SN13,4.09319944738907
1000,600,8,rademacher,1.5,3.766541352091102,497,OptShrink,4.024892034294709
1000,600,8,rademacher,1.5,3.766541352091102,498,Algorithm 3,3.499161370840542
1000,600,8,rademacher,1.5,3.766541352091102,498,SN13,3.9628395805697743
1000,600,8,rademacher,1.5,3.766541352091102,498,OptShrink,3.882398639657667
1000,600,8,rademacher,1.5,3.766541352091102,499,Algorithm 3,3.7586000135521402
1000,600,8,rademacher,1.5,3.766541352091102,499,SN13,4.031064635917894
1000,600,8,rademacher,1.5,3.766541352091102,499,OptShrink,3.9586311767734257
1000,600,8,rademacher,1.5,3.766541352091102,500,Algorithm 3,3.8123301132139513
1000,600,8,rademacher,1.5,3.766541352091102,500,SN13,4.118186555223503
1000,600,8,rademacher,1.5,3.766541352091102,500,OptShrink,4.05065892827613
